sample_id,label
llama3.1_8b_chat::trivia_qa_2_60k::base::main::38945,1
llama3.1_8b_chat::trivia_qa_2_60k::base::main::33186,1
llama3.1_8b_chat::trivia_qa_2_60k::base::main::32645,1
llama3.1_8b_chat::trivia_qa_2_60k::base::main::40229,1
llama3.1_8b_chat::trivia_qa_2_60k::base::main::25924,1
llama3.1_8b_chat::trivia_qa_2_60k::base::main::13079,1
llama3.1_8b_chat::trivia_qa_2_60k::base::main::53805,1
llama3.1_8b_chat::trivia_qa_2_60k::base::main::24927,1
llama3.1_8b_chat::trivia_qa_2_60k::base::main::40376,1
llama3.1_8b_chat::trivia_qa_2_60k::base::main::3307,1
llama3.1_8b_chat::trivia_qa_2_60k::base::main::56824,1
llama3.1_8b_chat::trivia_qa_2_60k::base::main::11909,1
llama3.1_8b_chat::trivia_qa_2_60k::base::main::26228,1
llama3.1_8b_chat::trivia_qa_2_60k::base::main::43433,1
llama3.1_8b_chat::trivia_qa_2_60k::base::main::24555,1
llama3.1_8b_chat::trivia_qa_2_60k::base::main::31731,1
llama3.1_8b_chat::trivia_qa_2_60k::base::main::4938,1
llama3.1_8b_chat::trivia_qa_2_60k::base::main::35609,1
llama3.1_8b_chat::trivia_qa_2_60k::base::main::47822,1
llama3.1_8b_chat::trivia_qa_2_60k::base::main::13130,1
llama3.1_8b_chat::trivia_qa_2_60k::base::main::28550,1
llama3.1_8b_chat::trivia_qa_2_60k::base::main::42732,1
llama3.1_8b_chat::trivia_qa_2_60k::base::main::14805,1
llama3.1_8b_chat::trivia_qa_2_60k::base::main::36887,1
llama3.1_8b_chat::trivia_qa_2_60k::base::main::57771,1
llama3.1_8b_chat::trivia_qa_2_60k::base::main::12038,1
llama3.1_8b_chat::trivia_qa_2_60k::base::main::36197,1
llama3.1_8b_chat::trivia_qa_2_60k::base::main::16348,1
llama3.1_8b_chat::trivia_qa_2_60k::base::main::24302,1
llama3.1_8b_chat::trivia_qa_2_60k::base::main::45661,1
llama3.1_8b_chat::trivia_qa_2_60k::base::main::18482,1
llama3.1_8b_chat::trivia_qa_2_60k::base::main::12066,1
llama3.1_8b_chat::trivia_qa_2_60k::base::main::31237,1
llama3.1_8b_chat::trivia_qa_2_60k::base::main::51710,1
llama3.1_8b_chat::trivia_qa_2_60k::base::main::34650,1
llama3.1_8b_chat::trivia_qa_2_60k::base::main::57007,1
llama3.1_8b_chat::trivia_qa_2_60k::base::main::4264,1
llama3.1_8b_chat::trivia_qa_2_60k::base::main::45292,1
llama3.1_8b_chat::trivia_qa_2_60k::base::main::51557,1
llama3.1_8b_chat::trivia_qa_2_60k::base::main::35509,1
llama3.1_8b_chat::trivia_qa_2_60k::base::main::6534,1
llama3.1_8b_chat::trivia_qa_2_60k::base::main::29039,1
llama3.1_8b_chat::trivia_qa_2_60k::base::main::13025,1
llama3.1_8b_chat::trivia_qa_2_60k::base::main::57233,1
llama3.1_8b_chat::trivia_qa_2_60k::base::main::55217,1
llama3.1_8b_chat::trivia_qa_2_60k::base::main::9179,1
llama3.1_8b_chat::trivia_qa_2_60k::base::main::51554,1
llama3.1_8b_chat::trivia_qa_2_60k::base::main::4621,1
llama3.1_8b_chat::trivia_qa_2_60k::base::main::52305,1
llama3.1_8b_chat::trivia_qa_2_60k::base::main::16612,1
llama3.1_8b_chat::trivia_qa_2_60k::base::main::49134,1
llama3.1_8b_chat::trivia_qa_2_60k::base::main::46280,1
llama3.1_8b_chat::trivia_qa_2_60k::base::main::6071,1
llama3.1_8b_chat::trivia_qa_2_60k::base::main::47192,1
llama3.1_8b_chat::trivia_qa_2_60k::base::main::37436,1
llama3.1_8b_chat::trivia_qa_2_60k::base::main::1717,1
llama3.1_8b_chat::trivia_qa_2_60k::base::main::34373,1
llama3.1_8b_chat::trivia_qa_2_60k::base::main::25209,1
llama3.1_8b_chat::trivia_qa_2_60k::base::main::12744,1
llama3.1_8b_chat::trivia_qa_2_60k::base::main::2495,1
llama3.1_8b_chat::trivia_qa_2_60k::base::main::15859,1
llama3.1_8b_chat::trivia_qa_2_60k::base::main::36811,1
llama3.1_8b_chat::trivia_qa_2_60k::base::main::22737,1
llama3.1_8b_chat::trivia_qa_2_60k::base::main::1613,1
llama3.1_8b_chat::trivia_qa_2_60k::base::main::24543,1
llama3.1_8b_chat::trivia_qa_2_60k::base::main::27573,1
llama3.1_8b_chat::trivia_qa_2_60k::base::main::44671,1
llama3.1_8b_chat::trivia_qa_2_60k::base::main::49530,1
llama3.1_8b_chat::trivia_qa_2_60k::base::main::2639,1
llama3.1_8b_chat::trivia_qa_2_60k::base::main::6267,1
llama3.1_8b_chat::trivia_qa_2_60k::base::main::46340,1
llama3.1_8b_chat::trivia_qa_2_60k::base::main::36500,1
llama3.1_8b_chat::trivia_qa_2_60k::base::main::1931,1
llama3.1_8b_chat::trivia_qa_2_60k::base::main::25270,1
llama3.1_8b_chat::trivia_qa_2_60k::base::main::25327,1
llama3.1_8b_chat::trivia_qa_2_60k::base::main::24113,1
llama3.1_8b_chat::trivia_qa_2_60k::base::main::14755,1
llama3.1_8b_chat::trivia_qa_2_60k::base::main::34816,1
llama3.1_8b_chat::trivia_qa_2_60k::base::main::32757,1
llama3.1_8b_chat::trivia_qa_2_60k::base::main::17878,1
llama3.1_8b_chat::trivia_qa_2_60k::base::main::43230,1
llama3.1_8b_chat::trivia_qa_2_60k::base::main::9684,1
llama3.1_8b_chat::trivia_qa_2_60k::base::main::31399,1
llama3.1_8b_chat::trivia_qa_2_60k::base::main::46647,1
llama3.1_8b_chat::trivia_qa_2_60k::base::main::6991,1
llama3.1_8b_chat::trivia_qa_2_60k::base::main::11722,1
llama3.1_8b_chat::trivia_qa_2_60k::base::main::52749,1
llama3.1_8b_chat::trivia_qa_2_60k::base::main::15136,1
llama3.1_8b_chat::trivia_qa_2_60k::base::main::13940,1
llama3.1_8b_chat::trivia_qa_2_60k::base::main::1692,1
llama3.1_8b_chat::trivia_qa_2_60k::base::main::52319,1
llama3.1_8b_chat::trivia_qa_2_60k::base::main::16269,1
llama3.1_8b_chat::trivia_qa_2_60k::base::main::42969,1
llama3.1_8b_chat::trivia_qa_2_60k::base::main::31744,1
llama3.1_8b_chat::trivia_qa_2_60k::base::main::14110,1
llama3.1_8b_chat::trivia_qa_2_60k::base::main::10781,1
llama3.1_8b_chat::trivia_qa_2_60k::base::main::45621,1
llama3.1_8b_chat::trivia_qa_2_60k::base::main::13706,1
llama3.1_8b_chat::trivia_qa_2_60k::base::main::13373,1
llama3.1_8b_chat::trivia_qa_2_60k::base::main::21373,1
llama3.1_8b_chat::trivia_qa_2_60k::base::main::6198,1
llama3.1_8b_chat::trivia_qa_2_60k::base::main::35865,1
llama3.1_8b_chat::trivia_qa_2_60k::base::main::9590,1
llama3.1_8b_chat::trivia_qa_2_60k::base::main::18198,1
llama3.1_8b_chat::trivia_qa_2_60k::base::main::17789,1
llama3.1_8b_chat::trivia_qa_2_60k::base::main::35240,1
llama3.1_8b_chat::trivia_qa_2_60k::base::main::47580,1
llama3.1_8b_chat::trivia_qa_2_60k::base::main::4102,1
llama3.1_8b_chat::trivia_qa_2_60k::base::main::1785,1
llama3.1_8b_chat::trivia_qa_2_60k::base::main::55348,1
llama3.1_8b_chat::trivia_qa_2_60k::base::main::23786,1
llama3.1_8b_chat::trivia_qa_2_60k::base::main::42267,1
llama3.1_8b_chat::trivia_qa_2_60k::base::main::12463,1
llama3.1_8b_chat::trivia_qa_2_60k::base::main::9961,1
llama3.1_8b_chat::trivia_qa_2_60k::base::main::22524,1
llama3.1_8b_chat::trivia_qa_2_60k::base::main::46493,1
llama3.1_8b_chat::trivia_qa_2_60k::base::main::26726,1
llama3.1_8b_chat::trivia_qa_2_60k::base::main::10625,1
llama3.1_8b_chat::trivia_qa_2_60k::base::main::16584,1
llama3.1_8b_chat::trivia_qa_2_60k::base::main::51928,1
llama3.1_8b_chat::trivia_qa_2_60k::base::main::58096,1
llama3.1_8b_chat::trivia_qa_2_60k::base::main::13471,1
llama3.1_8b_chat::trivia_qa_2_60k::base::main::41902,1
llama3.1_8b_chat::trivia_qa_2_60k::base::main::33472,1
llama3.1_8b_chat::trivia_qa_2_60k::base::main::5485,1
llama3.1_8b_chat::trivia_qa_2_60k::base::main::5787,1
llama3.1_8b_chat::trivia_qa_2_60k::base::main::34602,1
llama3.1_8b_chat::trivia_qa_2_60k::base::main::34717,1
llama3.1_8b_chat::trivia_qa_2_60k::base::main::23979,1
llama3.1_8b_chat::trivia_qa_2_60k::base::main::20804,1
llama3.1_8b_chat::trivia_qa_2_60k::base::main::27378,1
llama3.1_8b_chat::trivia_qa_2_60k::base::main::50361,1
llama3.1_8b_chat::trivia_qa_2_60k::base::main::45954,1
llama3.1_8b_chat::trivia_qa_2_60k::base::main::16367,1
llama3.1_8b_chat::trivia_qa_2_60k::base::main::14311,1
llama3.1_8b_chat::trivia_qa_2_60k::base::main::27039,1
llama3.1_8b_chat::trivia_qa_2_60k::base::main::26347,1
llama3.1_8b_chat::trivia_qa_2_60k::base::main::18519,1
llama3.1_8b_chat::trivia_qa_2_60k::base::main::3298,1
llama3.1_8b_chat::trivia_qa_2_60k::base::main::23864,1
llama3.1_8b_chat::trivia_qa_2_60k::base::main::998,1
llama3.1_8b_chat::trivia_qa_2_60k::base::main::26822,1
llama3.1_8b_chat::trivia_qa_2_60k::base::main::13132,1
llama3.1_8b_chat::trivia_qa_2_60k::base::main::22771,1
llama3.1_8b_chat::trivia_qa_2_60k::base::main::17826,1
llama3.1_8b_chat::trivia_qa_2_60k::base::main::31478,1
llama3.1_8b_chat::trivia_qa_2_60k::base::main::43683,1
llama3.1_8b_chat::trivia_qa_2_60k::base::main::22311,1
llama3.1_8b_chat::trivia_qa_2_60k::base::main::18046,1
llama3.1_8b_chat::trivia_qa_2_60k::base::main::48359,1
llama3.1_8b_chat::trivia_qa_2_60k::base::main::2168,1
llama3.1_8b_chat::trivia_qa_2_60k::base::main::44686,1
llama3.1_8b_chat::trivia_qa_2_60k::base::main::45977,1
llama3.1_8b_chat::trivia_qa_2_60k::base::main::36726,1
llama3.1_8b_chat::trivia_qa_2_60k::base::main::29679,1
llama3.1_8b_chat::trivia_qa_2_60k::base::main::40932,1
llama3.1_8b_chat::trivia_qa_2_60k::base::main::12233,1
llama3.1_8b_chat::trivia_qa_2_60k::base::main::32230,1
llama3.1_8b_chat::trivia_qa_2_60k::base::main::41725,1
llama3.1_8b_chat::trivia_qa_2_60k::base::main::42876,1
llama3.1_8b_chat::trivia_qa_2_60k::base::main::5818,1
llama3.1_8b_chat::trivia_qa_2_60k::base::main::12729,1
llama3.1_8b_chat::trivia_qa_2_60k::base::main::41929,1
llama3.1_8b_chat::trivia_qa_2_60k::base::main::27235,1
llama3.1_8b_chat::trivia_qa_2_60k::base::main::53386,1
llama3.1_8b_chat::trivia_qa_2_60k::base::main::36399,1
llama3.1_8b_chat::trivia_qa_2_60k::base::main::19223,1
llama3.1_8b_chat::trivia_qa_2_60k::base::main::41877,1
llama3.1_8b_chat::trivia_qa_2_60k::base::main::3553,1
llama3.1_8b_chat::trivia_qa_2_60k::base::main::53132,1
llama3.1_8b_chat::trivia_qa_2_60k::base::main::53322,1
llama3.1_8b_chat::trivia_qa_2_60k::base::main::27186,1
llama3.1_8b_chat::trivia_qa_2_60k::base::main::27224,1
llama3.1_8b_chat::trivia_qa_2_60k::base::main::38135,1
llama3.1_8b_chat::trivia_qa_2_60k::base::main::12025,1
llama3.1_8b_chat::trivia_qa_2_60k::base::main::36313,1
llama3.1_8b_chat::trivia_qa_2_60k::base::main::6577,1
llama3.1_8b_chat::trivia_qa_2_60k::base::main::1209,1
llama3.1_8b_chat::trivia_qa_2_60k::base::main::23116,1
llama3.1_8b_chat::trivia_qa_2_60k::base::main::36560,1
llama3.1_8b_chat::trivia_qa_2_60k::base::main::47690,1
llama3.1_8b_chat::trivia_qa_2_60k::base::main::53255,1
llama3.1_8b_chat::trivia_qa_2_60k::base::main::13629,1
llama3.1_8b_chat::trivia_qa_2_60k::base::main::38090,1
llama3.1_8b_chat::trivia_qa_2_60k::base::main::3185,1
llama3.1_8b_chat::trivia_qa_2_60k::base::main::13628,1
llama3.1_8b_chat::trivia_qa_2_60k::base::main::57585,1
llama3.1_8b_chat::trivia_qa_2_60k::base::main::23396,1
llama3.1_8b_chat::trivia_qa_2_60k::base::main::3146,1
llama3.1_8b_chat::trivia_qa_2_60k::base::main::42835,1
llama3.1_8b_chat::trivia_qa_2_60k::base::main::679,1
llama3.1_8b_chat::trivia_qa_2_60k::base::main::80,1
llama3.1_8b_chat::trivia_qa_2_60k::base::main::6781,1
llama3.1_8b_chat::trivia_qa_2_60k::base::main::42551,1
llama3.1_8b_chat::trivia_qa_2_60k::base::main::1106,1
llama3.1_8b_chat::trivia_qa_2_60k::base::main::14895,1
llama3.1_8b_chat::trivia_qa_2_60k::base::main::58449,1
llama3.1_8b_chat::trivia_qa_2_60k::base::main::8199,1
llama3.1_8b_chat::trivia_qa_2_60k::base::main::13670,1
llama3.1_8b_chat::trivia_qa_2_60k::base::main::55470,1
llama3.1_8b_chat::trivia_qa_2_60k::base::main::751,1
llama3.1_8b_chat::trivia_qa_2_60k::base::main::47567,1
llama3.1_8b_chat::trivia_qa_2_60k::base::main::2847,1
llama3.1_8b_chat::trivia_qa_2_60k::base::main::58029,1
llama3.1_8b_chat::trivia_qa_2_60k::base::main::55854,1
llama3.1_8b_chat::trivia_qa_2_60k::base::main::2092,1
llama3.1_8b_chat::trivia_qa_2_60k::base::main::33313,1
llama3.1_8b_chat::trivia_qa_2_60k::base::main::13813,1
llama3.1_8b_chat::trivia_qa_2_60k::base::main::2437,1
llama3.1_8b_chat::trivia_qa_2_60k::base::main::6596,1
llama3.1_8b_chat::trivia_qa_2_60k::base::main::32080,1
llama3.1_8b_chat::trivia_qa_2_60k::base::main::9995,1
llama3.1_8b_chat::trivia_qa_2_60k::base::main::2616,1
llama3.1_8b_chat::trivia_qa_2_60k::base::main::37838,1
llama3.1_8b_chat::trivia_qa_2_60k::base::main::10874,1
llama3.1_8b_chat::trivia_qa_2_60k::base::main::23201,1
llama3.1_8b_chat::trivia_qa_2_60k::base::main::13352,1
llama3.1_8b_chat::trivia_qa_2_60k::base::main::42425,1
llama3.1_8b_chat::trivia_qa_2_60k::base::main::26668,1
llama3.1_8b_chat::trivia_qa_2_60k::base::main::14729,1
llama3.1_8b_chat::trivia_qa_2_60k::base::main::19814,1
llama3.1_8b_chat::trivia_qa_2_60k::base::main::6737,1
llama3.1_8b_chat::trivia_qa_2_60k::base::main::54323,1
llama3.1_8b_chat::trivia_qa_2_60k::base::main::57207,1
llama3.1_8b_chat::trivia_qa_2_60k::base::main::665,1
llama3.1_8b_chat::trivia_qa_2_60k::base::main::50090,1
llama3.1_8b_chat::trivia_qa_2_60k::base::main::28258,1
llama3.1_8b_chat::trivia_qa_2_60k::base::main::26698,1
llama3.1_8b_chat::trivia_qa_2_60k::base::main::24566,1
llama3.1_8b_chat::trivia_qa_2_60k::base::main::15522,1
llama3.1_8b_chat::trivia_qa_2_60k::base::main::38048,1
llama3.1_8b_chat::trivia_qa_2_60k::base::main::33618,1
llama3.1_8b_chat::trivia_qa_2_60k::base::main::25756,1
llama3.1_8b_chat::trivia_qa_2_60k::base::main::46531,1
llama3.1_8b_chat::trivia_qa_2_60k::base::main::57348,1
llama3.1_8b_chat::trivia_qa_2_60k::base::main::56135,1
llama3.1_8b_chat::trivia_qa_2_60k::base::main::35705,1
llama3.1_8b_chat::trivia_qa_2_60k::base::main::31153,1
llama3.1_8b_chat::trivia_qa_2_60k::base::main::9193,1
llama3.1_8b_chat::trivia_qa_2_60k::base::main::21704,1
llama3.1_8b_chat::trivia_qa_2_60k::base::main::52444,1
llama3.1_8b_chat::trivia_qa_2_60k::base::main::23149,1
llama3.1_8b_chat::trivia_qa_2_60k::base::main::4900,1
llama3.1_8b_chat::trivia_qa_2_60k::base::main::10442,1
llama3.1_8b_chat::trivia_qa_2_60k::base::main::29340,1
llama3.1_8b_chat::trivia_qa_2_60k::base::main::48452,1
llama3.1_8b_chat::trivia_qa_2_60k::base::main::19210,1
llama3.1_8b_chat::trivia_qa_2_60k::base::main::38766,1
llama3.1_8b_chat::trivia_qa_2_60k::base::main::4958,1
llama3.1_8b_chat::trivia_qa_2_60k::base::main::41864,1
llama3.1_8b_chat::trivia_qa_2_60k::base::main::45689,1
llama3.1_8b_chat::trivia_qa_2_60k::base::main::52512,1
llama3.1_8b_chat::trivia_qa_2_60k::base::main::46019,1
llama3.1_8b_chat::trivia_qa_2_60k::base::main::23015,1
llama3.1_8b_chat::trivia_qa_2_60k::base::main::3291,1
llama3.1_8b_chat::trivia_qa_2_60k::base::main::5455,1
llama3.1_8b_chat::trivia_qa_2_60k::base::main::31091,1
llama3.1_8b_chat::trivia_qa_2_60k::base::main::19937,1
llama3.1_8b_chat::trivia_qa_2_60k::base::main::52390,1
llama3.1_8b_chat::trivia_qa_2_60k::base::main::48,1
llama3.1_8b_chat::trivia_qa_2_60k::base::main::6912,1
llama3.1_8b_chat::trivia_qa_2_60k::base::main::41474,1
llama3.1_8b_chat::trivia_qa_2_60k::base::main::54625,1
llama3.1_8b_chat::trivia_qa_2_60k::base::main::23152,1
llama3.1_8b_chat::trivia_qa_2_60k::base::main::41026,1
llama3.1_8b_chat::trivia_qa_2_60k::base::main::53249,1
llama3.1_8b_chat::trivia_qa_2_60k::base::main::2064,1
llama3.1_8b_chat::trivia_qa_2_60k::base::main::12961,1
llama3.1_8b_chat::trivia_qa_2_60k::base::main::19406,1
llama3.1_8b_chat::trivia_qa_2_60k::base::main::27956,1
llama3.1_8b_chat::trivia_qa_2_60k::base::main::32677,1
llama3.1_8b_chat::trivia_qa_2_60k::base::main::45341,1
llama3.1_8b_chat::trivia_qa_2_60k::base::main::54955,1
llama3.1_8b_chat::trivia_qa_2_60k::base::main::14946,1
llama3.1_8b_chat::trivia_qa_2_60k::base::main::30581,1
llama3.1_8b_chat::trivia_qa_2_60k::base::main::13390,1
llama3.1_8b_chat::trivia_qa_2_60k::base::main::15371,1
llama3.1_8b_chat::trivia_qa_2_60k::base::main::37005,1
llama3.1_8b_chat::trivia_qa_2_60k::base::main::5794,1
llama3.1_8b_chat::trivia_qa_2_60k::base::main::8043,1
llama3.1_8b_chat::trivia_qa_2_60k::base::main::7302,1
llama3.1_8b_chat::trivia_qa_2_60k::base::main::44049,1
llama3.1_8b_chat::trivia_qa_2_60k::base::main::25993,1
llama3.1_8b_chat::trivia_qa_2_60k::base::main::3156,1
llama3.1_8b_chat::trivia_qa_2_60k::base::main::9759,1
llama3.1_8b_chat::trivia_qa_2_60k::base::main::5209,1
llama3.1_8b_chat::trivia_qa_2_60k::base::main::35567,1
llama3.1_8b_chat::trivia_qa_2_60k::base::main::25042,1
llama3.1_8b_chat::trivia_qa_2_60k::base::main::50954,1
llama3.1_8b_chat::trivia_qa_2_60k::base::main::25425,1
llama3.1_8b_chat::trivia_qa_2_60k::base::main::16194,1
llama3.1_8b_chat::trivia_qa_2_60k::base::main::20555,1
llama3.1_8b_chat::trivia_qa_2_60k::base::main::48843,1
llama3.1_8b_chat::trivia_qa_2_60k::base::main::23087,1
llama3.1_8b_chat::trivia_qa_2_60k::base::main::54025,1
llama3.1_8b_chat::trivia_qa_2_60k::base::main::48397,1
llama3.1_8b_chat::trivia_qa_2_60k::base::main::47218,1
llama3.1_8b_chat::trivia_qa_2_60k::base::main::21243,1
llama3.1_8b_chat::trivia_qa_2_60k::base::main::30274,1
llama3.1_8b_chat::trivia_qa_2_60k::base::main::5807,1
llama3.1_8b_chat::trivia_qa_2_60k::base::main::51282,1
llama3.1_8b_chat::trivia_qa_2_60k::base::main::55608,1
llama3.1_8b_chat::trivia_qa_2_60k::base::main::57169,1
llama3.1_8b_chat::trivia_qa_2_60k::base::main::13072,1
llama3.1_8b_chat::trivia_qa_2_60k::base::main::5091,1
llama3.1_8b_chat::trivia_qa_2_60k::base::main::16832,1
llama3.1_8b_chat::trivia_qa_2_60k::base::main::20551,1
llama3.1_8b_chat::trivia_qa_2_60k::base::main::23837,1
llama3.1_8b_chat::trivia_qa_2_60k::base::main::2917,1
llama3.1_8b_chat::trivia_qa_2_60k::base::main::8312,1
llama3.1_8b_chat::trivia_qa_2_60k::base::main::33083,1
llama3.1_8b_chat::trivia_qa_2_60k::base::main::44811,1
llama3.1_8b_chat::trivia_qa_2_60k::base::main::37919,1
llama3.1_8b_chat::trivia_qa_2_60k::base::main::50327,1
llama3.1_8b_chat::trivia_qa_2_60k::base::main::25432,1
llama3.1_8b_chat::trivia_qa_2_60k::base::main::38515,1
llama3.1_8b_chat::trivia_qa_2_60k::base::main::43937,1
llama3.1_8b_chat::trivia_qa_2_60k::base::main::36359,1
llama3.1_8b_chat::trivia_qa_2_60k::base::main::4501,1
llama3.1_8b_chat::trivia_qa_2_60k::base::main::24327,1
llama3.1_8b_chat::trivia_qa_2_60k::base::main::17453,1
llama3.1_8b_chat::trivia_qa_2_60k::base::main::6597,1
llama3.1_8b_chat::trivia_qa_2_60k::base::main::29494,1
llama3.1_8b_chat::trivia_qa_2_60k::base::main::51503,1
llama3.1_8b_chat::trivia_qa_2_60k::base::main::58123,1
llama3.1_8b_chat::trivia_qa_2_60k::base::main::32449,1
llama3.1_8b_chat::trivia_qa_2_60k::base::main::6554,1
llama3.1_8b_chat::trivia_qa_2_60k::base::main::11226,1
llama3.1_8b_chat::trivia_qa_2_60k::base::main::4453,1
llama3.1_8b_chat::trivia_qa_2_60k::base::main::16189,1
llama3.1_8b_chat::trivia_qa_2_60k::base::main::13477,1
llama3.1_8b_chat::trivia_qa_2_60k::base::main::5982,1
llama3.1_8b_chat::trivia_qa_2_60k::base::main::6440,1
llama3.1_8b_chat::trivia_qa_2_60k::base::main::17199,1
llama3.1_8b_chat::trivia_qa_2_60k::base::main::30157,1
llama3.1_8b_chat::trivia_qa_2_60k::base::main::37001,1
llama3.1_8b_chat::trivia_qa_2_60k::base::main::8581,1
llama3.1_8b_chat::trivia_qa_2_60k::base::main::50371,1
llama3.1_8b_chat::trivia_qa_2_60k::base::main::21239,1
llama3.1_8b_chat::trivia_qa_2_60k::base::main::47976,1
llama3.1_8b_chat::trivia_qa_2_60k::base::main::20481,1
llama3.1_8b_chat::trivia_qa_2_60k::base::main::24187,1
llama3.1_8b_chat::trivia_qa_2_60k::base::main::31800,1
llama3.1_8b_chat::trivia_qa_2_60k::base::main::30735,1
llama3.1_8b_chat::trivia_qa_2_60k::base::main::10467,1
llama3.1_8b_chat::trivia_qa_2_60k::base::main::16669,1
llama3.1_8b_chat::trivia_qa_2_60k::base::main::3294,1
llama3.1_8b_chat::trivia_qa_2_60k::base::main::18118,1
llama3.1_8b_chat::trivia_qa_2_60k::base::main::51682,1
llama3.1_8b_chat::trivia_qa_2_60k::base::main::14986,1
llama3.1_8b_chat::trivia_qa_2_60k::base::main::55327,1
llama3.1_8b_chat::trivia_qa_2_60k::base::main::49132,1
llama3.1_8b_chat::trivia_qa_2_60k::base::main::8388,1
llama3.1_8b_chat::trivia_qa_2_60k::base::main::50313,1
llama3.1_8b_chat::trivia_qa_2_60k::base::main::22539,1
llama3.1_8b_chat::trivia_qa_2_60k::base::main::47745,1
llama3.1_8b_chat::trivia_qa_2_60k::base::main::44801,1
llama3.1_8b_chat::trivia_qa_2_60k::base::main::48288,1
llama3.1_8b_chat::trivia_qa_2_60k::base::main::38527,1
llama3.1_8b_chat::trivia_qa_2_60k::base::main::44308,1
llama3.1_8b_chat::trivia_qa_2_60k::base::main::51793,1
llama3.1_8b_chat::trivia_qa_2_60k::base::main::43679,1
llama3.1_8b_chat::trivia_qa_2_60k::base::main::57583,1
llama3.1_8b_chat::trivia_qa_2_60k::base::main::2732,1
llama3.1_8b_chat::trivia_qa_2_60k::base::main::12739,1
llama3.1_8b_chat::trivia_qa_2_60k::base::main::57527,1
llama3.1_8b_chat::trivia_qa_2_60k::base::main::41009,1
llama3.1_8b_chat::trivia_qa_2_60k::base::main::31060,1
llama3.1_8b_chat::trivia_qa_2_60k::base::main::6103,1
llama3.1_8b_chat::trivia_qa_2_60k::base::main::17594,1
llama3.1_8b_chat::trivia_qa_2_60k::base::main::2517,1
llama3.1_8b_chat::trivia_qa_2_60k::base::main::1271,1
llama3.1_8b_chat::trivia_qa_2_60k::base::main::42799,1
llama3.1_8b_chat::trivia_qa_2_60k::base::main::10699,1
llama3.1_8b_chat::trivia_qa_2_60k::base::main::46020,1
llama3.1_8b_chat::trivia_qa_2_60k::base::main::5494,1
llama3.1_8b_chat::trivia_qa_2_60k::base::main::35656,1
llama3.1_8b_chat::trivia_qa_2_60k::base::main::43710,1
llama3.1_8b_chat::trivia_qa_2_60k::base::main::18797,1
llama3.1_8b_chat::trivia_qa_2_60k::base::main::48672,1
llama3.1_8b_chat::trivia_qa_2_60k::base::main::14346,1
llama3.1_8b_chat::trivia_qa_2_60k::base::main::34735,1
llama3.1_8b_chat::trivia_qa_2_60k::base::main::56714,1
llama3.1_8b_chat::trivia_qa_2_60k::base::main::8020,1
llama3.1_8b_chat::trivia_qa_2_60k::base::main::58358,1
llama3.1_8b_chat::trivia_qa_2_60k::base::main::12572,1
llama3.1_8b_chat::trivia_qa_2_60k::base::main::31490,1
llama3.1_8b_chat::trivia_qa_2_60k::base::main::38629,1
llama3.1_8b_chat::trivia_qa_2_60k::base::main::49125,1
llama3.1_8b_chat::trivia_qa_2_60k::base::main::40653,1
llama3.1_8b_chat::trivia_qa_2_60k::base::main::50830,1
llama3.1_8b_chat::trivia_qa_2_60k::base::main::16003,1
llama3.1_8b_chat::trivia_qa_2_60k::base::main::18517,1
llama3.1_8b_chat::trivia_qa_2_60k::base::main::14796,1
llama3.1_8b_chat::trivia_qa_2_60k::base::main::7885,1
llama3.1_8b_chat::trivia_qa_2_60k::base::main::8794,1
llama3.1_8b_chat::trivia_qa_2_60k::base::main::54076,1
llama3.1_8b_chat::trivia_qa_2_60k::base::main::28229,1
llama3.1_8b_chat::trivia_qa_2_60k::base::main::39483,1
llama3.1_8b_chat::trivia_qa_2_60k::base::main::20746,1
llama3.1_8b_chat::trivia_qa_2_60k::base::main::212,1
llama3.1_8b_chat::trivia_qa_2_60k::base::main::39286,1
llama3.1_8b_chat::trivia_qa_2_60k::base::main::34616,1
llama3.1_8b_chat::trivia_qa_2_60k::base::main::2319,1
llama3.1_8b_chat::trivia_qa_2_60k::base::main::39520,1
llama3.1_8b_chat::trivia_qa_2_60k::base::main::2852,1
llama3.1_8b_chat::trivia_qa_2_60k::base::main::2673,1
llama3.1_8b_chat::trivia_qa_2_60k::base::main::17322,1
llama3.1_8b_chat::trivia_qa_2_60k::base::main::34714,1
llama3.1_8b_chat::trivia_qa_2_60k::base::main::4261,1
llama3.1_8b_chat::trivia_qa_2_60k::base::main::11281,1
llama3.1_8b_chat::trivia_qa_2_60k::base::main::31944,1
llama3.1_8b_chat::trivia_qa_2_60k::base::main::25053,1
llama3.1_8b_chat::trivia_qa_2_60k::base::main::40516,1
llama3.1_8b_chat::trivia_qa_2_60k::base::main::849,1
llama3.1_8b_chat::trivia_qa_2_60k::base::main::5931,1
llama3.1_8b_chat::trivia_qa_2_60k::base::main::31983,1
llama3.1_8b_chat::trivia_qa_2_60k::base::main::18493,1
llama3.1_8b_chat::trivia_qa_2_60k::base::main::2052,1
llama3.1_8b_chat::trivia_qa_2_60k::base::main::20863,1
llama3.1_8b_chat::trivia_qa_2_60k::base::main::45079,1
llama3.1_8b_chat::trivia_qa_2_60k::base::main::35236,1
llama3.1_8b_chat::trivia_qa_2_60k::base::main::18979,1
llama3.1_8b_chat::trivia_qa_2_60k::base::main::16848,1
llama3.1_8b_chat::trivia_qa_2_60k::base::main::15632,1
llama3.1_8b_chat::trivia_qa_2_60k::base::main::50002,1
llama3.1_8b_chat::trivia_qa_2_60k::base::main::54918,1
llama3.1_8b_chat::trivia_qa_2_60k::base::main::43067,1
llama3.1_8b_chat::trivia_qa_2_60k::base::main::8982,1
llama3.1_8b_chat::trivia_qa_2_60k::base::main::12413,1
llama3.1_8b_chat::trivia_qa_2_60k::base::main::27889,1
llama3.1_8b_chat::trivia_qa_2_60k::base::main::48074,1
llama3.1_8b_chat::trivia_qa_2_60k::base::main::42422,1
llama3.1_8b_chat::trivia_qa_2_60k::base::main::30310,1
llama3.1_8b_chat::trivia_qa_2_60k::base::main::17288,1
llama3.1_8b_chat::trivia_qa_2_60k::base::main::30139,1
llama3.1_8b_chat::trivia_qa_2_60k::base::main::35421,1
llama3.1_8b_chat::trivia_qa_2_60k::base::main::9301,1
llama3.1_8b_chat::trivia_qa_2_60k::base::main::52531,1
llama3.1_8b_chat::trivia_qa_2_60k::base::main::48799,1
llama3.1_8b_chat::trivia_qa_2_60k::base::main::33625,1
llama3.1_8b_chat::trivia_qa_2_60k::base::main::24523,1
llama3.1_8b_chat::trivia_qa_2_60k::base::main::5268,1
llama3.1_8b_chat::trivia_qa_2_60k::base::main::1086,1
llama3.1_8b_chat::trivia_qa_2_60k::base::main::4274,1
llama3.1_8b_chat::trivia_qa_2_60k::base::main::5067,1
llama3.1_8b_chat::trivia_qa_2_60k::base::main::32460,1
llama3.1_8b_chat::trivia_qa_2_60k::base::main::52516,1
llama3.1_8b_chat::trivia_qa_2_60k::base::main::18923,1
llama3.1_8b_chat::trivia_qa_2_60k::base::main::1815,1
llama3.1_8b_chat::trivia_qa_2_60k::base::main::22500,1
llama3.1_8b_chat::trivia_qa_2_60k::base::main::10854,1
llama3.1_8b_chat::trivia_qa_2_60k::base::main::28936,1
llama3.1_8b_chat::trivia_qa_2_60k::base::main::2001,1
llama3.1_8b_chat::trivia_qa_2_60k::base::main::15357,1
llama3.1_8b_chat::trivia_qa_2_60k::base::main::50067,1
llama3.1_8b_chat::trivia_qa_2_60k::base::main::731,1
llama3.1_8b_chat::trivia_qa_2_60k::base::main::38893,1
llama3.1_8b_chat::trivia_qa_2_60k::base::main::31043,1
llama3.1_8b_chat::trivia_qa_2_60k::base::main::14274,1
llama3.1_8b_chat::trivia_qa_2_60k::base::main::38031,1
llama3.1_8b_chat::trivia_qa_2_60k::base::main::54488,1
llama3.1_8b_chat::trivia_qa_2_60k::base::main::36352,1
llama3.1_8b_chat::trivia_qa_2_60k::base::main::46311,1
llama3.1_8b_chat::trivia_qa_2_60k::base::main::21906,1
llama3.1_8b_chat::trivia_qa_2_60k::base::main::13265,1
llama3.1_8b_chat::trivia_qa_2_60k::base::main::13602,1
llama3.1_8b_chat::trivia_qa_2_60k::base::main::33467,1
llama3.1_8b_chat::trivia_qa_2_60k::base::main::6263,1
llama3.1_8b_chat::trivia_qa_2_60k::base::main::43747,1
llama3.1_8b_chat::trivia_qa_2_60k::base::main::28617,1
llama3.1_8b_chat::trivia_qa_2_60k::base::main::54437,1
llama3.1_8b_chat::trivia_qa_2_60k::base::main::17695,1
llama3.1_8b_chat::trivia_qa_2_60k::base::main::55638,1
llama3.1_8b_chat::trivia_qa_2_60k::base::main::46725,1
llama3.1_8b_chat::trivia_qa_2_60k::base::main::16537,1
llama3.1_8b_chat::trivia_qa_2_60k::base::main::52818,1
llama3.1_8b_chat::trivia_qa_2_60k::base::main::35362,1
llama3.1_8b_chat::trivia_qa_2_60k::base::main::34129,1
llama3.1_8b_chat::trivia_qa_2_60k::base::main::24369,1
llama3.1_8b_chat::trivia_qa_2_60k::base::main::14205,1
llama3.1_8b_chat::trivia_qa_2_60k::base::main::1442,1
llama3.1_8b_chat::trivia_qa_2_60k::base::main::39895,1
llama3.1_8b_chat::trivia_qa_2_60k::base::main::38873,1
llama3.1_8b_chat::trivia_qa_2_60k::base::main::50926,1
llama3.1_8b_chat::trivia_qa_2_60k::base::main::8964,1
llama3.1_8b_chat::trivia_qa_2_60k::base::main::23694,1
llama3.1_8b_chat::trivia_qa_2_60k::base::main::8271,1
llama3.1_8b_chat::trivia_qa_2_60k::base::main::33230,1
llama3.1_8b_chat::trivia_qa_2_60k::base::main::34516,1
llama3.1_8b_chat::trivia_qa_2_60k::base::main::50151,1
llama3.1_8b_chat::trivia_qa_2_60k::base::main::5100,1
llama3.1_8b_chat::trivia_qa_2_60k::base::main::4335,1
llama3.1_8b_chat::trivia_qa_2_60k::base::main::33879,1
llama3.1_8b_chat::trivia_qa_2_60k::base::main::21727,1
llama3.1_8b_chat::trivia_qa_2_60k::base::main::15284,1
llama3.1_8b_chat::trivia_qa_2_60k::base::main::23276,1
llama3.1_8b_chat::trivia_qa_2_60k::base::main::43478,1
llama3.1_8b_chat::trivia_qa_2_60k::base::main::27453,1
llama3.1_8b_chat::trivia_qa_2_60k::base::main::39619,1
llama3.1_8b_chat::trivia_qa_2_60k::base::main::45761,1
llama3.1_8b_chat::trivia_qa_2_60k::base::main::25197,1
llama3.1_8b_chat::trivia_qa_2_60k::base::main::19267,1
llama3.1_8b_chat::trivia_qa_2_60k::base::main::1041,1
llama3.1_8b_chat::trivia_qa_2_60k::base::main::11136,1
llama3.1_8b_chat::trivia_qa_2_60k::base::main::3709,1
llama3.1_8b_chat::trivia_qa_2_60k::base::main::52353,1
llama3.1_8b_chat::trivia_qa_2_60k::base::main::48089,1
llama3.1_8b_chat::trivia_qa_2_60k::base::main::38389,1
llama3.1_8b_chat::trivia_qa_2_60k::base::main::32301,1
llama3.1_8b_chat::trivia_qa_2_60k::base::main::2644,1
llama3.1_8b_chat::trivia_qa_2_60k::base::main::44195,1
llama3.1_8b_chat::trivia_qa_2_60k::base::main::55332,1
llama3.1_8b_chat::trivia_qa_2_60k::base::main::31212,1
llama3.1_8b_chat::trivia_qa_2_60k::base::main::56764,1
llama3.1_8b_chat::trivia_qa_2_60k::base::main::31584,1
llama3.1_8b_chat::trivia_qa_2_60k::base::main::39730,1
llama3.1_8b_chat::trivia_qa_2_60k::base::main::12292,1
llama3.1_8b_chat::trivia_qa_2_60k::base::main::32951,1
llama3.1_8b_chat::trivia_qa_2_60k::base::main::24299,1
llama3.1_8b_chat::trivia_qa_2_60k::base::main::4678,1
llama3.1_8b_chat::trivia_qa_2_60k::base::main::36055,1
llama3.1_8b_chat::trivia_qa_2_60k::base::main::29652,1
llama3.1_8b_chat::trivia_qa_2_60k::base::main::5488,1
llama3.1_8b_chat::trivia_qa_2_60k::base::main::55776,1
llama3.1_8b_chat::trivia_qa_2_60k::base::main::58277,1
llama3.1_8b_chat::trivia_qa_2_60k::base::main::17118,1
llama3.1_8b_chat::trivia_qa_2_60k::base::main::26962,1
llama3.1_8b_chat::trivia_qa_2_60k::base::main::48741,1
llama3.1_8b_chat::trivia_qa_2_60k::base::main::4219,1
llama3.1_8b_chat::trivia_qa_2_60k::base::main::53961,1
llama3.1_8b_chat::trivia_qa_2_60k::base::main::35235,1
llama3.1_8b_chat::trivia_qa_2_60k::base::main::1830,1
llama3.1_8b_chat::trivia_qa_2_60k::base::main::18917,1
llama3.1_8b_chat::trivia_qa_2_60k::base::main::32560,1
llama3.1_8b_chat::trivia_qa_2_60k::base::main::24280,1
llama3.1_8b_chat::trivia_qa_2_60k::base::main::21857,1
llama3.1_8b_chat::trivia_qa_2_60k::base::main::5884,1
llama3.1_8b_chat::trivia_qa_2_60k::base::main::50387,1
llama3.1_8b_chat::trivia_qa_2_60k::base::main::34247,1
llama3.1_8b_chat::trivia_qa_2_60k::base::main::13311,1
llama3.1_8b_chat::trivia_qa_2_60k::base::main::26568,1
llama3.1_8b_chat::trivia_qa_2_60k::base::main::23833,1
llama3.1_8b_chat::trivia_qa_2_60k::base::main::10837,1
llama3.1_8b_chat::trivia_qa_2_60k::base::main::48243,1
llama3.1_8b_chat::trivia_qa_2_60k::base::main::25352,1
llama3.1_8b_chat::trivia_qa_2_60k::base::main::1100,1
llama3.1_8b_chat::trivia_qa_2_60k::base::main::30087,1
llama3.1_8b_chat::trivia_qa_2_60k::base::main::53874,1
llama3.1_8b_chat::trivia_qa_2_60k::base::main::7471,1
llama3.1_8b_chat::trivia_qa_2_60k::base::main::42960,1
llama3.1_8b_chat::trivia_qa_2_60k::base::main::17527,1
llama3.1_8b_chat::trivia_qa_2_60k::base::main::29764,1
llama3.1_8b_chat::trivia_qa_2_60k::base::main::57591,1
llama3.1_8b_chat::trivia_qa_2_60k::base::main::10789,1
llama3.1_8b_chat::trivia_qa_2_60k::base::main::54207,1
llama3.1_8b_chat::trivia_qa_2_60k::base::main::41681,1
llama3.1_8b_chat::trivia_qa_2_60k::base::main::33756,1
llama3.1_8b_chat::trivia_qa_2_60k::base::main::18501,1
llama3.1_8b_chat::trivia_qa_2_60k::base::main::29495,1
llama3.1_8b_chat::trivia_qa_2_60k::base::main::6574,1
llama3.1_8b_chat::trivia_qa_2_60k::base::main::6078,1
llama3.1_8b_chat::trivia_qa_2_60k::base::main::37138,1
llama3.1_8b_chat::trivia_qa_2_60k::base::main::30467,1
llama3.1_8b_chat::trivia_qa_2_60k::base::main::41591,1
llama3.1_8b_chat::trivia_qa_2_60k::base::main::21420,1
llama3.1_8b_chat::trivia_qa_2_60k::base::main::45878,1
llama3.1_8b_chat::trivia_qa_2_60k::base::main::4531,1
llama3.1_8b_chat::trivia_qa_2_60k::base::main::50818,1
llama3.1_8b_chat::trivia_qa_2_60k::base::main::30963,1
llama3.1_8b_chat::trivia_qa_2_60k::base::main::35407,1
llama3.1_8b_chat::trivia_qa_2_60k::base::main::13962,1
llama3.1_8b_chat::trivia_qa_2_60k::base::main::7384,1
llama3.1_8b_chat::trivia_qa_2_60k::base::main::19470,1
llama3.1_8b_chat::trivia_qa_2_60k::base::main::24317,1
llama3.1_8b_chat::trivia_qa_2_60k::base::main::44374,1
llama3.1_8b_chat::trivia_qa_2_60k::base::main::34707,1
llama3.1_8b_chat::trivia_qa_2_60k::base::main::14573,1
llama3.1_8b_chat::trivia_qa_2_60k::base::main::51680,1
llama3.1_8b_chat::trivia_qa_2_60k::base::main::31671,1
llama3.1_8b_chat::trivia_qa_2_60k::base::main::2317,1
llama3.1_8b_chat::trivia_qa_2_60k::base::main::31413,1
llama3.1_8b_chat::trivia_qa_2_60k::base::main::51120,1
llama3.1_8b_chat::trivia_qa_2_60k::base::main::16502,1
llama3.1_8b_chat::trivia_qa_2_60k::base::main::47290,1
llama3.1_8b_chat::trivia_qa_2_60k::base::main::29969,1
llama3.1_8b_chat::trivia_qa_2_60k::base::main::41888,1
llama3.1_8b_chat::trivia_qa_2_60k::base::main::16284,1
llama3.1_8b_chat::trivia_qa_2_60k::base::main::940,1
llama3.1_8b_chat::trivia_qa_2_60k::base::main::35275,1
llama3.1_8b_chat::trivia_qa_2_60k::base::main::33027,1
llama3.1_8b_chat::trivia_qa_2_60k::base::main::52609,1
llama3.1_8b_chat::trivia_qa_2_60k::base::main::50497,1
llama3.1_8b_chat::trivia_qa_2_60k::base::main::44373,1
llama3.1_8b_chat::trivia_qa_2_60k::base::main::8246,1
llama3.1_8b_chat::trivia_qa_2_60k::base::main::55842,1
llama3.1_8b_chat::trivia_qa_2_60k::base::main::5458,1
llama3.1_8b_chat::trivia_qa_2_60k::base::main::912,1
llama3.1_8b_chat::trivia_qa_2_60k::base::main::44266,1
llama3.1_8b_chat::trivia_qa_2_60k::base::main::48412,1
llama3.1_8b_chat::trivia_qa_2_60k::base::main::14188,1
llama3.1_8b_chat::trivia_qa_2_60k::base::main::32340,1
llama3.1_8b_chat::trivia_qa_2_60k::base::main::50340,1
llama3.1_8b_chat::trivia_qa_2_60k::base::main::25711,1
llama3.1_8b_chat::trivia_qa_2_60k::base::main::26365,1
llama3.1_8b_chat::trivia_qa_2_60k::base::main::16712,1
llama3.1_8b_chat::trivia_qa_2_60k::base::main::8447,1
llama3.1_8b_chat::trivia_qa_2_60k::base::main::1418,1
llama3.1_8b_chat::trivia_qa_2_60k::base::main::41940,1
llama3.1_8b_chat::trivia_qa_2_60k::base::main::52494,1
llama3.1_8b_chat::trivia_qa_2_60k::base::main::41775,1
llama3.1_8b_chat::trivia_qa_2_60k::base::main::9804,1
llama3.1_8b_chat::trivia_qa_2_60k::base::main::55942,1
llama3.1_8b_chat::trivia_qa_2_60k::base::main::42483,1
llama3.1_8b_chat::trivia_qa_2_60k::base::main::12028,1
llama3.1_8b_chat::trivia_qa_2_60k::base::main::7154,1
llama3.1_8b_chat::trivia_qa_2_60k::base::main::11446,1
llama3.1_8b_chat::trivia_qa_2_60k::base::main::55695,1
llama3.1_8b_chat::trivia_qa_2_60k::base::main::25219,1
llama3.1_8b_chat::trivia_qa_2_60k::base::main::7142,1
llama3.1_8b_chat::trivia_qa_2_60k::base::main::14431,1
llama3.1_8b_chat::trivia_qa_2_60k::base::main::46233,1
llama3.1_8b_chat::trivia_qa_2_60k::base::main::2973,1
llama3.1_8b_chat::trivia_qa_2_60k::base::main::3409,1
llama3.1_8b_chat::trivia_qa_2_60k::base::main::2371,1
llama3.1_8b_chat::trivia_qa_2_60k::base::main::21987,1
llama3.1_8b_chat::trivia_qa_2_60k::base::main::44339,1
llama3.1_8b_chat::trivia_qa_2_60k::base::main::56276,1
llama3.1_8b_chat::trivia_qa_2_60k::base::main::13210,1
llama3.1_8b_chat::trivia_qa_2_60k::base::main::48147,1
llama3.1_8b_chat::trivia_qa_2_60k::base::main::14925,1
llama3.1_8b_chat::trivia_qa_2_60k::base::main::44185,1
llama3.1_8b_chat::trivia_qa_2_60k::base::main::10558,1
llama3.1_8b_chat::trivia_qa_2_60k::base::main::1004,1
llama3.1_8b_chat::trivia_qa_2_60k::base::main::42574,1
llama3.1_8b_chat::trivia_qa_2_60k::base::main::47514,1
llama3.1_8b_chat::trivia_qa_2_60k::base::main::18820,1
llama3.1_8b_chat::trivia_qa_2_60k::base::main::38983,1
llama3.1_8b_chat::trivia_qa_2_60k::base::main::57504,1
llama3.1_8b_chat::trivia_qa_2_60k::base::main::16617,1
llama3.1_8b_chat::trivia_qa_2_60k::base::main::27400,1
llama3.1_8b_chat::trivia_qa_2_60k::base::main::33024,1
llama3.1_8b_chat::trivia_qa_2_60k::base::main::55259,1
llama3.1_8b_chat::trivia_qa_2_60k::base::main::14515,1
llama3.1_8b_chat::trivia_qa_2_60k::base::main::14461,1
llama3.1_8b_chat::trivia_qa_2_60k::base::main::50625,1
llama3.1_8b_chat::trivia_qa_2_60k::base::main::36770,1
llama3.1_8b_chat::trivia_qa_2_60k::base::main::29229,1
llama3.1_8b_chat::trivia_qa_2_60k::base::main::24227,1
llama3.1_8b_chat::trivia_qa_2_60k::base::main::39485,1
llama3.1_8b_chat::trivia_qa_2_60k::base::main::17400,1
llama3.1_8b_chat::trivia_qa_2_60k::base::main::11272,1
llama3.1_8b_chat::trivia_qa_2_60k::base::main::30891,1
llama3.1_8b_chat::trivia_qa_2_60k::base::main::55022,1
llama3.1_8b_chat::trivia_qa_2_60k::base::main::41195,1
llama3.1_8b_chat::trivia_qa_2_60k::base::main::47195,1
llama3.1_8b_chat::trivia_qa_2_60k::base::main::49421,1
llama3.1_8b_chat::trivia_qa_2_60k::base::main::51357,1
llama3.1_8b_chat::trivia_qa_2_60k::base::main::4771,1
llama3.1_8b_chat::trivia_qa_2_60k::base::main::15526,1
llama3.1_8b_chat::trivia_qa_2_60k::base::main::2715,1
llama3.1_8b_chat::trivia_qa_2_60k::base::main::16844,1
llama3.1_8b_chat::trivia_qa_2_60k::base::main::3576,1
llama3.1_8b_chat::trivia_qa_2_60k::base::main::25208,1
llama3.1_8b_chat::trivia_qa_2_60k::base::main::24771,1
llama3.1_8b_chat::trivia_qa_2_60k::base::main::49949,1
llama3.1_8b_chat::trivia_qa_2_60k::base::main::8253,1
llama3.1_8b_chat::trivia_qa_2_60k::base::main::44031,1
llama3.1_8b_chat::trivia_qa_2_60k::base::main::27056,1
llama3.1_8b_chat::trivia_qa_2_60k::base::main::18702,1
llama3.1_8b_chat::trivia_qa_2_60k::base::main::40174,1
llama3.1_8b_chat::trivia_qa_2_60k::base::main::7874,1
llama3.1_8b_chat::trivia_qa_2_60k::base::main::37309,1
llama3.1_8b_chat::trivia_qa_2_60k::base::main::38382,1
llama3.1_8b_chat::trivia_qa_2_60k::base::main::18506,1
llama3.1_8b_chat::trivia_qa_2_60k::base::main::39391,1
llama3.1_8b_chat::trivia_qa_2_60k::base::main::41051,1
llama3.1_8b_chat::trivia_qa_2_60k::base::main::35116,1
llama3.1_8b_chat::trivia_qa_2_60k::base::main::11406,1
llama3.1_8b_chat::trivia_qa_2_60k::base::main::10413,1
llama3.1_8b_chat::trivia_qa_2_60k::base::main::27015,1
llama3.1_8b_chat::trivia_qa_2_60k::base::main::30936,1
llama3.1_8b_chat::trivia_qa_2_60k::base::main::48215,1
llama3.1_8b_chat::trivia_qa_2_60k::base::main::39225,1
llama3.1_8b_chat::trivia_qa_2_60k::base::main::26263,1
llama3.1_8b_chat::trivia_qa_2_60k::base::main::47134,1
llama3.1_8b_chat::trivia_qa_2_60k::base::main::39160,1
llama3.1_8b_chat::trivia_qa_2_60k::base::main::7581,1
llama3.1_8b_chat::trivia_qa_2_60k::base::main::53183,1
llama3.1_8b_chat::trivia_qa_2_60k::base::main::14828,1
llama3.1_8b_chat::trivia_qa_2_60k::base::main::23555,1
llama3.1_8b_chat::trivia_qa_2_60k::base::main::56551,1
llama3.1_8b_chat::trivia_qa_2_60k::base::main::17350,1
llama3.1_8b_chat::trivia_qa_2_60k::base::main::9700,1
llama3.1_8b_chat::trivia_qa_2_60k::base::main::33511,1
llama3.1_8b_chat::trivia_qa_2_60k::base::main::27347,1
llama3.1_8b_chat::trivia_qa_2_60k::base::main::45681,1
llama3.1_8b_chat::trivia_qa_2_60k::base::main::35847,1
llama3.1_8b_chat::trivia_qa_2_60k::base::main::34382,1
llama3.1_8b_chat::trivia_qa_2_60k::base::main::29848,1
llama3.1_8b_chat::trivia_qa_2_60k::base::main::24353,1
llama3.1_8b_chat::trivia_qa_2_60k::base::main::13415,1
llama3.1_8b_chat::trivia_qa_2_60k::base::main::6050,1
llama3.1_8b_chat::trivia_qa_2_60k::base::main::22367,1
llama3.1_8b_chat::trivia_qa_2_60k::base::main::40532,1
llama3.1_8b_chat::trivia_qa_2_60k::base::main::39112,1
llama3.1_8b_chat::trivia_qa_2_60k::base::main::35689,1
llama3.1_8b_chat::trivia_qa_2_60k::base::main::37243,1
llama3.1_8b_chat::trivia_qa_2_60k::base::main::52870,1
llama3.1_8b_chat::trivia_qa_2_60k::base::main::45053,1
llama3.1_8b_chat::trivia_qa_2_60k::base::main::256,1
llama3.1_8b_chat::trivia_qa_2_60k::base::main::8835,1
llama3.1_8b_chat::trivia_qa_2_60k::base::main::24307,1
llama3.1_8b_chat::trivia_qa_2_60k::base::main::47742,1
llama3.1_8b_chat::trivia_qa_2_60k::base::main::41019,1
llama3.1_8b_chat::trivia_qa_2_60k::base::main::9560,1
llama3.1_8b_chat::trivia_qa_2_60k::base::main::21984,1
llama3.1_8b_chat::trivia_qa_2_60k::base::main::12852,1
llama3.1_8b_chat::trivia_qa_2_60k::base::main::40843,1
llama3.1_8b_chat::trivia_qa_2_60k::base::main::40043,1
llama3.1_8b_chat::trivia_qa_2_60k::base::main::49533,1
llama3.1_8b_chat::trivia_qa_2_60k::base::main::44566,1
llama3.1_8b_chat::trivia_qa_2_60k::base::main::6773,1
llama3.1_8b_chat::trivia_qa_2_60k::base::main::58037,1
llama3.1_8b_chat::trivia_qa_2_60k::base::main::23820,1
llama3.1_8b_chat::trivia_qa_2_60k::base::main::49311,1
llama3.1_8b_chat::trivia_qa_2_60k::base::main::8610,1
llama3.1_8b_chat::trivia_qa_2_60k::base::main::47204,1
llama3.1_8b_chat::trivia_qa_2_60k::base::main::57540,1
llama3.1_8b_chat::trivia_qa_2_60k::base::main::12504,1
llama3.1_8b_chat::trivia_qa_2_60k::base::main::13219,1
llama3.1_8b_chat::trivia_qa_2_60k::base::main::23132,1
llama3.1_8b_chat::trivia_qa_2_60k::base::main::19170,1
llama3.1_8b_chat::trivia_qa_2_60k::base::main::44122,1
llama3.1_8b_chat::trivia_qa_2_60k::base::main::36516,1
llama3.1_8b_chat::trivia_qa_2_60k::base::main::18330,1
llama3.1_8b_chat::trivia_qa_2_60k::base::main::11857,1
llama3.1_8b_chat::trivia_qa_2_60k::base::main::32737,1
llama3.1_8b_chat::trivia_qa_2_60k::base::main::10287,1
llama3.1_8b_chat::trivia_qa_2_60k::base::main::7791,1
llama3.1_8b_chat::trivia_qa_2_60k::base::main::38150,1
llama3.1_8b_chat::trivia_qa_2_60k::base::main::43769,1
llama3.1_8b_chat::trivia_qa_2_60k::base::main::17833,1
llama3.1_8b_chat::trivia_qa_2_60k::base::main::19698,1
llama3.1_8b_chat::trivia_qa_2_60k::base::main::5079,1
llama3.1_8b_chat::trivia_qa_2_60k::base::main::11527,1
llama3.1_8b_chat::trivia_qa_2_60k::base::main::24006,1
llama3.1_8b_chat::trivia_qa_2_60k::base::main::57893,1
llama3.1_8b_chat::trivia_qa_2_60k::base::main::46816,1
llama3.1_8b_chat::trivia_qa_2_60k::base::main::7971,1
llama3.1_8b_chat::trivia_qa_2_60k::base::main::35910,1
llama3.1_8b_chat::trivia_qa_2_60k::base::main::40086,1
llama3.1_8b_chat::trivia_qa_2_60k::base::main::23282,1
llama3.1_8b_chat::trivia_qa_2_60k::base::main::30433,1
llama3.1_8b_chat::trivia_qa_2_60k::base::main::35670,1
llama3.1_8b_chat::trivia_qa_2_60k::base::main::13580,1
llama3.1_8b_chat::trivia_qa_2_60k::base::main::7146,1
llama3.1_8b_chat::trivia_qa_2_60k::base::main::10121,1
llama3.1_8b_chat::trivia_qa_2_60k::base::main::4307,1
llama3.1_8b_chat::trivia_qa_2_60k::base::main::20634,1
llama3.1_8b_chat::trivia_qa_2_60k::base::main::5507,1
llama3.1_8b_chat::trivia_qa_2_60k::base::main::36761,1
llama3.1_8b_chat::trivia_qa_2_60k::base::main::37318,1
llama3.1_8b_chat::trivia_qa_2_60k::base::main::38011,1
llama3.1_8b_chat::trivia_qa_2_60k::base::main::5935,1
llama3.1_8b_chat::trivia_qa_2_60k::base::main::52909,1
llama3.1_8b_chat::trivia_qa_2_60k::base::main::20401,1
llama3.1_8b_chat::trivia_qa_2_60k::base::main::20325,1
llama3.1_8b_chat::trivia_qa_2_60k::base::main::50836,1
llama3.1_8b_chat::trivia_qa_2_60k::base::main::44698,1
llama3.1_8b_chat::trivia_qa_2_60k::base::main::44907,1
llama3.1_8b_chat::trivia_qa_2_60k::base::main::37820,1
llama3.1_8b_chat::trivia_qa_2_60k::base::main::33263,1
llama3.1_8b_chat::trivia_qa_2_60k::base::main::20724,1
llama3.1_8b_chat::trivia_qa_2_60k::base::main::18621,1
llama3.1_8b_chat::trivia_qa_2_60k::base::main::32998,1
llama3.1_8b_chat::trivia_qa_2_60k::base::main::41179,1
llama3.1_8b_chat::trivia_qa_2_60k::base::main::44472,1
llama3.1_8b_chat::trivia_qa_2_60k::base::main::41956,1
llama3.1_8b_chat::trivia_qa_2_60k::base::main::57788,1
llama3.1_8b_chat::trivia_qa_2_60k::base::main::55445,1
llama3.1_8b_chat::trivia_qa_2_60k::base::main::44157,1
llama3.1_8b_chat::trivia_qa_2_60k::base::main::44974,1
llama3.1_8b_chat::trivia_qa_2_60k::base::main::24020,1
llama3.1_8b_chat::trivia_qa_2_60k::base::main::10067,1
llama3.1_8b_chat::trivia_qa_2_60k::base::main::3254,1
llama3.1_8b_chat::trivia_qa_2_60k::base::main::54654,1
llama3.1_8b_chat::trivia_qa_2_60k::base::main::24905,1
llama3.1_8b_chat::trivia_qa_2_60k::base::main::53701,1
llama3.1_8b_chat::trivia_qa_2_60k::base::main::13716,1
llama3.1_8b_chat::trivia_qa_2_60k::base::main::10734,1
llama3.1_8b_chat::trivia_qa_2_60k::base::main::52572,1
llama3.1_8b_chat::trivia_qa_2_60k::base::main::33111,1
llama3.1_8b_chat::trivia_qa_2_60k::base::main::45036,1
llama3.1_8b_chat::trivia_qa_2_60k::base::main::47612,1
llama3.1_8b_chat::trivia_qa_2_60k::base::main::16578,1
llama3.1_8b_chat::trivia_qa_2_60k::base::main::26407,1
llama3.1_8b_chat::trivia_qa_2_60k::base::main::13884,1
llama3.1_8b_chat::trivia_qa_2_60k::base::main::31502,1
llama3.1_8b_chat::trivia_qa_2_60k::base::main::6301,1
llama3.1_8b_chat::trivia_qa_2_60k::base::main::55015,1
llama3.1_8b_chat::trivia_qa_2_60k::base::main::41998,1
llama3.1_8b_chat::trivia_qa_2_60k::base::main::15546,1
llama3.1_8b_chat::trivia_qa_2_60k::base::main::58182,1
llama3.1_8b_chat::trivia_qa_2_60k::base::main::48250,1
llama3.1_8b_chat::trivia_qa_2_60k::base::main::49409,1
llama3.1_8b_chat::trivia_qa_2_60k::base::main::712,1
llama3.1_8b_chat::trivia_qa_2_60k::base::main::6117,1
llama3.1_8b_chat::trivia_qa_2_60k::base::main::10807,1
llama3.1_8b_chat::trivia_qa_2_60k::base::main::3595,1
llama3.1_8b_chat::trivia_qa_2_60k::base::main::48408,1
llama3.1_8b_chat::trivia_qa_2_60k::base::main::54083,1
llama3.1_8b_chat::trivia_qa_2_60k::base::main::5319,1
llama3.1_8b_chat::trivia_qa_2_60k::base::main::20794,1
llama3.1_8b_chat::trivia_qa_2_60k::base::main::27723,1
llama3.1_8b_chat::trivia_qa_2_60k::base::main::4032,1
llama3.1_8b_chat::trivia_qa_2_60k::base::main::40997,1
llama3.1_8b_chat::trivia_qa_2_60k::base::main::27091,1
llama3.1_8b_chat::trivia_qa_2_60k::base::main::4383,1
llama3.1_8b_chat::trivia_qa_2_60k::base::main::44770,1
llama3.1_8b_chat::trivia_qa_2_60k::base::main::36167,1
llama3.1_8b_chat::trivia_qa_2_60k::base::main::65,1
llama3.1_8b_chat::trivia_qa_2_60k::base::main::14134,1
llama3.1_8b_chat::trivia_qa_2_60k::base::main::22493,1
llama3.1_8b_chat::trivia_qa_2_60k::base::main::27246,1
llama3.1_8b_chat::trivia_qa_2_60k::base::main::19648,1
llama3.1_8b_chat::trivia_qa_2_60k::base::main::30812,1
llama3.1_8b_chat::trivia_qa_2_60k::base::main::37460,1
llama3.1_8b_chat::trivia_qa_2_60k::base::main::41416,1
llama3.1_8b_chat::trivia_qa_2_60k::base::main::43765,1
llama3.1_8b_chat::trivia_qa_2_60k::base::main::51248,1
llama3.1_8b_chat::trivia_qa_2_60k::base::main::25503,1
llama3.1_8b_chat::trivia_qa_2_60k::base::main::16532,1
llama3.1_8b_chat::trivia_qa_2_60k::base::main::7535,1
llama3.1_8b_chat::trivia_qa_2_60k::base::main::56401,1
llama3.1_8b_chat::trivia_qa_2_60k::base::main::45803,1
llama3.1_8b_chat::trivia_qa_2_60k::base::main::20117,1
llama3.1_8b_chat::trivia_qa_2_60k::base::main::55558,1
llama3.1_8b_chat::trivia_qa_2_60k::base::main::26390,1
llama3.1_8b_chat::trivia_qa_2_60k::base::main::6386,1
llama3.1_8b_chat::trivia_qa_2_60k::base::main::42618,1
llama3.1_8b_chat::trivia_qa_2_60k::base::main::36361,1
llama3.1_8b_chat::trivia_qa_2_60k::base::main::57741,1
llama3.1_8b_chat::trivia_qa_2_60k::base::main::30573,1
llama3.1_8b_chat::trivia_qa_2_60k::base::main::18742,1
llama3.1_8b_chat::trivia_qa_2_60k::base::main::17643,1
llama3.1_8b_chat::trivia_qa_2_60k::base::main::36924,1
llama3.1_8b_chat::trivia_qa_2_60k::base::main::26392,1
llama3.1_8b_chat::trivia_qa_2_60k::base::main::6559,1
llama3.1_8b_chat::trivia_qa_2_60k::base::main::26006,1
llama3.1_8b_chat::trivia_qa_2_60k::base::main::30873,1
llama3.1_8b_chat::trivia_qa_2_60k::base::main::4725,1
llama3.1_8b_chat::trivia_qa_2_60k::base::main::28981,1
llama3.1_8b_chat::trivia_qa_2_60k::base::main::43437,1
llama3.1_8b_chat::trivia_qa_2_60k::base::main::35399,1
llama3.1_8b_chat::trivia_qa_2_60k::base::main::24847,1
llama3.1_8b_chat::trivia_qa_2_60k::base::main::11499,1
llama3.1_8b_chat::trivia_qa_2_60k::base::main::19365,1
llama3.1_8b_chat::trivia_qa_2_60k::base::main::36609,1
llama3.1_8b_chat::trivia_qa_2_60k::base::main::43827,1
llama3.1_8b_chat::trivia_qa_2_60k::base::main::18320,1
llama3.1_8b_chat::trivia_qa_2_60k::base::main::51908,1
llama3.1_8b_chat::trivia_qa_2_60k::base::main::5066,1
llama3.1_8b_chat::trivia_qa_2_60k::base::main::925,1
llama3.1_8b_chat::trivia_qa_2_60k::base::main::13931,1
llama3.1_8b_chat::trivia_qa_2_60k::base::main::4731,1
llama3.1_8b_chat::trivia_qa_2_60k::base::main::18530,1
llama3.1_8b_chat::trivia_qa_2_60k::base::main::57707,1
llama3.1_8b_chat::trivia_qa_2_60k::base::main::9407,1
llama3.1_8b_chat::trivia_qa_2_60k::base::main::47507,1
llama3.1_8b_chat::trivia_qa_2_60k::base::main::51599,1
llama3.1_8b_chat::trivia_qa_2_60k::base::main::7934,1
llama3.1_8b_chat::trivia_qa_2_60k::base::main::6139,1
llama3.1_8b_chat::trivia_qa_2_60k::base::main::57800,1
llama3.1_8b_chat::trivia_qa_2_60k::base::main::16110,1
llama3.1_8b_chat::trivia_qa_2_60k::base::main::2071,1
llama3.1_8b_chat::trivia_qa_2_60k::base::main::6215,1
llama3.1_8b_chat::trivia_qa_2_60k::base::main::34747,1
llama3.1_8b_chat::trivia_qa_2_60k::base::main::34361,1
llama3.1_8b_chat::trivia_qa_2_60k::base::main::16223,1
llama3.1_8b_chat::trivia_qa_2_60k::base::main::25620,1
llama3.1_8b_chat::trivia_qa_2_60k::base::main::11710,1
llama3.1_8b_chat::trivia_qa_2_60k::base::main::30381,1
llama3.1_8b_chat::trivia_qa_2_60k::base::main::2446,1
llama3.1_8b_chat::trivia_qa_2_60k::base::main::53768,1
llama3.1_8b_chat::trivia_qa_2_60k::base::main::11182,1
llama3.1_8b_chat::trivia_qa_2_60k::base::main::32795,1
llama3.1_8b_chat::trivia_qa_2_60k::base::main::28378,1
llama3.1_8b_chat::trivia_qa_2_60k::base::main::31448,1
llama3.1_8b_chat::trivia_qa_2_60k::base::main::13133,1
llama3.1_8b_chat::trivia_qa_2_60k::base::main::3698,1
llama3.1_8b_chat::trivia_qa_2_60k::base::main::42478,1
llama3.1_8b_chat::trivia_qa_2_60k::base::main::26823,1
llama3.1_8b_chat::trivia_qa_2_60k::base::main::42919,1
llama3.1_8b_chat::trivia_qa_2_60k::base::main::39524,1
llama3.1_8b_chat::trivia_qa_2_60k::base::main::46252,1
llama3.1_8b_chat::trivia_qa_2_60k::base::main::43936,1
llama3.1_8b_chat::trivia_qa_2_60k::base::main::47764,1
llama3.1_8b_chat::trivia_qa_2_60k::base::main::45366,1
llama3.1_8b_chat::trivia_qa_2_60k::base::main::8277,1
llama3.1_8b_chat::trivia_qa_2_60k::base::main::31053,1
llama3.1_8b_chat::trivia_qa_2_60k::base::main::31268,1
llama3.1_8b_chat::trivia_qa_2_60k::base::main::48912,1
llama3.1_8b_chat::trivia_qa_2_60k::base::main::11189,1
llama3.1_8b_chat::trivia_qa_2_60k::base::main::5512,1
llama3.1_8b_chat::trivia_qa_2_60k::base::main::20435,1
llama3.1_8b_chat::trivia_qa_2_60k::base::main::1162,1
llama3.1_8b_chat::trivia_qa_2_60k::base::main::8793,1
llama3.1_8b_chat::trivia_qa_2_60k::base::main::8297,1
llama3.1_8b_chat::trivia_qa_2_60k::base::main::37123,1
llama3.1_8b_chat::trivia_qa_2_60k::base::main::12162,1
llama3.1_8b_chat::trivia_qa_2_60k::base::main::36741,1
llama3.1_8b_chat::trivia_qa_2_60k::base::main::22064,1
llama3.1_8b_chat::trivia_qa_2_60k::base::main::20007,1
llama3.1_8b_chat::trivia_qa_2_60k::base::main::47068,1
llama3.1_8b_chat::trivia_qa_2_60k::base::main::13545,1
llama3.1_8b_chat::trivia_qa_2_60k::base::main::7039,1
llama3.1_8b_chat::trivia_qa_2_60k::base::main::7781,1
llama3.1_8b_chat::trivia_qa_2_60k::base::main::43598,1
llama3.1_8b_chat::trivia_qa_2_60k::base::main::4236,1
llama3.1_8b_chat::trivia_qa_2_60k::base::main::15532,1
llama3.1_8b_chat::trivia_qa_2_60k::base::main::40669,1
llama3.1_8b_chat::trivia_qa_2_60k::base::main::42248,1
llama3.1_8b_chat::trivia_qa_2_60k::base::main::23190,1
llama3.1_8b_chat::trivia_qa_2_60k::base::main::50166,1
llama3.1_8b_chat::trivia_qa_2_60k::base::main::42941,1
llama3.1_8b_chat::trivia_qa_2_60k::base::main::13725,1
llama3.1_8b_chat::trivia_qa_2_60k::base::main::56638,1
llama3.1_8b_chat::trivia_qa_2_60k::base::main::30532,1
llama3.1_8b_chat::trivia_qa_2_60k::base::main::33785,1
llama3.1_8b_chat::trivia_qa_2_60k::base::main::45157,1
llama3.1_8b_chat::trivia_qa_2_60k::base::main::36656,1
llama3.1_8b_chat::trivia_qa_2_60k::base::main::53147,1
llama3.1_8b_chat::trivia_qa_2_60k::base::main::20931,1
llama3.1_8b_chat::trivia_qa_2_60k::base::main::348,1
llama3.1_8b_chat::trivia_qa_2_60k::base::main::49404,1
llama3.1_8b_chat::trivia_qa_2_60k::base::main::31696,1
llama3.1_8b_chat::trivia_qa_2_60k::base::main::28989,1
llama3.1_8b_chat::trivia_qa_2_60k::base::main::53641,1
llama3.1_8b_chat::trivia_qa_2_60k::base::main::41197,1
llama3.1_8b_chat::trivia_qa_2_60k::base::main::6705,1
llama3.1_8b_chat::trivia_qa_2_60k::base::main::11040,1
llama3.1_8b_chat::trivia_qa_2_60k::base::main::58360,1
llama3.1_8b_chat::trivia_qa_2_60k::base::main::28203,1
llama3.1_8b_chat::trivia_qa_2_60k::base::main::556,1
llama3.1_8b_chat::trivia_qa_2_60k::base::main::38423,1
llama3.1_8b_chat::trivia_qa_2_60k::base::main::46441,1
llama3.1_8b_chat::trivia_qa_2_60k::base::main::31950,1
llama3.1_8b_chat::trivia_qa_2_60k::base::main::4876,1
llama3.1_8b_chat::trivia_qa_2_60k::base::main::1269,1
llama3.1_8b_chat::trivia_qa_2_60k::base::main::13119,1
llama3.1_8b_chat::trivia_qa_2_60k::base::main::3849,1
llama3.1_8b_chat::trivia_qa_2_60k::base::main::54030,1
llama3.1_8b_chat::trivia_qa_2_60k::base::main::39691,1
llama3.1_8b_chat::trivia_qa_2_60k::base::main::24266,1
llama3.1_8b_chat::trivia_qa_2_60k::base::main::55569,1
llama3.1_8b_chat::trivia_qa_2_60k::base::main::47142,1
llama3.1_8b_chat::trivia_qa_2_60k::base::main::21258,1
llama3.1_8b_chat::trivia_qa_2_60k::base::main::36023,1
llama3.1_8b_chat::trivia_qa_2_60k::base::main::20656,1
llama3.1_8b_chat::trivia_qa_2_60k::base::main::18345,1
llama3.1_8b_chat::trivia_qa_2_60k::base::main::17248,1
llama3.1_8b_chat::trivia_qa_2_60k::base::main::25036,1
llama3.1_8b_chat::trivia_qa_2_60k::base::main::51731,1
llama3.1_8b_chat::trivia_qa_2_60k::base::main::10238,1
llama3.1_8b_chat::trivia_qa_2_60k::base::main::26533,1
llama3.1_8b_chat::trivia_qa_2_60k::base::main::4137,1
llama3.1_8b_chat::trivia_qa_2_60k::base::main::38810,1
llama3.1_8b_chat::trivia_qa_2_60k::base::main::39580,1
llama3.1_8b_chat::trivia_qa_2_60k::base::main::21724,1
llama3.1_8b_chat::trivia_qa_2_60k::base::main::38222,1
llama3.1_8b_chat::trivia_qa_2_60k::base::main::39043,1
llama3.1_8b_chat::trivia_qa_2_60k::base::main::16852,1
llama3.1_8b_chat::trivia_qa_2_60k::base::main::36262,1
llama3.1_8b_chat::trivia_qa_2_60k::base::main::45296,1
llama3.1_8b_chat::trivia_qa_2_60k::base::main::8368,1
llama3.1_8b_chat::trivia_qa_2_60k::base::main::15535,1
llama3.1_8b_chat::trivia_qa_2_60k::base::main::21057,1
llama3.1_8b_chat::trivia_qa_2_60k::base::main::58320,1
llama3.1_8b_chat::trivia_qa_2_60k::base::main::20586,1
llama3.1_8b_chat::trivia_qa_2_60k::base::main::47256,1
llama3.1_8b_chat::trivia_qa_2_60k::base::main::46518,1
llama3.1_8b_chat::trivia_qa_2_60k::base::main::12010,1
llama3.1_8b_chat::trivia_qa_2_60k::base::main::16428,1
llama3.1_8b_chat::trivia_qa_2_60k::base::main::10217,1
llama3.1_8b_chat::trivia_qa_2_60k::base::main::15751,1
llama3.1_8b_chat::trivia_qa_2_60k::base::main::30872,1
llama3.1_8b_chat::trivia_qa_2_60k::base::main::29622,1
llama3.1_8b_chat::trivia_qa_2_60k::base::main::26510,1
llama3.1_8b_chat::trivia_qa_2_60k::base::main::7638,1
llama3.1_8b_chat::trivia_qa_2_60k::base::main::27376,1
llama3.1_8b_chat::trivia_qa_2_60k::base::main::3354,1
llama3.1_8b_chat::trivia_qa_2_60k::base::main::4057,1
llama3.1_8b_chat::trivia_qa_2_60k::base::main::30314,1
llama3.1_8b_chat::trivia_qa_2_60k::base::main::28661,1
llama3.1_8b_chat::trivia_qa_2_60k::base::main::12196,1
llama3.1_8b_chat::trivia_qa_2_60k::base::main::13724,1
llama3.1_8b_chat::trivia_qa_2_60k::base::main::748,1
llama3.1_8b_chat::trivia_qa_2_60k::base::main::23872,1
llama3.1_8b_chat::trivia_qa_2_60k::base::main::55634,1
llama3.1_8b_chat::trivia_qa_2_60k::base::main::34638,0
llama3.1_8b_chat::trivia_qa_2_60k::base::main::41092,0
llama3.1_8b_chat::trivia_qa_2_60k::base::main::46064,0
llama3.1_8b_chat::trivia_qa_2_60k::base::main::36720,0
llama3.1_8b_chat::trivia_qa_2_60k::base::main::9724,0
llama3.1_8b_chat::trivia_qa_2_60k::base::main::32870,0
llama3.1_8b_chat::trivia_qa_2_60k::base::main::50491,0
llama3.1_8b_chat::trivia_qa_2_60k::base::main::49099,0
llama3.1_8b_chat::trivia_qa_2_60k::base::main::5631,0
llama3.1_8b_chat::trivia_qa_2_60k::base::main::54458,0
llama3.1_8b_chat::trivia_qa_2_60k::base::main::39638,0
llama3.1_8b_chat::trivia_qa_2_60k::base::main::23363,0
llama3.1_8b_chat::trivia_qa_2_60k::base::main::56350,0
llama3.1_8b_chat::trivia_qa_2_60k::base::main::48072,0
llama3.1_8b_chat::trivia_qa_2_60k::base::main::20853,0
llama3.1_8b_chat::trivia_qa_2_60k::base::main::4773,0
llama3.1_8b_chat::trivia_qa_2_60k::base::main::19737,0
llama3.1_8b_chat::trivia_qa_2_60k::base::main::5863,0
llama3.1_8b_chat::trivia_qa_2_60k::base::main::51401,0
llama3.1_8b_chat::trivia_qa_2_60k::base::main::49366,0
llama3.1_8b_chat::trivia_qa_2_60k::base::main::15204,0
llama3.1_8b_chat::trivia_qa_2_60k::base::main::15018,0
llama3.1_8b_chat::trivia_qa_2_60k::base::main::51031,0
llama3.1_8b_chat::trivia_qa_2_60k::base::main::17601,0
llama3.1_8b_chat::trivia_qa_2_60k::base::main::29222,0
llama3.1_8b_chat::trivia_qa_2_60k::base::main::36685,0
llama3.1_8b_chat::trivia_qa_2_60k::base::main::57491,0
llama3.1_8b_chat::trivia_qa_2_60k::base::main::20036,0
llama3.1_8b_chat::trivia_qa_2_60k::base::main::21817,0
llama3.1_8b_chat::trivia_qa_2_60k::base::main::56296,0
llama3.1_8b_chat::trivia_qa_2_60k::base::main::38852,0
llama3.1_8b_chat::trivia_qa_2_60k::base::main::10562,0
llama3.1_8b_chat::trivia_qa_2_60k::base::main::30296,0
llama3.1_8b_chat::trivia_qa_2_60k::base::main::2289,0
llama3.1_8b_chat::trivia_qa_2_60k::base::main::8398,0
llama3.1_8b_chat::trivia_qa_2_60k::base::main::17020,0
llama3.1_8b_chat::trivia_qa_2_60k::base::main::16176,0
llama3.1_8b_chat::trivia_qa_2_60k::base::main::41255,0
llama3.1_8b_chat::trivia_qa_2_60k::base::main::17362,0
llama3.1_8b_chat::trivia_qa_2_60k::base::main::49109,0
llama3.1_8b_chat::trivia_qa_2_60k::base::main::46356,0
llama3.1_8b_chat::trivia_qa_2_60k::base::main::21559,0
llama3.1_8b_chat::trivia_qa_2_60k::base::main::36155,0
llama3.1_8b_chat::trivia_qa_2_60k::base::main::45168,0
llama3.1_8b_chat::trivia_qa_2_60k::base::main::53800,0
llama3.1_8b_chat::trivia_qa_2_60k::base::main::34095,0
llama3.1_8b_chat::trivia_qa_2_60k::base::main::24158,0
llama3.1_8b_chat::trivia_qa_2_60k::base::main::4897,0
llama3.1_8b_chat::trivia_qa_2_60k::base::main::17008,0
llama3.1_8b_chat::trivia_qa_2_60k::base::main::29680,0
llama3.1_8b_chat::trivia_qa_2_60k::base::main::12865,0
llama3.1_8b_chat::trivia_qa_2_60k::base::main::19148,0
llama3.1_8b_chat::trivia_qa_2_60k::base::main::44843,0
llama3.1_8b_chat::trivia_qa_2_60k::base::main::50716,0
llama3.1_8b_chat::trivia_qa_2_60k::base::main::47493,0
llama3.1_8b_chat::trivia_qa_2_60k::base::main::4095,0
llama3.1_8b_chat::trivia_qa_2_60k::base::main::11738,0
llama3.1_8b_chat::trivia_qa_2_60k::base::main::40597,0
llama3.1_8b_chat::trivia_qa_2_60k::base::main::27913,0
llama3.1_8b_chat::trivia_qa_2_60k::base::main::45273,0
llama3.1_8b_chat::trivia_qa_2_60k::base::main::14588,0
llama3.1_8b_chat::trivia_qa_2_60k::base::main::24432,0
llama3.1_8b_chat::trivia_qa_2_60k::base::main::34863,0
llama3.1_8b_chat::trivia_qa_2_60k::base::main::36449,0
llama3.1_8b_chat::trivia_qa_2_60k::base::main::39540,0
llama3.1_8b_chat::trivia_qa_2_60k::base::main::16471,0
llama3.1_8b_chat::trivia_qa_2_60k::base::main::21597,0
llama3.1_8b_chat::trivia_qa_2_60k::base::main::35975,0
llama3.1_8b_chat::trivia_qa_2_60k::base::main::36200,0
llama3.1_8b_chat::trivia_qa_2_60k::base::main::1444,0
llama3.1_8b_chat::trivia_qa_2_60k::base::main::15971,0
llama3.1_8b_chat::trivia_qa_2_60k::base::main::31415,0
llama3.1_8b_chat::trivia_qa_2_60k::base::main::2467,0
llama3.1_8b_chat::trivia_qa_2_60k::base::main::24955,0
llama3.1_8b_chat::trivia_qa_2_60k::base::main::55943,0
llama3.1_8b_chat::trivia_qa_2_60k::base::main::6774,0
llama3.1_8b_chat::trivia_qa_2_60k::base::main::28875,0
llama3.1_8b_chat::trivia_qa_2_60k::base::main::12494,0
llama3.1_8b_chat::trivia_qa_2_60k::base::main::20075,0
llama3.1_8b_chat::trivia_qa_2_60k::base::main::14972,0
llama3.1_8b_chat::trivia_qa_2_60k::base::main::23751,0
llama3.1_8b_chat::trivia_qa_2_60k::base::main::1695,0
llama3.1_8b_chat::trivia_qa_2_60k::base::main::7820,0
llama3.1_8b_chat::trivia_qa_2_60k::base::main::8177,0
llama3.1_8b_chat::trivia_qa_2_60k::base::main::38585,0
llama3.1_8b_chat::trivia_qa_2_60k::base::main::20900,0
llama3.1_8b_chat::trivia_qa_2_60k::base::main::9065,0
llama3.1_8b_chat::trivia_qa_2_60k::base::main::31105,0
llama3.1_8b_chat::trivia_qa_2_60k::base::main::14959,0
llama3.1_8b_chat::trivia_qa_2_60k::base::main::23334,0
llama3.1_8b_chat::trivia_qa_2_60k::base::main::36895,0
llama3.1_8b_chat::trivia_qa_2_60k::base::main::3745,0
llama3.1_8b_chat::trivia_qa_2_60k::base::main::19626,0
llama3.1_8b_chat::trivia_qa_2_60k::base::main::29740,0
llama3.1_8b_chat::trivia_qa_2_60k::base::main::13551,0
llama3.1_8b_chat::trivia_qa_2_60k::base::main::3159,0
llama3.1_8b_chat::trivia_qa_2_60k::base::main::32617,0
llama3.1_8b_chat::trivia_qa_2_60k::base::main::54640,0
llama3.1_8b_chat::trivia_qa_2_60k::base::main::33417,0
llama3.1_8b_chat::trivia_qa_2_60k::base::main::55817,0
llama3.1_8b_chat::trivia_qa_2_60k::base::main::16035,0
llama3.1_8b_chat::trivia_qa_2_60k::base::main::23160,0
llama3.1_8b_chat::trivia_qa_2_60k::base::main::54907,0
llama3.1_8b_chat::trivia_qa_2_60k::base::main::43204,0
llama3.1_8b_chat::trivia_qa_2_60k::base::main::41582,0
llama3.1_8b_chat::trivia_qa_2_60k::base::main::25550,0
llama3.1_8b_chat::trivia_qa_2_60k::base::main::20766,0
llama3.1_8b_chat::trivia_qa_2_60k::base::main::56075,0
llama3.1_8b_chat::trivia_qa_2_60k::base::main::6767,0
llama3.1_8b_chat::trivia_qa_2_60k::base::main::12651,0
llama3.1_8b_chat::trivia_qa_2_60k::base::main::49807,0
llama3.1_8b_chat::trivia_qa_2_60k::base::main::6819,0
llama3.1_8b_chat::trivia_qa_2_60k::base::main::27027,0
llama3.1_8b_chat::trivia_qa_2_60k::base::main::1803,0
llama3.1_8b_chat::trivia_qa_2_60k::base::main::45789,0
llama3.1_8b_chat::trivia_qa_2_60k::base::main::56235,0
llama3.1_8b_chat::trivia_qa_2_60k::base::main::44053,0
llama3.1_8b_chat::trivia_qa_2_60k::base::main::2404,0
llama3.1_8b_chat::trivia_qa_2_60k::base::main::29347,0
llama3.1_8b_chat::trivia_qa_2_60k::base::main::5553,0
llama3.1_8b_chat::trivia_qa_2_60k::base::main::10079,0
llama3.1_8b_chat::trivia_qa_2_60k::base::main::20651,0
llama3.1_8b_chat::trivia_qa_2_60k::base::main::45165,0
llama3.1_8b_chat::trivia_qa_2_60k::base::main::15819,0
llama3.1_8b_chat::trivia_qa_2_60k::base::main::7099,0
llama3.1_8b_chat::trivia_qa_2_60k::base::main::47880,0
llama3.1_8b_chat::trivia_qa_2_60k::base::main::55892,0
llama3.1_8b_chat::trivia_qa_2_60k::base::main::17535,0
llama3.1_8b_chat::trivia_qa_2_60k::base::main::3145,0
llama3.1_8b_chat::trivia_qa_2_60k::base::main::57086,0
llama3.1_8b_chat::trivia_qa_2_60k::base::main::20232,0
llama3.1_8b_chat::trivia_qa_2_60k::base::main::10237,0
llama3.1_8b_chat::trivia_qa_2_60k::base::main::36086,0
llama3.1_8b_chat::trivia_qa_2_60k::base::main::37089,0
llama3.1_8b_chat::trivia_qa_2_60k::base::main::23473,0
llama3.1_8b_chat::trivia_qa_2_60k::base::main::52010,0
llama3.1_8b_chat::trivia_qa_2_60k::base::main::54964,0
llama3.1_8b_chat::trivia_qa_2_60k::base::main::20588,0
llama3.1_8b_chat::trivia_qa_2_60k::base::main::49943,0
llama3.1_8b_chat::trivia_qa_2_60k::base::main::17744,0
llama3.1_8b_chat::trivia_qa_2_60k::base::main::48812,0
llama3.1_8b_chat::trivia_qa_2_60k::base::main::24595,0
llama3.1_8b_chat::trivia_qa_2_60k::base::main::38344,0
llama3.1_8b_chat::trivia_qa_2_60k::base::main::22423,0
llama3.1_8b_chat::trivia_qa_2_60k::base::main::45893,0
llama3.1_8b_chat::trivia_qa_2_60k::base::main::43849,0
llama3.1_8b_chat::trivia_qa_2_60k::base::main::11804,0
llama3.1_8b_chat::trivia_qa_2_60k::base::main::1978,0
llama3.1_8b_chat::trivia_qa_2_60k::base::main::16781,0
llama3.1_8b_chat::trivia_qa_2_60k::base::main::54545,0
llama3.1_8b_chat::trivia_qa_2_60k::base::main::27837,0
llama3.1_8b_chat::trivia_qa_2_60k::base::main::17717,0
llama3.1_8b_chat::trivia_qa_2_60k::base::main::32530,0
llama3.1_8b_chat::trivia_qa_2_60k::base::main::22350,0
llama3.1_8b_chat::trivia_qa_2_60k::base::main::18429,0
llama3.1_8b_chat::trivia_qa_2_60k::base::main::24118,0
llama3.1_8b_chat::trivia_qa_2_60k::base::main::21742,0
llama3.1_8b_chat::trivia_qa_2_60k::base::main::16292,0
llama3.1_8b_chat::trivia_qa_2_60k::base::main::31839,0
llama3.1_8b_chat::trivia_qa_2_60k::base::main::9982,0
llama3.1_8b_chat::trivia_qa_2_60k::base::main::53302,0
llama3.1_8b_chat::trivia_qa_2_60k::base::main::4929,0
llama3.1_8b_chat::trivia_qa_2_60k::base::main::301,0
llama3.1_8b_chat::trivia_qa_2_60k::base::main::49477,0
llama3.1_8b_chat::trivia_qa_2_60k::base::main::806,0
llama3.1_8b_chat::trivia_qa_2_60k::base::main::43699,0
llama3.1_8b_chat::trivia_qa_2_60k::base::main::14398,0
llama3.1_8b_chat::trivia_qa_2_60k::base::main::6221,0
llama3.1_8b_chat::trivia_qa_2_60k::base::main::27885,0
llama3.1_8b_chat::trivia_qa_2_60k::base::main::4909,0
llama3.1_8b_chat::trivia_qa_2_60k::base::main::50521,0
llama3.1_8b_chat::trivia_qa_2_60k::base::main::16235,0
llama3.1_8b_chat::trivia_qa_2_60k::base::main::55246,0
llama3.1_8b_chat::trivia_qa_2_60k::base::main::35724,0
llama3.1_8b_chat::trivia_qa_2_60k::base::main::39753,0
llama3.1_8b_chat::trivia_qa_2_60k::base::main::20043,0
llama3.1_8b_chat::trivia_qa_2_60k::base::main::21107,0
llama3.1_8b_chat::trivia_qa_2_60k::base::main::1539,0
llama3.1_8b_chat::trivia_qa_2_60k::base::main::17043,0
llama3.1_8b_chat::trivia_qa_2_60k::base::main::56653,0
llama3.1_8b_chat::trivia_qa_2_60k::base::main::25944,0
llama3.1_8b_chat::trivia_qa_2_60k::base::main::6941,0
llama3.1_8b_chat::trivia_qa_2_60k::base::main::44718,0
llama3.1_8b_chat::trivia_qa_2_60k::base::main::34271,0
llama3.1_8b_chat::trivia_qa_2_60k::base::main::21087,0
llama3.1_8b_chat::trivia_qa_2_60k::base::main::51632,0
llama3.1_8b_chat::trivia_qa_2_60k::base::main::27098,0
llama3.1_8b_chat::trivia_qa_2_60k::base::main::34610,0
llama3.1_8b_chat::trivia_qa_2_60k::base::main::22108,0
llama3.1_8b_chat::trivia_qa_2_60k::base::main::29332,0
llama3.1_8b_chat::trivia_qa_2_60k::base::main::22765,0
llama3.1_8b_chat::trivia_qa_2_60k::base::main::7300,0
llama3.1_8b_chat::trivia_qa_2_60k::base::main::41913,0
llama3.1_8b_chat::trivia_qa_2_60k::base::main::38115,0
llama3.1_8b_chat::trivia_qa_2_60k::base::main::51509,0
llama3.1_8b_chat::trivia_qa_2_60k::base::main::51913,0
llama3.1_8b_chat::trivia_qa_2_60k::base::main::16885,0
llama3.1_8b_chat::trivia_qa_2_60k::base::main::49629,0
llama3.1_8b_chat::trivia_qa_2_60k::base::main::31050,0
llama3.1_8b_chat::trivia_qa_2_60k::base::main::18414,0
llama3.1_8b_chat::trivia_qa_2_60k::base::main::12848,0
llama3.1_8b_chat::trivia_qa_2_60k::base::main::51514,0
llama3.1_8b_chat::trivia_qa_2_60k::base::main::20974,0
llama3.1_8b_chat::trivia_qa_2_60k::base::main::37774,0
llama3.1_8b_chat::trivia_qa_2_60k::base::main::20262,0
llama3.1_8b_chat::trivia_qa_2_60k::base::main::48200,0
llama3.1_8b_chat::trivia_qa_2_60k::base::main::29507,0
llama3.1_8b_chat::trivia_qa_2_60k::base::main::1407,0
llama3.1_8b_chat::trivia_qa_2_60k::base::main::25046,0
llama3.1_8b_chat::trivia_qa_2_60k::base::main::25732,0
llama3.1_8b_chat::trivia_qa_2_60k::base::main::8028,0
llama3.1_8b_chat::trivia_qa_2_60k::base::main::26324,0
llama3.1_8b_chat::trivia_qa_2_60k::base::main::56556,0
llama3.1_8b_chat::trivia_qa_2_60k::base::main::38615,0
llama3.1_8b_chat::trivia_qa_2_60k::base::main::29608,0
llama3.1_8b_chat::trivia_qa_2_60k::base::main::52612,0
llama3.1_8b_chat::trivia_qa_2_60k::base::main::1406,0
llama3.1_8b_chat::trivia_qa_2_60k::base::main::16091,0
llama3.1_8b_chat::trivia_qa_2_60k::base::main::54175,0
llama3.1_8b_chat::trivia_qa_2_60k::base::main::54391,0
llama3.1_8b_chat::trivia_qa_2_60k::base::main::33294,0
llama3.1_8b_chat::trivia_qa_2_60k::base::main::52258,0
llama3.1_8b_chat::trivia_qa_2_60k::base::main::19208,0
llama3.1_8b_chat::trivia_qa_2_60k::base::main::49999,0
llama3.1_8b_chat::trivia_qa_2_60k::base::main::15581,0
llama3.1_8b_chat::trivia_qa_2_60k::base::main::4429,0
llama3.1_8b_chat::trivia_qa_2_60k::base::main::31904,0
llama3.1_8b_chat::trivia_qa_2_60k::base::main::53345,0
llama3.1_8b_chat::trivia_qa_2_60k::base::main::25205,0
llama3.1_8b_chat::trivia_qa_2_60k::base::main::27417,0
llama3.1_8b_chat::trivia_qa_2_60k::base::main::9408,0
llama3.1_8b_chat::trivia_qa_2_60k::base::main::35957,0
llama3.1_8b_chat::trivia_qa_2_60k::base::main::11607,0
llama3.1_8b_chat::trivia_qa_2_60k::base::main::21935,0
llama3.1_8b_chat::trivia_qa_2_60k::base::main::4700,0
llama3.1_8b_chat::trivia_qa_2_60k::base::main::36976,0
llama3.1_8b_chat::trivia_qa_2_60k::base::main::42840,0
llama3.1_8b_chat::trivia_qa_2_60k::base::main::1361,0
llama3.1_8b_chat::trivia_qa_2_60k::base::main::245,0
llama3.1_8b_chat::trivia_qa_2_60k::base::main::40060,0
llama3.1_8b_chat::trivia_qa_2_60k::base::main::29322,0
llama3.1_8b_chat::trivia_qa_2_60k::base::main::57683,0
llama3.1_8b_chat::trivia_qa_2_60k::base::main::53015,0
llama3.1_8b_chat::trivia_qa_2_60k::base::main::25531,0
llama3.1_8b_chat::trivia_qa_2_60k::base::main::32199,0
llama3.1_8b_chat::trivia_qa_2_60k::base::main::55298,0
llama3.1_8b_chat::trivia_qa_2_60k::base::main::25564,0
llama3.1_8b_chat::trivia_qa_2_60k::base::main::51709,0
llama3.1_8b_chat::trivia_qa_2_60k::base::main::40847,0
llama3.1_8b_chat::trivia_qa_2_60k::base::main::1090,0
llama3.1_8b_chat::trivia_qa_2_60k::base::main::54638,0
llama3.1_8b_chat::trivia_qa_2_60k::base::main::30393,0
llama3.1_8b_chat::trivia_qa_2_60k::base::main::19173,0
llama3.1_8b_chat::trivia_qa_2_60k::base::main::38112,0
llama3.1_8b_chat::trivia_qa_2_60k::base::main::1742,0
llama3.1_8b_chat::trivia_qa_2_60k::base::main::43405,0
llama3.1_8b_chat::trivia_qa_2_60k::base::main::7718,0
llama3.1_8b_chat::trivia_qa_2_60k::base::main::54643,0
llama3.1_8b_chat::trivia_qa_2_60k::base::main::3510,0
llama3.1_8b_chat::trivia_qa_2_60k::base::main::20569,0
llama3.1_8b_chat::trivia_qa_2_60k::base::main::51039,0
llama3.1_8b_chat::trivia_qa_2_60k::base::main::42297,0
llama3.1_8b_chat::trivia_qa_2_60k::base::main::34589,0
llama3.1_8b_chat::trivia_qa_2_60k::base::main::50902,0
llama3.1_8b_chat::trivia_qa_2_60k::base::main::38483,0
llama3.1_8b_chat::trivia_qa_2_60k::base::main::28690,0
llama3.1_8b_chat::trivia_qa_2_60k::base::main::47925,0
llama3.1_8b_chat::trivia_qa_2_60k::base::main::40839,0
llama3.1_8b_chat::trivia_qa_2_60k::base::main::18129,0
llama3.1_8b_chat::trivia_qa_2_60k::base::main::49121,0
llama3.1_8b_chat::trivia_qa_2_60k::base::main::46586,0
llama3.1_8b_chat::trivia_qa_2_60k::base::main::33994,0
llama3.1_8b_chat::trivia_qa_2_60k::base::main::9307,0
llama3.1_8b_chat::trivia_qa_2_60k::base::main::19101,0
llama3.1_8b_chat::trivia_qa_2_60k::base::main::46522,0
llama3.1_8b_chat::trivia_qa_2_60k::base::main::25577,0
llama3.1_8b_chat::trivia_qa_2_60k::base::main::14136,0
llama3.1_8b_chat::trivia_qa_2_60k::base::main::38514,0
llama3.1_8b_chat::trivia_qa_2_60k::base::main::11980,0
llama3.1_8b_chat::trivia_qa_2_60k::base::main::35480,0
llama3.1_8b_chat::trivia_qa_2_60k::base::main::53597,0
llama3.1_8b_chat::trivia_qa_2_60k::base::main::36031,0
llama3.1_8b_chat::trivia_qa_2_60k::base::main::47294,0
llama3.1_8b_chat::trivia_qa_2_60k::base::main::55349,0
llama3.1_8b_chat::trivia_qa_2_60k::base::main::8472,0
llama3.1_8b_chat::trivia_qa_2_60k::base::main::3109,0
llama3.1_8b_chat::trivia_qa_2_60k::base::main::11231,0
llama3.1_8b_chat::trivia_qa_2_60k::base::main::39289,0
llama3.1_8b_chat::trivia_qa_2_60k::base::main::38077,0
llama3.1_8b_chat::trivia_qa_2_60k::base::main::52466,0
llama3.1_8b_chat::trivia_qa_2_60k::base::main::52558,0
llama3.1_8b_chat::trivia_qa_2_60k::base::main::29961,0
llama3.1_8b_chat::trivia_qa_2_60k::base::main::45289,0
llama3.1_8b_chat::trivia_qa_2_60k::base::main::42925,0
llama3.1_8b_chat::trivia_qa_2_60k::base::main::57327,0
llama3.1_8b_chat::trivia_qa_2_60k::base::main::16333,0
llama3.1_8b_chat::trivia_qa_2_60k::base::main::29217,0
llama3.1_8b_chat::trivia_qa_2_60k::base::main::34479,0
llama3.1_8b_chat::trivia_qa_2_60k::base::main::1869,0
llama3.1_8b_chat::trivia_qa_2_60k::base::main::28679,0
llama3.1_8b_chat::trivia_qa_2_60k::base::main::21830,0
llama3.1_8b_chat::trivia_qa_2_60k::base::main::12945,0
llama3.1_8b_chat::trivia_qa_2_60k::base::main::19608,0
llama3.1_8b_chat::trivia_qa_2_60k::base::main::18507,0
llama3.1_8b_chat::trivia_qa_2_60k::base::main::39371,0
llama3.1_8b_chat::trivia_qa_2_60k::base::main::24008,0
llama3.1_8b_chat::trivia_qa_2_60k::base::main::4203,0
llama3.1_8b_chat::trivia_qa_2_60k::base::main::53269,0
llama3.1_8b_chat::trivia_qa_2_60k::base::main::10017,0
llama3.1_8b_chat::trivia_qa_2_60k::base::main::37054,0
llama3.1_8b_chat::trivia_qa_2_60k::base::main::7105,0
llama3.1_8b_chat::trivia_qa_2_60k::base::main::7554,0
llama3.1_8b_chat::trivia_qa_2_60k::base::main::21740,0
llama3.1_8b_chat::trivia_qa_2_60k::base::main::12447,0
llama3.1_8b_chat::trivia_qa_2_60k::base::main::40690,0
llama3.1_8b_chat::trivia_qa_2_60k::base::main::18303,0
llama3.1_8b_chat::trivia_qa_2_60k::base::main::7440,0
llama3.1_8b_chat::trivia_qa_2_60k::base::main::56509,0
llama3.1_8b_chat::trivia_qa_2_60k::base::main::36128,0
llama3.1_8b_chat::trivia_qa_2_60k::base::main::8959,0
llama3.1_8b_chat::trivia_qa_2_60k::base::main::52057,0
llama3.1_8b_chat::trivia_qa_2_60k::base::main::56986,0
llama3.1_8b_chat::trivia_qa_2_60k::base::main::10824,0
llama3.1_8b_chat::trivia_qa_2_60k::base::main::57159,0
llama3.1_8b_chat::trivia_qa_2_60k::base::main::31961,0
llama3.1_8b_chat::trivia_qa_2_60k::base::main::37627,0
llama3.1_8b_chat::trivia_qa_2_60k::base::main::35482,0
llama3.1_8b_chat::trivia_qa_2_60k::base::main::55591,0
llama3.1_8b_chat::trivia_qa_2_60k::base::main::15906,0
llama3.1_8b_chat::trivia_qa_2_60k::base::main::52150,0
llama3.1_8b_chat::trivia_qa_2_60k::base::main::36409,0
llama3.1_8b_chat::trivia_qa_2_60k::base::main::43784,0
llama3.1_8b_chat::trivia_qa_2_60k::base::main::41342,0
llama3.1_8b_chat::trivia_qa_2_60k::base::main::55780,0
llama3.1_8b_chat::trivia_qa_2_60k::base::main::44116,0
llama3.1_8b_chat::trivia_qa_2_60k::base::main::39302,0
llama3.1_8b_chat::trivia_qa_2_60k::base::main::33622,0
llama3.1_8b_chat::trivia_qa_2_60k::base::main::36765,0
llama3.1_8b_chat::trivia_qa_2_60k::base::main::17017,0
llama3.1_8b_chat::trivia_qa_2_60k::base::main::21905,0
llama3.1_8b_chat::trivia_qa_2_60k::base::main::16892,0
llama3.1_8b_chat::trivia_qa_2_60k::base::main::4847,0
llama3.1_8b_chat::trivia_qa_2_60k::base::main::15214,0
llama3.1_8b_chat::trivia_qa_2_60k::base::main::14152,0
llama3.1_8b_chat::trivia_qa_2_60k::base::main::48761,0
llama3.1_8b_chat::trivia_qa_2_60k::base::main::10343,0
llama3.1_8b_chat::trivia_qa_2_60k::base::main::16991,0
llama3.1_8b_chat::trivia_qa_2_60k::base::main::55580,0
llama3.1_8b_chat::trivia_qa_2_60k::base::main::52582,0
llama3.1_8b_chat::trivia_qa_2_60k::base::main::51404,0
llama3.1_8b_chat::trivia_qa_2_60k::base::main::11318,0
llama3.1_8b_chat::trivia_qa_2_60k::base::main::28146,0
llama3.1_8b_chat::trivia_qa_2_60k::base::main::48220,0
llama3.1_8b_chat::trivia_qa_2_60k::base::main::22782,0
llama3.1_8b_chat::trivia_qa_2_60k::base::main::19559,0
llama3.1_8b_chat::trivia_qa_2_60k::base::main::54049,0
llama3.1_8b_chat::trivia_qa_2_60k::base::main::24109,0
llama3.1_8b_chat::trivia_qa_2_60k::base::main::47093,0
llama3.1_8b_chat::trivia_qa_2_60k::base::main::34937,0
llama3.1_8b_chat::trivia_qa_2_60k::base::main::50249,0
llama3.1_8b_chat::trivia_qa_2_60k::base::main::21957,0
llama3.1_8b_chat::trivia_qa_2_60k::base::main::58311,0
llama3.1_8b_chat::trivia_qa_2_60k::base::main::19833,0
llama3.1_8b_chat::trivia_qa_2_60k::base::main::56125,0
llama3.1_8b_chat::trivia_qa_2_60k::base::main::22618,0
llama3.1_8b_chat::trivia_qa_2_60k::base::main::54913,0
llama3.1_8b_chat::trivia_qa_2_60k::base::main::18194,0
llama3.1_8b_chat::trivia_qa_2_60k::base::main::6657,0
llama3.1_8b_chat::trivia_qa_2_60k::base::main::31074,0
llama3.1_8b_chat::trivia_qa_2_60k::base::main::52520,0
llama3.1_8b_chat::trivia_qa_2_60k::base::main::17689,0
llama3.1_8b_chat::trivia_qa_2_60k::base::main::23772,0
llama3.1_8b_chat::trivia_qa_2_60k::base::main::51424,0
llama3.1_8b_chat::trivia_qa_2_60k::base::main::54081,0
llama3.1_8b_chat::trivia_qa_2_60k::base::main::17056,0
llama3.1_8b_chat::trivia_qa_2_60k::base::main::40604,0
llama3.1_8b_chat::trivia_qa_2_60k::base::main::50541,0
llama3.1_8b_chat::trivia_qa_2_60k::base::main::38494,0
llama3.1_8b_chat::trivia_qa_2_60k::base::main::43910,0
llama3.1_8b_chat::trivia_qa_2_60k::base::main::22089,0
llama3.1_8b_chat::trivia_qa_2_60k::base::main::3073,0
llama3.1_8b_chat::trivia_qa_2_60k::base::main::18273,0
llama3.1_8b_chat::trivia_qa_2_60k::base::main::32404,0
llama3.1_8b_chat::trivia_qa_2_60k::base::main::22443,0
llama3.1_8b_chat::trivia_qa_2_60k::base::main::22958,0
llama3.1_8b_chat::trivia_qa_2_60k::base::main::4777,0
llama3.1_8b_chat::trivia_qa_2_60k::base::main::36896,0
llama3.1_8b_chat::trivia_qa_2_60k::base::main::3570,0
llama3.1_8b_chat::trivia_qa_2_60k::base::main::49625,0
llama3.1_8b_chat::trivia_qa_2_60k::base::main::32832,0
llama3.1_8b_chat::trivia_qa_2_60k::base::main::39731,0
llama3.1_8b_chat::trivia_qa_2_60k::base::main::1123,0
llama3.1_8b_chat::trivia_qa_2_60k::base::main::37097,0
llama3.1_8b_chat::trivia_qa_2_60k::base::main::46098,0
llama3.1_8b_chat::trivia_qa_2_60k::base::main::50650,0
llama3.1_8b_chat::trivia_qa_2_60k::base::main::3285,0
llama3.1_8b_chat::trivia_qa_2_60k::base::main::48009,0
llama3.1_8b_chat::trivia_qa_2_60k::base::main::50240,0
llama3.1_8b_chat::trivia_qa_2_60k::base::main::57821,0
llama3.1_8b_chat::trivia_qa_2_60k::base::main::10043,0
llama3.1_8b_chat::trivia_qa_2_60k::base::main::22946,0
llama3.1_8b_chat::trivia_qa_2_60k::base::main::30518,0
llama3.1_8b_chat::trivia_qa_2_60k::base::main::13762,0
llama3.1_8b_chat::trivia_qa_2_60k::base::main::3916,0
llama3.1_8b_chat::trivia_qa_2_60k::base::main::34830,0
llama3.1_8b_chat::trivia_qa_2_60k::base::main::8449,0
llama3.1_8b_chat::trivia_qa_2_60k::base::main::8216,0
llama3.1_8b_chat::trivia_qa_2_60k::base::main::36406,0
llama3.1_8b_chat::trivia_qa_2_60k::base::main::42984,0
llama3.1_8b_chat::trivia_qa_2_60k::base::main::21082,0
llama3.1_8b_chat::trivia_qa_2_60k::base::main::4393,0
llama3.1_8b_chat::trivia_qa_2_60k::base::main::22362,0
llama3.1_8b_chat::trivia_qa_2_60k::base::main::22394,0
llama3.1_8b_chat::trivia_qa_2_60k::base::main::47682,0
llama3.1_8b_chat::trivia_qa_2_60k::base::main::46519,0
llama3.1_8b_chat::trivia_qa_2_60k::base::main::25314,0
llama3.1_8b_chat::trivia_qa_2_60k::base::main::25094,0
llama3.1_8b_chat::trivia_qa_2_60k::base::main::53680,0
llama3.1_8b_chat::trivia_qa_2_60k::base::main::53881,0
llama3.1_8b_chat::trivia_qa_2_60k::base::main::16771,0
llama3.1_8b_chat::trivia_qa_2_60k::base::main::45659,0
llama3.1_8b_chat::trivia_qa_2_60k::base::main::49749,0
llama3.1_8b_chat::trivia_qa_2_60k::base::main::55034,0
llama3.1_8b_chat::trivia_qa_2_60k::base::main::42848,0
llama3.1_8b_chat::trivia_qa_2_60k::base::main::23221,0
llama3.1_8b_chat::trivia_qa_2_60k::base::main::39030,0
llama3.1_8b_chat::trivia_qa_2_60k::base::main::1020,0
llama3.1_8b_chat::trivia_qa_2_60k::base::main::31793,0
llama3.1_8b_chat::trivia_qa_2_60k::base::main::33177,0
llama3.1_8b_chat::trivia_qa_2_60k::base::main::21818,0
llama3.1_8b_chat::trivia_qa_2_60k::base::main::20985,0
llama3.1_8b_chat::trivia_qa_2_60k::base::main::13902,0
llama3.1_8b_chat::trivia_qa_2_60k::base::main::12320,0
llama3.1_8b_chat::trivia_qa_2_60k::base::main::29291,0
llama3.1_8b_chat::trivia_qa_2_60k::base::main::46528,0
llama3.1_8b_chat::trivia_qa_2_60k::base::main::15776,0
llama3.1_8b_chat::trivia_qa_2_60k::base::main::10082,0
llama3.1_8b_chat::trivia_qa_2_60k::base::main::9427,0
llama3.1_8b_chat::trivia_qa_2_60k::base::main::50070,0
llama3.1_8b_chat::trivia_qa_2_60k::base::main::43799,0
llama3.1_8b_chat::trivia_qa_2_60k::base::main::53999,0
llama3.1_8b_chat::trivia_qa_2_60k::base::main::5536,0
llama3.1_8b_chat::trivia_qa_2_60k::base::main::42977,0
llama3.1_8b_chat::trivia_qa_2_60k::base::main::28678,0
llama3.1_8b_chat::trivia_qa_2_60k::base::main::57059,0
llama3.1_8b_chat::trivia_qa_2_60k::base::main::18807,0
llama3.1_8b_chat::trivia_qa_2_60k::base::main::31675,0
llama3.1_8b_chat::trivia_qa_2_60k::base::main::2803,0
llama3.1_8b_chat::trivia_qa_2_60k::base::main::22810,0
llama3.1_8b_chat::trivia_qa_2_60k::base::main::23879,0
llama3.1_8b_chat::trivia_qa_2_60k::base::main::5672,0
llama3.1_8b_chat::trivia_qa_2_60k::base::main::1363,0
llama3.1_8b_chat::trivia_qa_2_60k::base::main::31176,0
llama3.1_8b_chat::trivia_qa_2_60k::base::main::44061,0
llama3.1_8b_chat::trivia_qa_2_60k::base::main::41100,0
llama3.1_8b_chat::trivia_qa_2_60k::base::main::11383,0
llama3.1_8b_chat::trivia_qa_2_60k::base::main::34593,0
llama3.1_8b_chat::trivia_qa_2_60k::base::main::33346,0
llama3.1_8b_chat::trivia_qa_2_60k::base::main::19016,0
llama3.1_8b_chat::trivia_qa_2_60k::base::main::16381,0
llama3.1_8b_chat::trivia_qa_2_60k::base::main::4054,0
llama3.1_8b_chat::trivia_qa_2_60k::base::main::50736,0
llama3.1_8b_chat::trivia_qa_2_60k::base::main::31196,0
llama3.1_8b_chat::trivia_qa_2_60k::base::main::52172,0
llama3.1_8b_chat::trivia_qa_2_60k::base::main::6706,0
llama3.1_8b_chat::trivia_qa_2_60k::base::main::38059,0
llama3.1_8b_chat::trivia_qa_2_60k::base::main::43318,0
llama3.1_8b_chat::trivia_qa_2_60k::base::main::34457,0
llama3.1_8b_chat::trivia_qa_2_60k::base::main::54221,0
llama3.1_8b_chat::trivia_qa_2_60k::base::main::11591,0
llama3.1_8b_chat::trivia_qa_2_60k::base::main::50237,0
llama3.1_8b_chat::trivia_qa_2_60k::base::main::14558,0
llama3.1_8b_chat::trivia_qa_2_60k::base::main::18992,0
llama3.1_8b_chat::trivia_qa_2_60k::base::main::9005,0
llama3.1_8b_chat::trivia_qa_2_60k::base::main::1991,0
llama3.1_8b_chat::trivia_qa_2_60k::base::main::47692,0
llama3.1_8b_chat::trivia_qa_2_60k::base::main::31059,0
llama3.1_8b_chat::trivia_qa_2_60k::base::main::57173,0
llama3.1_8b_chat::trivia_qa_2_60k::base::main::54298,0
llama3.1_8b_chat::trivia_qa_2_60k::base::main::38026,0
llama3.1_8b_chat::trivia_qa_2_60k::base::main::18145,0
llama3.1_8b_chat::trivia_qa_2_60k::base::main::49455,0
llama3.1_8b_chat::trivia_qa_2_60k::base::main::22560,0
llama3.1_8b_chat::trivia_qa_2_60k::base::main::53361,0
llama3.1_8b_chat::trivia_qa_2_60k::base::main::19506,0
llama3.1_8b_chat::trivia_qa_2_60k::base::main::55211,0
llama3.1_8b_chat::trivia_qa_2_60k::base::main::49668,0
llama3.1_8b_chat::trivia_qa_2_60k::base::main::43607,0
llama3.1_8b_chat::trivia_qa_2_60k::base::main::23604,0
llama3.1_8b_chat::trivia_qa_2_60k::base::main::48041,0
llama3.1_8b_chat::trivia_qa_2_60k::base::main::20041,0
llama3.1_8b_chat::trivia_qa_2_60k::base::main::27610,0
llama3.1_8b_chat::trivia_qa_2_60k::base::main::23527,0
llama3.1_8b_chat::trivia_qa_2_60k::base::main::28216,0
llama3.1_8b_chat::trivia_qa_2_60k::base::main::37211,0
llama3.1_8b_chat::trivia_qa_2_60k::base::main::13231,0
llama3.1_8b_chat::trivia_qa_2_60k::base::main::35708,0
llama3.1_8b_chat::trivia_qa_2_60k::base::main::29771,0
llama3.1_8b_chat::trivia_qa_2_60k::base::main::29306,0
llama3.1_8b_chat::trivia_qa_2_60k::base::main::34921,0
llama3.1_8b_chat::trivia_qa_2_60k::base::main::51893,0
llama3.1_8b_chat::trivia_qa_2_60k::base::main::23399,0
llama3.1_8b_chat::trivia_qa_2_60k::base::main::16377,0
llama3.1_8b_chat::trivia_qa_2_60k::base::main::55545,0
llama3.1_8b_chat::trivia_qa_2_60k::base::main::6035,0
llama3.1_8b_chat::trivia_qa_2_60k::base::main::30032,0
llama3.1_8b_chat::trivia_qa_2_60k::base::main::39048,0
llama3.1_8b_chat::trivia_qa_2_60k::base::main::20000,0
llama3.1_8b_chat::trivia_qa_2_60k::base::main::27501,0
llama3.1_8b_chat::trivia_qa_2_60k::base::main::11944,0
llama3.1_8b_chat::trivia_qa_2_60k::base::main::23425,0
llama3.1_8b_chat::trivia_qa_2_60k::base::main::41021,0
llama3.1_8b_chat::trivia_qa_2_60k::base::main::9106,0
llama3.1_8b_chat::trivia_qa_2_60k::base::main::56938,0
llama3.1_8b_chat::trivia_qa_2_60k::base::main::21387,0
llama3.1_8b_chat::trivia_qa_2_60k::base::main::16676,0
llama3.1_8b_chat::trivia_qa_2_60k::base::main::58065,0
llama3.1_8b_chat::trivia_qa_2_60k::base::main::9733,0
llama3.1_8b_chat::trivia_qa_2_60k::base::main::15317,0
llama3.1_8b_chat::trivia_qa_2_60k::base::main::1508,0
llama3.1_8b_chat::trivia_qa_2_60k::base::main::9349,0
llama3.1_8b_chat::trivia_qa_2_60k::base::main::47177,0
llama3.1_8b_chat::trivia_qa_2_60k::base::main::19667,0
llama3.1_8b_chat::trivia_qa_2_60k::base::main::30060,0
llama3.1_8b_chat::trivia_qa_2_60k::base::main::57316,0
llama3.1_8b_chat::trivia_qa_2_60k::base::main::35519,0
llama3.1_8b_chat::trivia_qa_2_60k::base::main::44991,0
llama3.1_8b_chat::trivia_qa_2_60k::base::main::7190,0
llama3.1_8b_chat::trivia_qa_2_60k::base::main::11926,0
llama3.1_8b_chat::trivia_qa_2_60k::base::main::54417,0
llama3.1_8b_chat::trivia_qa_2_60k::base::main::29147,0
llama3.1_8b_chat::trivia_qa_2_60k::base::main::9464,0
llama3.1_8b_chat::trivia_qa_2_60k::base::main::33215,0
llama3.1_8b_chat::trivia_qa_2_60k::base::main::9983,0
llama3.1_8b_chat::trivia_qa_2_60k::base::main::40360,0
llama3.1_8b_chat::trivia_qa_2_60k::base::main::40619,0
llama3.1_8b_chat::trivia_qa_2_60k::base::main::51541,0
llama3.1_8b_chat::trivia_qa_2_60k::base::main::359,0
llama3.1_8b_chat::trivia_qa_2_60k::base::main::161,0
llama3.1_8b_chat::trivia_qa_2_60k::base::main::25480,0
llama3.1_8b_chat::trivia_qa_2_60k::base::main::24148,0
llama3.1_8b_chat::trivia_qa_2_60k::base::main::57421,0
llama3.1_8b_chat::trivia_qa_2_60k::base::main::21343,0
llama3.1_8b_chat::trivia_qa_2_60k::base::main::25768,0
llama3.1_8b_chat::trivia_qa_2_60k::base::main::17879,0
llama3.1_8b_chat::trivia_qa_2_60k::base::main::25865,0
llama3.1_8b_chat::trivia_qa_2_60k::base::main::39132,0
llama3.1_8b_chat::trivia_qa_2_60k::base::main::42334,0
llama3.1_8b_chat::trivia_qa_2_60k::base::main::23905,0
llama3.1_8b_chat::trivia_qa_2_60k::base::main::24723,0
llama3.1_8b_chat::trivia_qa_2_60k::base::main::57915,0
llama3.1_8b_chat::trivia_qa_2_60k::base::main::51899,0
llama3.1_8b_chat::trivia_qa_2_60k::base::main::46385,0
llama3.1_8b_chat::trivia_qa_2_60k::base::main::1802,0
llama3.1_8b_chat::trivia_qa_2_60k::base::main::33796,0
llama3.1_8b_chat::trivia_qa_2_60k::base::main::29672,0
llama3.1_8b_chat::trivia_qa_2_60k::base::main::13015,0
llama3.1_8b_chat::trivia_qa_2_60k::base::main::50200,0
llama3.1_8b_chat::trivia_qa_2_60k::base::main::31576,0
llama3.1_8b_chat::trivia_qa_2_60k::base::main::15947,0
llama3.1_8b_chat::trivia_qa_2_60k::base::main::22326,0
llama3.1_8b_chat::trivia_qa_2_60k::base::main::26555,0
llama3.1_8b_chat::trivia_qa_2_60k::base::main::8247,0
llama3.1_8b_chat::trivia_qa_2_60k::base::main::7061,0
llama3.1_8b_chat::trivia_qa_2_60k::base::main::55357,0
llama3.1_8b_chat::trivia_qa_2_60k::base::main::34712,0
llama3.1_8b_chat::trivia_qa_2_60k::base::main::25952,0
llama3.1_8b_chat::trivia_qa_2_60k::base::main::20010,0
llama3.1_8b_chat::trivia_qa_2_60k::base::main::33777,0
llama3.1_8b_chat::trivia_qa_2_60k::base::main::4928,0
llama3.1_8b_chat::trivia_qa_2_60k::base::main::43746,0
llama3.1_8b_chat::trivia_qa_2_60k::base::main::30886,0
llama3.1_8b_chat::trivia_qa_2_60k::base::main::57533,0
llama3.1_8b_chat::trivia_qa_2_60k::base::main::5688,0
llama3.1_8b_chat::trivia_qa_2_60k::base::main::31071,0
llama3.1_8b_chat::trivia_qa_2_60k::base::main::73,0
llama3.1_8b_chat::trivia_qa_2_60k::base::main::50903,0
llama3.1_8b_chat::trivia_qa_2_60k::base::main::32476,0
llama3.1_8b_chat::trivia_qa_2_60k::base::main::14897,0
llama3.1_8b_chat::trivia_qa_2_60k::base::main::9538,0
llama3.1_8b_chat::trivia_qa_2_60k::base::main::14607,0
llama3.1_8b_chat::trivia_qa_2_60k::base::main::33927,0
llama3.1_8b_chat::trivia_qa_2_60k::base::main::4548,0
llama3.1_8b_chat::trivia_qa_2_60k::base::main::32514,0
llama3.1_8b_chat::trivia_qa_2_60k::base::main::43497,0
llama3.1_8b_chat::trivia_qa_2_60k::base::main::40059,0
llama3.1_8b_chat::trivia_qa_2_60k::base::main::40875,0
llama3.1_8b_chat::trivia_qa_2_60k::base::main::23902,0
llama3.1_8b_chat::trivia_qa_2_60k::base::main::38875,0
llama3.1_8b_chat::trivia_qa_2_60k::base::main::2990,0
llama3.1_8b_chat::trivia_qa_2_60k::base::main::41581,0
llama3.1_8b_chat::trivia_qa_2_60k::base::main::21393,0
llama3.1_8b_chat::trivia_qa_2_60k::base::main::25207,0
llama3.1_8b_chat::trivia_qa_2_60k::base::main::22669,0
llama3.1_8b_chat::trivia_qa_2_60k::base::main::24261,0
llama3.1_8b_chat::trivia_qa_2_60k::base::main::12366,0
llama3.1_8b_chat::trivia_qa_2_60k::base::main::39218,0
llama3.1_8b_chat::trivia_qa_2_60k::base::main::7406,0
llama3.1_8b_chat::trivia_qa_2_60k::base::main::15031,0
llama3.1_8b_chat::trivia_qa_2_60k::base::main::34491,0
llama3.1_8b_chat::trivia_qa_2_60k::base::main::21196,0
llama3.1_8b_chat::trivia_qa_2_60k::base::main::33203,0
llama3.1_8b_chat::trivia_qa_2_60k::base::main::30229,0
llama3.1_8b_chat::trivia_qa_2_60k::base::main::13128,0
llama3.1_8b_chat::trivia_qa_2_60k::base::main::30589,0
llama3.1_8b_chat::trivia_qa_2_60k::base::main::49934,0
llama3.1_8b_chat::trivia_qa_2_60k::base::main::39380,0
llama3.1_8b_chat::trivia_qa_2_60k::base::main::1657,0
llama3.1_8b_chat::trivia_qa_2_60k::base::main::11095,0
llama3.1_8b_chat::trivia_qa_2_60k::base::main::3247,0
llama3.1_8b_chat::trivia_qa_2_60k::base::main::47693,0
llama3.1_8b_chat::trivia_qa_2_60k::base::main::35668,0
llama3.1_8b_chat::trivia_qa_2_60k::base::main::45321,0
llama3.1_8b_chat::trivia_qa_2_60k::base::main::17311,0
llama3.1_8b_chat::trivia_qa_2_60k::base::main::45792,0
llama3.1_8b_chat::trivia_qa_2_60k::base::main::47081,0
llama3.1_8b_chat::trivia_qa_2_60k::base::main::28338,0
llama3.1_8b_chat::trivia_qa_2_60k::base::main::18889,0
llama3.1_8b_chat::trivia_qa_2_60k::base::main::45337,0
llama3.1_8b_chat::trivia_qa_2_60k::base::main::46129,0
llama3.1_8b_chat::trivia_qa_2_60k::base::main::42304,0
llama3.1_8b_chat::trivia_qa_2_60k::base::main::53562,0
llama3.1_8b_chat::trivia_qa_2_60k::base::main::44121,0
llama3.1_8b_chat::trivia_qa_2_60k::base::main::4955,0
llama3.1_8b_chat::trivia_qa_2_60k::base::main::8124,0
llama3.1_8b_chat::trivia_qa_2_60k::base::main::49082,0
llama3.1_8b_chat::trivia_qa_2_60k::base::main::8305,0
llama3.1_8b_chat::trivia_qa_2_60k::base::main::43186,0
llama3.1_8b_chat::trivia_qa_2_60k::base::main::51608,0
llama3.1_8b_chat::trivia_qa_2_60k::base::main::40976,0
llama3.1_8b_chat::trivia_qa_2_60k::base::main::43261,0
llama3.1_8b_chat::trivia_qa_2_60k::base::main::54095,0
llama3.1_8b_chat::trivia_qa_2_60k::base::main::23218,0
llama3.1_8b_chat::trivia_qa_2_60k::base::main::5861,0
llama3.1_8b_chat::trivia_qa_2_60k::base::main::30212,0
llama3.1_8b_chat::trivia_qa_2_60k::base::main::30566,0
llama3.1_8b_chat::trivia_qa_2_60k::base::main::51413,0
llama3.1_8b_chat::trivia_qa_2_60k::base::main::58015,0
llama3.1_8b_chat::trivia_qa_2_60k::base::main::7648,0
llama3.1_8b_chat::trivia_qa_2_60k::base::main::47456,0
llama3.1_8b_chat::trivia_qa_2_60k::base::main::50825,0
llama3.1_8b_chat::trivia_qa_2_60k::base::main::46717,0
llama3.1_8b_chat::trivia_qa_2_60k::base::main::17258,0
llama3.1_8b_chat::trivia_qa_2_60k::base::main::27911,0
llama3.1_8b_chat::trivia_qa_2_60k::base::main::45104,0
llama3.1_8b_chat::trivia_qa_2_60k::base::main::57517,0
llama3.1_8b_chat::trivia_qa_2_60k::base::main::53187,0
llama3.1_8b_chat::trivia_qa_2_60k::base::main::6205,0
llama3.1_8b_chat::trivia_qa_2_60k::base::main::10031,0
llama3.1_8b_chat::trivia_qa_2_60k::base::main::7078,0
llama3.1_8b_chat::trivia_qa_2_60k::base::main::29034,0
llama3.1_8b_chat::trivia_qa_2_60k::base::main::42749,0
llama3.1_8b_chat::trivia_qa_2_60k::base::main::14365,0
llama3.1_8b_chat::trivia_qa_2_60k::base::main::985,0
llama3.1_8b_chat::trivia_qa_2_60k::base::main::44391,0
llama3.1_8b_chat::trivia_qa_2_60k::base::main::46432,0
llama3.1_8b_chat::trivia_qa_2_60k::base::main::17389,0
llama3.1_8b_chat::trivia_qa_2_60k::base::main::51614,0
llama3.1_8b_chat::trivia_qa_2_60k::base::main::18122,0
llama3.1_8b_chat::trivia_qa_2_60k::base::main::824,0
llama3.1_8b_chat::trivia_qa_2_60k::base::main::39420,0
llama3.1_8b_chat::trivia_qa_2_60k::base::main::54878,0
llama3.1_8b_chat::trivia_qa_2_60k::base::main::18456,0
llama3.1_8b_chat::trivia_qa_2_60k::base::main::31762,0
llama3.1_8b_chat::trivia_qa_2_60k::base::main::56378,0
llama3.1_8b_chat::trivia_qa_2_60k::base::main::56974,0
llama3.1_8b_chat::trivia_qa_2_60k::base::main::9208,0
llama3.1_8b_chat::trivia_qa_2_60k::base::main::41814,0
llama3.1_8b_chat::trivia_qa_2_60k::base::main::20686,0
llama3.1_8b_chat::trivia_qa_2_60k::base::main::31767,0
llama3.1_8b_chat::trivia_qa_2_60k::base::main::7556,0
llama3.1_8b_chat::trivia_qa_2_60k::base::main::5032,0
llama3.1_8b_chat::trivia_qa_2_60k::base::main::32970,0
llama3.1_8b_chat::trivia_qa_2_60k::base::main::21238,0
llama3.1_8b_chat::trivia_qa_2_60k::base::main::35836,0
llama3.1_8b_chat::trivia_qa_2_60k::base::main::41762,0
llama3.1_8b_chat::trivia_qa_2_60k::base::main::17716,0
llama3.1_8b_chat::trivia_qa_2_60k::base::main::38142,0
llama3.1_8b_chat::trivia_qa_2_60k::base::main::25145,0
llama3.1_8b_chat::trivia_qa_2_60k::base::main::33276,0
llama3.1_8b_chat::trivia_qa_2_60k::base::main::44879,0
llama3.1_8b_chat::trivia_qa_2_60k::base::main::7026,0
llama3.1_8b_chat::trivia_qa_2_60k::base::main::31594,0
llama3.1_8b_chat::trivia_qa_2_60k::base::main::20702,0
llama3.1_8b_chat::trivia_qa_2_60k::base::main::57913,0
llama3.1_8b_chat::trivia_qa_2_60k::base::main::17477,0
llama3.1_8b_chat::trivia_qa_2_60k::base::main::45038,0
llama3.1_8b_chat::trivia_qa_2_60k::base::main::9907,0
llama3.1_8b_chat::trivia_qa_2_60k::base::main::46131,0
llama3.1_8b_chat::trivia_qa_2_60k::base::main::10177,0
llama3.1_8b_chat::trivia_qa_2_60k::base::main::5004,0
llama3.1_8b_chat::trivia_qa_2_60k::base::main::58133,0
llama3.1_8b_chat::trivia_qa_2_60k::base::main::31936,0
llama3.1_8b_chat::trivia_qa_2_60k::base::main::51650,0
llama3.1_8b_chat::trivia_qa_2_60k::base::main::38114,0
llama3.1_8b_chat::trivia_qa_2_60k::base::main::20926,0
llama3.1_8b_chat::trivia_qa_2_60k::base::main::840,0
llama3.1_8b_chat::trivia_qa_2_60k::base::main::51875,0
llama3.1_8b_chat::trivia_qa_2_60k::base::main::2128,0
llama3.1_8b_chat::trivia_qa_2_60k::base::main::4974,0
llama3.1_8b_chat::trivia_qa_2_60k::base::main::919,0
llama3.1_8b_chat::trivia_qa_2_60k::base::main::18841,0
llama3.1_8b_chat::trivia_qa_2_60k::base::main::16129,0
llama3.1_8b_chat::trivia_qa_2_60k::base::main::18353,0
llama3.1_8b_chat::trivia_qa_2_60k::base::main::41022,0
llama3.1_8b_chat::trivia_qa_2_60k::base::main::39040,0
llama3.1_8b_chat::trivia_qa_2_60k::base::main::477,0
llama3.1_8b_chat::trivia_qa_2_60k::base::main::40752,0
llama3.1_8b_chat::trivia_qa_2_60k::base::main::45487,0
llama3.1_8b_chat::trivia_qa_2_60k::base::main::28787,0
llama3.1_8b_chat::trivia_qa_2_60k::base::main::51104,0
llama3.1_8b_chat::trivia_qa_2_60k::base::main::19546,0
llama3.1_8b_chat::trivia_qa_2_60k::base::main::5428,0
llama3.1_8b_chat::trivia_qa_2_60k::base::main::32099,0
llama3.1_8b_chat::trivia_qa_2_60k::base::main::38393,0
llama3.1_8b_chat::trivia_qa_2_60k::base::main::4489,0
llama3.1_8b_chat::trivia_qa_2_60k::base::main::56241,0
llama3.1_8b_chat::trivia_qa_2_60k::base::main::28186,0
llama3.1_8b_chat::trivia_qa_2_60k::base::main::34454,0
llama3.1_8b_chat::trivia_qa_2_60k::base::main::40177,0
llama3.1_8b_chat::trivia_qa_2_60k::base::main::36428,0
llama3.1_8b_chat::trivia_qa_2_60k::base::main::53578,0
llama3.1_8b_chat::trivia_qa_2_60k::base::main::22312,0
llama3.1_8b_chat::trivia_qa_2_60k::base::main::23242,0
llama3.1_8b_chat::trivia_qa_2_60k::base::main::19105,0
llama3.1_8b_chat::trivia_qa_2_60k::base::main::34093,0
llama3.1_8b_chat::trivia_qa_2_60k::base::main::51122,0
llama3.1_8b_chat::trivia_qa_2_60k::base::main::45624,0
llama3.1_8b_chat::trivia_qa_2_60k::base::main::21428,0
llama3.1_8b_chat::trivia_qa_2_60k::base::main::2754,0
llama3.1_8b_chat::trivia_qa_2_60k::base::main::55875,0
llama3.1_8b_chat::trivia_qa_2_60k::base::main::21474,0
llama3.1_8b_chat::trivia_qa_2_60k::base::main::19988,0
llama3.1_8b_chat::trivia_qa_2_60k::base::main::44371,0
llama3.1_8b_chat::trivia_qa_2_60k::base::main::22960,0
llama3.1_8b_chat::trivia_qa_2_60k::base::main::33414,0
llama3.1_8b_chat::trivia_qa_2_60k::base::main::13734,0
llama3.1_8b_chat::trivia_qa_2_60k::base::main::22566,0
llama3.1_8b_chat::trivia_qa_2_60k::base::main::43346,0
llama3.1_8b_chat::trivia_qa_2_60k::base::main::45530,0
llama3.1_8b_chat::trivia_qa_2_60k::base::main::7217,0
llama3.1_8b_chat::trivia_qa_2_60k::base::main::40476,0
llama3.1_8b_chat::trivia_qa_2_60k::base::main::22601,0
llama3.1_8b_chat::trivia_qa_2_60k::base::main::20629,0
llama3.1_8b_chat::trivia_qa_2_60k::base::main::48935,0
llama3.1_8b_chat::trivia_qa_2_60k::base::main::12189,0
llama3.1_8b_chat::trivia_qa_2_60k::base::main::10111,0
llama3.1_8b_chat::trivia_qa_2_60k::base::main::53682,0
llama3.1_8b_chat::trivia_qa_2_60k::base::main::44387,0
llama3.1_8b_chat::trivia_qa_2_60k::base::main::16299,0
llama3.1_8b_chat::trivia_qa_2_60k::base::main::40307,0
llama3.1_8b_chat::trivia_qa_2_60k::base::main::54892,0
llama3.1_8b_chat::trivia_qa_2_60k::base::main::51912,0
llama3.1_8b_chat::trivia_qa_2_60k::base::main::54613,0
llama3.1_8b_chat::trivia_qa_2_60k::base::main::45821,0
llama3.1_8b_chat::trivia_qa_2_60k::base::main::15897,0
llama3.1_8b_chat::trivia_qa_2_60k::base::main::11855,0
llama3.1_8b_chat::trivia_qa_2_60k::base::main::49652,0
llama3.1_8b_chat::trivia_qa_2_60k::base::main::48847,0
llama3.1_8b_chat::trivia_qa_2_60k::base::main::16626,0
llama3.1_8b_chat::trivia_qa_2_60k::base::main::27260,0
llama3.1_8b_chat::trivia_qa_2_60k::base::main::53413,0
llama3.1_8b_chat::trivia_qa_2_60k::base::main::40039,0
llama3.1_8b_chat::trivia_qa_2_60k::base::main::57756,0
llama3.1_8b_chat::trivia_qa_2_60k::base::main::16806,0
llama3.1_8b_chat::trivia_qa_2_60k::base::main::49694,0
llama3.1_8b_chat::trivia_qa_2_60k::base::main::38396,0
llama3.1_8b_chat::trivia_qa_2_60k::base::main::16054,0
llama3.1_8b_chat::trivia_qa_2_60k::base::main::42584,0
llama3.1_8b_chat::trivia_qa_2_60k::base::main::22093,0
llama3.1_8b_chat::trivia_qa_2_60k::base::main::47215,0
llama3.1_8b_chat::trivia_qa_2_60k::base::main::18093,0
llama3.1_8b_chat::trivia_qa_2_60k::base::main::46700,0
llama3.1_8b_chat::trivia_qa_2_60k::base::main::24014,0
llama3.1_8b_chat::trivia_qa_2_60k::base::main::32743,0
llama3.1_8b_chat::trivia_qa_2_60k::base::main::43187,0
llama3.1_8b_chat::trivia_qa_2_60k::base::main::10606,0
llama3.1_8b_chat::trivia_qa_2_60k::base::main::39872,0
llama3.1_8b_chat::trivia_qa_2_60k::base::main::30377,0
llama3.1_8b_chat::trivia_qa_2_60k::base::main::13432,0
llama3.1_8b_chat::trivia_qa_2_60k::base::main::42196,0
llama3.1_8b_chat::trivia_qa_2_60k::base::main::48427,0
llama3.1_8b_chat::trivia_qa_2_60k::base::main::55847,0
llama3.1_8b_chat::trivia_qa_2_60k::base::main::47242,0
llama3.1_8b_chat::trivia_qa_2_60k::base::main::20201,0
llama3.1_8b_chat::trivia_qa_2_60k::base::main::2522,0
llama3.1_8b_chat::trivia_qa_2_60k::base::main::14827,0
llama3.1_8b_chat::trivia_qa_2_60k::base::main::15329,0
llama3.1_8b_chat::trivia_qa_2_60k::base::main::57425,0
llama3.1_8b_chat::trivia_qa_2_60k::base::main::14252,0
llama3.1_8b_chat::trivia_qa_2_60k::base::main::40,0
llama3.1_8b_chat::trivia_qa_2_60k::base::main::49025,0
llama3.1_8b_chat::trivia_qa_2_60k::base::main::28807,0
llama3.1_8b_chat::trivia_qa_2_60k::base::main::20308,0
llama3.1_8b_chat::trivia_qa_2_60k::base::main::3544,0
llama3.1_8b_chat::trivia_qa_2_60k::base::main::27978,0
llama3.1_8b_chat::trivia_qa_2_60k::base::main::38300,0
llama3.1_8b_chat::trivia_qa_2_60k::base::main::16253,0
llama3.1_8b_chat::trivia_qa_2_60k::base::main::3996,0
llama3.1_8b_chat::trivia_qa_2_60k::base::main::54318,0
llama3.1_8b_chat::trivia_qa_2_60k::base::main::18250,0
llama3.1_8b_chat::trivia_qa_2_60k::base::main::2393,0
llama3.1_8b_chat::trivia_qa_2_60k::base::main::54732,0
llama3.1_8b_chat::trivia_qa_2_60k::base::main::17019,0
llama3.1_8b_chat::trivia_qa_2_60k::base::main::24449,0
llama3.1_8b_chat::trivia_qa_2_60k::base::main::16914,0
llama3.1_8b_chat::trivia_qa_2_60k::base::main::24108,0
llama3.1_8b_chat::trivia_qa_2_60k::base::main::4603,0
llama3.1_8b_chat::trivia_qa_2_60k::base::main::29985,0
llama3.1_8b_chat::trivia_qa_2_60k::base::main::33846,0
llama3.1_8b_chat::trivia_qa_2_60k::base::main::16167,0
llama3.1_8b_chat::trivia_qa_2_60k::base::main::13279,0
llama3.1_8b_chat::trivia_qa_2_60k::base::main::54291,0
llama3.1_8b_chat::trivia_qa_2_60k::base::main::30684,0
llama3.1_8b_chat::trivia_qa_2_60k::base::main::11105,0
llama3.1_8b_chat::trivia_qa_2_60k::base::main::4508,0
llama3.1_8b_chat::trivia_qa_2_60k::base::main::12980,0
llama3.1_8b_chat::trivia_qa_2_60k::base::main::53569,0
llama3.1_8b_chat::trivia_qa_2_60k::base::main::8125,0
llama3.1_8b_chat::trivia_qa_2_60k::base::main::58111,0
llama3.1_8b_chat::trivia_qa_2_60k::base::main::13120,0
llama3.1_8b_chat::trivia_qa_2_60k::base::main::17937,0
llama3.1_8b_chat::trivia_qa_2_60k::base::main::26131,0
llama3.1_8b_chat::trivia_qa_2_60k::base::main::23765,0
llama3.1_8b_chat::trivia_qa_2_60k::base::main::29019,0
llama3.1_8b_chat::trivia_qa_2_60k::base::main::36480,0
llama3.1_8b_chat::trivia_qa_2_60k::base::main::28889,0
llama3.1_8b_chat::trivia_qa_2_60k::base::main::33398,0
llama3.1_8b_chat::trivia_qa_2_60k::base::main::40947,0
llama3.1_8b_chat::trivia_qa_2_60k::base::main::19413,0
llama3.1_8b_chat::trivia_qa_2_60k::base::main::42258,0
llama3.1_8b_chat::trivia_qa_2_60k::base::main::23713,0
llama3.1_8b_chat::trivia_qa_2_60k::base::main::53664,0
llama3.1_8b_chat::trivia_qa_2_60k::base::main::40105,0
llama3.1_8b_chat::trivia_qa_2_60k::base::main::34331,0
llama3.1_8b_chat::trivia_qa_2_60k::base::main::10225,0
llama3.1_8b_chat::trivia_qa_2_60k::base::main::41385,0
llama3.1_8b_chat::trivia_qa_2_60k::base::main::51099,0
llama3.1_8b_chat::trivia_qa_2_60k::base::main::13861,0
llama3.1_8b_chat::trivia_qa_2_60k::base::main::20062,0
llama3.1_8b_chat::trivia_qa_2_60k::base::main::47782,0
llama3.1_8b_chat::trivia_qa_2_60k::base::main::30041,0
llama3.1_8b_chat::trivia_qa_2_60k::base::main::8092,0
llama3.1_8b_chat::trivia_qa_2_60k::base::main::7497,0
llama3.1_8b_chat::trivia_qa_2_60k::base::main::2733,0
llama3.1_8b_chat::trivia_qa_2_60k::base::main::44841,0
llama3.1_8b_chat::trivia_qa_2_60k::base::main::46610,0
llama3.1_8b_chat::trivia_qa_2_60k::base::main::20393,0
llama3.1_8b_chat::trivia_qa_2_60k::base::main::27049,0
llama3.1_8b_chat::trivia_qa_2_60k::base::main::48864,0
llama3.1_8b_chat::trivia_qa_2_60k::base::main::44086,0
llama3.1_8b_chat::trivia_qa_2_60k::base::main::56199,0
llama3.1_8b_chat::trivia_qa_2_60k::base::main::8007,0
llama3.1_8b_chat::trivia_qa_2_60k::base::main::58135,0
llama3.1_8b_chat::trivia_qa_2_60k::base::main::22989,0
llama3.1_8b_chat::trivia_qa_2_60k::base::main::14704,0
llama3.1_8b_chat::trivia_qa_2_60k::base::main::47319,0
llama3.1_8b_chat::trivia_qa_2_60k::base::main::16421,0
llama3.1_8b_chat::trivia_qa_2_60k::base::main::45850,0
llama3.1_8b_chat::trivia_qa_2_60k::base::main::19795,0
llama3.1_8b_chat::trivia_qa_2_60k::base::main::52675,0
llama3.1_8b_chat::trivia_qa_2_60k::base::main::15571,0
llama3.1_8b_chat::trivia_qa_2_60k::base::main::39357,0
llama3.1_8b_chat::trivia_qa_2_60k::base::main::49958,0
llama3.1_8b_chat::trivia_qa_2_60k::base::main::18800,0
llama3.1_8b_chat::trivia_qa_2_60k::base::main::1188,0
llama3.1_8b_chat::trivia_qa_2_60k::base::main::13960,0
llama3.1_8b_chat::trivia_qa_2_60k::base::main::56100,0
llama3.1_8b_chat::trivia_qa_2_60k::base::main::42275,0
llama3.1_8b_chat::trivia_qa_2_60k::base::main::21065,0
llama3.1_8b_chat::trivia_qa_2_60k::base::main::9627,0
llama3.1_8b_chat::trivia_qa_2_60k::base::main::34667,0
llama3.1_8b_chat::trivia_qa_2_60k::base::main::33426,0
llama3.1_8b_chat::trivia_qa_2_60k::base::main::50878,0
llama3.1_8b_chat::trivia_qa_2_60k::base::main::24582,0
llama3.1_8b_chat::trivia_qa_2_60k::base::main::24291,0
llama3.1_8b_chat::trivia_qa_2_60k::base::main::776,0
llama3.1_8b_chat::trivia_qa_2_60k::base::main::36766,0
llama3.1_8b_chat::trivia_qa_2_60k::base::main::44144,0
llama3.1_8b_chat::trivia_qa_2_60k::base::main::4303,0
llama3.1_8b_chat::trivia_qa_2_60k::base::main::27892,0
llama3.1_8b_chat::trivia_qa_2_60k::base::main::34994,0
llama3.1_8b_chat::trivia_qa_2_60k::base::main::33139,0
llama3.1_8b_chat::trivia_qa_2_60k::base::main::27973,0
llama3.1_8b_chat::trivia_qa_2_60k::base::main::13001,0
llama3.1_8b_chat::trivia_qa_2_60k::base::main::1783,0
llama3.1_8b_chat::trivia_qa_2_60k::base::main::47064,0
llama3.1_8b_chat::trivia_qa_2_60k::base::main::25090,0
llama3.1_8b_chat::trivia_qa_2_60k::base::main::35287,0
llama3.1_8b_chat::trivia_qa_2_60k::base::main::18167,0
llama3.1_8b_chat::trivia_qa_2_60k::base::main::30602,0
llama3.1_8b_chat::trivia_qa_2_60k::base::main::28054,0
llama3.1_8b_chat::trivia_qa_2_60k::base::main::20597,0
llama3.1_8b_chat::trivia_qa_2_60k::base::main::37284,0
llama3.1_8b_chat::trivia_qa_2_60k::base::main::15964,0
llama3.1_8b_chat::trivia_qa_2_60k::base::main::33891,0
llama3.1_8b_chat::trivia_qa_2_60k::base::main::41150,0
llama3.1_8b_chat::trivia_qa_2_60k::base::main::39472,0
llama3.1_8b_chat::trivia_qa_2_60k::base::main::24439,0
llama3.1_8b_chat::trivia_qa_2_60k::base::main::1345,0
llama3.1_8b_chat::trivia_qa_2_60k::base::main::39881,0
llama3.1_8b_chat::trivia_qa_2_60k::base::main::987,0
llama3.1_8b_chat::trivia_qa_2_60k::base::main::8784,0
llama3.1_8b_chat::trivia_qa_2_60k::base::main::52001,0
llama3.1_8b_chat::trivia_qa_2_60k::base::main::14038,0
llama3.1_8b_chat::trivia_qa_2_60k::base::main::26868,0
llama3.1_8b_chat::trivia_qa_2_60k::base::main::16293,0
llama3.1_8b_chat::trivia_qa_2_60k::base::main::34520,0
llama3.1_8b_chat::trivia_qa_2_60k::base::main::56630,0
llama3.1_8b_chat::trivia_qa_2_60k::base::main::34254,0
llama3.1_8b_chat::trivia_qa_2_60k::base::main::52539,0
llama3.1_8b_chat::trivia_qa_2_60k::base::main::17714,0
llama3.1_8b_chat::trivia_qa_2_60k::base::main::38890,0
llama3.1_8b_chat::trivia_qa_2_60k::base::main::45096,0
llama3.1_8b_chat::trivia_qa_2_60k::base::main::35331,0
llama3.1_8b_chat::trivia_qa_2_60k::base::main::55312,0
llama3.1_8b_chat::trivia_qa_2_60k::base::main::48822,0
llama3.1_8b_chat::trivia_qa_2_60k::base::main::38626,0
llama3.1_8b_chat::trivia_qa_2_60k::base::main::42241,0
llama3.1_8b_chat::trivia_qa_2_60k::base::main::29253,0
llama3.1_8b_chat::trivia_qa_2_60k::base::main::55781,0
llama3.1_8b_chat::trivia_qa_2_60k::base::main::41961,0
llama3.1_8b_chat::trivia_qa_2_60k::base::main::33169,0
llama3.1_8b_chat::trivia_qa_2_60k::base::main::25845,0
llama3.1_8b_chat::trivia_qa_2_60k::base::main::16156,0
llama3.1_8b_chat::trivia_qa_2_60k::base::main::2945,0
llama3.1_8b_chat::trivia_qa_2_60k::base::main::36166,0
llama3.1_8b_chat::trivia_qa_2_60k::base::main::10740,0
llama3.1_8b_chat::trivia_qa_2_60k::base::main::14772,0
llama3.1_8b_chat::trivia_qa_2_60k::base::main::16694,0
llama3.1_8b_chat::trivia_qa_2_60k::base::main::39948,0
llama3.1_8b_chat::trivia_qa_2_60k::base::main::16209,0
llama3.1_8b_chat::trivia_qa_2_60k::base::main::4164,0
llama3.1_8b_chat::trivia_qa_2_60k::base::main::32704,0
llama3.1_8b_chat::trivia_qa_2_60k::base::main::48014,0
llama3.1_8b_chat::trivia_qa_2_60k::base::main::16724,0
llama3.1_8b_chat::trivia_qa_2_60k::base::main::5482,0
llama3.1_8b_chat::trivia_qa_2_60k::base::main::39313,0
llama3.1_8b_chat::trivia_qa_2_60k::base::main::42754,0
llama3.1_8b_chat::trivia_qa_2_60k::base::main::33380,0
llama3.1_8b_chat::trivia_qa_2_60k::base::main::44097,0
llama3.1_8b_chat::trivia_qa_2_60k::base::main::21929,0
llama3.1_8b_chat::trivia_qa_2_60k::base::main::25271,0
llama3.1_8b_chat::trivia_qa_2_60k::base::main::37733,0
llama3.1_8b_chat::trivia_qa_2_60k::base::main::16585,0
llama3.1_8b_chat::trivia_qa_2_60k::base::main::33691,0
llama3.1_8b_chat::trivia_qa_2_60k::base::main::56510,0
llama3.1_8b_chat::trivia_qa_2_60k::base::main::50295,0
llama3.1_8b_chat::trivia_qa_2_60k::base::main::6951,0
llama3.1_8b_chat::trivia_qa_2_60k::base::main::35602,0
llama3.1_8b_chat::trivia_qa_2_60k::base::main::22321,0
llama3.1_8b_chat::trivia_qa_2_60k::base::main::22210,0
llama3.1_8b_chat::trivia_qa_2_60k::base::main::27981,0
llama3.1_8b_chat::trivia_qa_2_60k::base::main::7721,0
llama3.1_8b_chat::trivia_qa_2_60k::base::main::36239,0
llama3.1_8b_chat::trivia_qa_2_60k::base::main::44382,0
llama3.1_8b_chat::trivia_qa_2_60k::base::main::16956,0
llama3.1_8b_chat::trivia_qa_2_60k::base::main::16032,0
llama3.1_8b_chat::trivia_qa_2_60k::base::main::40016,0
llama3.1_8b_chat::trivia_qa_2_60k::base::main::9186,0
llama3.1_8b_chat::trivia_qa_2_60k::base::main::48603,0
llama3.1_8b_chat::trivia_qa_2_60k::base::main::30132,0
llama3.1_8b_chat::trivia_qa_2_60k::base::main::42162,0
llama3.1_8b_chat::trivia_qa_2_60k::base::main::180,0
llama3.1_8b_chat::trivia_qa_2_60k::base::main::32505,0
llama3.1_8b_chat::trivia_qa_2_60k::base::main::38523,0
llama3.1_8b_chat::trivia_qa_2_60k::base::main::20456,0
llama3.1_8b_chat::trivia_qa_2_60k::base::main::44804,0
llama3.1_8b_chat::trivia_qa_2_60k::base::main::57942,0
llama3.1_8b_chat::trivia_qa_2_60k::base::main::49044,0
llama3.1_8b_chat::trivia_qa_2_60k::base::main::31005,0
llama3.1_8b_chat::trivia_qa_2_60k::base::main::45546,0
llama3.1_8b_chat::trivia_qa_2_60k::base::main::18604,0
llama3.1_8b_chat::trivia_qa_2_60k::base::main::25011,0
llama3.1_8b_chat::trivia_qa_2_60k::base::main::12952,0
llama3.1_8b_chat::trivia_qa_2_60k::base::main::31420,0
llama3.1_8b_chat::trivia_qa_2_60k::base::main::20535,0
llama3.1_8b_chat::trivia_qa_2_60k::base::main::36732,0
llama3.1_8b_chat::trivia_qa_2_60k::base::main::14535,0
llama3.1_8b_chat::trivia_qa_2_60k::base::main::49816,0
llama3.1_8b_chat::trivia_qa_2_60k::base::main::51062,0
llama3.1_8b_chat::trivia_qa_2_60k::base::main::1776,0
llama3.1_8b_chat::trivia_qa_2_60k::base::main::3026,0
llama3.1_8b_chat::trivia_qa_2_60k::base::main::19005,0
llama3.1_8b_chat::trivia_qa_2_60k::base::main::36738,0
llama3.1_8b_chat::trivia_qa_2_60k::base::main::45920,0
llama3.1_8b_chat::trivia_qa_2_60k::base::main::37916,0
llama3.1_8b_chat::trivia_qa_2_60k::base::main::2417,0
llama3.1_8b_chat::trivia_qa_2_60k::base::main::12248,0
llama3.1_8b_chat::trivia_qa_2_60k::base::main::23564,0
llama3.1_8b_chat::trivia_qa_2_60k::base::main::5506,0
llama3.1_8b_chat::trivia_qa_2_60k::base::main::5404,0
llama3.1_8b_chat::trivia_qa_2_60k::base::main::56078,0
llama3.1_8b_chat::trivia_qa_2_60k::base::main::10796,0
llama3.1_8b_chat::trivia_qa_2_60k::base::main::15966,0
llama3.1_8b_chat::trivia_qa_2_60k::base::main::23955,0
llama3.1_8b_chat::trivia_qa_2_60k::base::main::8070,0
llama3.1_8b_chat::trivia_qa_2_60k::base::main::29018,0
llama3.1_8b_chat::trivia_qa_2_60k::base::main::57705,0
llama3.1_8b_chat::trivia_qa_2_60k::base::main::20561,0
