sample_id,label
llama3.1_8b_chat::trivia_qa_2_60k::base::main::38884,1
llama3.1_8b_chat::trivia_qa_2_60k::base::main::53490,1
llama3.1_8b_chat::trivia_qa_2_60k::base::main::53313,1
llama3.1_8b_chat::trivia_qa_2_60k::base::main::27046,1
llama3.1_8b_chat::trivia_qa_2_60k::base::main::39271,1
llama3.1_8b_chat::trivia_qa_2_60k::base::main::21175,1
llama3.1_8b_chat::trivia_qa_2_60k::base::main::39874,1
llama3.1_8b_chat::trivia_qa_2_60k::base::main::16754,1
llama3.1_8b_chat::trivia_qa_2_60k::base::main::51623,1
llama3.1_8b_chat::trivia_qa_2_60k::base::main::15112,1
llama3.1_8b_chat::trivia_qa_2_60k::base::main::11660,1
llama3.1_8b_chat::trivia_qa_2_60k::base::main::10538,1
llama3.1_8b_chat::trivia_qa_2_60k::base::main::20483,1
llama3.1_8b_chat::trivia_qa_2_60k::base::main::19623,1
llama3.1_8b_chat::trivia_qa_2_60k::base::main::44205,1
llama3.1_8b_chat::trivia_qa_2_60k::base::main::33836,1
llama3.1_8b_chat::trivia_qa_2_60k::base::main::22502,1
llama3.1_8b_chat::trivia_qa_2_60k::base::main::8253,1
llama3.1_8b_chat::trivia_qa_2_60k::base::main::38208,1
llama3.1_8b_chat::trivia_qa_2_60k::base::main::53417,1
llama3.1_8b_chat::trivia_qa_2_60k::base::main::5527,1
llama3.1_8b_chat::trivia_qa_2_60k::base::main::36811,1
llama3.1_8b_chat::trivia_qa_2_60k::base::main::29644,1
llama3.1_8b_chat::trivia_qa_2_60k::base::main::17257,1
llama3.1_8b_chat::trivia_qa_2_60k::base::main::11189,1
llama3.1_8b_chat::trivia_qa_2_60k::base::main::54213,1
llama3.1_8b_chat::trivia_qa_2_60k::base::main::6880,1
llama3.1_8b_chat::trivia_qa_2_60k::base::main::30970,1
llama3.1_8b_chat::trivia_qa_2_60k::base::main::22347,1
llama3.1_8b_chat::trivia_qa_2_60k::base::main::11277,1
llama3.1_8b_chat::trivia_qa_2_60k::base::main::55959,1
llama3.1_8b_chat::trivia_qa_2_60k::base::main::36530,1
llama3.1_8b_chat::trivia_qa_2_60k::base::main::18870,1
llama3.1_8b_chat::trivia_qa_2_60k::base::main::55303,1
llama3.1_8b_chat::trivia_qa_2_60k::base::main::52935,1
llama3.1_8b_chat::trivia_qa_2_60k::base::main::51041,1
llama3.1_8b_chat::trivia_qa_2_60k::base::main::18804,1
llama3.1_8b_chat::trivia_qa_2_60k::base::main::58451,1
llama3.1_8b_chat::trivia_qa_2_60k::base::main::51207,1
llama3.1_8b_chat::trivia_qa_2_60k::base::main::1811,1
llama3.1_8b_chat::trivia_qa_2_60k::base::main::39612,1
llama3.1_8b_chat::trivia_qa_2_60k::base::main::42431,1
llama3.1_8b_chat::trivia_qa_2_60k::base::main::14805,1
llama3.1_8b_chat::trivia_qa_2_60k::base::main::15617,1
llama3.1_8b_chat::trivia_qa_2_60k::base::main::40943,1
llama3.1_8b_chat::trivia_qa_2_60k::base::main::48140,1
llama3.1_8b_chat::trivia_qa_2_60k::base::main::32708,1
llama3.1_8b_chat::trivia_qa_2_60k::base::main::55854,1
llama3.1_8b_chat::trivia_qa_2_60k::base::main::15099,1
llama3.1_8b_chat::trivia_qa_2_60k::base::main::20397,1
llama3.1_8b_chat::trivia_qa_2_60k::base::main::41265,1
llama3.1_8b_chat::trivia_qa_2_60k::base::main::52315,1
llama3.1_8b_chat::trivia_qa_2_60k::base::main::33792,1
llama3.1_8b_chat::trivia_qa_2_60k::base::main::55962,1
llama3.1_8b_chat::trivia_qa_2_60k::base::main::9942,1
llama3.1_8b_chat::trivia_qa_2_60k::base::main::30355,1
llama3.1_8b_chat::trivia_qa_2_60k::base::main::2238,1
llama3.1_8b_chat::trivia_qa_2_60k::base::main::50222,1
llama3.1_8b_chat::trivia_qa_2_60k::base::main::42049,1
llama3.1_8b_chat::trivia_qa_2_60k::base::main::30162,1
llama3.1_8b_chat::trivia_qa_2_60k::base::main::29016,1
llama3.1_8b_chat::trivia_qa_2_60k::base::main::10010,1
llama3.1_8b_chat::trivia_qa_2_60k::base::main::30205,1
llama3.1_8b_chat::trivia_qa_2_60k::base::main::13891,1
llama3.1_8b_chat::trivia_qa_2_60k::base::main::1580,1
llama3.1_8b_chat::trivia_qa_2_60k::base::main::48553,1
llama3.1_8b_chat::trivia_qa_2_60k::base::main::36913,1
llama3.1_8b_chat::trivia_qa_2_60k::base::main::267,1
llama3.1_8b_chat::trivia_qa_2_60k::base::main::11683,1
llama3.1_8b_chat::trivia_qa_2_60k::base::main::8732,1
llama3.1_8b_chat::trivia_qa_2_60k::base::main::7166,1
llama3.1_8b_chat::trivia_qa_2_60k::base::main::25526,1
llama3.1_8b_chat::trivia_qa_2_60k::base::main::41024,1
llama3.1_8b_chat::trivia_qa_2_60k::base::main::38758,1
llama3.1_8b_chat::trivia_qa_2_60k::base::main::51040,1
llama3.1_8b_chat::trivia_qa_2_60k::base::main::33730,1
llama3.1_8b_chat::trivia_qa_2_60k::base::main::21321,1
llama3.1_8b_chat::trivia_qa_2_60k::base::main::20006,1
llama3.1_8b_chat::trivia_qa_2_60k::base::main::32915,1
llama3.1_8b_chat::trivia_qa_2_60k::base::main::21533,1
llama3.1_8b_chat::trivia_qa_2_60k::base::main::10141,1
llama3.1_8b_chat::trivia_qa_2_60k::base::main::37985,1
llama3.1_8b_chat::trivia_qa_2_60k::base::main::15590,1
llama3.1_8b_chat::trivia_qa_2_60k::base::main::6298,1
llama3.1_8b_chat::trivia_qa_2_60k::base::main::9679,1
llama3.1_8b_chat::trivia_qa_2_60k::base::main::20756,1
llama3.1_8b_chat::trivia_qa_2_60k::base::main::22139,1
llama3.1_8b_chat::trivia_qa_2_60k::base::main::20252,1
llama3.1_8b_chat::trivia_qa_2_60k::base::main::31378,1
llama3.1_8b_chat::trivia_qa_2_60k::base::main::40421,1
llama3.1_8b_chat::trivia_qa_2_60k::base::main::36076,1
llama3.1_8b_chat::trivia_qa_2_60k::base::main::48932,1
llama3.1_8b_chat::trivia_qa_2_60k::base::main::18242,1
llama3.1_8b_chat::trivia_qa_2_60k::base::main::54021,1
llama3.1_8b_chat::trivia_qa_2_60k::base::main::50780,1
llama3.1_8b_chat::trivia_qa_2_60k::base::main::9350,1
llama3.1_8b_chat::trivia_qa_2_60k::base::main::23537,1
llama3.1_8b_chat::trivia_qa_2_60k::base::main::30001,1
llama3.1_8b_chat::trivia_qa_2_60k::base::main::42845,1
llama3.1_8b_chat::trivia_qa_2_60k::base::main::41730,1
llama3.1_8b_chat::trivia_qa_2_60k::base::main::21821,1
llama3.1_8b_chat::trivia_qa_2_60k::base::main::42238,1
llama3.1_8b_chat::trivia_qa_2_60k::base::main::21074,1
llama3.1_8b_chat::trivia_qa_2_60k::base::main::35553,1
llama3.1_8b_chat::trivia_qa_2_60k::base::main::9559,1
llama3.1_8b_chat::trivia_qa_2_60k::base::main::52266,1
llama3.1_8b_chat::trivia_qa_2_60k::base::main::42127,1
llama3.1_8b_chat::trivia_qa_2_60k::base::main::26564,1
llama3.1_8b_chat::trivia_qa_2_60k::base::main::55002,1
llama3.1_8b_chat::trivia_qa_2_60k::base::main::31171,1
llama3.1_8b_chat::trivia_qa_2_60k::base::main::55972,1
llama3.1_8b_chat::trivia_qa_2_60k::base::main::10038,1
llama3.1_8b_chat::trivia_qa_2_60k::base::main::50974,1
llama3.1_8b_chat::trivia_qa_2_60k::base::main::8982,1
llama3.1_8b_chat::trivia_qa_2_60k::base::main::17049,1
llama3.1_8b_chat::trivia_qa_2_60k::base::main::49135,1
llama3.1_8b_chat::trivia_qa_2_60k::base::main::25390,1
llama3.1_8b_chat::trivia_qa_2_60k::base::main::4845,1
llama3.1_8b_chat::trivia_qa_2_60k::base::main::34658,1
llama3.1_8b_chat::trivia_qa_2_60k::base::main::53507,1
llama3.1_8b_chat::trivia_qa_2_60k::base::main::47553,1
llama3.1_8b_chat::trivia_qa_2_60k::base::main::31971,1
llama3.1_8b_chat::trivia_qa_2_60k::base::main::33389,1
llama3.1_8b_chat::trivia_qa_2_60k::base::main::16775,1
llama3.1_8b_chat::trivia_qa_2_60k::base::main::23283,1
llama3.1_8b_chat::trivia_qa_2_60k::base::main::34612,1
llama3.1_8b_chat::trivia_qa_2_60k::base::main::34781,1
llama3.1_8b_chat::trivia_qa_2_60k::base::main::6506,1
llama3.1_8b_chat::trivia_qa_2_60k::base::main::54698,1
llama3.1_8b_chat::trivia_qa_2_60k::base::main::29094,1
llama3.1_8b_chat::trivia_qa_2_60k::base::main::11569,1
llama3.1_8b_chat::trivia_qa_2_60k::base::main::10145,1
llama3.1_8b_chat::trivia_qa_2_60k::base::main::41089,1
llama3.1_8b_chat::trivia_qa_2_60k::base::main::31925,1
llama3.1_8b_chat::trivia_qa_2_60k::base::main::30064,1
llama3.1_8b_chat::trivia_qa_2_60k::base::main::40811,1
llama3.1_8b_chat::trivia_qa_2_60k::base::main::40538,1
llama3.1_8b_chat::trivia_qa_2_60k::base::main::13201,1
llama3.1_8b_chat::trivia_qa_2_60k::base::main::9672,1
llama3.1_8b_chat::trivia_qa_2_60k::base::main::7708,1
llama3.1_8b_chat::trivia_qa_2_60k::base::main::42566,1
llama3.1_8b_chat::trivia_qa_2_60k::base::main::58203,1
llama3.1_8b_chat::trivia_qa_2_60k::base::main::19800,1
llama3.1_8b_chat::trivia_qa_2_60k::base::main::40385,1
llama3.1_8b_chat::trivia_qa_2_60k::base::main::27564,1
llama3.1_8b_chat::trivia_qa_2_60k::base::main::46036,1
llama3.1_8b_chat::trivia_qa_2_60k::base::main::20373,1
llama3.1_8b_chat::trivia_qa_2_60k::base::main::50269,1
llama3.1_8b_chat::trivia_qa_2_60k::base::main::26189,1
llama3.1_8b_chat::trivia_qa_2_60k::base::main::1390,1
llama3.1_8b_chat::trivia_qa_2_60k::base::main::26372,1
llama3.1_8b_chat::trivia_qa_2_60k::base::main::51705,1
llama3.1_8b_chat::trivia_qa_2_60k::base::main::23442,1
llama3.1_8b_chat::trivia_qa_2_60k::base::main::9177,1
llama3.1_8b_chat::trivia_qa_2_60k::base::main::50865,1
llama3.1_8b_chat::trivia_qa_2_60k::base::main::22144,1
llama3.1_8b_chat::trivia_qa_2_60k::base::main::21844,1
llama3.1_8b_chat::trivia_qa_2_60k::base::main::40482,1
llama3.1_8b_chat::trivia_qa_2_60k::base::main::58353,1
llama3.1_8b_chat::trivia_qa_2_60k::base::main::16128,1
llama3.1_8b_chat::trivia_qa_2_60k::base::main::19350,1
llama3.1_8b_chat::trivia_qa_2_60k::base::main::12379,1
llama3.1_8b_chat::trivia_qa_2_60k::base::main::21930,1
llama3.1_8b_chat::trivia_qa_2_60k::base::main::28620,1
llama3.1_8b_chat::trivia_qa_2_60k::base::main::41838,1
llama3.1_8b_chat::trivia_qa_2_60k::base::main::12761,1
llama3.1_8b_chat::trivia_qa_2_60k::base::main::27976,1
llama3.1_8b_chat::trivia_qa_2_60k::base::main::43769,1
llama3.1_8b_chat::trivia_qa_2_60k::base::main::14808,1
llama3.1_8b_chat::trivia_qa_2_60k::base::main::17843,1
llama3.1_8b_chat::trivia_qa_2_60k::base::main::15290,1
llama3.1_8b_chat::trivia_qa_2_60k::base::main::23528,1
llama3.1_8b_chat::trivia_qa_2_60k::base::main::59,1
llama3.1_8b_chat::trivia_qa_2_60k::base::main::56319,1
llama3.1_8b_chat::trivia_qa_2_60k::base::main::3349,1
llama3.1_8b_chat::trivia_qa_2_60k::base::main::3855,1
llama3.1_8b_chat::trivia_qa_2_60k::base::main::23258,1
llama3.1_8b_chat::trivia_qa_2_60k::base::main::57638,1
llama3.1_8b_chat::trivia_qa_2_60k::base::main::22456,1
llama3.1_8b_chat::trivia_qa_2_60k::base::main::25891,1
llama3.1_8b_chat::trivia_qa_2_60k::base::main::15200,1
llama3.1_8b_chat::trivia_qa_2_60k::base::main::31330,1
llama3.1_8b_chat::trivia_qa_2_60k::base::main::836,1
llama3.1_8b_chat::trivia_qa_2_60k::base::main::47503,1
llama3.1_8b_chat::trivia_qa_2_60k::base::main::20786,1
llama3.1_8b_chat::trivia_qa_2_60k::base::main::1357,1
llama3.1_8b_chat::trivia_qa_2_60k::base::main::36902,1
llama3.1_8b_chat::trivia_qa_2_60k::base::main::50250,1
llama3.1_8b_chat::trivia_qa_2_60k::base::main::21906,1
llama3.1_8b_chat::trivia_qa_2_60k::base::main::35726,1
llama3.1_8b_chat::trivia_qa_2_60k::base::main::1799,1
llama3.1_8b_chat::trivia_qa_2_60k::base::main::30180,1
llama3.1_8b_chat::trivia_qa_2_60k::base::main::55634,1
llama3.1_8b_chat::trivia_qa_2_60k::base::main::37574,1
llama3.1_8b_chat::trivia_qa_2_60k::base::main::21624,1
llama3.1_8b_chat::trivia_qa_2_60k::base::main::12571,1
llama3.1_8b_chat::trivia_qa_2_60k::base::main::58502,1
llama3.1_8b_chat::trivia_qa_2_60k::base::main::17876,1
llama3.1_8b_chat::trivia_qa_2_60k::base::main::10835,1
llama3.1_8b_chat::trivia_qa_2_60k::base::main::20174,1
llama3.1_8b_chat::trivia_qa_2_60k::base::main::58488,1
llama3.1_8b_chat::trivia_qa_2_60k::base::main::35449,1
llama3.1_8b_chat::trivia_qa_2_60k::base::main::29540,1
llama3.1_8b_chat::trivia_qa_2_60k::base::main::41864,1
llama3.1_8b_chat::trivia_qa_2_60k::base::main::32084,1
llama3.1_8b_chat::trivia_qa_2_60k::base::main::3956,1
llama3.1_8b_chat::trivia_qa_2_60k::base::main::52473,1
llama3.1_8b_chat::trivia_qa_2_60k::base::main::2409,1
llama3.1_8b_chat::trivia_qa_2_60k::base::main::10757,1
llama3.1_8b_chat::trivia_qa_2_60k::base::main::57247,1
llama3.1_8b_chat::trivia_qa_2_60k::base::main::20533,1
llama3.1_8b_chat::trivia_qa_2_60k::base::main::28477,1
llama3.1_8b_chat::trivia_qa_2_60k::base::main::23715,1
llama3.1_8b_chat::trivia_qa_2_60k::base::main::39091,1
llama3.1_8b_chat::trivia_qa_2_60k::base::main::53323,1
llama3.1_8b_chat::trivia_qa_2_60k::base::main::35337,1
llama3.1_8b_chat::trivia_qa_2_60k::base::main::35849,1
llama3.1_8b_chat::trivia_qa_2_60k::base::main::1849,1
llama3.1_8b_chat::trivia_qa_2_60k::base::main::51094,1
llama3.1_8b_chat::trivia_qa_2_60k::base::main::27829,1
llama3.1_8b_chat::trivia_qa_2_60k::base::main::2498,1
llama3.1_8b_chat::trivia_qa_2_60k::base::main::2635,1
llama3.1_8b_chat::trivia_qa_2_60k::base::main::45231,1
llama3.1_8b_chat::trivia_qa_2_60k::base::main::12458,1
llama3.1_8b_chat::trivia_qa_2_60k::base::main::5966,1
llama3.1_8b_chat::trivia_qa_2_60k::base::main::21676,1
llama3.1_8b_chat::trivia_qa_2_60k::base::main::47471,1
llama3.1_8b_chat::trivia_qa_2_60k::base::main::40871,1
llama3.1_8b_chat::trivia_qa_2_60k::base::main::8530,1
llama3.1_8b_chat::trivia_qa_2_60k::base::main::31268,1
llama3.1_8b_chat::trivia_qa_2_60k::base::main::5277,1
llama3.1_8b_chat::trivia_qa_2_60k::base::main::13931,1
llama3.1_8b_chat::trivia_qa_2_60k::base::main::56604,1
llama3.1_8b_chat::trivia_qa_2_60k::base::main::365,1
llama3.1_8b_chat::trivia_qa_2_60k::base::main::4150,1
llama3.1_8b_chat::trivia_qa_2_60k::base::main::29160,1
llama3.1_8b_chat::trivia_qa_2_60k::base::main::33204,1
llama3.1_8b_chat::trivia_qa_2_60k::base::main::27445,1
llama3.1_8b_chat::trivia_qa_2_60k::base::main::32328,1
llama3.1_8b_chat::trivia_qa_2_60k::base::main::23162,1
llama3.1_8b_chat::trivia_qa_2_60k::base::main::16201,1
llama3.1_8b_chat::trivia_qa_2_60k::base::main::39659,1
llama3.1_8b_chat::trivia_qa_2_60k::base::main::31560,1
llama3.1_8b_chat::trivia_qa_2_60k::base::main::28384,1
llama3.1_8b_chat::trivia_qa_2_60k::base::main::439,1
llama3.1_8b_chat::trivia_qa_2_60k::base::main::17621,1
llama3.1_8b_chat::trivia_qa_2_60k::base::main::45863,1
llama3.1_8b_chat::trivia_qa_2_60k::base::main::13548,1
llama3.1_8b_chat::trivia_qa_2_60k::base::main::16725,1
llama3.1_8b_chat::trivia_qa_2_60k::base::main::51985,1
llama3.1_8b_chat::trivia_qa_2_60k::base::main::7278,1
llama3.1_8b_chat::trivia_qa_2_60k::base::main::10866,1
llama3.1_8b_chat::trivia_qa_2_60k::base::main::53180,1
llama3.1_8b_chat::trivia_qa_2_60k::base::main::13433,1
llama3.1_8b_chat::trivia_qa_2_60k::base::main::18485,1
llama3.1_8b_chat::trivia_qa_2_60k::base::main::34858,1
llama3.1_8b_chat::trivia_qa_2_60k::base::main::54140,1
llama3.1_8b_chat::trivia_qa_2_60k::base::main::44290,1
llama3.1_8b_chat::trivia_qa_2_60k::base::main::35254,1
llama3.1_8b_chat::trivia_qa_2_60k::base::main::6705,1
llama3.1_8b_chat::trivia_qa_2_60k::base::main::52343,1
llama3.1_8b_chat::trivia_qa_2_60k::base::main::42318,1
llama3.1_8b_chat::trivia_qa_2_60k::base::main::34353,1
llama3.1_8b_chat::trivia_qa_2_60k::base::main::24380,1
llama3.1_8b_chat::trivia_qa_2_60k::base::main::15174,1
llama3.1_8b_chat::trivia_qa_2_60k::base::main::48241,1
llama3.1_8b_chat::trivia_qa_2_60k::base::main::46110,1
llama3.1_8b_chat::trivia_qa_2_60k::base::main::43900,1
llama3.1_8b_chat::trivia_qa_2_60k::base::main::54186,1
llama3.1_8b_chat::trivia_qa_2_60k::base::main::4785,1
llama3.1_8b_chat::trivia_qa_2_60k::base::main::51113,1
llama3.1_8b_chat::trivia_qa_2_60k::base::main::37289,1
llama3.1_8b_chat::trivia_qa_2_60k::base::main::999,1
llama3.1_8b_chat::trivia_qa_2_60k::base::main::13122,1
llama3.1_8b_chat::trivia_qa_2_60k::base::main::5713,1
llama3.1_8b_chat::trivia_qa_2_60k::base::main::44458,1
llama3.1_8b_chat::trivia_qa_2_60k::base::main::48429,1
llama3.1_8b_chat::trivia_qa_2_60k::base::main::53359,1
llama3.1_8b_chat::trivia_qa_2_60k::base::main::11581,1
llama3.1_8b_chat::trivia_qa_2_60k::base::main::15340,1
llama3.1_8b_chat::trivia_qa_2_60k::base::main::28540,1
llama3.1_8b_chat::trivia_qa_2_60k::base::main::30157,1
llama3.1_8b_chat::trivia_qa_2_60k::base::main::104,1
llama3.1_8b_chat::trivia_qa_2_60k::base::main::7106,1
llama3.1_8b_chat::trivia_qa_2_60k::base::main::26932,1
llama3.1_8b_chat::trivia_qa_2_60k::base::main::42690,1
llama3.1_8b_chat::trivia_qa_2_60k::base::main::6799,1
llama3.1_8b_chat::trivia_qa_2_60k::base::main::35468,1
llama3.1_8b_chat::trivia_qa_2_60k::base::main::23185,1
llama3.1_8b_chat::trivia_qa_2_60k::base::main::7502,1
llama3.1_8b_chat::trivia_qa_2_60k::base::main::30263,1
llama3.1_8b_chat::trivia_qa_2_60k::base::main::12355,1
llama3.1_8b_chat::trivia_qa_2_60k::base::main::34717,1
llama3.1_8b_chat::trivia_qa_2_60k::base::main::4678,1
llama3.1_8b_chat::trivia_qa_2_60k::base::main::38510,1
llama3.1_8b_chat::trivia_qa_2_60k::base::main::26043,1
llama3.1_8b_chat::trivia_qa_2_60k::base::main::55008,1
llama3.1_8b_chat::trivia_qa_2_60k::base::main::49432,1
llama3.1_8b_chat::trivia_qa_2_60k::base::main::39265,1
llama3.1_8b_chat::trivia_qa_2_60k::base::main::56300,1
llama3.1_8b_chat::trivia_qa_2_60k::base::main::42598,1
llama3.1_8b_chat::trivia_qa_2_60k::base::main::20555,1
llama3.1_8b_chat::trivia_qa_2_60k::base::main::35130,1
llama3.1_8b_chat::trivia_qa_2_60k::base::main::26950,1
llama3.1_8b_chat::trivia_qa_2_60k::base::main::14105,1
llama3.1_8b_chat::trivia_qa_2_60k::base::main::14053,1
llama3.1_8b_chat::trivia_qa_2_60k::base::main::2696,1
llama3.1_8b_chat::trivia_qa_2_60k::base::main::42658,1
llama3.1_8b_chat::trivia_qa_2_60k::base::main::27957,1
llama3.1_8b_chat::trivia_qa_2_60k::base::main::4869,1
llama3.1_8b_chat::trivia_qa_2_60k::base::main::35360,1
llama3.1_8b_chat::trivia_qa_2_60k::base::main::26398,1
llama3.1_8b_chat::trivia_qa_2_60k::base::main::674,1
llama3.1_8b_chat::trivia_qa_2_60k::base::main::34886,1
llama3.1_8b_chat::trivia_qa_2_60k::base::main::27185,1
llama3.1_8b_chat::trivia_qa_2_60k::base::main::3439,1
llama3.1_8b_chat::trivia_qa_2_60k::base::main::11525,1
llama3.1_8b_chat::trivia_qa_2_60k::base::main::5463,1
llama3.1_8b_chat::trivia_qa_2_60k::base::main::30629,1
llama3.1_8b_chat::trivia_qa_2_60k::base::main::41364,1
llama3.1_8b_chat::trivia_qa_2_60k::base::main::8171,1
llama3.1_8b_chat::trivia_qa_2_60k::base::main::2934,1
llama3.1_8b_chat::trivia_qa_2_60k::base::main::3448,1
llama3.1_8b_chat::trivia_qa_2_60k::base::main::17915,1
llama3.1_8b_chat::trivia_qa_2_60k::base::main::40466,1
llama3.1_8b_chat::trivia_qa_2_60k::base::main::54124,1
llama3.1_8b_chat::trivia_qa_2_60k::base::main::6301,1
llama3.1_8b_chat::trivia_qa_2_60k::base::main::40757,1
llama3.1_8b_chat::trivia_qa_2_60k::base::main::19011,1
llama3.1_8b_chat::trivia_qa_2_60k::base::main::34268,1
llama3.1_8b_chat::trivia_qa_2_60k::base::main::17517,1
llama3.1_8b_chat::trivia_qa_2_60k::base::main::33938,1
llama3.1_8b_chat::trivia_qa_2_60k::base::main::55941,1
llama3.1_8b_chat::trivia_qa_2_60k::base::main::37072,1
llama3.1_8b_chat::trivia_qa_2_60k::base::main::22529,1
llama3.1_8b_chat::trivia_qa_2_60k::base::main::2889,1
llama3.1_8b_chat::trivia_qa_2_60k::base::main::13407,1
llama3.1_8b_chat::trivia_qa_2_60k::base::main::49446,1
llama3.1_8b_chat::trivia_qa_2_60k::base::main::33211,1
llama3.1_8b_chat::trivia_qa_2_60k::base::main::47711,1
llama3.1_8b_chat::trivia_qa_2_60k::base::main::22329,1
llama3.1_8b_chat::trivia_qa_2_60k::base::main::16704,1
llama3.1_8b_chat::trivia_qa_2_60k::base::main::8916,1
llama3.1_8b_chat::trivia_qa_2_60k::base::main::89,1
llama3.1_8b_chat::trivia_qa_2_60k::base::main::17723,1
llama3.1_8b_chat::trivia_qa_2_60k::base::main::32320,1
llama3.1_8b_chat::trivia_qa_2_60k::base::main::2267,1
llama3.1_8b_chat::trivia_qa_2_60k::base::main::54914,1
llama3.1_8b_chat::trivia_qa_2_60k::base::main::543,1
llama3.1_8b_chat::trivia_qa_2_60k::base::main::25871,1
llama3.1_8b_chat::trivia_qa_2_60k::base::main::33522,1
llama3.1_8b_chat::trivia_qa_2_60k::base::main::50661,1
llama3.1_8b_chat::trivia_qa_2_60k::base::main::57452,1
llama3.1_8b_chat::trivia_qa_2_60k::base::main::3165,1
llama3.1_8b_chat::trivia_qa_2_60k::base::main::33851,1
llama3.1_8b_chat::trivia_qa_2_60k::base::main::40927,1
llama3.1_8b_chat::trivia_qa_2_60k::base::main::42137,1
llama3.1_8b_chat::trivia_qa_2_60k::base::main::4736,1
llama3.1_8b_chat::trivia_qa_2_60k::base::main::18026,1
llama3.1_8b_chat::trivia_qa_2_60k::base::main::38010,1
llama3.1_8b_chat::trivia_qa_2_60k::base::main::45277,1
llama3.1_8b_chat::trivia_qa_2_60k::base::main::38720,1
llama3.1_8b_chat::trivia_qa_2_60k::base::main::33957,1
llama3.1_8b_chat::trivia_qa_2_60k::base::main::42263,1
llama3.1_8b_chat::trivia_qa_2_60k::base::main::156,1
llama3.1_8b_chat::trivia_qa_2_60k::base::main::29778,1
llama3.1_8b_chat::trivia_qa_2_60k::base::main::47578,1
llama3.1_8b_chat::trivia_qa_2_60k::base::main::46487,1
llama3.1_8b_chat::trivia_qa_2_60k::base::main::2666,1
llama3.1_8b_chat::trivia_qa_2_60k::base::main::28708,1
llama3.1_8b_chat::trivia_qa_2_60k::base::main::40718,1
llama3.1_8b_chat::trivia_qa_2_60k::base::main::36975,1
llama3.1_8b_chat::trivia_qa_2_60k::base::main::34646,1
llama3.1_8b_chat::trivia_qa_2_60k::base::main::23768,1
llama3.1_8b_chat::trivia_qa_2_60k::base::main::26226,1
llama3.1_8b_chat::trivia_qa_2_60k::base::main::7132,1
llama3.1_8b_chat::trivia_qa_2_60k::base::main::35368,1
llama3.1_8b_chat::trivia_qa_2_60k::base::main::26816,1
llama3.1_8b_chat::trivia_qa_2_60k::base::main::52519,1
llama3.1_8b_chat::trivia_qa_2_60k::base::main::44354,1
llama3.1_8b_chat::trivia_qa_2_60k::base::main::25022,1
llama3.1_8b_chat::trivia_qa_2_60k::base::main::53199,1
llama3.1_8b_chat::trivia_qa_2_60k::base::main::26337,1
llama3.1_8b_chat::trivia_qa_2_60k::base::main::45827,1
llama3.1_8b_chat::trivia_qa_2_60k::base::main::11716,1
llama3.1_8b_chat::trivia_qa_2_60k::base::main::10172,1
llama3.1_8b_chat::trivia_qa_2_60k::base::main::24622,1
llama3.1_8b_chat::trivia_qa_2_60k::base::main::17976,1
llama3.1_8b_chat::trivia_qa_2_60k::base::main::21348,1
llama3.1_8b_chat::trivia_qa_2_60k::base::main::12947,1
llama3.1_8b_chat::trivia_qa_2_60k::base::main::7291,1
llama3.1_8b_chat::trivia_qa_2_60k::base::main::15899,1
llama3.1_8b_chat::trivia_qa_2_60k::base::main::35847,1
llama3.1_8b_chat::trivia_qa_2_60k::base::main::55013,1
llama3.1_8b_chat::trivia_qa_2_60k::base::main::21211,1
llama3.1_8b_chat::trivia_qa_2_60k::base::main::6792,1
llama3.1_8b_chat::trivia_qa_2_60k::base::main::46722,1
llama3.1_8b_chat::trivia_qa_2_60k::base::main::46869,1
llama3.1_8b_chat::trivia_qa_2_60k::base::main::13486,1
llama3.1_8b_chat::trivia_qa_2_60k::base::main::3354,1
llama3.1_8b_chat::trivia_qa_2_60k::base::main::28967,1
llama3.1_8b_chat::trivia_qa_2_60k::base::main::34216,1
llama3.1_8b_chat::trivia_qa_2_60k::base::main::38657,1
llama3.1_8b_chat::trivia_qa_2_60k::base::main::45820,1
llama3.1_8b_chat::trivia_qa_2_60k::base::main::55231,1
llama3.1_8b_chat::trivia_qa_2_60k::base::main::14792,1
llama3.1_8b_chat::trivia_qa_2_60k::base::main::14725,1
llama3.1_8b_chat::trivia_qa_2_60k::base::main::15369,1
llama3.1_8b_chat::trivia_qa_2_60k::base::main::12453,1
llama3.1_8b_chat::trivia_qa_2_60k::base::main::24847,1
llama3.1_8b_chat::trivia_qa_2_60k::base::main::17287,1
llama3.1_8b_chat::trivia_qa_2_60k::base::main::56675,1
llama3.1_8b_chat::trivia_qa_2_60k::base::main::45970,1
llama3.1_8b_chat::trivia_qa_2_60k::base::main::35874,1
llama3.1_8b_chat::trivia_qa_2_60k::base::main::56184,1
llama3.1_8b_chat::trivia_qa_2_60k::base::main::37626,1
llama3.1_8b_chat::trivia_qa_2_60k::base::main::44933,1
llama3.1_8b_chat::trivia_qa_2_60k::base::main::44406,1
llama3.1_8b_chat::trivia_qa_2_60k::base::main::40817,1
llama3.1_8b_chat::trivia_qa_2_60k::base::main::12649,1
llama3.1_8b_chat::trivia_qa_2_60k::base::main::27801,1
llama3.1_8b_chat::trivia_qa_2_60k::base::main::11806,1
llama3.1_8b_chat::trivia_qa_2_60k::base::main::33717,1
llama3.1_8b_chat::trivia_qa_2_60k::base::main::33700,1
llama3.1_8b_chat::trivia_qa_2_60k::base::main::23465,1
llama3.1_8b_chat::trivia_qa_2_60k::base::main::48786,1
llama3.1_8b_chat::trivia_qa_2_60k::base::main::55643,1
llama3.1_8b_chat::trivia_qa_2_60k::base::main::36871,1
llama3.1_8b_chat::trivia_qa_2_60k::base::main::23163,1
llama3.1_8b_chat::trivia_qa_2_60k::base::main::47623,1
llama3.1_8b_chat::trivia_qa_2_60k::base::main::34677,1
llama3.1_8b_chat::trivia_qa_2_60k::base::main::25700,1
llama3.1_8b_chat::trivia_qa_2_60k::base::main::50540,1
llama3.1_8b_chat::trivia_qa_2_60k::base::main::29714,1
llama3.1_8b_chat::trivia_qa_2_60k::base::main::22195,1
llama3.1_8b_chat::trivia_qa_2_60k::base::main::31926,1
llama3.1_8b_chat::trivia_qa_2_60k::base::main::56997,1
llama3.1_8b_chat::trivia_qa_2_60k::base::main::21631,1
llama3.1_8b_chat::trivia_qa_2_60k::base::main::53799,1
llama3.1_8b_chat::trivia_qa_2_60k::base::main::6996,1
llama3.1_8b_chat::trivia_qa_2_60k::base::main::19911,1
llama3.1_8b_chat::trivia_qa_2_60k::base::main::31897,1
llama3.1_8b_chat::trivia_qa_2_60k::base::main::13773,1
llama3.1_8b_chat::trivia_qa_2_60k::base::main::51804,1
llama3.1_8b_chat::trivia_qa_2_60k::base::main::36506,1
llama3.1_8b_chat::trivia_qa_2_60k::base::main::54023,1
llama3.1_8b_chat::trivia_qa_2_60k::base::main::44801,1
llama3.1_8b_chat::trivia_qa_2_60k::base::main::1095,1
llama3.1_8b_chat::trivia_qa_2_60k::base::main::12159,1
llama3.1_8b_chat::trivia_qa_2_60k::base::main::7392,1
llama3.1_8b_chat::trivia_qa_2_60k::base::main::12411,1
llama3.1_8b_chat::trivia_qa_2_60k::base::main::34194,1
llama3.1_8b_chat::trivia_qa_2_60k::base::main::20713,1
llama3.1_8b_chat::trivia_qa_2_60k::base::main::20249,1
llama3.1_8b_chat::trivia_qa_2_60k::base::main::1853,1
llama3.1_8b_chat::trivia_qa_2_60k::base::main::13789,1
llama3.1_8b_chat::trivia_qa_2_60k::base::main::31346,1
llama3.1_8b_chat::trivia_qa_2_60k::base::main::58459,1
llama3.1_8b_chat::trivia_qa_2_60k::base::main::44716,1
llama3.1_8b_chat::trivia_qa_2_60k::base::main::34463,1
llama3.1_8b_chat::trivia_qa_2_60k::base::main::49284,1
llama3.1_8b_chat::trivia_qa_2_60k::base::main::51519,1
llama3.1_8b_chat::trivia_qa_2_60k::base::main::10071,1
llama3.1_8b_chat::trivia_qa_2_60k::base::main::23075,1
llama3.1_8b_chat::trivia_qa_2_60k::base::main::18409,1
llama3.1_8b_chat::trivia_qa_2_60k::base::main::20214,1
llama3.1_8b_chat::trivia_qa_2_60k::base::main::38073,1
llama3.1_8b_chat::trivia_qa_2_60k::base::main::39487,1
llama3.1_8b_chat::trivia_qa_2_60k::base::main::2255,1
llama3.1_8b_chat::trivia_qa_2_60k::base::main::30529,1
llama3.1_8b_chat::trivia_qa_2_60k::base::main::30092,1
llama3.1_8b_chat::trivia_qa_2_60k::base::main::17199,1
llama3.1_8b_chat::trivia_qa_2_60k::base::main::796,1
llama3.1_8b_chat::trivia_qa_2_60k::base::main::5385,1
llama3.1_8b_chat::trivia_qa_2_60k::base::main::22348,1
llama3.1_8b_chat::trivia_qa_2_60k::base::main::5372,1
llama3.1_8b_chat::trivia_qa_2_60k::base::main::34720,1
llama3.1_8b_chat::trivia_qa_2_60k::base::main::23022,1
llama3.1_8b_chat::trivia_qa_2_60k::base::main::36730,1
llama3.1_8b_chat::trivia_qa_2_60k::base::main::3666,1
llama3.1_8b_chat::trivia_qa_2_60k::base::main::12584,1
llama3.1_8b_chat::trivia_qa_2_60k::base::main::21842,1
llama3.1_8b_chat::trivia_qa_2_60k::base::main::58432,1
llama3.1_8b_chat::trivia_qa_2_60k::base::main::27545,1
llama3.1_8b_chat::trivia_qa_2_60k::base::main::48894,1
llama3.1_8b_chat::trivia_qa_2_60k::base::main::44771,1
llama3.1_8b_chat::trivia_qa_2_60k::base::main::26364,1
llama3.1_8b_chat::trivia_qa_2_60k::base::main::18635,1
llama3.1_8b_chat::trivia_qa_2_60k::base::main::42814,1
llama3.1_8b_chat::trivia_qa_2_60k::base::main::29779,1
llama3.1_8b_chat::trivia_qa_2_60k::base::main::51206,1
llama3.1_8b_chat::trivia_qa_2_60k::base::main::56239,1
llama3.1_8b_chat::trivia_qa_2_60k::base::main::7023,1
llama3.1_8b_chat::trivia_qa_2_60k::base::main::16473,1
llama3.1_8b_chat::trivia_qa_2_60k::base::main::9566,1
llama3.1_8b_chat::trivia_qa_2_60k::base::main::45960,1
llama3.1_8b_chat::trivia_qa_2_60k::base::main::51870,1
llama3.1_8b_chat::trivia_qa_2_60k::base::main::47188,1
llama3.1_8b_chat::trivia_qa_2_60k::base::main::40962,1
llama3.1_8b_chat::trivia_qa_2_60k::base::main::16255,1
llama3.1_8b_chat::trivia_qa_2_60k::base::main::48557,1
llama3.1_8b_chat::trivia_qa_2_60k::base::main::26277,1
llama3.1_8b_chat::trivia_qa_2_60k::base::main::48626,1
llama3.1_8b_chat::trivia_qa_2_60k::base::main::11897,1
llama3.1_8b_chat::trivia_qa_2_60k::base::main::18777,1
llama3.1_8b_chat::trivia_qa_2_60k::base::main::53288,1
llama3.1_8b_chat::trivia_qa_2_60k::base::main::53917,1
llama3.1_8b_chat::trivia_qa_2_60k::base::main::30638,1
llama3.1_8b_chat::trivia_qa_2_60k::base::main::53424,1
llama3.1_8b_chat::trivia_qa_2_60k::base::main::48771,1
llama3.1_8b_chat::trivia_qa_2_60k::base::main::50038,1
llama3.1_8b_chat::trivia_qa_2_60k::base::main::47225,1
llama3.1_8b_chat::trivia_qa_2_60k::base::main::1841,1
llama3.1_8b_chat::trivia_qa_2_60k::base::main::50733,1
llama3.1_8b_chat::trivia_qa_2_60k::base::main::27368,1
llama3.1_8b_chat::trivia_qa_2_60k::base::main::35511,1
llama3.1_8b_chat::trivia_qa_2_60k::base::main::18664,1
llama3.1_8b_chat::trivia_qa_2_60k::base::main::35600,1
llama3.1_8b_chat::trivia_qa_2_60k::base::main::57584,1
llama3.1_8b_chat::trivia_qa_2_60k::base::main::17863,1
llama3.1_8b_chat::trivia_qa_2_60k::base::main::44111,1
llama3.1_8b_chat::trivia_qa_2_60k::base::main::18115,1
llama3.1_8b_chat::trivia_qa_2_60k::base::main::44064,1
llama3.1_8b_chat::trivia_qa_2_60k::base::main::19448,1
llama3.1_8b_chat::trivia_qa_2_60k::base::main::488,1
llama3.1_8b_chat::trivia_qa_2_60k::base::main::44781,1
llama3.1_8b_chat::trivia_qa_2_60k::base::main::16595,1
llama3.1_8b_chat::trivia_qa_2_60k::base::main::26028,1
llama3.1_8b_chat::trivia_qa_2_60k::base::main::2083,1
llama3.1_8b_chat::trivia_qa_2_60k::base::main::38021,1
llama3.1_8b_chat::trivia_qa_2_60k::base::main::5864,1
llama3.1_8b_chat::trivia_qa_2_60k::base::main::41973,1
llama3.1_8b_chat::trivia_qa_2_60k::base::main::29865,1
llama3.1_8b_chat::trivia_qa_2_60k::base::main::4240,1
llama3.1_8b_chat::trivia_qa_2_60k::base::main::3390,1
llama3.1_8b_chat::trivia_qa_2_60k::base::main::12391,1
llama3.1_8b_chat::trivia_qa_2_60k::base::main::21619,1
llama3.1_8b_chat::trivia_qa_2_60k::base::main::39080,1
llama3.1_8b_chat::trivia_qa_2_60k::base::main::21174,1
llama3.1_8b_chat::trivia_qa_2_60k::base::main::24968,1
llama3.1_8b_chat::trivia_qa_2_60k::base::main::15002,1
llama3.1_8b_chat::trivia_qa_2_60k::base::main::23899,1
llama3.1_8b_chat::trivia_qa_2_60k::base::main::2065,1
llama3.1_8b_chat::trivia_qa_2_60k::base::main::24831,1
llama3.1_8b_chat::trivia_qa_2_60k::base::main::33457,1
llama3.1_8b_chat::trivia_qa_2_60k::base::main::16639,1
llama3.1_8b_chat::trivia_qa_2_60k::base::main::9530,1
llama3.1_8b_chat::trivia_qa_2_60k::base::main::57707,1
llama3.1_8b_chat::trivia_qa_2_60k::base::main::58070,1
llama3.1_8b_chat::trivia_qa_2_60k::base::main::18942,1
llama3.1_8b_chat::trivia_qa_2_60k::base::main::2604,1
llama3.1_8b_chat::trivia_qa_2_60k::base::main::10460,1
llama3.1_8b_chat::trivia_qa_2_60k::base::main::32029,1
llama3.1_8b_chat::trivia_qa_2_60k::base::main::41012,1
llama3.1_8b_chat::trivia_qa_2_60k::base::main::45767,1
llama3.1_8b_chat::trivia_qa_2_60k::base::main::57449,1
llama3.1_8b_chat::trivia_qa_2_60k::base::main::47288,1
llama3.1_8b_chat::trivia_qa_2_60k::base::main::38666,1
llama3.1_8b_chat::trivia_qa_2_60k::base::main::2310,1
llama3.1_8b_chat::trivia_qa_2_60k::base::main::20048,1
llama3.1_8b_chat::trivia_qa_2_60k::base::main::23497,1
llama3.1_8b_chat::trivia_qa_2_60k::base::main::29334,1
llama3.1_8b_chat::trivia_qa_2_60k::base::main::4853,1
llama3.1_8b_chat::trivia_qa_2_60k::base::main::58293,1
llama3.1_8b_chat::trivia_qa_2_60k::base::main::13555,1
llama3.1_8b_chat::trivia_qa_2_60k::base::main::21754,1
llama3.1_8b_chat::trivia_qa_2_60k::base::main::19691,1
llama3.1_8b_chat::trivia_qa_2_60k::base::main::8768,1
llama3.1_8b_chat::trivia_qa_2_60k::base::main::19025,1
llama3.1_8b_chat::trivia_qa_2_60k::base::main::42306,1
llama3.1_8b_chat::trivia_qa_2_60k::base::main::46368,1
llama3.1_8b_chat::trivia_qa_2_60k::base::main::44770,1
llama3.1_8b_chat::trivia_qa_2_60k::base::main::51860,1
llama3.1_8b_chat::trivia_qa_2_60k::base::main::49846,1
llama3.1_8b_chat::trivia_qa_2_60k::base::main::6447,1
llama3.1_8b_chat::trivia_qa_2_60k::base::main::10811,1
llama3.1_8b_chat::trivia_qa_2_60k::base::main::19791,1
llama3.1_8b_chat::trivia_qa_2_60k::base::main::23708,1
llama3.1_8b_chat::trivia_qa_2_60k::base::main::3289,1
llama3.1_8b_chat::trivia_qa_2_60k::base::main::45600,1
llama3.1_8b_chat::trivia_qa_2_60k::base::main::4790,1
llama3.1_8b_chat::trivia_qa_2_60k::base::main::28926,1
llama3.1_8b_chat::trivia_qa_2_60k::base::main::45573,1
llama3.1_8b_chat::trivia_qa_2_60k::base::main::48444,1
llama3.1_8b_chat::trivia_qa_2_60k::base::main::19367,1
llama3.1_8b_chat::trivia_qa_2_60k::base::main::35507,1
llama3.1_8b_chat::trivia_qa_2_60k::base::main::12805,1
llama3.1_8b_chat::trivia_qa_2_60k::base::main::57138,1
llama3.1_8b_chat::trivia_qa_2_60k::base::main::25760,1
llama3.1_8b_chat::trivia_qa_2_60k::base::main::1556,1
llama3.1_8b_chat::trivia_qa_2_60k::base::main::21320,1
llama3.1_8b_chat::trivia_qa_2_60k::base::main::58378,1
llama3.1_8b_chat::trivia_qa_2_60k::base::main::18846,1
llama3.1_8b_chat::trivia_qa_2_60k::base::main::8911,1
llama3.1_8b_chat::trivia_qa_2_60k::base::main::38136,1
llama3.1_8b_chat::trivia_qa_2_60k::base::main::46048,1
llama3.1_8b_chat::trivia_qa_2_60k::base::main::28661,1
llama3.1_8b_chat::trivia_qa_2_60k::base::main::56896,1
llama3.1_8b_chat::trivia_qa_2_60k::base::main::44060,1
llama3.1_8b_chat::trivia_qa_2_60k::base::main::14962,1
llama3.1_8b_chat::trivia_qa_2_60k::base::main::53192,1
llama3.1_8b_chat::trivia_qa_2_60k::base::main::16887,1
llama3.1_8b_chat::trivia_qa_2_60k::base::main::39038,1
llama3.1_8b_chat::trivia_qa_2_60k::base::main::39066,1
llama3.1_8b_chat::trivia_qa_2_60k::base::main::10524,1
llama3.1_8b_chat::trivia_qa_2_60k::base::main::35395,1
llama3.1_8b_chat::trivia_qa_2_60k::base::main::47939,1
llama3.1_8b_chat::trivia_qa_2_60k::base::main::27773,1
llama3.1_8b_chat::trivia_qa_2_60k::base::main::38821,1
llama3.1_8b_chat::trivia_qa_2_60k::base::main::49427,1
llama3.1_8b_chat::trivia_qa_2_60k::base::main::5523,1
llama3.1_8b_chat::trivia_qa_2_60k::base::main::29762,1
llama3.1_8b_chat::trivia_qa_2_60k::base::main::57657,1
llama3.1_8b_chat::trivia_qa_2_60k::base::main::48298,1
llama3.1_8b_chat::trivia_qa_2_60k::base::main::15172,1
llama3.1_8b_chat::trivia_qa_2_60k::base::main::12653,1
llama3.1_8b_chat::trivia_qa_2_60k::base::main::23589,1
llama3.1_8b_chat::trivia_qa_2_60k::base::main::56103,1
llama3.1_8b_chat::trivia_qa_2_60k::base::main::30488,1
llama3.1_8b_chat::trivia_qa_2_60k::base::main::41989,1
llama3.1_8b_chat::trivia_qa_2_60k::base::main::5646,1
llama3.1_8b_chat::trivia_qa_2_60k::base::main::27192,1
llama3.1_8b_chat::trivia_qa_2_60k::base::main::20652,1
llama3.1_8b_chat::trivia_qa_2_60k::base::main::4598,1
llama3.1_8b_chat::trivia_qa_2_60k::base::main::22996,1
llama3.1_8b_chat::trivia_qa_2_60k::base::main::32939,1
llama3.1_8b_chat::trivia_qa_2_60k::base::main::28123,1
llama3.1_8b_chat::trivia_qa_2_60k::base::main::43913,1
llama3.1_8b_chat::trivia_qa_2_60k::base::main::56194,1
llama3.1_8b_chat::trivia_qa_2_60k::base::main::9772,1
llama3.1_8b_chat::trivia_qa_2_60k::base::main::38480,1
llama3.1_8b_chat::trivia_qa_2_60k::base::main::5031,1
llama3.1_8b_chat::trivia_qa_2_60k::base::main::46564,1
llama3.1_8b_chat::trivia_qa_2_60k::base::main::38050,1
llama3.1_8b_chat::trivia_qa_2_60k::base::main::44095,1
llama3.1_8b_chat::trivia_qa_2_60k::base::main::56824,1
llama3.1_8b_chat::trivia_qa_2_60k::base::main::27201,1
llama3.1_8b_chat::trivia_qa_2_60k::base::main::4939,1
llama3.1_8b_chat::trivia_qa_2_60k::base::main::50619,1
llama3.1_8b_chat::trivia_qa_2_60k::base::main::15883,1
llama3.1_8b_chat::trivia_qa_2_60k::base::main::39116,1
llama3.1_8b_chat::trivia_qa_2_60k::base::main::26690,1
llama3.1_8b_chat::trivia_qa_2_60k::base::main::37198,1
llama3.1_8b_chat::trivia_qa_2_60k::base::main::31539,1
llama3.1_8b_chat::trivia_qa_2_60k::base::main::44070,1
llama3.1_8b_chat::trivia_qa_2_60k::base::main::863,1
llama3.1_8b_chat::trivia_qa_2_60k::base::main::46822,1
llama3.1_8b_chat::trivia_qa_2_60k::base::main::13614,1
llama3.1_8b_chat::trivia_qa_2_60k::base::main::4299,1
llama3.1_8b_chat::trivia_qa_2_60k::base::main::46360,1
llama3.1_8b_chat::trivia_qa_2_60k::base::main::37271,1
llama3.1_8b_chat::trivia_qa_2_60k::base::main::43886,1
llama3.1_8b_chat::trivia_qa_2_60k::base::main::6391,1
llama3.1_8b_chat::trivia_qa_2_60k::base::main::42995,1
llama3.1_8b_chat::trivia_qa_2_60k::base::main::17693,1
llama3.1_8b_chat::trivia_qa_2_60k::base::main::36548,1
llama3.1_8b_chat::trivia_qa_2_60k::base::main::14225,1
llama3.1_8b_chat::trivia_qa_2_60k::base::main::47920,1
llama3.1_8b_chat::trivia_qa_2_60k::base::main::45996,1
llama3.1_8b_chat::trivia_qa_2_60k::base::main::31607,1
llama3.1_8b_chat::trivia_qa_2_60k::base::main::44203,1
llama3.1_8b_chat::trivia_qa_2_60k::base::main::3332,1
llama3.1_8b_chat::trivia_qa_2_60k::base::main::56727,1
llama3.1_8b_chat::trivia_qa_2_60k::base::main::47210,1
llama3.1_8b_chat::trivia_qa_2_60k::base::main::57167,1
llama3.1_8b_chat::trivia_qa_2_60k::base::main::6625,1
llama3.1_8b_chat::trivia_qa_2_60k::base::main::37063,1
llama3.1_8b_chat::trivia_qa_2_60k::base::main::24693,1
llama3.1_8b_chat::trivia_qa_2_60k::base::main::51984,1
llama3.1_8b_chat::trivia_qa_2_60k::base::main::10662,1
llama3.1_8b_chat::trivia_qa_2_60k::base::main::9064,1
llama3.1_8b_chat::trivia_qa_2_60k::base::main::8550,1
llama3.1_8b_chat::trivia_qa_2_60k::base::main::8609,1
llama3.1_8b_chat::trivia_qa_2_60k::base::main::56755,1
llama3.1_8b_chat::trivia_qa_2_60k::base::main::28042,1
llama3.1_8b_chat::trivia_qa_2_60k::base::main::55724,1
llama3.1_8b_chat::trivia_qa_2_60k::base::main::12746,1
llama3.1_8b_chat::trivia_qa_2_60k::base::main::18486,1
llama3.1_8b_chat::trivia_qa_2_60k::base::main::9654,1
llama3.1_8b_chat::trivia_qa_2_60k::base::main::48597,1
llama3.1_8b_chat::trivia_qa_2_60k::base::main::21536,1
llama3.1_8b_chat::trivia_qa_2_60k::base::main::30966,1
llama3.1_8b_chat::trivia_qa_2_60k::base::main::45901,1
llama3.1_8b_chat::trivia_qa_2_60k::base::main::24266,1
llama3.1_8b_chat::trivia_qa_2_60k::base::main::9132,1
llama3.1_8b_chat::trivia_qa_2_60k::base::main::50768,1
llama3.1_8b_chat::trivia_qa_2_60k::base::main::3011,1
llama3.1_8b_chat::trivia_qa_2_60k::base::main::46272,1
llama3.1_8b_chat::trivia_qa_2_60k::base::main::42130,1
llama3.1_8b_chat::trivia_qa_2_60k::base::main::57372,1
llama3.1_8b_chat::trivia_qa_2_60k::base::main::36950,1
llama3.1_8b_chat::trivia_qa_2_60k::base::main::56172,1
llama3.1_8b_chat::trivia_qa_2_60k::base::main::5723,1
llama3.1_8b_chat::trivia_qa_2_60k::base::main::19604,1
llama3.1_8b_chat::trivia_qa_2_60k::base::main::32777,1
llama3.1_8b_chat::trivia_qa_2_60k::base::main::333,1
llama3.1_8b_chat::trivia_qa_2_60k::base::main::37078,1
llama3.1_8b_chat::trivia_qa_2_60k::base::main::18901,1
llama3.1_8b_chat::trivia_qa_2_60k::base::main::5818,1
llama3.1_8b_chat::trivia_qa_2_60k::base::main::1574,1
llama3.1_8b_chat::trivia_qa_2_60k::base::main::34986,1
llama3.1_8b_chat::trivia_qa_2_60k::base::main::43811,1
llama3.1_8b_chat::trivia_qa_2_60k::base::main::9896,1
llama3.1_8b_chat::trivia_qa_2_60k::base::main::9561,1
llama3.1_8b_chat::trivia_qa_2_60k::base::main::49028,1
llama3.1_8b_chat::trivia_qa_2_60k::base::main::12526,1
llama3.1_8b_chat::trivia_qa_2_60k::base::main::34229,1
llama3.1_8b_chat::trivia_qa_2_60k::base::main::39758,1
llama3.1_8b_chat::trivia_qa_2_60k::base::main::34704,1
llama3.1_8b_chat::trivia_qa_2_60k::base::main::43009,1
llama3.1_8b_chat::trivia_qa_2_60k::base::main::1613,1
llama3.1_8b_chat::trivia_qa_2_60k::base::main::18308,1
llama3.1_8b_chat::trivia_qa_2_60k::base::main::42158,1
llama3.1_8b_chat::trivia_qa_2_60k::base::main::17377,1
llama3.1_8b_chat::trivia_qa_2_60k::base::main::44530,1
llama3.1_8b_chat::trivia_qa_2_60k::base::main::48294,1
llama3.1_8b_chat::trivia_qa_2_60k::base::main::47741,1
llama3.1_8b_chat::trivia_qa_2_60k::base::main::10647,1
llama3.1_8b_chat::trivia_qa_2_60k::base::main::38926,1
llama3.1_8b_chat::trivia_qa_2_60k::base::main::45542,1
llama3.1_8b_chat::trivia_qa_2_60k::base::main::4693,1
llama3.1_8b_chat::trivia_qa_2_60k::base::main::33057,1
llama3.1_8b_chat::trivia_qa_2_60k::base::main::26475,1
llama3.1_8b_chat::trivia_qa_2_60k::base::main::50137,1
llama3.1_8b_chat::trivia_qa_2_60k::base::main::40139,1
llama3.1_8b_chat::trivia_qa_2_60k::base::main::13813,1
llama3.1_8b_chat::trivia_qa_2_60k::base::main::49211,1
llama3.1_8b_chat::trivia_qa_2_60k::base::main::34091,1
llama3.1_8b_chat::trivia_qa_2_60k::base::main::28675,1
llama3.1_8b_chat::trivia_qa_2_60k::base::main::1447,1
llama3.1_8b_chat::trivia_qa_2_60k::base::main::13067,1
llama3.1_8b_chat::trivia_qa_2_60k::base::main::12750,1
llama3.1_8b_chat::trivia_qa_2_60k::base::main::33154,1
llama3.1_8b_chat::trivia_qa_2_60k::base::main::10450,1
llama3.1_8b_chat::trivia_qa_2_60k::base::main::20120,1
llama3.1_8b_chat::trivia_qa_2_60k::base::main::11334,1
llama3.1_8b_chat::trivia_qa_2_60k::base::main::40116,1
llama3.1_8b_chat::trivia_qa_2_60k::base::main::18493,1
llama3.1_8b_chat::trivia_qa_2_60k::base::main::54507,1
llama3.1_8b_chat::trivia_qa_2_60k::base::main::34913,1
llama3.1_8b_chat::trivia_qa_2_60k::base::main::44405,1
llama3.1_8b_chat::trivia_qa_2_60k::base::main::39340,1
llama3.1_8b_chat::trivia_qa_2_60k::base::main::42871,1
llama3.1_8b_chat::trivia_qa_2_60k::base::main::54231,1
llama3.1_8b_chat::trivia_qa_2_60k::base::main::7356,1
llama3.1_8b_chat::trivia_qa_2_60k::base::main::57446,1
llama3.1_8b_chat::trivia_qa_2_60k::base::main::7976,1
llama3.1_8b_chat::trivia_qa_2_60k::base::main::44231,1
llama3.1_8b_chat::trivia_qa_2_60k::base::main::10166,1
llama3.1_8b_chat::trivia_qa_2_60k::base::main::8165,1
llama3.1_8b_chat::trivia_qa_2_60k::base::main::12672,1
llama3.1_8b_chat::trivia_qa_2_60k::base::main::33371,1
llama3.1_8b_chat::trivia_qa_2_60k::base::main::38945,1
llama3.1_8b_chat::trivia_qa_2_60k::base::main::48408,1
llama3.1_8b_chat::trivia_qa_2_60k::base::main::30368,1
llama3.1_8b_chat::trivia_qa_2_60k::base::main::46055,1
llama3.1_8b_chat::trivia_qa_2_60k::base::main::24992,1
llama3.1_8b_chat::trivia_qa_2_60k::base::main::38423,1
llama3.1_8b_chat::trivia_qa_2_60k::base::main::6663,1
llama3.1_8b_chat::trivia_qa_2_60k::base::main::12661,1
llama3.1_8b_chat::trivia_qa_2_60k::base::main::11865,1
llama3.1_8b_chat::trivia_qa_2_60k::base::main::54437,1
llama3.1_8b_chat::trivia_qa_2_60k::base::main::35208,1
llama3.1_8b_chat::trivia_qa_2_60k::base::main::49569,1
llama3.1_8b_chat::trivia_qa_2_60k::base::main::46073,1
llama3.1_8b_chat::trivia_qa_2_60k::base::main::3355,1
llama3.1_8b_chat::trivia_qa_2_60k::base::main::25312,1
llama3.1_8b_chat::trivia_qa_2_60k::base::main::8573,1
llama3.1_8b_chat::trivia_qa_2_60k::base::main::25711,1
llama3.1_8b_chat::trivia_qa_2_60k::base::main::28724,1
llama3.1_8b_chat::trivia_qa_2_60k::base::main::29014,1
llama3.1_8b_chat::trivia_qa_2_60k::base::main::53553,1
llama3.1_8b_chat::trivia_qa_2_60k::base::main::37082,1
llama3.1_8b_chat::trivia_qa_2_60k::base::main::23468,1
llama3.1_8b_chat::trivia_qa_2_60k::base::main::7017,1
llama3.1_8b_chat::trivia_qa_2_60k::base::main::9704,1
llama3.1_8b_chat::trivia_qa_2_60k::base::main::17904,1
llama3.1_8b_chat::trivia_qa_2_60k::base::main::52115,1
llama3.1_8b_chat::trivia_qa_2_60k::base::main::18005,1
llama3.1_8b_chat::trivia_qa_2_60k::base::main::33669,1
llama3.1_8b_chat::trivia_qa_2_60k::base::main::57822,1
llama3.1_8b_chat::trivia_qa_2_60k::base::main::58104,1
llama3.1_8b_chat::trivia_qa_2_60k::base::main::27204,1
llama3.1_8b_chat::trivia_qa_2_60k::base::main::20416,1
llama3.1_8b_chat::trivia_qa_2_60k::base::main::34564,1
llama3.1_8b_chat::trivia_qa_2_60k::base::main::28907,1
llama3.1_8b_chat::trivia_qa_2_60k::base::main::48859,1
llama3.1_8b_chat::trivia_qa_2_60k::base::main::11451,1
llama3.1_8b_chat::trivia_qa_2_60k::base::main::57087,1
llama3.1_8b_chat::trivia_qa_2_60k::base::main::48399,1
llama3.1_8b_chat::trivia_qa_2_60k::base::main::36253,1
llama3.1_8b_chat::trivia_qa_2_60k::base::main::57582,1
llama3.1_8b_chat::trivia_qa_2_60k::base::main::35062,1
llama3.1_8b_chat::trivia_qa_2_60k::base::main::3291,1
llama3.1_8b_chat::trivia_qa_2_60k::base::main::56940,1
llama3.1_8b_chat::trivia_qa_2_60k::base::main::12549,1
llama3.1_8b_chat::trivia_qa_2_60k::base::main::15516,1
llama3.1_8b_chat::trivia_qa_2_60k::base::main::31408,1
llama3.1_8b_chat::trivia_qa_2_60k::base::main::40656,1
llama3.1_8b_chat::trivia_qa_2_60k::base::main::29583,1
llama3.1_8b_chat::trivia_qa_2_60k::base::main::57382,1
llama3.1_8b_chat::trivia_qa_2_60k::base::main::46278,1
llama3.1_8b_chat::trivia_qa_2_60k::base::main::40959,1
llama3.1_8b_chat::trivia_qa_2_60k::base::main::24280,1
llama3.1_8b_chat::trivia_qa_2_60k::base::main::35825,1
llama3.1_8b_chat::trivia_qa_2_60k::base::main::11404,1
llama3.1_8b_chat::trivia_qa_2_60k::base::main::2700,1
llama3.1_8b_chat::trivia_qa_2_60k::base::main::9596,1
llama3.1_8b_chat::trivia_qa_2_60k::base::main::5729,1
llama3.1_8b_chat::trivia_qa_2_60k::base::main::47799,1
llama3.1_8b_chat::trivia_qa_2_60k::base::main::19215,1
llama3.1_8b_chat::trivia_qa_2_60k::base::main::32230,1
llama3.1_8b_chat::trivia_qa_2_60k::base::main::51204,1
llama3.1_8b_chat::trivia_qa_2_60k::base::main::34157,1
llama3.1_8b_chat::trivia_qa_2_60k::base::main::34516,1
llama3.1_8b_chat::trivia_qa_2_60k::base::main::38641,1
llama3.1_8b_chat::trivia_qa_2_60k::base::main::44595,1
llama3.1_8b_chat::trivia_qa_2_60k::base::main::1919,1
llama3.1_8b_chat::trivia_qa_2_60k::base::main::17635,1
llama3.1_8b_chat::trivia_qa_2_60k::base::main::30759,1
llama3.1_8b_chat::trivia_qa_2_60k::base::main::10603,1
llama3.1_8b_chat::trivia_qa_2_60k::base::main::36335,1
llama3.1_8b_chat::trivia_qa_2_60k::base::main::2756,1
llama3.1_8b_chat::trivia_qa_2_60k::base::main::13081,1
llama3.1_8b_chat::trivia_qa_2_60k::base::main::53137,1
llama3.1_8b_chat::trivia_qa_2_60k::base::main::43620,1
llama3.1_8b_chat::trivia_qa_2_60k::base::main::23667,1
llama3.1_8b_chat::trivia_qa_2_60k::base::main::38785,1
llama3.1_8b_chat::trivia_qa_2_60k::base::main::26488,1
llama3.1_8b_chat::trivia_qa_2_60k::base::main::41495,1
llama3.1_8b_chat::trivia_qa_2_60k::base::main::28531,1
llama3.1_8b_chat::trivia_qa_2_60k::base::main::25161,1
llama3.1_8b_chat::trivia_qa_2_60k::base::main::14329,1
llama3.1_8b_chat::trivia_qa_2_60k::base::main::23983,1
llama3.1_8b_chat::trivia_qa_2_60k::base::main::23872,1
llama3.1_8b_chat::trivia_qa_2_60k::base::main::15271,1
llama3.1_8b_chat::trivia_qa_2_60k::base::main::6073,1
llama3.1_8b_chat::trivia_qa_2_60k::base::main::28023,1
llama3.1_8b_chat::trivia_qa_2_60k::base::main::5119,1
llama3.1_8b_chat::trivia_qa_2_60k::base::main::13967,1
llama3.1_8b_chat::trivia_qa_2_60k::base::main::39635,1
llama3.1_8b_chat::trivia_qa_2_60k::base::main::49902,1
llama3.1_8b_chat::trivia_qa_2_60k::base::main::43990,1
llama3.1_8b_chat::trivia_qa_2_60k::base::main::31163,1
llama3.1_8b_chat::trivia_qa_2_60k::base::main::56155,1
llama3.1_8b_chat::trivia_qa_2_60k::base::main::27180,1
llama3.1_8b_chat::trivia_qa_2_60k::base::main::12345,1
llama3.1_8b_chat::trivia_qa_2_60k::base::main::4452,1
llama3.1_8b_chat::trivia_qa_2_60k::base::main::27111,1
llama3.1_8b_chat::trivia_qa_2_60k::base::main::26462,1
llama3.1_8b_chat::trivia_qa_2_60k::base::main::56668,1
llama3.1_8b_chat::trivia_qa_2_60k::base::main::56074,1
llama3.1_8b_chat::trivia_qa_2_60k::base::main::32345,1
llama3.1_8b_chat::trivia_qa_2_60k::base::main::8887,1
llama3.1_8b_chat::trivia_qa_2_60k::base::main::56637,1
llama3.1_8b_chat::trivia_qa_2_60k::base::main::12272,1
llama3.1_8b_chat::trivia_qa_2_60k::base::main::5440,1
llama3.1_8b_chat::trivia_qa_2_60k::base::main::39044,1
llama3.1_8b_chat::trivia_qa_2_60k::base::main::15389,1
llama3.1_8b_chat::trivia_qa_2_60k::base::main::1603,1
llama3.1_8b_chat::trivia_qa_2_60k::base::main::10717,1
llama3.1_8b_chat::trivia_qa_2_60k::base::main::29273,1
llama3.1_8b_chat::trivia_qa_2_60k::base::main::34258,1
llama3.1_8b_chat::trivia_qa_2_60k::base::main::39587,1
llama3.1_8b_chat::trivia_qa_2_60k::base::main::35266,1
llama3.1_8b_chat::trivia_qa_2_60k::base::main::56347,1
llama3.1_8b_chat::trivia_qa_2_60k::base::main::2874,1
llama3.1_8b_chat::trivia_qa_2_60k::base::main::36571,1
llama3.1_8b_chat::trivia_qa_2_60k::base::main::48284,1
llama3.1_8b_chat::trivia_qa_2_60k::base::main::11166,1
llama3.1_8b_chat::trivia_qa_2_60k::base::main::37160,1
llama3.1_8b_chat::trivia_qa_2_60k::base::main::30046,1
llama3.1_8b_chat::trivia_qa_2_60k::base::main::21304,1
llama3.1_8b_chat::trivia_qa_2_60k::base::main::30004,1
llama3.1_8b_chat::trivia_qa_2_60k::base::main::375,1
llama3.1_8b_chat::trivia_qa_2_60k::base::main::37,1
llama3.1_8b_chat::trivia_qa_2_60k::base::main::32301,1
llama3.1_8b_chat::trivia_qa_2_60k::base::main::50209,1
llama3.1_8b_chat::trivia_qa_2_60k::base::main::4662,1
llama3.1_8b_chat::trivia_qa_2_60k::base::main::23149,1
llama3.1_8b_chat::trivia_qa_2_60k::base::main::30536,1
llama3.1_8b_chat::trivia_qa_2_60k::base::main::34930,1
llama3.1_8b_chat::trivia_qa_2_60k::base::main::17153,1
llama3.1_8b_chat::trivia_qa_2_60k::base::main::39064,1
llama3.1_8b_chat::trivia_qa_2_60k::base::main::17815,1
llama3.1_8b_chat::trivia_qa_2_60k::base::main::26104,1
llama3.1_8b_chat::trivia_qa_2_60k::base::main::37462,1
llama3.1_8b_chat::trivia_qa_2_60k::base::main::49193,1
llama3.1_8b_chat::trivia_qa_2_60k::base::main::49347,1
llama3.1_8b_chat::trivia_qa_2_60k::base::main::4377,1
llama3.1_8b_chat::trivia_qa_2_60k::base::main::8758,1
llama3.1_8b_chat::trivia_qa_2_60k::base::main::6164,1
llama3.1_8b_chat::trivia_qa_2_60k::base::main::39446,1
llama3.1_8b_chat::trivia_qa_2_60k::base::main::17247,1
llama3.1_8b_chat::trivia_qa_2_60k::base::main::37065,1
llama3.1_8b_chat::trivia_qa_2_60k::base::main::29495,1
llama3.1_8b_chat::trivia_qa_2_60k::base::main::5099,1
llama3.1_8b_chat::trivia_qa_2_60k::base::main::34096,1
llama3.1_8b_chat::trivia_qa_2_60k::base::main::26203,1
llama3.1_8b_chat::trivia_qa_2_60k::base::main::52433,1
llama3.1_8b_chat::trivia_qa_2_60k::base::main::11257,1
llama3.1_8b_chat::trivia_qa_2_60k::base::main::404,1
llama3.1_8b_chat::trivia_qa_2_60k::base::main::23098,1
llama3.1_8b_chat::trivia_qa_2_60k::base::main::42897,1
llama3.1_8b_chat::trivia_qa_2_60k::base::main::39084,1
llama3.1_8b_chat::trivia_qa_2_60k::base::main::42199,1
llama3.1_8b_chat::trivia_qa_2_60k::base::main::27451,1
llama3.1_8b_chat::trivia_qa_2_60k::base::main::28473,1
llama3.1_8b_chat::trivia_qa_2_60k::base::main::41898,1
llama3.1_8b_chat::trivia_qa_2_60k::base::main::50466,1
llama3.1_8b_chat::trivia_qa_2_60k::base::main::21275,1
llama3.1_8b_chat::trivia_qa_2_60k::base::main::28928,1
llama3.1_8b_chat::trivia_qa_2_60k::base::main::51902,1
llama3.1_8b_chat::trivia_qa_2_60k::base::main::3700,1
llama3.1_8b_chat::trivia_qa_2_60k::base::main::27094,1
llama3.1_8b_chat::trivia_qa_2_60k::base::main::46461,1
llama3.1_8b_chat::trivia_qa_2_60k::base::main::44953,1
llama3.1_8b_chat::trivia_qa_2_60k::base::main::6868,1
llama3.1_8b_chat::trivia_qa_2_60k::base::main::11985,1
llama3.1_8b_chat::trivia_qa_2_60k::base::main::43409,1
llama3.1_8b_chat::trivia_qa_2_60k::base::main::42449,1
llama3.1_8b_chat::trivia_qa_2_60k::base::main::26533,1
llama3.1_8b_chat::trivia_qa_2_60k::base::main::3925,1
llama3.1_8b_chat::trivia_qa_2_60k::base::main::50900,1
llama3.1_8b_chat::trivia_qa_2_60k::base::main::14411,1
llama3.1_8b_chat::trivia_qa_2_60k::base::main::48606,1
llama3.1_8b_chat::trivia_qa_2_60k::base::main::18444,1
llama3.1_8b_chat::trivia_qa_2_60k::base::main::22833,1
llama3.1_8b_chat::trivia_qa_2_60k::base::main::36157,1
llama3.1_8b_chat::trivia_qa_2_60k::base::main::33513,1
llama3.1_8b_chat::trivia_qa_2_60k::base::main::17241,1
llama3.1_8b_chat::trivia_qa_2_60k::base::main::30585,1
llama3.1_8b_chat::trivia_qa_2_60k::base::main::22949,1
llama3.1_8b_chat::trivia_qa_2_60k::base::main::8725,1
llama3.1_8b_chat::trivia_qa_2_60k::base::main::46028,1
llama3.1_8b_chat::trivia_qa_2_60k::base::main::10126,1
llama3.1_8b_chat::trivia_qa_2_60k::base::main::46577,1
llama3.1_8b_chat::trivia_qa_2_60k::base::main::53730,1
llama3.1_8b_chat::trivia_qa_2_60k::base::main::9605,1
llama3.1_8b_chat::trivia_qa_2_60k::base::main::17018,1
llama3.1_8b_chat::trivia_qa_2_60k::base::main::1593,1
llama3.1_8b_chat::trivia_qa_2_60k::base::main::18951,1
llama3.1_8b_chat::trivia_qa_2_60k::base::main::46747,1
llama3.1_8b_chat::trivia_qa_2_60k::base::main::37006,1
llama3.1_8b_chat::trivia_qa_2_60k::base::main::55719,1
llama3.1_8b_chat::trivia_qa_2_60k::base::main::8693,1
llama3.1_8b_chat::trivia_qa_2_60k::base::main::18687,1
llama3.1_8b_chat::trivia_qa_2_60k::base::main::15207,1
llama3.1_8b_chat::trivia_qa_2_60k::base::main::20553,1
llama3.1_8b_chat::trivia_qa_2_60k::base::main::26141,1
llama3.1_8b_chat::trivia_qa_2_60k::base::main::57266,1
llama3.1_8b_chat::trivia_qa_2_60k::base::main::55172,1
llama3.1_8b_chat::trivia_qa_2_60k::base::main::53719,1
llama3.1_8b_chat::trivia_qa_2_60k::base::main::17686,1
llama3.1_8b_chat::trivia_qa_2_60k::base::main::58147,1
llama3.1_8b_chat::trivia_qa_2_60k::base::main::47500,1
llama3.1_8b_chat::trivia_qa_2_60k::base::main::25036,1
llama3.1_8b_chat::trivia_qa_2_60k::base::main::23813,1
llama3.1_8b_chat::trivia_qa_2_60k::base::main::22615,1
llama3.1_8b_chat::trivia_qa_2_60k::base::main::10088,1
llama3.1_8b_chat::trivia_qa_2_60k::base::main::18566,1
llama3.1_8b_chat::trivia_qa_2_60k::base::main::26832,1
llama3.1_8b_chat::trivia_qa_2_60k::base::main::25672,1
llama3.1_8b_chat::trivia_qa_2_60k::base::main::8855,1
llama3.1_8b_chat::trivia_qa_2_60k::base::main::36609,1
llama3.1_8b_chat::trivia_qa_2_60k::base::main::34217,1
llama3.1_8b_chat::trivia_qa_2_60k::base::main::20422,1
llama3.1_8b_chat::trivia_qa_2_60k::base::main::49724,1
llama3.1_8b_chat::trivia_qa_2_60k::base::main::13694,1
llama3.1_8b_chat::trivia_qa_2_60k::base::main::20474,1
llama3.1_8b_chat::trivia_qa_2_60k::base::main::13227,1
llama3.1_8b_chat::trivia_qa_2_60k::base::main::37926,1
llama3.1_8b_chat::trivia_qa_2_60k::base::main::54018,1
llama3.1_8b_chat::trivia_qa_2_60k::base::main::5964,1
llama3.1_8b_chat::trivia_qa_2_60k::base::main::23748,1
llama3.1_8b_chat::trivia_qa_2_60k::base::main::3709,1
llama3.1_8b_chat::trivia_qa_2_60k::base::main::182,1
llama3.1_8b_chat::trivia_qa_2_60k::base::main::40911,1
llama3.1_8b_chat::trivia_qa_2_60k::base::main::19400,1
llama3.1_8b_chat::trivia_qa_2_60k::base::main::30356,1
llama3.1_8b_chat::trivia_qa_2_60k::base::main::48011,1
llama3.1_8b_chat::trivia_qa_2_60k::base::main::6719,1
llama3.1_8b_chat::trivia_qa_2_60k::base::main::9329,1
llama3.1_8b_chat::trivia_qa_2_60k::base::main::31055,1
llama3.1_8b_chat::trivia_qa_2_60k::base::main::36175,1
llama3.1_8b_chat::trivia_qa_2_60k::base::main::31041,1
llama3.1_8b_chat::trivia_qa_2_60k::base::main::46662,1
llama3.1_8b_chat::trivia_qa_2_60k::base::main::25722,1
llama3.1_8b_chat::trivia_qa_2_60k::base::main::25530,1
llama3.1_8b_chat::trivia_qa_2_60k::base::main::400,1
llama3.1_8b_chat::trivia_qa_2_60k::base::main::53854,1
llama3.1_8b_chat::trivia_qa_2_60k::base::main::19067,1
llama3.1_8b_chat::trivia_qa_2_60k::base::main::55832,1
llama3.1_8b_chat::trivia_qa_2_60k::base::main::53874,1
llama3.1_8b_chat::trivia_qa_2_60k::base::main::19142,1
llama3.1_8b_chat::trivia_qa_2_60k::base::main::27809,1
llama3.1_8b_chat::trivia_qa_2_60k::base::main::28667,1
llama3.1_8b_chat::trivia_qa_2_60k::base::main::20498,1
llama3.1_8b_chat::trivia_qa_2_60k::base::main::30486,1
llama3.1_8b_chat::trivia_qa_2_60k::base::main::14798,1
llama3.1_8b_chat::trivia_qa_2_60k::base::main::50862,0
llama3.1_8b_chat::trivia_qa_2_60k::base::main::33314,0
llama3.1_8b_chat::trivia_qa_2_60k::base::main::38492,0
llama3.1_8b_chat::trivia_qa_2_60k::base::main::57728,0
llama3.1_8b_chat::trivia_qa_2_60k::base::main::52803,0
llama3.1_8b_chat::trivia_qa_2_60k::base::main::25186,0
llama3.1_8b_chat::trivia_qa_2_60k::base::main::45610,0
llama3.1_8b_chat::trivia_qa_2_60k::base::main::35082,0
llama3.1_8b_chat::trivia_qa_2_60k::base::main::19725,0
llama3.1_8b_chat::trivia_qa_2_60k::base::main::40393,0
llama3.1_8b_chat::trivia_qa_2_60k::base::main::32531,0
llama3.1_8b_chat::trivia_qa_2_60k::base::main::56241,0
llama3.1_8b_chat::trivia_qa_2_60k::base::main::40938,0
llama3.1_8b_chat::trivia_qa_2_60k::base::main::9792,0
llama3.1_8b_chat::trivia_qa_2_60k::base::main::39075,0
llama3.1_8b_chat::trivia_qa_2_60k::base::main::54292,0
llama3.1_8b_chat::trivia_qa_2_60k::base::main::33223,0
llama3.1_8b_chat::trivia_qa_2_60k::base::main::13019,0
llama3.1_8b_chat::trivia_qa_2_60k::base::main::17794,0
llama3.1_8b_chat::trivia_qa_2_60k::base::main::35160,0
llama3.1_8b_chat::trivia_qa_2_60k::base::main::14966,0
llama3.1_8b_chat::trivia_qa_2_60k::base::main::54404,0
llama3.1_8b_chat::trivia_qa_2_60k::base::main::15187,0
llama3.1_8b_chat::trivia_qa_2_60k::base::main::35419,0
llama3.1_8b_chat::trivia_qa_2_60k::base::main::15657,0
llama3.1_8b_chat::trivia_qa_2_60k::base::main::30338,0
llama3.1_8b_chat::trivia_qa_2_60k::base::main::17941,0
llama3.1_8b_chat::trivia_qa_2_60k::base::main::38080,0
llama3.1_8b_chat::trivia_qa_2_60k::base::main::37625,0
llama3.1_8b_chat::trivia_qa_2_60k::base::main::21833,0
llama3.1_8b_chat::trivia_qa_2_60k::base::main::16662,0
llama3.1_8b_chat::trivia_qa_2_60k::base::main::39405,0
llama3.1_8b_chat::trivia_qa_2_60k::base::main::10017,0
llama3.1_8b_chat::trivia_qa_2_60k::base::main::22364,0
llama3.1_8b_chat::trivia_qa_2_60k::base::main::14184,0
llama3.1_8b_chat::trivia_qa_2_60k::base::main::16408,0
llama3.1_8b_chat::trivia_qa_2_60k::base::main::38325,0
llama3.1_8b_chat::trivia_qa_2_60k::base::main::48424,0
llama3.1_8b_chat::trivia_qa_2_60k::base::main::41508,0
llama3.1_8b_chat::trivia_qa_2_60k::base::main::17017,0
llama3.1_8b_chat::trivia_qa_2_60k::base::main::17090,0
llama3.1_8b_chat::trivia_qa_2_60k::base::main::5181,0
llama3.1_8b_chat::trivia_qa_2_60k::base::main::8651,0
llama3.1_8b_chat::trivia_qa_2_60k::base::main::31029,0
llama3.1_8b_chat::trivia_qa_2_60k::base::main::28410,0
llama3.1_8b_chat::trivia_qa_2_60k::base::main::50318,0
llama3.1_8b_chat::trivia_qa_2_60k::base::main::19967,0
llama3.1_8b_chat::trivia_qa_2_60k::base::main::2195,0
llama3.1_8b_chat::trivia_qa_2_60k::base::main::48093,0
llama3.1_8b_chat::trivia_qa_2_60k::base::main::33287,0
llama3.1_8b_chat::trivia_qa_2_60k::base::main::2200,0
llama3.1_8b_chat::trivia_qa_2_60k::base::main::26715,0
llama3.1_8b_chat::trivia_qa_2_60k::base::main::28847,0
llama3.1_8b_chat::trivia_qa_2_60k::base::main::57458,0
llama3.1_8b_chat::trivia_qa_2_60k::base::main::38521,0
llama3.1_8b_chat::trivia_qa_2_60k::base::main::16319,0
llama3.1_8b_chat::trivia_qa_2_60k::base::main::27760,0
llama3.1_8b_chat::trivia_qa_2_60k::base::main::35332,0
llama3.1_8b_chat::trivia_qa_2_60k::base::main::36170,0
llama3.1_8b_chat::trivia_qa_2_60k::base::main::18246,0
llama3.1_8b_chat::trivia_qa_2_60k::base::main::51630,0
llama3.1_8b_chat::trivia_qa_2_60k::base::main::3890,0
llama3.1_8b_chat::trivia_qa_2_60k::base::main::34666,0
llama3.1_8b_chat::trivia_qa_2_60k::base::main::49978,0
llama3.1_8b_chat::trivia_qa_2_60k::base::main::57666,0
llama3.1_8b_chat::trivia_qa_2_60k::base::main::40239,0
llama3.1_8b_chat::trivia_qa_2_60k::base::main::30608,0
llama3.1_8b_chat::trivia_qa_2_60k::base::main::18776,0
llama3.1_8b_chat::trivia_qa_2_60k::base::main::39351,0
llama3.1_8b_chat::trivia_qa_2_60k::base::main::55538,0
llama3.1_8b_chat::trivia_qa_2_60k::base::main::49461,0
llama3.1_8b_chat::trivia_qa_2_60k::base::main::16291,0
llama3.1_8b_chat::trivia_qa_2_60k::base::main::40644,0
llama3.1_8b_chat::trivia_qa_2_60k::base::main::58543,0
llama3.1_8b_chat::trivia_qa_2_60k::base::main::32058,0
llama3.1_8b_chat::trivia_qa_2_60k::base::main::56424,0
llama3.1_8b_chat::trivia_qa_2_60k::base::main::41021,0
llama3.1_8b_chat::trivia_qa_2_60k::base::main::15706,0
llama3.1_8b_chat::trivia_qa_2_60k::base::main::29268,0
llama3.1_8b_chat::trivia_qa_2_60k::base::main::23423,0
llama3.1_8b_chat::trivia_qa_2_60k::base::main::13015,0
llama3.1_8b_chat::trivia_qa_2_60k::base::main::13382,0
llama3.1_8b_chat::trivia_qa_2_60k::base::main::4315,0
llama3.1_8b_chat::trivia_qa_2_60k::base::main::13043,0
llama3.1_8b_chat::trivia_qa_2_60k::base::main::33098,0
llama3.1_8b_chat::trivia_qa_2_60k::base::main::3608,0
llama3.1_8b_chat::trivia_qa_2_60k::base::main::48834,0
llama3.1_8b_chat::trivia_qa_2_60k::base::main::15943,0
llama3.1_8b_chat::trivia_qa_2_60k::base::main::33969,0
llama3.1_8b_chat::trivia_qa_2_60k::base::main::50576,0
llama3.1_8b_chat::trivia_qa_2_60k::base::main::40597,0
llama3.1_8b_chat::trivia_qa_2_60k::base::main::34245,0
llama3.1_8b_chat::trivia_qa_2_60k::base::main::1346,0
llama3.1_8b_chat::trivia_qa_2_60k::base::main::33409,0
llama3.1_8b_chat::trivia_qa_2_60k::base::main::46538,0
llama3.1_8b_chat::trivia_qa_2_60k::base::main::27663,0
llama3.1_8b_chat::trivia_qa_2_60k::base::main::10666,0
llama3.1_8b_chat::trivia_qa_2_60k::base::main::12828,0
llama3.1_8b_chat::trivia_qa_2_60k::base::main::12688,0
llama3.1_8b_chat::trivia_qa_2_60k::base::main::18399,0
llama3.1_8b_chat::trivia_qa_2_60k::base::main::16561,0
llama3.1_8b_chat::trivia_qa_2_60k::base::main::17203,0
llama3.1_8b_chat::trivia_qa_2_60k::base::main::33530,0
llama3.1_8b_chat::trivia_qa_2_60k::base::main::491,0
llama3.1_8b_chat::trivia_qa_2_60k::base::main::24487,0
llama3.1_8b_chat::trivia_qa_2_60k::base::main::55738,0
llama3.1_8b_chat::trivia_qa_2_60k::base::main::54470,0
llama3.1_8b_chat::trivia_qa_2_60k::base::main::48939,0
llama3.1_8b_chat::trivia_qa_2_60k::base::main::14051,0
llama3.1_8b_chat::trivia_qa_2_60k::base::main::27503,0
llama3.1_8b_chat::trivia_qa_2_60k::base::main::49291,0
llama3.1_8b_chat::trivia_qa_2_60k::base::main::897,0
llama3.1_8b_chat::trivia_qa_2_60k::base::main::17821,0
llama3.1_8b_chat::trivia_qa_2_60k::base::main::4092,0
llama3.1_8b_chat::trivia_qa_2_60k::base::main::33036,0
llama3.1_8b_chat::trivia_qa_2_60k::base::main::55376,0
llama3.1_8b_chat::trivia_qa_2_60k::base::main::19836,0
llama3.1_8b_chat::trivia_qa_2_60k::base::main::53044,0
llama3.1_8b_chat::trivia_qa_2_60k::base::main::39864,0
llama3.1_8b_chat::trivia_qa_2_60k::base::main::15529,0
llama3.1_8b_chat::trivia_qa_2_60k::base::main::27006,0
llama3.1_8b_chat::trivia_qa_2_60k::base::main::49335,0
llama3.1_8b_chat::trivia_qa_2_60k::base::main::14802,0
llama3.1_8b_chat::trivia_qa_2_60k::base::main::13384,0
llama3.1_8b_chat::trivia_qa_2_60k::base::main::58388,0
llama3.1_8b_chat::trivia_qa_2_60k::base::main::44887,0
llama3.1_8b_chat::trivia_qa_2_60k::base::main::21146,0
llama3.1_8b_chat::trivia_qa_2_60k::base::main::3691,0
llama3.1_8b_chat::trivia_qa_2_60k::base::main::31159,0
llama3.1_8b_chat::trivia_qa_2_60k::base::main::42189,0
llama3.1_8b_chat::trivia_qa_2_60k::base::main::38615,0
llama3.1_8b_chat::trivia_qa_2_60k::base::main::36788,0
llama3.1_8b_chat::trivia_qa_2_60k::base::main::6356,0
llama3.1_8b_chat::trivia_qa_2_60k::base::main::12153,0
llama3.1_8b_chat::trivia_qa_2_60k::base::main::30462,0
llama3.1_8b_chat::trivia_qa_2_60k::base::main::3740,0
llama3.1_8b_chat::trivia_qa_2_60k::base::main::39008,0
llama3.1_8b_chat::trivia_qa_2_60k::base::main::12301,0
llama3.1_8b_chat::trivia_qa_2_60k::base::main::14487,0
llama3.1_8b_chat::trivia_qa_2_60k::base::main::8494,0
llama3.1_8b_chat::trivia_qa_2_60k::base::main::15339,0
llama3.1_8b_chat::trivia_qa_2_60k::base::main::57505,0
llama3.1_8b_chat::trivia_qa_2_60k::base::main::38069,0
llama3.1_8b_chat::trivia_qa_2_60k::base::main::23447,0
llama3.1_8b_chat::trivia_qa_2_60k::base::main::10159,0
llama3.1_8b_chat::trivia_qa_2_60k::base::main::53078,0
llama3.1_8b_chat::trivia_qa_2_60k::base::main::25195,0
llama3.1_8b_chat::trivia_qa_2_60k::base::main::20771,0
llama3.1_8b_chat::trivia_qa_2_60k::base::main::47750,0
llama3.1_8b_chat::trivia_qa_2_60k::base::main::13028,0
llama3.1_8b_chat::trivia_qa_2_60k::base::main::1122,0
llama3.1_8b_chat::trivia_qa_2_60k::base::main::32765,0
llama3.1_8b_chat::trivia_qa_2_60k::base::main::16011,0
llama3.1_8b_chat::trivia_qa_2_60k::base::main::15581,0
llama3.1_8b_chat::trivia_qa_2_60k::base::main::27023,0
llama3.1_8b_chat::trivia_qa_2_60k::base::main::26608,0
llama3.1_8b_chat::trivia_qa_2_60k::base::main::46638,0
llama3.1_8b_chat::trivia_qa_2_60k::base::main::46121,0
llama3.1_8b_chat::trivia_qa_2_60k::base::main::16865,0
llama3.1_8b_chat::trivia_qa_2_60k::base::main::49057,0
llama3.1_8b_chat::trivia_qa_2_60k::base::main::21881,0
llama3.1_8b_chat::trivia_qa_2_60k::base::main::41150,0
llama3.1_8b_chat::trivia_qa_2_60k::base::main::12610,0
llama3.1_8b_chat::trivia_qa_2_60k::base::main::39592,0
llama3.1_8b_chat::trivia_qa_2_60k::base::main::25674,0
llama3.1_8b_chat::trivia_qa_2_60k::base::main::32494,0
llama3.1_8b_chat::trivia_qa_2_60k::base::main::11801,0
llama3.1_8b_chat::trivia_qa_2_60k::base::main::35144,0
llama3.1_8b_chat::trivia_qa_2_60k::base::main::56040,0
llama3.1_8b_chat::trivia_qa_2_60k::base::main::7452,0
llama3.1_8b_chat::trivia_qa_2_60k::base::main::24608,0
llama3.1_8b_chat::trivia_qa_2_60k::base::main::19835,0
llama3.1_8b_chat::trivia_qa_2_60k::base::main::28178,0
llama3.1_8b_chat::trivia_qa_2_60k::base::main::11591,0
llama3.1_8b_chat::trivia_qa_2_60k::base::main::50169,0
llama3.1_8b_chat::trivia_qa_2_60k::base::main::20095,0
llama3.1_8b_chat::trivia_qa_2_60k::base::main::54126,0
llama3.1_8b_chat::trivia_qa_2_60k::base::main::51667,0
llama3.1_8b_chat::trivia_qa_2_60k::base::main::16155,0
llama3.1_8b_chat::trivia_qa_2_60k::base::main::14207,0
llama3.1_8b_chat::trivia_qa_2_60k::base::main::34777,0
llama3.1_8b_chat::trivia_qa_2_60k::base::main::56674,0
llama3.1_8b_chat::trivia_qa_2_60k::base::main::16377,0
llama3.1_8b_chat::trivia_qa_2_60k::base::main::31224,0
llama3.1_8b_chat::trivia_qa_2_60k::base::main::29081,0
llama3.1_8b_chat::trivia_qa_2_60k::base::main::54221,0
llama3.1_8b_chat::trivia_qa_2_60k::base::main::10952,0
llama3.1_8b_chat::trivia_qa_2_60k::base::main::41633,0
llama3.1_8b_chat::trivia_qa_2_60k::base::main::20945,0
llama3.1_8b_chat::trivia_qa_2_60k::base::main::5095,0
llama3.1_8b_chat::trivia_qa_2_60k::base::main::55329,0
llama3.1_8b_chat::trivia_qa_2_60k::base::main::55298,0
llama3.1_8b_chat::trivia_qa_2_60k::base::main::26288,0
llama3.1_8b_chat::trivia_qa_2_60k::base::main::17971,0
llama3.1_8b_chat::trivia_qa_2_60k::base::main::31359,0
llama3.1_8b_chat::trivia_qa_2_60k::base::main::15935,0
llama3.1_8b_chat::trivia_qa_2_60k::base::main::800,0
llama3.1_8b_chat::trivia_qa_2_60k::base::main::34514,0
llama3.1_8b_chat::trivia_qa_2_60k::base::main::45168,0
llama3.1_8b_chat::trivia_qa_2_60k::base::main::33380,0
llama3.1_8b_chat::trivia_qa_2_60k::base::main::5677,0
llama3.1_8b_chat::trivia_qa_2_60k::base::main::44806,0
llama3.1_8b_chat::trivia_qa_2_60k::base::main::3446,0
llama3.1_8b_chat::trivia_qa_2_60k::base::main::39540,0
llama3.1_8b_chat::trivia_qa_2_60k::base::main::22725,0
llama3.1_8b_chat::trivia_qa_2_60k::base::main::47832,0
llama3.1_8b_chat::trivia_qa_2_60k::base::main::9512,0
llama3.1_8b_chat::trivia_qa_2_60k::base::main::1932,0
llama3.1_8b_chat::trivia_qa_2_60k::base::main::8428,0
llama3.1_8b_chat::trivia_qa_2_60k::base::main::23627,0
llama3.1_8b_chat::trivia_qa_2_60k::base::main::42144,0
llama3.1_8b_chat::trivia_qa_2_60k::base::main::54445,0
llama3.1_8b_chat::trivia_qa_2_60k::base::main::35525,0
llama3.1_8b_chat::trivia_qa_2_60k::base::main::45985,0
llama3.1_8b_chat::trivia_qa_2_60k::base::main::24790,0
llama3.1_8b_chat::trivia_qa_2_60k::base::main::50896,0
llama3.1_8b_chat::trivia_qa_2_60k::base::main::50134,0
llama3.1_8b_chat::trivia_qa_2_60k::base::main::17348,0
llama3.1_8b_chat::trivia_qa_2_60k::base::main::39976,0
llama3.1_8b_chat::trivia_qa_2_60k::base::main::47694,0
llama3.1_8b_chat::trivia_qa_2_60k::base::main::24977,0
llama3.1_8b_chat::trivia_qa_2_60k::base::main::45785,0
llama3.1_8b_chat::trivia_qa_2_60k::base::main::17369,0
llama3.1_8b_chat::trivia_qa_2_60k::base::main::165,0
llama3.1_8b_chat::trivia_qa_2_60k::base::main::3270,0
llama3.1_8b_chat::trivia_qa_2_60k::base::main::9600,0
llama3.1_8b_chat::trivia_qa_2_60k::base::main::13057,0
llama3.1_8b_chat::trivia_qa_2_60k::base::main::48278,0
llama3.1_8b_chat::trivia_qa_2_60k::base::main::9620,0
llama3.1_8b_chat::trivia_qa_2_60k::base::main::48340,0
llama3.1_8b_chat::trivia_qa_2_60k::base::main::3913,0
llama3.1_8b_chat::trivia_qa_2_60k::base::main::5552,0
llama3.1_8b_chat::trivia_qa_2_60k::base::main::24898,0
llama3.1_8b_chat::trivia_qa_2_60k::base::main::18273,0
llama3.1_8b_chat::trivia_qa_2_60k::base::main::24210,0
llama3.1_8b_chat::trivia_qa_2_60k::base::main::21923,0
llama3.1_8b_chat::trivia_qa_2_60k::base::main::24875,0
llama3.1_8b_chat::trivia_qa_2_60k::base::main::48980,0
llama3.1_8b_chat::trivia_qa_2_60k::base::main::46879,0
llama3.1_8b_chat::trivia_qa_2_60k::base::main::56914,0
llama3.1_8b_chat::trivia_qa_2_60k::base::main::20308,0
llama3.1_8b_chat::trivia_qa_2_60k::base::main::53753,0
llama3.1_8b_chat::trivia_qa_2_60k::base::main::55932,0
llama3.1_8b_chat::trivia_qa_2_60k::base::main::58216,0
llama3.1_8b_chat::trivia_qa_2_60k::base::main::53570,0
llama3.1_8b_chat::trivia_qa_2_60k::base::main::28469,0
llama3.1_8b_chat::trivia_qa_2_60k::base::main::2037,0
llama3.1_8b_chat::trivia_qa_2_60k::base::main::37667,0
llama3.1_8b_chat::trivia_qa_2_60k::base::main::26963,0
llama3.1_8b_chat::trivia_qa_2_60k::base::main::24668,0
llama3.1_8b_chat::trivia_qa_2_60k::base::main::30649,0
llama3.1_8b_chat::trivia_qa_2_60k::base::main::12247,0
llama3.1_8b_chat::trivia_qa_2_60k::base::main::17703,0
llama3.1_8b_chat::trivia_qa_2_60k::base::main::28565,0
llama3.1_8b_chat::trivia_qa_2_60k::base::main::51959,0
llama3.1_8b_chat::trivia_qa_2_60k::base::main::40680,0
llama3.1_8b_chat::trivia_qa_2_60k::base::main::44549,0
llama3.1_8b_chat::trivia_qa_2_60k::base::main::107,0
llama3.1_8b_chat::trivia_qa_2_60k::base::main::33213,0
llama3.1_8b_chat::trivia_qa_2_60k::base::main::3544,0
llama3.1_8b_chat::trivia_qa_2_60k::base::main::47664,0
llama3.1_8b_chat::trivia_qa_2_60k::base::main::21028,0
llama3.1_8b_chat::trivia_qa_2_60k::base::main::49948,0
llama3.1_8b_chat::trivia_qa_2_60k::base::main::17893,0
llama3.1_8b_chat::trivia_qa_2_60k::base::main::1008,0
llama3.1_8b_chat::trivia_qa_2_60k::base::main::54910,0
llama3.1_8b_chat::trivia_qa_2_60k::base::main::56520,0
llama3.1_8b_chat::trivia_qa_2_60k::base::main::41411,0
llama3.1_8b_chat::trivia_qa_2_60k::base::main::6095,0
llama3.1_8b_chat::trivia_qa_2_60k::base::main::12724,0
llama3.1_8b_chat::trivia_qa_2_60k::base::main::20256,0
llama3.1_8b_chat::trivia_qa_2_60k::base::main::51070,0
llama3.1_8b_chat::trivia_qa_2_60k::base::main::9843,0
llama3.1_8b_chat::trivia_qa_2_60k::base::main::31355,0
llama3.1_8b_chat::trivia_qa_2_60k::base::main::24823,0
llama3.1_8b_chat::trivia_qa_2_60k::base::main::19990,0
llama3.1_8b_chat::trivia_qa_2_60k::base::main::29374,0
llama3.1_8b_chat::trivia_qa_2_60k::base::main::20853,0
llama3.1_8b_chat::trivia_qa_2_60k::base::main::19632,0
llama3.1_8b_chat::trivia_qa_2_60k::base::main::2215,0
llama3.1_8b_chat::trivia_qa_2_60k::base::main::36573,0
llama3.1_8b_chat::trivia_qa_2_60k::base::main::28987,0
llama3.1_8b_chat::trivia_qa_2_60k::base::main::47242,0
llama3.1_8b_chat::trivia_qa_2_60k::base::main::12942,0
llama3.1_8b_chat::trivia_qa_2_60k::base::main::21675,0
llama3.1_8b_chat::trivia_qa_2_60k::base::main::10709,0
llama3.1_8b_chat::trivia_qa_2_60k::base::main::7556,0
llama3.1_8b_chat::trivia_qa_2_60k::base::main::31459,0
llama3.1_8b_chat::trivia_qa_2_60k::base::main::53082,0
llama3.1_8b_chat::trivia_qa_2_60k::base::main::20686,0
llama3.1_8b_chat::trivia_qa_2_60k::base::main::38350,0
llama3.1_8b_chat::trivia_qa_2_60k::base::main::22981,0
llama3.1_8b_chat::trivia_qa_2_60k::base::main::29109,0
llama3.1_8b_chat::trivia_qa_2_60k::base::main::42376,0
llama3.1_8b_chat::trivia_qa_2_60k::base::main::45195,0
llama3.1_8b_chat::trivia_qa_2_60k::base::main::24145,0
llama3.1_8b_chat::trivia_qa_2_60k::base::main::22786,0
llama3.1_8b_chat::trivia_qa_2_60k::base::main::16553,0
llama3.1_8b_chat::trivia_qa_2_60k::base::main::44463,0
llama3.1_8b_chat::trivia_qa_2_60k::base::main::19187,0
llama3.1_8b_chat::trivia_qa_2_60k::base::main::7466,0
llama3.1_8b_chat::trivia_qa_2_60k::base::main::9571,0
llama3.1_8b_chat::trivia_qa_2_60k::base::main::25317,0
llama3.1_8b_chat::trivia_qa_2_60k::base::main::22554,0
llama3.1_8b_chat::trivia_qa_2_60k::base::main::51820,0
llama3.1_8b_chat::trivia_qa_2_60k::base::main::29210,0
llama3.1_8b_chat::trivia_qa_2_60k::base::main::21318,0
llama3.1_8b_chat::trivia_qa_2_60k::base::main::32481,0
llama3.1_8b_chat::trivia_qa_2_60k::base::main::31097,0
llama3.1_8b_chat::trivia_qa_2_60k::base::main::16538,0
llama3.1_8b_chat::trivia_qa_2_60k::base::main::26641,0
llama3.1_8b_chat::trivia_qa_2_60k::base::main::26518,0
llama3.1_8b_chat::trivia_qa_2_60k::base::main::42812,0
llama3.1_8b_chat::trivia_qa_2_60k::base::main::27878,0
llama3.1_8b_chat::trivia_qa_2_60k::base::main::8734,0
llama3.1_8b_chat::trivia_qa_2_60k::base::main::22439,0
llama3.1_8b_chat::trivia_qa_2_60k::base::main::10097,0
llama3.1_8b_chat::trivia_qa_2_60k::base::main::26848,0
llama3.1_8b_chat::trivia_qa_2_60k::base::main::40328,0
llama3.1_8b_chat::trivia_qa_2_60k::base::main::5291,0
llama3.1_8b_chat::trivia_qa_2_60k::base::main::3231,0
llama3.1_8b_chat::trivia_qa_2_60k::base::main::41329,0
llama3.1_8b_chat::trivia_qa_2_60k::base::main::51106,0
llama3.1_8b_chat::trivia_qa_2_60k::base::main::24163,0
llama3.1_8b_chat::trivia_qa_2_60k::base::main::20315,0
llama3.1_8b_chat::trivia_qa_2_60k::base::main::36771,0
llama3.1_8b_chat::trivia_qa_2_60k::base::main::43986,0
llama3.1_8b_chat::trivia_qa_2_60k::base::main::25099,0
llama3.1_8b_chat::trivia_qa_2_60k::base::main::44714,0
llama3.1_8b_chat::trivia_qa_2_60k::base::main::44327,0
llama3.1_8b_chat::trivia_qa_2_60k::base::main::10564,0
llama3.1_8b_chat::trivia_qa_2_60k::base::main::29950,0
llama3.1_8b_chat::trivia_qa_2_60k::base::main::42705,0
llama3.1_8b_chat::trivia_qa_2_60k::base::main::49997,0
llama3.1_8b_chat::trivia_qa_2_60k::base::main::17122,0
llama3.1_8b_chat::trivia_qa_2_60k::base::main::29468,0
llama3.1_8b_chat::trivia_qa_2_60k::base::main::36514,0
llama3.1_8b_chat::trivia_qa_2_60k::base::main::10421,0
llama3.1_8b_chat::trivia_qa_2_60k::base::main::13197,0
llama3.1_8b_chat::trivia_qa_2_60k::base::main::48480,0
llama3.1_8b_chat::trivia_qa_2_60k::base::main::25922,0
llama3.1_8b_chat::trivia_qa_2_60k::base::main::57785,0
llama3.1_8b_chat::trivia_qa_2_60k::base::main::11425,0
llama3.1_8b_chat::trivia_qa_2_60k::base::main::51814,0
llama3.1_8b_chat::trivia_qa_2_60k::base::main::47443,0
llama3.1_8b_chat::trivia_qa_2_60k::base::main::33130,0
llama3.1_8b_chat::trivia_qa_2_60k::base::main::30704,0
llama3.1_8b_chat::trivia_qa_2_60k::base::main::46981,0
llama3.1_8b_chat::trivia_qa_2_60k::base::main::29431,0
llama3.1_8b_chat::trivia_qa_2_60k::base::main::15489,0
llama3.1_8b_chat::trivia_qa_2_60k::base::main::1521,0
llama3.1_8b_chat::trivia_qa_2_60k::base::main::980,0
llama3.1_8b_chat::trivia_qa_2_60k::base::main::6863,0
llama3.1_8b_chat::trivia_qa_2_60k::base::main::42943,0
llama3.1_8b_chat::trivia_qa_2_60k::base::main::7103,0
llama3.1_8b_chat::trivia_qa_2_60k::base::main::4868,0
llama3.1_8b_chat::trivia_qa_2_60k::base::main::14374,0
llama3.1_8b_chat::trivia_qa_2_60k::base::main::46952,0
llama3.1_8b_chat::trivia_qa_2_60k::base::main::47055,0
llama3.1_8b_chat::trivia_qa_2_60k::base::main::23054,0
llama3.1_8b_chat::trivia_qa_2_60k::base::main::5498,0
llama3.1_8b_chat::trivia_qa_2_60k::base::main::27295,0
llama3.1_8b_chat::trivia_qa_2_60k::base::main::3479,0
llama3.1_8b_chat::trivia_qa_2_60k::base::main::49696,0
llama3.1_8b_chat::trivia_qa_2_60k::base::main::19193,0
llama3.1_8b_chat::trivia_qa_2_60k::base::main::47688,0
llama3.1_8b_chat::trivia_qa_2_60k::base::main::55356,0
llama3.1_8b_chat::trivia_qa_2_60k::base::main::19361,0
llama3.1_8b_chat::trivia_qa_2_60k::base::main::45230,0
llama3.1_8b_chat::trivia_qa_2_60k::base::main::38328,0
llama3.1_8b_chat::trivia_qa_2_60k::base::main::10188,0
llama3.1_8b_chat::trivia_qa_2_60k::base::main::21141,0
llama3.1_8b_chat::trivia_qa_2_60k::base::main::37089,0
llama3.1_8b_chat::trivia_qa_2_60k::base::main::45317,0
llama3.1_8b_chat::trivia_qa_2_60k::base::main::26545,0
llama3.1_8b_chat::trivia_qa_2_60k::base::main::27260,0
llama3.1_8b_chat::trivia_qa_2_60k::base::main::11173,0
llama3.1_8b_chat::trivia_qa_2_60k::base::main::28679,0
llama3.1_8b_chat::trivia_qa_2_60k::base::main::17587,0
llama3.1_8b_chat::trivia_qa_2_60k::base::main::5668,0
llama3.1_8b_chat::trivia_qa_2_60k::base::main::23408,0
llama3.1_8b_chat::trivia_qa_2_60k::base::main::55837,0
llama3.1_8b_chat::trivia_qa_2_60k::base::main::19704,0
llama3.1_8b_chat::trivia_qa_2_60k::base::main::23003,0
llama3.1_8b_chat::trivia_qa_2_60k::base::main::44992,0
llama3.1_8b_chat::trivia_qa_2_60k::base::main::49205,0
llama3.1_8b_chat::trivia_qa_2_60k::base::main::39907,0
llama3.1_8b_chat::trivia_qa_2_60k::base::main::9401,0
llama3.1_8b_chat::trivia_qa_2_60k::base::main::34958,0
llama3.1_8b_chat::trivia_qa_2_60k::base::main::49477,0
llama3.1_8b_chat::trivia_qa_2_60k::base::main::11635,0
llama3.1_8b_chat::trivia_qa_2_60k::base::main::50244,0
llama3.1_8b_chat::trivia_qa_2_60k::base::main::53992,0
llama3.1_8b_chat::trivia_qa_2_60k::base::main::45188,0
llama3.1_8b_chat::trivia_qa_2_60k::base::main::58446,0
llama3.1_8b_chat::trivia_qa_2_60k::base::main::8491,0
llama3.1_8b_chat::trivia_qa_2_60k::base::main::19439,0
llama3.1_8b_chat::trivia_qa_2_60k::base::main::40102,0
llama3.1_8b_chat::trivia_qa_2_60k::base::main::49570,0
llama3.1_8b_chat::trivia_qa_2_60k::base::main::299,0
llama3.1_8b_chat::trivia_qa_2_60k::base::main::2126,0
llama3.1_8b_chat::trivia_qa_2_60k::base::main::7261,0
llama3.1_8b_chat::trivia_qa_2_60k::base::main::13443,0
llama3.1_8b_chat::trivia_qa_2_60k::base::main::13997,0
llama3.1_8b_chat::trivia_qa_2_60k::base::main::25232,0
llama3.1_8b_chat::trivia_qa_2_60k::base::main::16786,0
llama3.1_8b_chat::trivia_qa_2_60k::base::main::15975,0
llama3.1_8b_chat::trivia_qa_2_60k::base::main::53969,0
llama3.1_8b_chat::trivia_qa_2_60k::base::main::20009,0
llama3.1_8b_chat::trivia_qa_2_60k::base::main::50741,0
llama3.1_8b_chat::trivia_qa_2_60k::base::main::54610,0
llama3.1_8b_chat::trivia_qa_2_60k::base::main::8564,0
llama3.1_8b_chat::trivia_qa_2_60k::base::main::49728,0
llama3.1_8b_chat::trivia_qa_2_60k::base::main::37396,0
llama3.1_8b_chat::trivia_qa_2_60k::base::main::28309,0
llama3.1_8b_chat::trivia_qa_2_60k::base::main::18179,0
llama3.1_8b_chat::trivia_qa_2_60k::base::main::49343,0
llama3.1_8b_chat::trivia_qa_2_60k::base::main::25663,0
llama3.1_8b_chat::trivia_qa_2_60k::base::main::49095,0
llama3.1_8b_chat::trivia_qa_2_60k::base::main::55682,0
llama3.1_8b_chat::trivia_qa_2_60k::base::main::54095,0
llama3.1_8b_chat::trivia_qa_2_60k::base::main::41682,0
llama3.1_8b_chat::trivia_qa_2_60k::base::main::20872,0
llama3.1_8b_chat::trivia_qa_2_60k::base::main::34489,0
llama3.1_8b_chat::trivia_qa_2_60k::base::main::43497,0
llama3.1_8b_chat::trivia_qa_2_60k::base::main::2887,0
llama3.1_8b_chat::trivia_qa_2_60k::base::main::20950,0
llama3.1_8b_chat::trivia_qa_2_60k::base::main::31883,0
llama3.1_8b_chat::trivia_qa_2_60k::base::main::41171,0
llama3.1_8b_chat::trivia_qa_2_60k::base::main::21080,0
llama3.1_8b_chat::trivia_qa_2_60k::base::main::52603,0
llama3.1_8b_chat::trivia_qa_2_60k::base::main::16777,0
llama3.1_8b_chat::trivia_qa_2_60k::base::main::30188,0
llama3.1_8b_chat::trivia_qa_2_60k::base::main::560,0
llama3.1_8b_chat::trivia_qa_2_60k::base::main::23055,0
llama3.1_8b_chat::trivia_qa_2_60k::base::main::54038,0
llama3.1_8b_chat::trivia_qa_2_60k::base::main::19111,0
llama3.1_8b_chat::trivia_qa_2_60k::base::main::17096,0
llama3.1_8b_chat::trivia_qa_2_60k::base::main::27086,0
llama3.1_8b_chat::trivia_qa_2_60k::base::main::22510,0
llama3.1_8b_chat::trivia_qa_2_60k::base::main::54063,0
llama3.1_8b_chat::trivia_qa_2_60k::base::main::44086,0
llama3.1_8b_chat::trivia_qa_2_60k::base::main::22093,0
llama3.1_8b_chat::trivia_qa_2_60k::base::main::51632,0
llama3.1_8b_chat::trivia_qa_2_60k::base::main::40632,0
llama3.1_8b_chat::trivia_qa_2_60k::base::main::42501,0
llama3.1_8b_chat::trivia_qa_2_60k::base::main::19495,0
llama3.1_8b_chat::trivia_qa_2_60k::base::main::40876,0
llama3.1_8b_chat::trivia_qa_2_60k::base::main::4143,0
llama3.1_8b_chat::trivia_qa_2_60k::base::main::50881,0
llama3.1_8b_chat::trivia_qa_2_60k::base::main::43640,0
llama3.1_8b_chat::trivia_qa_2_60k::base::main::50483,0
llama3.1_8b_chat::trivia_qa_2_60k::base::main::40106,0
llama3.1_8b_chat::trivia_qa_2_60k::base::main::52028,0
llama3.1_8b_chat::trivia_qa_2_60k::base::main::6628,0
llama3.1_8b_chat::trivia_qa_2_60k::base::main::37199,0
llama3.1_8b_chat::trivia_qa_2_60k::base::main::42778,0
llama3.1_8b_chat::trivia_qa_2_60k::base::main::25928,0
llama3.1_8b_chat::trivia_qa_2_60k::base::main::7633,0
llama3.1_8b_chat::trivia_qa_2_60k::base::main::11602,0
llama3.1_8b_chat::trivia_qa_2_60k::base::main::45896,0
llama3.1_8b_chat::trivia_qa_2_60k::base::main::1479,0
llama3.1_8b_chat::trivia_qa_2_60k::base::main::49708,0
llama3.1_8b_chat::trivia_qa_2_60k::base::main::41134,0
llama3.1_8b_chat::trivia_qa_2_60k::base::main::37490,0
llama3.1_8b_chat::trivia_qa_2_60k::base::main::31908,0
llama3.1_8b_chat::trivia_qa_2_60k::base::main::12151,0
llama3.1_8b_chat::trivia_qa_2_60k::base::main::9069,0
llama3.1_8b_chat::trivia_qa_2_60k::base::main::13442,0
llama3.1_8b_chat::trivia_qa_2_60k::base::main::14929,0
llama3.1_8b_chat::trivia_qa_2_60k::base::main::36259,0
llama3.1_8b_chat::trivia_qa_2_60k::base::main::49269,0
llama3.1_8b_chat::trivia_qa_2_60k::base::main::6468,0
llama3.1_8b_chat::trivia_qa_2_60k::base::main::34806,0
llama3.1_8b_chat::trivia_qa_2_60k::base::main::27618,0
llama3.1_8b_chat::trivia_qa_2_60k::base::main::17015,0
llama3.1_8b_chat::trivia_qa_2_60k::base::main::6422,0
llama3.1_8b_chat::trivia_qa_2_60k::base::main::19047,0
llama3.1_8b_chat::trivia_qa_2_60k::base::main::35956,0
llama3.1_8b_chat::trivia_qa_2_60k::base::main::43863,0
llama3.1_8b_chat::trivia_qa_2_60k::base::main::49770,0
llama3.1_8b_chat::trivia_qa_2_60k::base::main::34631,0
llama3.1_8b_chat::trivia_qa_2_60k::base::main::32628,0
llama3.1_8b_chat::trivia_qa_2_60k::base::main::32482,0
llama3.1_8b_chat::trivia_qa_2_60k::base::main::35690,0
llama3.1_8b_chat::trivia_qa_2_60k::base::main::3134,0
llama3.1_8b_chat::trivia_qa_2_60k::base::main::22619,0
llama3.1_8b_chat::trivia_qa_2_60k::base::main::8582,0
llama3.1_8b_chat::trivia_qa_2_60k::base::main::27055,0
llama3.1_8b_chat::trivia_qa_2_60k::base::main::40161,0
llama3.1_8b_chat::trivia_qa_2_60k::base::main::43643,0
llama3.1_8b_chat::trivia_qa_2_60k::base::main::53404,0
llama3.1_8b_chat::trivia_qa_2_60k::base::main::40643,0
llama3.1_8b_chat::trivia_qa_2_60k::base::main::14475,0
llama3.1_8b_chat::trivia_qa_2_60k::base::main::34233,0
llama3.1_8b_chat::trivia_qa_2_60k::base::main::32386,0
llama3.1_8b_chat::trivia_qa_2_60k::base::main::53974,0
llama3.1_8b_chat::trivia_qa_2_60k::base::main::12200,0
llama3.1_8b_chat::trivia_qa_2_60k::base::main::22217,0
llama3.1_8b_chat::trivia_qa_2_60k::base::main::51381,0
llama3.1_8b_chat::trivia_qa_2_60k::base::main::4177,0
llama3.1_8b_chat::trivia_qa_2_60k::base::main::13231,0
llama3.1_8b_chat::trivia_qa_2_60k::base::main::35844,0
llama3.1_8b_chat::trivia_qa_2_60k::base::main::48791,0
llama3.1_8b_chat::trivia_qa_2_60k::base::main::55375,0
llama3.1_8b_chat::trivia_qa_2_60k::base::main::22616,0
llama3.1_8b_chat::trivia_qa_2_60k::base::main::22124,0
llama3.1_8b_chat::trivia_qa_2_60k::base::main::21440,0
llama3.1_8b_chat::trivia_qa_2_60k::base::main::22716,0
llama3.1_8b_chat::trivia_qa_2_60k::base::main::327,0
llama3.1_8b_chat::trivia_qa_2_60k::base::main::194,0
llama3.1_8b_chat::trivia_qa_2_60k::base::main::55580,0
llama3.1_8b_chat::trivia_qa_2_60k::base::main::53282,0
llama3.1_8b_chat::trivia_qa_2_60k::base::main::14370,0
llama3.1_8b_chat::trivia_qa_2_60k::base::main::52464,0
llama3.1_8b_chat::trivia_qa_2_60k::base::main::6800,0
llama3.1_8b_chat::trivia_qa_2_60k::base::main::41085,0
llama3.1_8b_chat::trivia_qa_2_60k::base::main::47294,0
llama3.1_8b_chat::trivia_qa_2_60k::base::main::19141,0
llama3.1_8b_chat::trivia_qa_2_60k::base::main::5406,0
llama3.1_8b_chat::trivia_qa_2_60k::base::main::25842,0
llama3.1_8b_chat::trivia_qa_2_60k::base::main::27466,0
llama3.1_8b_chat::trivia_qa_2_60k::base::main::13293,0
llama3.1_8b_chat::trivia_qa_2_60k::base::main::4047,0
llama3.1_8b_chat::trivia_qa_2_60k::base::main::54298,0
llama3.1_8b_chat::trivia_qa_2_60k::base::main::14577,0
llama3.1_8b_chat::trivia_qa_2_60k::base::main::44171,0
llama3.1_8b_chat::trivia_qa_2_60k::base::main::25286,0
llama3.1_8b_chat::trivia_qa_2_60k::base::main::3312,0
llama3.1_8b_chat::trivia_qa_2_60k::base::main::36898,0
llama3.1_8b_chat::trivia_qa_2_60k::base::main::41881,0
llama3.1_8b_chat::trivia_qa_2_60k::base::main::40849,0
llama3.1_8b_chat::trivia_qa_2_60k::base::main::29050,0
llama3.1_8b_chat::trivia_qa_2_60k::base::main::10823,0
llama3.1_8b_chat::trivia_qa_2_60k::base::main::32169,0
llama3.1_8b_chat::trivia_qa_2_60k::base::main::36041,0
llama3.1_8b_chat::trivia_qa_2_60k::base::main::2528,0
llama3.1_8b_chat::trivia_qa_2_60k::base::main::17991,0
llama3.1_8b_chat::trivia_qa_2_60k::base::main::8360,0
llama3.1_8b_chat::trivia_qa_2_60k::base::main::19884,0
llama3.1_8b_chat::trivia_qa_2_60k::base::main::56235,0
llama3.1_8b_chat::trivia_qa_2_60k::base::main::3864,0
llama3.1_8b_chat::trivia_qa_2_60k::base::main::28093,0
llama3.1_8b_chat::trivia_qa_2_60k::base::main::16874,0
llama3.1_8b_chat::trivia_qa_2_60k::base::main::56641,0
llama3.1_8b_chat::trivia_qa_2_60k::base::main::55744,0
llama3.1_8b_chat::trivia_qa_2_60k::base::main::12167,0
llama3.1_8b_chat::trivia_qa_2_60k::base::main::8444,0
llama3.1_8b_chat::trivia_qa_2_60k::base::main::25723,0
llama3.1_8b_chat::trivia_qa_2_60k::base::main::17784,0
llama3.1_8b_chat::trivia_qa_2_60k::base::main::11847,0
llama3.1_8b_chat::trivia_qa_2_60k::base::main::53468,0
llama3.1_8b_chat::trivia_qa_2_60k::base::main::37630,0
llama3.1_8b_chat::trivia_qa_2_60k::base::main::7078,0
llama3.1_8b_chat::trivia_qa_2_60k::base::main::17566,0
llama3.1_8b_chat::trivia_qa_2_60k::base::main::30385,0
llama3.1_8b_chat::trivia_qa_2_60k::base::main::36757,0
llama3.1_8b_chat::trivia_qa_2_60k::base::main::29834,0
llama3.1_8b_chat::trivia_qa_2_60k::base::main::54524,0
llama3.1_8b_chat::trivia_qa_2_60k::base::main::2012,0
llama3.1_8b_chat::trivia_qa_2_60k::base::main::8018,0
llama3.1_8b_chat::trivia_qa_2_60k::base::main::30552,0
llama3.1_8b_chat::trivia_qa_2_60k::base::main::45668,0
llama3.1_8b_chat::trivia_qa_2_60k::base::main::32945,0
llama3.1_8b_chat::trivia_qa_2_60k::base::main::22134,0
llama3.1_8b_chat::trivia_qa_2_60k::base::main::7346,0
llama3.1_8b_chat::trivia_qa_2_60k::base::main::26324,0
llama3.1_8b_chat::trivia_qa_2_60k::base::main::38723,0
llama3.1_8b_chat::trivia_qa_2_60k::base::main::21236,0
llama3.1_8b_chat::trivia_qa_2_60k::base::main::53829,0
llama3.1_8b_chat::trivia_qa_2_60k::base::main::27855,0
llama3.1_8b_chat::trivia_qa_2_60k::base::main::14365,0
llama3.1_8b_chat::trivia_qa_2_60k::base::main::27249,0
llama3.1_8b_chat::trivia_qa_2_60k::base::main::17690,0
llama3.1_8b_chat::trivia_qa_2_60k::base::main::42616,0
llama3.1_8b_chat::trivia_qa_2_60k::base::main::48785,0
llama3.1_8b_chat::trivia_qa_2_60k::base::main::15727,0
llama3.1_8b_chat::trivia_qa_2_60k::base::main::25041,0
llama3.1_8b_chat::trivia_qa_2_60k::base::main::14558,0
llama3.1_8b_chat::trivia_qa_2_60k::base::main::38346,0
llama3.1_8b_chat::trivia_qa_2_60k::base::main::43006,0
llama3.1_8b_chat::trivia_qa_2_60k::base::main::47193,0
llama3.1_8b_chat::trivia_qa_2_60k::base::main::46717,0
llama3.1_8b_chat::trivia_qa_2_60k::base::main::27500,0
llama3.1_8b_chat::trivia_qa_2_60k::base::main::6845,0
llama3.1_8b_chat::trivia_qa_2_60k::base::main::39931,0
llama3.1_8b_chat::trivia_qa_2_60k::base::main::14074,0
llama3.1_8b_chat::trivia_qa_2_60k::base::main::20160,0
llama3.1_8b_chat::trivia_qa_2_60k::base::main::34963,0
llama3.1_8b_chat::trivia_qa_2_60k::base::main::50765,0
llama3.1_8b_chat::trivia_qa_2_60k::base::main::19354,0
llama3.1_8b_chat::trivia_qa_2_60k::base::main::7345,0
llama3.1_8b_chat::trivia_qa_2_60k::base::main::6969,0
llama3.1_8b_chat::trivia_qa_2_60k::base::main::3509,0
llama3.1_8b_chat::trivia_qa_2_60k::base::main::52282,0
llama3.1_8b_chat::trivia_qa_2_60k::base::main::17480,0
llama3.1_8b_chat::trivia_qa_2_60k::base::main::6670,0
llama3.1_8b_chat::trivia_qa_2_60k::base::main::8558,0
llama3.1_8b_chat::trivia_qa_2_60k::base::main::31115,0
llama3.1_8b_chat::trivia_qa_2_60k::base::main::41821,0
llama3.1_8b_chat::trivia_qa_2_60k::base::main::47709,0
llama3.1_8b_chat::trivia_qa_2_60k::base::main::52641,0
llama3.1_8b_chat::trivia_qa_2_60k::base::main::14578,0
llama3.1_8b_chat::trivia_qa_2_60k::base::main::5691,0
llama3.1_8b_chat::trivia_qa_2_60k::base::main::14161,0
llama3.1_8b_chat::trivia_qa_2_60k::base::main::38128,0
llama3.1_8b_chat::trivia_qa_2_60k::base::main::14669,0
llama3.1_8b_chat::trivia_qa_2_60k::base::main::52600,0
llama3.1_8b_chat::trivia_qa_2_60k::base::main::16451,0
llama3.1_8b_chat::trivia_qa_2_60k::base::main::14101,0
llama3.1_8b_chat::trivia_qa_2_60k::base::main::51608,0
llama3.1_8b_chat::trivia_qa_2_60k::base::main::20181,0
llama3.1_8b_chat::trivia_qa_2_60k::base::main::32736,0
llama3.1_8b_chat::trivia_qa_2_60k::base::main::6424,0
llama3.1_8b_chat::trivia_qa_2_60k::base::main::39443,0
llama3.1_8b_chat::trivia_qa_2_60k::base::main::3952,0
llama3.1_8b_chat::trivia_qa_2_60k::base::main::32265,0
llama3.1_8b_chat::trivia_qa_2_60k::base::main::35541,0
llama3.1_8b_chat::trivia_qa_2_60k::base::main::51525,0
llama3.1_8b_chat::trivia_qa_2_60k::base::main::29446,0
llama3.1_8b_chat::trivia_qa_2_60k::base::main::13564,0
llama3.1_8b_chat::trivia_qa_2_60k::base::main::54279,0
llama3.1_8b_chat::trivia_qa_2_60k::base::main::28782,0
llama3.1_8b_chat::trivia_qa_2_60k::base::main::32557,0
llama3.1_8b_chat::trivia_qa_2_60k::base::main::19864,0
llama3.1_8b_chat::trivia_qa_2_60k::base::main::40985,0
llama3.1_8b_chat::trivia_qa_2_60k::base::main::47245,0
llama3.1_8b_chat::trivia_qa_2_60k::base::main::8976,0
llama3.1_8b_chat::trivia_qa_2_60k::base::main::48800,0
llama3.1_8b_chat::trivia_qa_2_60k::base::main::52126,0
llama3.1_8b_chat::trivia_qa_2_60k::base::main::57397,0
llama3.1_8b_chat::trivia_qa_2_60k::base::main::24856,0
llama3.1_8b_chat::trivia_qa_2_60k::base::main::1800,0
llama3.1_8b_chat::trivia_qa_2_60k::base::main::453,0
llama3.1_8b_chat::trivia_qa_2_60k::base::main::56187,0
llama3.1_8b_chat::trivia_qa_2_60k::base::main::25145,0
llama3.1_8b_chat::trivia_qa_2_60k::base::main::5672,0
llama3.1_8b_chat::trivia_qa_2_60k::base::main::3300,0
llama3.1_8b_chat::trivia_qa_2_60k::base::main::33009,0
llama3.1_8b_chat::trivia_qa_2_60k::base::main::32051,0
llama3.1_8b_chat::trivia_qa_2_60k::base::main::3343,0
llama3.1_8b_chat::trivia_qa_2_60k::base::main::541,0
llama3.1_8b_chat::trivia_qa_2_60k::base::main::41409,0
llama3.1_8b_chat::trivia_qa_2_60k::base::main::23888,0
llama3.1_8b_chat::trivia_qa_2_60k::base::main::17890,0
llama3.1_8b_chat::trivia_qa_2_60k::base::main::7287,0
llama3.1_8b_chat::trivia_qa_2_60k::base::main::30009,0
llama3.1_8b_chat::trivia_qa_2_60k::base::main::35916,0
llama3.1_8b_chat::trivia_qa_2_60k::base::main::3659,0
llama3.1_8b_chat::trivia_qa_2_60k::base::main::11935,0
llama3.1_8b_chat::trivia_qa_2_60k::base::main::16643,0
llama3.1_8b_chat::trivia_qa_2_60k::base::main::12387,0
llama3.1_8b_chat::trivia_qa_2_60k::base::main::26399,0
llama3.1_8b_chat::trivia_qa_2_60k::base::main::21354,0
llama3.1_8b_chat::trivia_qa_2_60k::base::main::34667,0
llama3.1_8b_chat::trivia_qa_2_60k::base::main::12199,0
llama3.1_8b_chat::trivia_qa_2_60k::base::main::16205,0
llama3.1_8b_chat::trivia_qa_2_60k::base::main::29508,0
llama3.1_8b_chat::trivia_qa_2_60k::base::main::18043,0
llama3.1_8b_chat::trivia_qa_2_60k::base::main::50356,0
llama3.1_8b_chat::trivia_qa_2_60k::base::main::3280,0
llama3.1_8b_chat::trivia_qa_2_60k::base::main::54760,0
llama3.1_8b_chat::trivia_qa_2_60k::base::main::31904,0
llama3.1_8b_chat::trivia_qa_2_60k::base::main::5684,0
llama3.1_8b_chat::trivia_qa_2_60k::base::main::1363,0
llama3.1_8b_chat::trivia_qa_2_60k::base::main::6934,0
llama3.1_8b_chat::trivia_qa_2_60k::base::main::13728,0
llama3.1_8b_chat::trivia_qa_2_60k::base::main::57752,0
llama3.1_8b_chat::trivia_qa_2_60k::base::main::19368,0
llama3.1_8b_chat::trivia_qa_2_60k::base::main::10961,0
llama3.1_8b_chat::trivia_qa_2_60k::base::main::50978,0
llama3.1_8b_chat::trivia_qa_2_60k::base::main::34116,0
llama3.1_8b_chat::trivia_qa_2_60k::base::main::8034,0
llama3.1_8b_chat::trivia_qa_2_60k::base::main::54414,0
llama3.1_8b_chat::trivia_qa_2_60k::base::main::15347,0
llama3.1_8b_chat::trivia_qa_2_60k::base::main::50778,0
llama3.1_8b_chat::trivia_qa_2_60k::base::main::53858,0
llama3.1_8b_chat::trivia_qa_2_60k::base::main::7819,0
llama3.1_8b_chat::trivia_qa_2_60k::base::main::22235,0
llama3.1_8b_chat::trivia_qa_2_60k::base::main::57671,0
llama3.1_8b_chat::trivia_qa_2_60k::base::main::10616,0
llama3.1_8b_chat::trivia_qa_2_60k::base::main::30116,0
llama3.1_8b_chat::trivia_qa_2_60k::base::main::15862,0
llama3.1_8b_chat::trivia_qa_2_60k::base::main::29602,0
llama3.1_8b_chat::trivia_qa_2_60k::base::main::9402,0
llama3.1_8b_chat::trivia_qa_2_60k::base::main::7811,0
llama3.1_8b_chat::trivia_qa_2_60k::base::main::28838,0
llama3.1_8b_chat::trivia_qa_2_60k::base::main::4768,0
llama3.1_8b_chat::trivia_qa_2_60k::base::main::32852,0
llama3.1_8b_chat::trivia_qa_2_60k::base::main::22916,0
llama3.1_8b_chat::trivia_qa_2_60k::base::main::7264,0
llama3.1_8b_chat::trivia_qa_2_60k::base::main::56402,0
llama3.1_8b_chat::trivia_qa_2_60k::base::main::24795,0
llama3.1_8b_chat::trivia_qa_2_60k::base::main::41203,0
llama3.1_8b_chat::trivia_qa_2_60k::base::main::31274,0
llama3.1_8b_chat::trivia_qa_2_60k::base::main::53045,0
llama3.1_8b_chat::trivia_qa_2_60k::base::main::10876,0
llama3.1_8b_chat::trivia_qa_2_60k::base::main::30393,0
llama3.1_8b_chat::trivia_qa_2_60k::base::main::5246,0
llama3.1_8b_chat::trivia_qa_2_60k::base::main::33124,0
llama3.1_8b_chat::trivia_qa_2_60k::base::main::3026,0
llama3.1_8b_chat::trivia_qa_2_60k::base::main::42271,0
llama3.1_8b_chat::trivia_qa_2_60k::base::main::45635,0
llama3.1_8b_chat::trivia_qa_2_60k::base::main::26971,0
llama3.1_8b_chat::trivia_qa_2_60k::base::main::41753,0
llama3.1_8b_chat::trivia_qa_2_60k::base::main::3594,0
llama3.1_8b_chat::trivia_qa_2_60k::base::main::19219,0
llama3.1_8b_chat::trivia_qa_2_60k::base::main::38278,0
llama3.1_8b_chat::trivia_qa_2_60k::base::main::3251,0
llama3.1_8b_chat::trivia_qa_2_60k::base::main::26507,0
llama3.1_8b_chat::trivia_qa_2_60k::base::main::20690,0
llama3.1_8b_chat::trivia_qa_2_60k::base::main::22108,0
llama3.1_8b_chat::trivia_qa_2_60k::base::main::20970,0
llama3.1_8b_chat::trivia_qa_2_60k::base::main::23280,0
llama3.1_8b_chat::trivia_qa_2_60k::base::main::22071,0
llama3.1_8b_chat::trivia_qa_2_60k::base::main::19737,0
llama3.1_8b_chat::trivia_qa_2_60k::base::main::53735,0
llama3.1_8b_chat::trivia_qa_2_60k::base::main::19255,0
llama3.1_8b_chat::trivia_qa_2_60k::base::main::42508,0
llama3.1_8b_chat::trivia_qa_2_60k::base::main::41276,0
llama3.1_8b_chat::trivia_qa_2_60k::base::main::2772,0
llama3.1_8b_chat::trivia_qa_2_60k::base::main::38613,0
llama3.1_8b_chat::trivia_qa_2_60k::base::main::45560,0
llama3.1_8b_chat::trivia_qa_2_60k::base::main::33458,0
llama3.1_8b_chat::trivia_qa_2_60k::base::main::24385,0
llama3.1_8b_chat::trivia_qa_2_60k::base::main::18639,0
llama3.1_8b_chat::trivia_qa_2_60k::base::main::16758,0
llama3.1_8b_chat::trivia_qa_2_60k::base::main::18528,0
llama3.1_8b_chat::trivia_qa_2_60k::base::main::21803,0
llama3.1_8b_chat::trivia_qa_2_60k::base::main::10966,0
llama3.1_8b_chat::trivia_qa_2_60k::base::main::50182,0
llama3.1_8b_chat::trivia_qa_2_60k::base::main::53171,0
llama3.1_8b_chat::trivia_qa_2_60k::base::main::2046,0
llama3.1_8b_chat::trivia_qa_2_60k::base::main::54606,0
llama3.1_8b_chat::trivia_qa_2_60k::base::main::20732,0
llama3.1_8b_chat::trivia_qa_2_60k::base::main::39814,0
llama3.1_8b_chat::trivia_qa_2_60k::base::main::825,0
llama3.1_8b_chat::trivia_qa_2_60k::base::main::21761,0
llama3.1_8b_chat::trivia_qa_2_60k::base::main::50640,0
llama3.1_8b_chat::trivia_qa_2_60k::base::main::32607,0
llama3.1_8b_chat::trivia_qa_2_60k::base::main::31037,0
llama3.1_8b_chat::trivia_qa_2_60k::base::main::5419,0
llama3.1_8b_chat::trivia_qa_2_60k::base::main::6568,0
llama3.1_8b_chat::trivia_qa_2_60k::base::main::21486,0
llama3.1_8b_chat::trivia_qa_2_60k::base::main::30429,0
llama3.1_8b_chat::trivia_qa_2_60k::base::main::20582,0
llama3.1_8b_chat::trivia_qa_2_60k::base::main::30565,0
llama3.1_8b_chat::trivia_qa_2_60k::base::main::52112,0
llama3.1_8b_chat::trivia_qa_2_60k::base::main::24599,0
llama3.1_8b_chat::trivia_qa_2_60k::base::main::26631,0
llama3.1_8b_chat::trivia_qa_2_60k::base::main::55478,0
llama3.1_8b_chat::trivia_qa_2_60k::base::main::35439,0
llama3.1_8b_chat::trivia_qa_2_60k::base::main::30610,0
llama3.1_8b_chat::trivia_qa_2_60k::base::main::5110,0
llama3.1_8b_chat::trivia_qa_2_60k::base::main::56257,0
llama3.1_8b_chat::trivia_qa_2_60k::base::main::11302,0
llama3.1_8b_chat::trivia_qa_2_60k::base::main::41793,0
llama3.1_8b_chat::trivia_qa_2_60k::base::main::40799,0
llama3.1_8b_chat::trivia_qa_2_60k::base::main::12982,0
llama3.1_8b_chat::trivia_qa_2_60k::base::main::24951,0
llama3.1_8b_chat::trivia_qa_2_60k::base::main::52582,0
llama3.1_8b_chat::trivia_qa_2_60k::base::main::46921,0
llama3.1_8b_chat::trivia_qa_2_60k::base::main::49428,0
llama3.1_8b_chat::trivia_qa_2_60k::base::main::28416,0
llama3.1_8b_chat::trivia_qa_2_60k::base::main::31582,0
llama3.1_8b_chat::trivia_qa_2_60k::base::main::53305,0
llama3.1_8b_chat::trivia_qa_2_60k::base::main::3460,0
llama3.1_8b_chat::trivia_qa_2_60k::base::main::15824,0
llama3.1_8b_chat::trivia_qa_2_60k::base::main::8127,0
llama3.1_8b_chat::trivia_qa_2_60k::base::main::54392,0
llama3.1_8b_chat::trivia_qa_2_60k::base::main::24926,0
llama3.1_8b_chat::trivia_qa_2_60k::base::main::56189,0
llama3.1_8b_chat::trivia_qa_2_60k::base::main::49116,0
llama3.1_8b_chat::trivia_qa_2_60k::base::main::2858,0
llama3.1_8b_chat::trivia_qa_2_60k::base::main::26409,0
llama3.1_8b_chat::trivia_qa_2_60k::base::main::55206,0
llama3.1_8b_chat::trivia_qa_2_60k::base::main::15991,0
llama3.1_8b_chat::trivia_qa_2_60k::base::main::33683,0
llama3.1_8b_chat::trivia_qa_2_60k::base::main::2299,0
llama3.1_8b_chat::trivia_qa_2_60k::base::main::9507,0
llama3.1_8b_chat::trivia_qa_2_60k::base::main::43335,0
llama3.1_8b_chat::trivia_qa_2_60k::base::main::28436,0
llama3.1_8b_chat::trivia_qa_2_60k::base::main::55034,0
llama3.1_8b_chat::trivia_qa_2_60k::base::main::58542,0
llama3.1_8b_chat::trivia_qa_2_60k::base::main::39441,0
llama3.1_8b_chat::trivia_qa_2_60k::base::main::39314,0
llama3.1_8b_chat::trivia_qa_2_60k::base::main::17315,0
llama3.1_8b_chat::trivia_qa_2_60k::base::main::14091,0
llama3.1_8b_chat::trivia_qa_2_60k::base::main::36980,0
llama3.1_8b_chat::trivia_qa_2_60k::base::main::41239,0
llama3.1_8b_chat::trivia_qa_2_60k::base::main::10764,0
llama3.1_8b_chat::trivia_qa_2_60k::base::main::13128,0
llama3.1_8b_chat::trivia_qa_2_60k::base::main::37423,0
llama3.1_8b_chat::trivia_qa_2_60k::base::main::56269,0
llama3.1_8b_chat::trivia_qa_2_60k::base::main::41413,0
llama3.1_8b_chat::trivia_qa_2_60k::base::main::36095,0
llama3.1_8b_chat::trivia_qa_2_60k::base::main::19799,0
llama3.1_8b_chat::trivia_qa_2_60k::base::main::27277,0
llama3.1_8b_chat::trivia_qa_2_60k::base::main::13944,0
llama3.1_8b_chat::trivia_qa_2_60k::base::main::35751,0
llama3.1_8b_chat::trivia_qa_2_60k::base::main::14453,0
llama3.1_8b_chat::trivia_qa_2_60k::base::main::1550,0
llama3.1_8b_chat::trivia_qa_2_60k::base::main::4949,0
llama3.1_8b_chat::trivia_qa_2_60k::base::main::9884,0
llama3.1_8b_chat::trivia_qa_2_60k::base::main::49369,0
llama3.1_8b_chat::trivia_qa_2_60k::base::main::52598,0
llama3.1_8b_chat::trivia_qa_2_60k::base::main::25603,0
llama3.1_8b_chat::trivia_qa_2_60k::base::main::31976,0
llama3.1_8b_chat::trivia_qa_2_60k::base::main::52064,0
llama3.1_8b_chat::trivia_qa_2_60k::base::main::37440,0
llama3.1_8b_chat::trivia_qa_2_60k::base::main::9155,0
llama3.1_8b_chat::trivia_qa_2_60k::base::main::20710,0
llama3.1_8b_chat::trivia_qa_2_60k::base::main::27968,0
llama3.1_8b_chat::trivia_qa_2_60k::base::main::7101,0
llama3.1_8b_chat::trivia_qa_2_60k::base::main::31612,0
llama3.1_8b_chat::trivia_qa_2_60k::base::main::28857,0
llama3.1_8b_chat::trivia_qa_2_60k::base::main::10237,0
llama3.1_8b_chat::trivia_qa_2_60k::base::main::36866,0
llama3.1_8b_chat::trivia_qa_2_60k::base::main::43586,0
llama3.1_8b_chat::trivia_qa_2_60k::base::main::52113,0
llama3.1_8b_chat::trivia_qa_2_60k::base::main::6035,0
llama3.1_8b_chat::trivia_qa_2_60k::base::main::43434,0
llama3.1_8b_chat::trivia_qa_2_60k::base::main::45512,0
llama3.1_8b_chat::trivia_qa_2_60k::base::main::38269,0
llama3.1_8b_chat::trivia_qa_2_60k::base::main::33255,0
llama3.1_8b_chat::trivia_qa_2_60k::base::main::48972,0
llama3.1_8b_chat::trivia_qa_2_60k::base::main::13851,0
llama3.1_8b_chat::trivia_qa_2_60k::base::main::58111,0
llama3.1_8b_chat::trivia_qa_2_60k::base::main::38745,0
llama3.1_8b_chat::trivia_qa_2_60k::base::main::30132,0
llama3.1_8b_chat::trivia_qa_2_60k::base::main::27476,0
llama3.1_8b_chat::trivia_qa_2_60k::base::main::55354,0
llama3.1_8b_chat::trivia_qa_2_60k::base::main::49904,0
llama3.1_8b_chat::trivia_qa_2_60k::base::main::35799,0
llama3.1_8b_chat::trivia_qa_2_60k::base::main::22819,0
llama3.1_8b_chat::trivia_qa_2_60k::base::main::35384,0
llama3.1_8b_chat::trivia_qa_2_60k::base::main::46417,0
llama3.1_8b_chat::trivia_qa_2_60k::base::main::37431,0
llama3.1_8b_chat::trivia_qa_2_60k::base::main::16555,0
llama3.1_8b_chat::trivia_qa_2_60k::base::main::45470,0
llama3.1_8b_chat::trivia_qa_2_60k::base::main::53866,0
llama3.1_8b_chat::trivia_qa_2_60k::base::main::51315,0
llama3.1_8b_chat::trivia_qa_2_60k::base::main::34196,0
llama3.1_8b_chat::trivia_qa_2_60k::base::main::45434,0
llama3.1_8b_chat::trivia_qa_2_60k::base::main::16881,0
llama3.1_8b_chat::trivia_qa_2_60k::base::main::19636,0
llama3.1_8b_chat::trivia_qa_2_60k::base::main::49757,0
llama3.1_8b_chat::trivia_qa_2_60k::base::main::51750,0
llama3.1_8b_chat::trivia_qa_2_60k::base::main::34610,0
llama3.1_8b_chat::trivia_qa_2_60k::base::main::28602,0
llama3.1_8b_chat::trivia_qa_2_60k::base::main::44606,0
llama3.1_8b_chat::trivia_qa_2_60k::base::main::29163,0
llama3.1_8b_chat::trivia_qa_2_60k::base::main::16705,0
llama3.1_8b_chat::trivia_qa_2_60k::base::main::57316,0
llama3.1_8b_chat::trivia_qa_2_60k::base::main::24661,0
llama3.1_8b_chat::trivia_qa_2_60k::base::main::39179,0
llama3.1_8b_chat::trivia_qa_2_60k::base::main::30779,0
llama3.1_8b_chat::trivia_qa_2_60k::base::main::55114,0
llama3.1_8b_chat::trivia_qa_2_60k::base::main::43960,0
llama3.1_8b_chat::trivia_qa_2_60k::base::main::46419,0
llama3.1_8b_chat::trivia_qa_2_60k::base::main::58421,0
llama3.1_8b_chat::trivia_qa_2_60k::base::main::52168,0
llama3.1_8b_chat::trivia_qa_2_60k::base::main::38537,0
llama3.1_8b_chat::trivia_qa_2_60k::base::main::42686,0
llama3.1_8b_chat::trivia_qa_2_60k::base::main::10343,0
llama3.1_8b_chat::trivia_qa_2_60k::base::main::57839,0
llama3.1_8b_chat::trivia_qa_2_60k::base::main::2960,0
llama3.1_8b_chat::trivia_qa_2_60k::base::main::12060,0
llama3.1_8b_chat::trivia_qa_2_60k::base::main::47759,0
llama3.1_8b_chat::trivia_qa_2_60k::base::main::33184,0
llama3.1_8b_chat::trivia_qa_2_60k::base::main::41433,0
llama3.1_8b_chat::trivia_qa_2_60k::base::main::7668,0
llama3.1_8b_chat::trivia_qa_2_60k::base::main::23331,0
llama3.1_8b_chat::trivia_qa_2_60k::base::main::10642,0
llama3.1_8b_chat::trivia_qa_2_60k::base::main::36462,0
llama3.1_8b_chat::trivia_qa_2_60k::base::main::15299,0
llama3.1_8b_chat::trivia_qa_2_60k::base::main::11711,0
llama3.1_8b_chat::trivia_qa_2_60k::base::main::50781,0
llama3.1_8b_chat::trivia_qa_2_60k::base::main::5405,0
llama3.1_8b_chat::trivia_qa_2_60k::base::main::13850,0
llama3.1_8b_chat::trivia_qa_2_60k::base::main::17535,0
llama3.1_8b_chat::trivia_qa_2_60k::base::main::664,0
llama3.1_8b_chat::trivia_qa_2_60k::base::main::9354,0
llama3.1_8b_chat::trivia_qa_2_60k::base::main::26428,0
llama3.1_8b_chat::trivia_qa_2_60k::base::main::1528,0
llama3.1_8b_chat::trivia_qa_2_60k::base::main::49859,0
llama3.1_8b_chat::trivia_qa_2_60k::base::main::56183,0
llama3.1_8b_chat::trivia_qa_2_60k::base::main::54671,0
llama3.1_8b_chat::trivia_qa_2_60k::base::main::38312,0
llama3.1_8b_chat::trivia_qa_2_60k::base::main::46467,0
llama3.1_8b_chat::trivia_qa_2_60k::base::main::45077,0
llama3.1_8b_chat::trivia_qa_2_60k::base::main::30063,0
llama3.1_8b_chat::trivia_qa_2_60k::base::main::16354,0
llama3.1_8b_chat::trivia_qa_2_60k::base::main::31157,0
llama3.1_8b_chat::trivia_qa_2_60k::base::main::2404,0
llama3.1_8b_chat::trivia_qa_2_60k::base::main::2320,0
llama3.1_8b_chat::trivia_qa_2_60k::base::main::48547,0
llama3.1_8b_chat::trivia_qa_2_60k::base::main::33873,0
llama3.1_8b_chat::trivia_qa_2_60k::base::main::17945,0
llama3.1_8b_chat::trivia_qa_2_60k::base::main::16059,0
llama3.1_8b_chat::trivia_qa_2_60k::base::main::5004,0
llama3.1_8b_chat::trivia_qa_2_60k::base::main::33055,0
llama3.1_8b_chat::trivia_qa_2_60k::base::main::28163,0
llama3.1_8b_chat::trivia_qa_2_60k::base::main::27365,0
llama3.1_8b_chat::trivia_qa_2_60k::base::main::28921,0
llama3.1_8b_chat::trivia_qa_2_60k::base::main::29692,0
llama3.1_8b_chat::trivia_qa_2_60k::base::main::40269,0
llama3.1_8b_chat::trivia_qa_2_60k::base::main::13437,0
llama3.1_8b_chat::trivia_qa_2_60k::base::main::47163,0
llama3.1_8b_chat::trivia_qa_2_60k::base::main::1049,0
llama3.1_8b_chat::trivia_qa_2_60k::base::main::35521,0
llama3.1_8b_chat::trivia_qa_2_60k::base::main::19369,0
llama3.1_8b_chat::trivia_qa_2_60k::base::main::54371,0
llama3.1_8b_chat::trivia_qa_2_60k::base::main::292,0
llama3.1_8b_chat::trivia_qa_2_60k::base::main::45037,0
llama3.1_8b_chat::trivia_qa_2_60k::base::main::52141,0
llama3.1_8b_chat::trivia_qa_2_60k::base::main::17253,0
llama3.1_8b_chat::trivia_qa_2_60k::base::main::19988,0
llama3.1_8b_chat::trivia_qa_2_60k::base::main::2784,0
llama3.1_8b_chat::trivia_qa_2_60k::base::main::44618,0
llama3.1_8b_chat::trivia_qa_2_60k::base::main::35515,0
llama3.1_8b_chat::trivia_qa_2_60k::base::main::28466,0
llama3.1_8b_chat::trivia_qa_2_60k::base::main::10926,0
llama3.1_8b_chat::trivia_qa_2_60k::base::main::6983,0
llama3.1_8b_chat::trivia_qa_2_60k::base::main::4370,0
llama3.1_8b_chat::trivia_qa_2_60k::base::main::26765,0
llama3.1_8b_chat::trivia_qa_2_60k::base::main::32505,0
llama3.1_8b_chat::trivia_qa_2_60k::base::main::25728,0
llama3.1_8b_chat::trivia_qa_2_60k::base::main::40944,0
llama3.1_8b_chat::trivia_qa_2_60k::base::main::25427,0
llama3.1_8b_chat::trivia_qa_2_60k::base::main::1154,0
llama3.1_8b_chat::trivia_qa_2_60k::base::main::17701,0
llama3.1_8b_chat::trivia_qa_2_60k::base::main::28128,0
llama3.1_8b_chat::trivia_qa_2_60k::base::main::28595,0
llama3.1_8b_chat::trivia_qa_2_60k::base::main::11476,0
llama3.1_8b_chat::trivia_qa_2_60k::base::main::43739,0
llama3.1_8b_chat::trivia_qa_2_60k::base::main::4153,0
llama3.1_8b_chat::trivia_qa_2_60k::base::main::40515,0
llama3.1_8b_chat::trivia_qa_2_60k::base::main::32885,0
llama3.1_8b_chat::trivia_qa_2_60k::base::main::21697,0
llama3.1_8b_chat::trivia_qa_2_60k::base::main::6044,0
llama3.1_8b_chat::trivia_qa_2_60k::base::main::49044,0
llama3.1_8b_chat::trivia_qa_2_60k::base::main::54834,0
llama3.1_8b_chat::trivia_qa_2_60k::base::main::34193,0
llama3.1_8b_chat::trivia_qa_2_60k::base::main::21352,0
llama3.1_8b_chat::trivia_qa_2_60k::base::main::48703,0
llama3.1_8b_chat::trivia_qa_2_60k::base::main::2205,0
llama3.1_8b_chat::trivia_qa_2_60k::base::main::2129,0
llama3.1_8b_chat::trivia_qa_2_60k::base::main::8531,0
llama3.1_8b_chat::trivia_qa_2_60k::base::main::47909,0
llama3.1_8b_chat::trivia_qa_2_60k::base::main::24459,0
llama3.1_8b_chat::trivia_qa_2_60k::base::main::26627,0
llama3.1_8b_chat::trivia_qa_2_60k::base::main::28796,0
llama3.1_8b_chat::trivia_qa_2_60k::base::main::50723,0
llama3.1_8b_chat::trivia_qa_2_60k::base::main::20043,0
llama3.1_8b_chat::trivia_qa_2_60k::base::main::54966,0
llama3.1_8b_chat::trivia_qa_2_60k::base::main::43996,0
llama3.1_8b_chat::trivia_qa_2_60k::base::main::19494,0
llama3.1_8b_chat::trivia_qa_2_60k::base::main::26373,0
llama3.1_8b_chat::trivia_qa_2_60k::base::main::50994,0
llama3.1_8b_chat::trivia_qa_2_60k::base::main::31850,0
llama3.1_8b_chat::trivia_qa_2_60k::base::main::28526,0
llama3.1_8b_chat::trivia_qa_2_60k::base::main::16665,0
llama3.1_8b_chat::trivia_qa_2_60k::base::main::47953,0
llama3.1_8b_chat::trivia_qa_2_60k::base::main::17026,0
llama3.1_8b_chat::trivia_qa_2_60k::base::main::48233,0
llama3.1_8b_chat::trivia_qa_2_60k::base::main::51418,0
llama3.1_8b_chat::trivia_qa_2_60k::base::main::52370,0
llama3.1_8b_chat::trivia_qa_2_60k::base::main::40408,0
llama3.1_8b_chat::trivia_qa_2_60k::base::main::17715,0
llama3.1_8b_chat::trivia_qa_2_60k::base::main::4663,0
llama3.1_8b_chat::trivia_qa_2_60k::base::main::52857,0
llama3.1_8b_chat::trivia_qa_2_60k::base::main::42946,0
llama3.1_8b_chat::trivia_qa_2_60k::base::main::44553,0
llama3.1_8b_chat::trivia_qa_2_60k::base::main::30925,0
llama3.1_8b_chat::trivia_qa_2_60k::base::main::42479,0
llama3.1_8b_chat::trivia_qa_2_60k::base::main::34473,0
llama3.1_8b_chat::trivia_qa_2_60k::base::main::15496,0
llama3.1_8b_chat::trivia_qa_2_60k::base::main::42776,0
llama3.1_8b_chat::trivia_qa_2_60k::base::main::35790,0
llama3.1_8b_chat::trivia_qa_2_60k::base::main::14457,0
llama3.1_8b_chat::trivia_qa_2_60k::base::main::53488,0
llama3.1_8b_chat::trivia_qa_2_60k::base::main::31806,0
llama3.1_8b_chat::trivia_qa_2_60k::base::main::38850,0
llama3.1_8b_chat::trivia_qa_2_60k::base::main::21790,0
llama3.1_8b_chat::trivia_qa_2_60k::base::main::42352,0
llama3.1_8b_chat::trivia_qa_2_60k::base::main::34322,0
llama3.1_8b_chat::trivia_qa_2_60k::base::main::14956,0
llama3.1_8b_chat::trivia_qa_2_60k::base::main::16101,0
llama3.1_8b_chat::trivia_qa_2_60k::base::main::3585,0
llama3.1_8b_chat::trivia_qa_2_60k::base::main::40493,0
llama3.1_8b_chat::trivia_qa_2_60k::base::main::36160,0
llama3.1_8b_chat::trivia_qa_2_60k::base::main::57892,0
llama3.1_8b_chat::trivia_qa_2_60k::base::main::4110,0
llama3.1_8b_chat::trivia_qa_2_60k::base::main::29522,0
llama3.1_8b_chat::trivia_qa_2_60k::base::main::31636,0
llama3.1_8b_chat::trivia_qa_2_60k::base::main::16768,0
llama3.1_8b_chat::trivia_qa_2_60k::base::main::49731,0
llama3.1_8b_chat::trivia_qa_2_60k::base::main::11956,0
llama3.1_8b_chat::trivia_qa_2_60k::base::main::3950,0
