sample_id,label
llama3.1_8b_chat::trivia_qa_2_60k::base::main::9855,1
llama3.1_8b_chat::trivia_qa_2_60k::base::main::16963,1
llama3.1_8b_chat::trivia_qa_2_60k::base::main::18820,1
llama3.1_8b_chat::trivia_qa_2_60k::base::main::43900,1
llama3.1_8b_chat::trivia_qa_2_60k::base::main::29883,1
llama3.1_8b_chat::trivia_qa_2_60k::base::main::9991,1
llama3.1_8b_chat::trivia_qa_2_60k::base::main::57056,1
llama3.1_8b_chat::trivia_qa_2_60k::base::main::21850,1
llama3.1_8b_chat::trivia_qa_2_60k::base::main::18212,1
llama3.1_8b_chat::trivia_qa_2_60k::base::main::8915,1
llama3.1_8b_chat::trivia_qa_2_60k::base::main::7691,1
llama3.1_8b_chat::trivia_qa_2_60k::base::main::35244,1
llama3.1_8b_chat::trivia_qa_2_60k::base::main::6432,1
llama3.1_8b_chat::trivia_qa_2_60k::base::main::26364,1
llama3.1_8b_chat::trivia_qa_2_60k::base::main::52251,1
llama3.1_8b_chat::trivia_qa_2_60k::base::main::56607,1
llama3.1_8b_chat::trivia_qa_2_60k::base::main::42913,1
llama3.1_8b_chat::trivia_qa_2_60k::base::main::17021,1
llama3.1_8b_chat::trivia_qa_2_60k::base::main::47623,1
llama3.1_8b_chat::trivia_qa_2_60k::base::main::821,1
llama3.1_8b_chat::trivia_qa_2_60k::base::main::37464,1
llama3.1_8b_chat::trivia_qa_2_60k::base::main::54751,1
llama3.1_8b_chat::trivia_qa_2_60k::base::main::5047,1
llama3.1_8b_chat::trivia_qa_2_60k::base::main::47597,1
llama3.1_8b_chat::trivia_qa_2_60k::base::main::27478,1
llama3.1_8b_chat::trivia_qa_2_60k::base::main::35061,1
llama3.1_8b_chat::trivia_qa_2_60k::base::main::40423,1
llama3.1_8b_chat::trivia_qa_2_60k::base::main::56884,1
llama3.1_8b_chat::trivia_qa_2_60k::base::main::55231,1
llama3.1_8b_chat::trivia_qa_2_60k::base::main::37882,1
llama3.1_8b_chat::trivia_qa_2_60k::base::main::34685,1
llama3.1_8b_chat::trivia_qa_2_60k::base::main::46350,1
llama3.1_8b_chat::trivia_qa_2_60k::base::main::7080,1
llama3.1_8b_chat::trivia_qa_2_60k::base::main::2865,1
llama3.1_8b_chat::trivia_qa_2_60k::base::main::12695,1
llama3.1_8b_chat::trivia_qa_2_60k::base::main::44808,1
llama3.1_8b_chat::trivia_qa_2_60k::base::main::37355,1
llama3.1_8b_chat::trivia_qa_2_60k::base::main::52750,1
llama3.1_8b_chat::trivia_qa_2_60k::base::main::18838,1
llama3.1_8b_chat::trivia_qa_2_60k::base::main::32363,1
llama3.1_8b_chat::trivia_qa_2_60k::base::main::55256,1
llama3.1_8b_chat::trivia_qa_2_60k::base::main::21104,1
llama3.1_8b_chat::trivia_qa_2_60k::base::main::4903,1
llama3.1_8b_chat::trivia_qa_2_60k::base::main::21922,1
llama3.1_8b_chat::trivia_qa_2_60k::base::main::8730,1
llama3.1_8b_chat::trivia_qa_2_60k::base::main::22936,1
llama3.1_8b_chat::trivia_qa_2_60k::base::main::50625,1
llama3.1_8b_chat::trivia_qa_2_60k::base::main::34664,1
llama3.1_8b_chat::trivia_qa_2_60k::base::main::37017,1
llama3.1_8b_chat::trivia_qa_2_60k::base::main::46769,1
llama3.1_8b_chat::trivia_qa_2_60k::base::main::43178,1
llama3.1_8b_chat::trivia_qa_2_60k::base::main::27330,1
llama3.1_8b_chat::trivia_qa_2_60k::base::main::27052,1
llama3.1_8b_chat::trivia_qa_2_60k::base::main::38759,1
llama3.1_8b_chat::trivia_qa_2_60k::base::main::16688,1
llama3.1_8b_chat::trivia_qa_2_60k::base::main::11679,1
llama3.1_8b_chat::trivia_qa_2_60k::base::main::17739,1
llama3.1_8b_chat::trivia_qa_2_60k::base::main::3766,1
llama3.1_8b_chat::trivia_qa_2_60k::base::main::3532,1
llama3.1_8b_chat::trivia_qa_2_60k::base::main::27927,1
llama3.1_8b_chat::trivia_qa_2_60k::base::main::34861,1
llama3.1_8b_chat::trivia_qa_2_60k::base::main::2018,1
llama3.1_8b_chat::trivia_qa_2_60k::base::main::10871,1
llama3.1_8b_chat::trivia_qa_2_60k::base::main::11628,1
llama3.1_8b_chat::trivia_qa_2_60k::base::main::47235,1
llama3.1_8b_chat::trivia_qa_2_60k::base::main::52820,1
llama3.1_8b_chat::trivia_qa_2_60k::base::main::15808,1
llama3.1_8b_chat::trivia_qa_2_60k::base::main::21116,1
llama3.1_8b_chat::trivia_qa_2_60k::base::main::23899,1
llama3.1_8b_chat::trivia_qa_2_60k::base::main::2257,1
llama3.1_8b_chat::trivia_qa_2_60k::base::main::21445,1
llama3.1_8b_chat::trivia_qa_2_60k::base::main::10119,1
llama3.1_8b_chat::trivia_qa_2_60k::base::main::9407,1
llama3.1_8b_chat::trivia_qa_2_60k::base::main::2287,1
llama3.1_8b_chat::trivia_qa_2_60k::base::main::7293,1
llama3.1_8b_chat::trivia_qa_2_60k::base::main::39495,1
llama3.1_8b_chat::trivia_qa_2_60k::base::main::46271,1
llama3.1_8b_chat::trivia_qa_2_60k::base::main::23452,1
llama3.1_8b_chat::trivia_qa_2_60k::base::main::20822,1
llama3.1_8b_chat::trivia_qa_2_60k::base::main::18255,1
llama3.1_8b_chat::trivia_qa_2_60k::base::main::29729,1
llama3.1_8b_chat::trivia_qa_2_60k::base::main::42176,1
llama3.1_8b_chat::trivia_qa_2_60k::base::main::7362,1
llama3.1_8b_chat::trivia_qa_2_60k::base::main::3821,1
llama3.1_8b_chat::trivia_qa_2_60k::base::main::18143,1
llama3.1_8b_chat::trivia_qa_2_60k::base::main::4544,1
llama3.1_8b_chat::trivia_qa_2_60k::base::main::56046,1
llama3.1_8b_chat::trivia_qa_2_60k::base::main::3184,1
llama3.1_8b_chat::trivia_qa_2_60k::base::main::2100,1
llama3.1_8b_chat::trivia_qa_2_60k::base::main::40536,1
llama3.1_8b_chat::trivia_qa_2_60k::base::main::26312,1
llama3.1_8b_chat::trivia_qa_2_60k::base::main::14296,1
llama3.1_8b_chat::trivia_qa_2_60k::base::main::35360,1
llama3.1_8b_chat::trivia_qa_2_60k::base::main::46068,1
llama3.1_8b_chat::trivia_qa_2_60k::base::main::7383,1
llama3.1_8b_chat::trivia_qa_2_60k::base::main::46844,1
llama3.1_8b_chat::trivia_qa_2_60k::base::main::30585,1
llama3.1_8b_chat::trivia_qa_2_60k::base::main::40765,1
llama3.1_8b_chat::trivia_qa_2_60k::base::main::17540,1
llama3.1_8b_chat::trivia_qa_2_60k::base::main::3465,1
llama3.1_8b_chat::trivia_qa_2_60k::base::main::7107,1
llama3.1_8b_chat::trivia_qa_2_60k::base::main::28231,1
llama3.1_8b_chat::trivia_qa_2_60k::base::main::12838,1
llama3.1_8b_chat::trivia_qa_2_60k::base::main::30193,1
llama3.1_8b_chat::trivia_qa_2_60k::base::main::9851,1
llama3.1_8b_chat::trivia_qa_2_60k::base::main::23565,1
llama3.1_8b_chat::trivia_qa_2_60k::base::main::45228,1
llama3.1_8b_chat::trivia_qa_2_60k::base::main::8554,1
llama3.1_8b_chat::trivia_qa_2_60k::base::main::1094,1
llama3.1_8b_chat::trivia_qa_2_60k::base::main::29820,1
llama3.1_8b_chat::trivia_qa_2_60k::base::main::16672,1
llama3.1_8b_chat::trivia_qa_2_60k::base::main::11976,1
llama3.1_8b_chat::trivia_qa_2_60k::base::main::31151,1
llama3.1_8b_chat::trivia_qa_2_60k::base::main::7835,1
llama3.1_8b_chat::trivia_qa_2_60k::base::main::41392,1
llama3.1_8b_chat::trivia_qa_2_60k::base::main::34169,1
llama3.1_8b_chat::trivia_qa_2_60k::base::main::45474,1
llama3.1_8b_chat::trivia_qa_2_60k::base::main::45370,1
llama3.1_8b_chat::trivia_qa_2_60k::base::main::20397,1
llama3.1_8b_chat::trivia_qa_2_60k::base::main::26307,1
llama3.1_8b_chat::trivia_qa_2_60k::base::main::49551,1
llama3.1_8b_chat::trivia_qa_2_60k::base::main::24397,1
llama3.1_8b_chat::trivia_qa_2_60k::base::main::50437,1
llama3.1_8b_chat::trivia_qa_2_60k::base::main::38686,1
llama3.1_8b_chat::trivia_qa_2_60k::base::main::53891,1
llama3.1_8b_chat::trivia_qa_2_60k::base::main::56073,1
llama3.1_8b_chat::trivia_qa_2_60k::base::main::260,1
llama3.1_8b_chat::trivia_qa_2_60k::base::main::894,1
llama3.1_8b_chat::trivia_qa_2_60k::base::main::394,1
llama3.1_8b_chat::trivia_qa_2_60k::base::main::49012,1
llama3.1_8b_chat::trivia_qa_2_60k::base::main::11811,1
llama3.1_8b_chat::trivia_qa_2_60k::base::main::54518,1
llama3.1_8b_chat::trivia_qa_2_60k::base::main::10215,1
llama3.1_8b_chat::trivia_qa_2_60k::base::main::58420,1
llama3.1_8b_chat::trivia_qa_2_60k::base::main::5495,1
llama3.1_8b_chat::trivia_qa_2_60k::base::main::37186,1
llama3.1_8b_chat::trivia_qa_2_60k::base::main::17331,1
llama3.1_8b_chat::trivia_qa_2_60k::base::main::30725,1
llama3.1_8b_chat::trivia_qa_2_60k::base::main::8551,1
llama3.1_8b_chat::trivia_qa_2_60k::base::main::19816,1
llama3.1_8b_chat::trivia_qa_2_60k::base::main::2691,1
llama3.1_8b_chat::trivia_qa_2_60k::base::main::19691,1
llama3.1_8b_chat::trivia_qa_2_60k::base::main::15324,1
llama3.1_8b_chat::trivia_qa_2_60k::base::main::49053,1
llama3.1_8b_chat::trivia_qa_2_60k::base::main::40720,1
llama3.1_8b_chat::trivia_qa_2_60k::base::main::34325,1
llama3.1_8b_chat::trivia_qa_2_60k::base::main::54960,1
llama3.1_8b_chat::trivia_qa_2_60k::base::main::39367,1
llama3.1_8b_chat::trivia_qa_2_60k::base::main::13500,1
llama3.1_8b_chat::trivia_qa_2_60k::base::main::23810,1
llama3.1_8b_chat::trivia_qa_2_60k::base::main::39116,1
llama3.1_8b_chat::trivia_qa_2_60k::base::main::24969,1
llama3.1_8b_chat::trivia_qa_2_60k::base::main::14383,1
llama3.1_8b_chat::trivia_qa_2_60k::base::main::41877,1
llama3.1_8b_chat::trivia_qa_2_60k::base::main::1481,1
llama3.1_8b_chat::trivia_qa_2_60k::base::main::50682,1
llama3.1_8b_chat::trivia_qa_2_60k::base::main::24720,1
llama3.1_8b_chat::trivia_qa_2_60k::base::main::57804,1
llama3.1_8b_chat::trivia_qa_2_60k::base::main::32692,1
llama3.1_8b_chat::trivia_qa_2_60k::base::main::28633,1
llama3.1_8b_chat::trivia_qa_2_60k::base::main::29848,1
llama3.1_8b_chat::trivia_qa_2_60k::base::main::9680,1
llama3.1_8b_chat::trivia_qa_2_60k::base::main::39437,1
llama3.1_8b_chat::trivia_qa_2_60k::base::main::29419,1
llama3.1_8b_chat::trivia_qa_2_60k::base::main::52580,1
llama3.1_8b_chat::trivia_qa_2_60k::base::main::49602,1
llama3.1_8b_chat::trivia_qa_2_60k::base::main::57432,1
llama3.1_8b_chat::trivia_qa_2_60k::base::main::33411,1
llama3.1_8b_chat::trivia_qa_2_60k::base::main::52665,1
llama3.1_8b_chat::trivia_qa_2_60k::base::main::56551,1
llama3.1_8b_chat::trivia_qa_2_60k::base::main::14412,1
llama3.1_8b_chat::trivia_qa_2_60k::base::main::51910,1
llama3.1_8b_chat::trivia_qa_2_60k::base::main::56568,1
llama3.1_8b_chat::trivia_qa_2_60k::base::main::33787,1
llama3.1_8b_chat::trivia_qa_2_60k::base::main::11965,1
llama3.1_8b_chat::trivia_qa_2_60k::base::main::8245,1
llama3.1_8b_chat::trivia_qa_2_60k::base::main::46042,1
llama3.1_8b_chat::trivia_qa_2_60k::base::main::11502,1
llama3.1_8b_chat::trivia_qa_2_60k::base::main::10400,1
llama3.1_8b_chat::trivia_qa_2_60k::base::main::46360,1
llama3.1_8b_chat::trivia_qa_2_60k::base::main::14700,1
llama3.1_8b_chat::trivia_qa_2_60k::base::main::12461,1
llama3.1_8b_chat::trivia_qa_2_60k::base::main::22002,1
llama3.1_8b_chat::trivia_qa_2_60k::base::main::32800,1
llama3.1_8b_chat::trivia_qa_2_60k::base::main::8709,1
llama3.1_8b_chat::trivia_qa_2_60k::base::main::20583,1
llama3.1_8b_chat::trivia_qa_2_60k::base::main::47200,1
llama3.1_8b_chat::trivia_qa_2_60k::base::main::43316,1
llama3.1_8b_chat::trivia_qa_2_60k::base::main::2008,1
llama3.1_8b_chat::trivia_qa_2_60k::base::main::16464,1
llama3.1_8b_chat::trivia_qa_2_60k::base::main::54467,1
llama3.1_8b_chat::trivia_qa_2_60k::base::main::52860,1
llama3.1_8b_chat::trivia_qa_2_60k::base::main::38566,1
llama3.1_8b_chat::trivia_qa_2_60k::base::main::46253,1
llama3.1_8b_chat::trivia_qa_2_60k::base::main::585,1
llama3.1_8b_chat::trivia_qa_2_60k::base::main::32703,1
llama3.1_8b_chat::trivia_qa_2_60k::base::main::54411,1
llama3.1_8b_chat::trivia_qa_2_60k::base::main::37842,1
llama3.1_8b_chat::trivia_qa_2_60k::base::main::49639,1
llama3.1_8b_chat::trivia_qa_2_60k::base::main::14663,1
llama3.1_8b_chat::trivia_qa_2_60k::base::main::50044,1
llama3.1_8b_chat::trivia_qa_2_60k::base::main::13478,1
llama3.1_8b_chat::trivia_qa_2_60k::base::main::46441,1
llama3.1_8b_chat::trivia_qa_2_60k::base::main::36094,1
llama3.1_8b_chat::trivia_qa_2_60k::base::main::44830,1
llama3.1_8b_chat::trivia_qa_2_60k::base::main::31536,1
llama3.1_8b_chat::trivia_qa_2_60k::base::main::20777,1
llama3.1_8b_chat::trivia_qa_2_60k::base::main::38970,1
llama3.1_8b_chat::trivia_qa_2_60k::base::main::19457,1
llama3.1_8b_chat::trivia_qa_2_60k::base::main::2867,1
llama3.1_8b_chat::trivia_qa_2_60k::base::main::18311,1
llama3.1_8b_chat::trivia_qa_2_60k::base::main::29657,1
llama3.1_8b_chat::trivia_qa_2_60k::base::main::6991,1
llama3.1_8b_chat::trivia_qa_2_60k::base::main::8331,1
llama3.1_8b_chat::trivia_qa_2_60k::base::main::57092,1
llama3.1_8b_chat::trivia_qa_2_60k::base::main::21772,1
llama3.1_8b_chat::trivia_qa_2_60k::base::main::34971,1
llama3.1_8b_chat::trivia_qa_2_60k::base::main::2533,1
llama3.1_8b_chat::trivia_qa_2_60k::base::main::16658,1
llama3.1_8b_chat::trivia_qa_2_60k::base::main::46357,1
llama3.1_8b_chat::trivia_qa_2_60k::base::main::47772,1
llama3.1_8b_chat::trivia_qa_2_60k::base::main::34026,1
llama3.1_8b_chat::trivia_qa_2_60k::base::main::45868,1
llama3.1_8b_chat::trivia_qa_2_60k::base::main::35205,1
llama3.1_8b_chat::trivia_qa_2_60k::base::main::19228,1
llama3.1_8b_chat::trivia_qa_2_60k::base::main::43041,1
llama3.1_8b_chat::trivia_qa_2_60k::base::main::7999,1
llama3.1_8b_chat::trivia_qa_2_60k::base::main::40076,1
llama3.1_8b_chat::trivia_qa_2_60k::base::main::25042,1
llama3.1_8b_chat::trivia_qa_2_60k::base::main::13073,1
llama3.1_8b_chat::trivia_qa_2_60k::base::main::40932,1
llama3.1_8b_chat::trivia_qa_2_60k::base::main::45423,1
llama3.1_8b_chat::trivia_qa_2_60k::base::main::49755,1
llama3.1_8b_chat::trivia_qa_2_60k::base::main::36396,1
llama3.1_8b_chat::trivia_qa_2_60k::base::main::38694,1
llama3.1_8b_chat::trivia_qa_2_60k::base::main::7791,1
llama3.1_8b_chat::trivia_qa_2_60k::base::main::7096,1
llama3.1_8b_chat::trivia_qa_2_60k::base::main::6889,1
llama3.1_8b_chat::trivia_qa_2_60k::base::main::41708,1
llama3.1_8b_chat::trivia_qa_2_60k::base::main::39867,1
llama3.1_8b_chat::trivia_qa_2_60k::base::main::23636,1
llama3.1_8b_chat::trivia_qa_2_60k::base::main::4901,1
llama3.1_8b_chat::trivia_qa_2_60k::base::main::55839,1
llama3.1_8b_chat::trivia_qa_2_60k::base::main::31208,1
llama3.1_8b_chat::trivia_qa_2_60k::base::main::32069,1
llama3.1_8b_chat::trivia_qa_2_60k::base::main::26930,1
llama3.1_8b_chat::trivia_qa_2_60k::base::main::36944,1
llama3.1_8b_chat::trivia_qa_2_60k::base::main::49828,1
llama3.1_8b_chat::trivia_qa_2_60k::base::main::10934,1
llama3.1_8b_chat::trivia_qa_2_60k::base::main::52738,1
llama3.1_8b_chat::trivia_qa_2_60k::base::main::46984,1
llama3.1_8b_chat::trivia_qa_2_60k::base::main::54465,1
llama3.1_8b_chat::trivia_qa_2_60k::base::main::10625,1
llama3.1_8b_chat::trivia_qa_2_60k::base::main::10302,1
llama3.1_8b_chat::trivia_qa_2_60k::base::main::25943,1
llama3.1_8b_chat::trivia_qa_2_60k::base::main::43761,1
llama3.1_8b_chat::trivia_qa_2_60k::base::main::47068,1
llama3.1_8b_chat::trivia_qa_2_60k::base::main::1343,1
llama3.1_8b_chat::trivia_qa_2_60k::base::main::34152,1
llama3.1_8b_chat::trivia_qa_2_60k::base::main::360,1
llama3.1_8b_chat::trivia_qa_2_60k::base::main::34128,1
llama3.1_8b_chat::trivia_qa_2_60k::base::main::23143,1
llama3.1_8b_chat::trivia_qa_2_60k::base::main::28108,1
llama3.1_8b_chat::trivia_qa_2_60k::base::main::57382,1
llama3.1_8b_chat::trivia_qa_2_60k::base::main::41091,1
llama3.1_8b_chat::trivia_qa_2_60k::base::main::12014,1
llama3.1_8b_chat::trivia_qa_2_60k::base::main::28494,1
llama3.1_8b_chat::trivia_qa_2_60k::base::main::16868,1
llama3.1_8b_chat::trivia_qa_2_60k::base::main::50078,1
llama3.1_8b_chat::trivia_qa_2_60k::base::main::40940,1
llama3.1_8b_chat::trivia_qa_2_60k::base::main::57745,1
llama3.1_8b_chat::trivia_qa_2_60k::base::main::15307,1
llama3.1_8b_chat::trivia_qa_2_60k::base::main::32118,1
llama3.1_8b_chat::trivia_qa_2_60k::base::main::22652,1
llama3.1_8b_chat::trivia_qa_2_60k::base::main::19702,1
llama3.1_8b_chat::trivia_qa_2_60k::base::main::5149,1
llama3.1_8b_chat::trivia_qa_2_60k::base::main::54258,1
llama3.1_8b_chat::trivia_qa_2_60k::base::main::789,1
llama3.1_8b_chat::trivia_qa_2_60k::base::main::47906,1
llama3.1_8b_chat::trivia_qa_2_60k::base::main::2480,1
llama3.1_8b_chat::trivia_qa_2_60k::base::main::213,1
llama3.1_8b_chat::trivia_qa_2_60k::base::main::28492,1
llama3.1_8b_chat::trivia_qa_2_60k::base::main::44275,1
llama3.1_8b_chat::trivia_qa_2_60k::base::main::44249,1
llama3.1_8b_chat::trivia_qa_2_60k::base::main::48030,1
llama3.1_8b_chat::trivia_qa_2_60k::base::main::18990,1
llama3.1_8b_chat::trivia_qa_2_60k::base::main::50975,1
llama3.1_8b_chat::trivia_qa_2_60k::base::main::49196,1
llama3.1_8b_chat::trivia_qa_2_60k::base::main::48154,1
llama3.1_8b_chat::trivia_qa_2_60k::base::main::32550,1
llama3.1_8b_chat::trivia_qa_2_60k::base::main::6656,1
llama3.1_8b_chat::trivia_qa_2_60k::base::main::39637,1
llama3.1_8b_chat::trivia_qa_2_60k::base::main::36205,1
llama3.1_8b_chat::trivia_qa_2_60k::base::main::46510,1
llama3.1_8b_chat::trivia_qa_2_60k::base::main::6804,1
llama3.1_8b_chat::trivia_qa_2_60k::base::main::3823,1
llama3.1_8b_chat::trivia_qa_2_60k::base::main::10458,1
llama3.1_8b_chat::trivia_qa_2_60k::base::main::49103,1
llama3.1_8b_chat::trivia_qa_2_60k::base::main::48203,1
llama3.1_8b_chat::trivia_qa_2_60k::base::main::4453,1
llama3.1_8b_chat::trivia_qa_2_60k::base::main::27005,1
llama3.1_8b_chat::trivia_qa_2_60k::base::main::48687,1
llama3.1_8b_chat::trivia_qa_2_60k::base::main::1529,1
llama3.1_8b_chat::trivia_qa_2_60k::base::main::56273,1
llama3.1_8b_chat::trivia_qa_2_60k::base::main::43920,1
llama3.1_8b_chat::trivia_qa_2_60k::base::main::4867,1
llama3.1_8b_chat::trivia_qa_2_60k::base::main::39942,1
llama3.1_8b_chat::trivia_qa_2_60k::base::main::47594,1
llama3.1_8b_chat::trivia_qa_2_60k::base::main::57960,1
llama3.1_8b_chat::trivia_qa_2_60k::base::main::53378,1
llama3.1_8b_chat::trivia_qa_2_60k::base::main::16563,1
llama3.1_8b_chat::trivia_qa_2_60k::base::main::27030,1
llama3.1_8b_chat::trivia_qa_2_60k::base::main::51335,1
llama3.1_8b_chat::trivia_qa_2_60k::base::main::15613,1
llama3.1_8b_chat::trivia_qa_2_60k::base::main::17367,1
llama3.1_8b_chat::trivia_qa_2_60k::base::main::41119,1
llama3.1_8b_chat::trivia_qa_2_60k::base::main::12156,1
llama3.1_8b_chat::trivia_qa_2_60k::base::main::5162,1
llama3.1_8b_chat::trivia_qa_2_60k::base::main::35099,1
llama3.1_8b_chat::trivia_qa_2_60k::base::main::8077,1
llama3.1_8b_chat::trivia_qa_2_60k::base::main::25658,1
llama3.1_8b_chat::trivia_qa_2_60k::base::main::37157,1
llama3.1_8b_chat::trivia_qa_2_60k::base::main::36117,1
llama3.1_8b_chat::trivia_qa_2_60k::base::main::31623,1
llama3.1_8b_chat::trivia_qa_2_60k::base::main::18669,1
llama3.1_8b_chat::trivia_qa_2_60k::base::main::18716,1
llama3.1_8b_chat::trivia_qa_2_60k::base::main::35060,1
llama3.1_8b_chat::trivia_qa_2_60k::base::main::39474,1
llama3.1_8b_chat::trivia_qa_2_60k::base::main::42785,1
llama3.1_8b_chat::trivia_qa_2_60k::base::main::17294,1
llama3.1_8b_chat::trivia_qa_2_60k::base::main::32508,1
llama3.1_8b_chat::trivia_qa_2_60k::base::main::33792,1
llama3.1_8b_chat::trivia_qa_2_60k::base::main::1309,1
llama3.1_8b_chat::trivia_qa_2_60k::base::main::43545,1
llama3.1_8b_chat::trivia_qa_2_60k::base::main::4442,1
llama3.1_8b_chat::trivia_qa_2_60k::base::main::49991,1
llama3.1_8b_chat::trivia_qa_2_60k::base::main::32349,1
llama3.1_8b_chat::trivia_qa_2_60k::base::main::8074,1
llama3.1_8b_chat::trivia_qa_2_60k::base::main::52511,1
llama3.1_8b_chat::trivia_qa_2_60k::base::main::38983,1
llama3.1_8b_chat::trivia_qa_2_60k::base::main::42781,1
llama3.1_8b_chat::trivia_qa_2_60k::base::main::28884,1
llama3.1_8b_chat::trivia_qa_2_60k::base::main::43489,1
llama3.1_8b_chat::trivia_qa_2_60k::base::main::7540,1
llama3.1_8b_chat::trivia_qa_2_60k::base::main::57922,1
llama3.1_8b_chat::trivia_qa_2_60k::base::main::10954,1
llama3.1_8b_chat::trivia_qa_2_60k::base::main::49593,1
llama3.1_8b_chat::trivia_qa_2_60k::base::main::56746,1
llama3.1_8b_chat::trivia_qa_2_60k::base::main::30386,1
llama3.1_8b_chat::trivia_qa_2_60k::base::main::3063,1
llama3.1_8b_chat::trivia_qa_2_60k::base::main::25318,1
llama3.1_8b_chat::trivia_qa_2_60k::base::main::7100,1
llama3.1_8b_chat::trivia_qa_2_60k::base::main::1095,1
llama3.1_8b_chat::trivia_qa_2_60k::base::main::17252,1
llama3.1_8b_chat::trivia_qa_2_60k::base::main::54463,1
llama3.1_8b_chat::trivia_qa_2_60k::base::main::51524,1
llama3.1_8b_chat::trivia_qa_2_60k::base::main::5070,1
llama3.1_8b_chat::trivia_qa_2_60k::base::main::13749,1
llama3.1_8b_chat::trivia_qa_2_60k::base::main::46778,1
llama3.1_8b_chat::trivia_qa_2_60k::base::main::26316,1
llama3.1_8b_chat::trivia_qa_2_60k::base::main::39818,1
llama3.1_8b_chat::trivia_qa_2_60k::base::main::51707,1
llama3.1_8b_chat::trivia_qa_2_60k::base::main::22097,1
llama3.1_8b_chat::trivia_qa_2_60k::base::main::47860,1
llama3.1_8b_chat::trivia_qa_2_60k::base::main::4670,1
llama3.1_8b_chat::trivia_qa_2_60k::base::main::31076,1
llama3.1_8b_chat::trivia_qa_2_60k::base::main::44081,1
llama3.1_8b_chat::trivia_qa_2_60k::base::main::29583,1
llama3.1_8b_chat::trivia_qa_2_60k::base::main::25049,1
llama3.1_8b_chat::trivia_qa_2_60k::base::main::57136,1
llama3.1_8b_chat::trivia_qa_2_60k::base::main::48912,1
llama3.1_8b_chat::trivia_qa_2_60k::base::main::40410,1
llama3.1_8b_chat::trivia_qa_2_60k::base::main::41039,1
llama3.1_8b_chat::trivia_qa_2_60k::base::main::12996,1
llama3.1_8b_chat::trivia_qa_2_60k::base::main::53423,1
llama3.1_8b_chat::trivia_qa_2_60k::base::main::24532,1
llama3.1_8b_chat::trivia_qa_2_60k::base::main::22802,1
llama3.1_8b_chat::trivia_qa_2_60k::base::main::45094,1
llama3.1_8b_chat::trivia_qa_2_60k::base::main::15987,1
llama3.1_8b_chat::trivia_qa_2_60k::base::main::519,1
llama3.1_8b_chat::trivia_qa_2_60k::base::main::26386,1
llama3.1_8b_chat::trivia_qa_2_60k::base::main::7216,1
llama3.1_8b_chat::trivia_qa_2_60k::base::main::5771,1
llama3.1_8b_chat::trivia_qa_2_60k::base::main::47226,1
llama3.1_8b_chat::trivia_qa_2_60k::base::main::19371,1
llama3.1_8b_chat::trivia_qa_2_60k::base::main::16537,1
llama3.1_8b_chat::trivia_qa_2_60k::base::main::51619,1
llama3.1_8b_chat::trivia_qa_2_60k::base::main::19395,1
llama3.1_8b_chat::trivia_qa_2_60k::base::main::37765,1
llama3.1_8b_chat::trivia_qa_2_60k::base::main::37343,1
llama3.1_8b_chat::trivia_qa_2_60k::base::main::36363,1
llama3.1_8b_chat::trivia_qa_2_60k::base::main::33862,1
llama3.1_8b_chat::trivia_qa_2_60k::base::main::8799,1
llama3.1_8b_chat::trivia_qa_2_60k::base::main::6925,1
llama3.1_8b_chat::trivia_qa_2_60k::base::main::4739,1
llama3.1_8b_chat::trivia_qa_2_60k::base::main::11279,1
llama3.1_8b_chat::trivia_qa_2_60k::base::main::20613,1
llama3.1_8b_chat::trivia_qa_2_60k::base::main::51458,1
llama3.1_8b_chat::trivia_qa_2_60k::base::main::16196,1
llama3.1_8b_chat::trivia_qa_2_60k::base::main::29249,1
llama3.1_8b_chat::trivia_qa_2_60k::base::main::23129,1
llama3.1_8b_chat::trivia_qa_2_60k::base::main::4300,1
llama3.1_8b_chat::trivia_qa_2_60k::base::main::7705,1
llama3.1_8b_chat::trivia_qa_2_60k::base::main::26022,1
llama3.1_8b_chat::trivia_qa_2_60k::base::main::24334,1
llama3.1_8b_chat::trivia_qa_2_60k::base::main::19772,1
llama3.1_8b_chat::trivia_qa_2_60k::base::main::11260,1
llama3.1_8b_chat::trivia_qa_2_60k::base::main::12856,1
llama3.1_8b_chat::trivia_qa_2_60k::base::main::17448,1
llama3.1_8b_chat::trivia_qa_2_60k::base::main::29774,1
llama3.1_8b_chat::trivia_qa_2_60k::base::main::35883,1
llama3.1_8b_chat::trivia_qa_2_60k::base::main::40646,1
llama3.1_8b_chat::trivia_qa_2_60k::base::main::33522,1
llama3.1_8b_chat::trivia_qa_2_60k::base::main::50027,1
llama3.1_8b_chat::trivia_qa_2_60k::base::main::31528,1
llama3.1_8b_chat::trivia_qa_2_60k::base::main::54264,1
llama3.1_8b_chat::trivia_qa_2_60k::base::main::12124,1
llama3.1_8b_chat::trivia_qa_2_60k::base::main::5787,1
llama3.1_8b_chat::trivia_qa_2_60k::base::main::28916,1
llama3.1_8b_chat::trivia_qa_2_60k::base::main::20797,1
llama3.1_8b_chat::trivia_qa_2_60k::base::main::9304,1
llama3.1_8b_chat::trivia_qa_2_60k::base::main::56065,1
llama3.1_8b_chat::trivia_qa_2_60k::base::main::9579,1
llama3.1_8b_chat::trivia_qa_2_60k::base::main::47275,1
llama3.1_8b_chat::trivia_qa_2_60k::base::main::7280,1
llama3.1_8b_chat::trivia_qa_2_60k::base::main::50202,1
llama3.1_8b_chat::trivia_qa_2_60k::base::main::37442,1
llama3.1_8b_chat::trivia_qa_2_60k::base::main::30086,1
llama3.1_8b_chat::trivia_qa_2_60k::base::main::39605,1
llama3.1_8b_chat::trivia_qa_2_60k::base::main::23194,1
llama3.1_8b_chat::trivia_qa_2_60k::base::main::9196,1
llama3.1_8b_chat::trivia_qa_2_60k::base::main::10930,1
llama3.1_8b_chat::trivia_qa_2_60k::base::main::34108,1
llama3.1_8b_chat::trivia_qa_2_60k::base::main::5255,1
llama3.1_8b_chat::trivia_qa_2_60k::base::main::39554,1
llama3.1_8b_chat::trivia_qa_2_60k::base::main::57562,1
llama3.1_8b_chat::trivia_qa_2_60k::base::main::51198,1
llama3.1_8b_chat::trivia_qa_2_60k::base::main::47065,1
llama3.1_8b_chat::trivia_qa_2_60k::base::main::2080,1
llama3.1_8b_chat::trivia_qa_2_60k::base::main::48191,1
llama3.1_8b_chat::trivia_qa_2_60k::base::main::49001,1
llama3.1_8b_chat::trivia_qa_2_60k::base::main::23272,1
llama3.1_8b_chat::trivia_qa_2_60k::base::main::39044,1
llama3.1_8b_chat::trivia_qa_2_60k::base::main::22138,1
llama3.1_8b_chat::trivia_qa_2_60k::base::main::15775,1
llama3.1_8b_chat::trivia_qa_2_60k::base::main::37500,1
llama3.1_8b_chat::trivia_qa_2_60k::base::main::29726,1
llama3.1_8b_chat::trivia_qa_2_60k::base::main::31641,1
llama3.1_8b_chat::trivia_qa_2_60k::base::main::43192,1
llama3.1_8b_chat::trivia_qa_2_60k::base::main::21397,1
llama3.1_8b_chat::trivia_qa_2_60k::base::main::7404,1
llama3.1_8b_chat::trivia_qa_2_60k::base::main::53743,1
llama3.1_8b_chat::trivia_qa_2_60k::base::main::13431,1
llama3.1_8b_chat::trivia_qa_2_60k::base::main::11404,1
llama3.1_8b_chat::trivia_qa_2_60k::base::main::14982,1
llama3.1_8b_chat::trivia_qa_2_60k::base::main::14086,1
llama3.1_8b_chat::trivia_qa_2_60k::base::main::220,1
llama3.1_8b_chat::trivia_qa_2_60k::base::main::29004,1
llama3.1_8b_chat::trivia_qa_2_60k::base::main::38215,1
llama3.1_8b_chat::trivia_qa_2_60k::base::main::31529,1
llama3.1_8b_chat::trivia_qa_2_60k::base::main::32660,1
llama3.1_8b_chat::trivia_qa_2_60k::base::main::41867,1
llama3.1_8b_chat::trivia_qa_2_60k::base::main::1681,1
llama3.1_8b_chat::trivia_qa_2_60k::base::main::13725,1
llama3.1_8b_chat::trivia_qa_2_60k::base::main::38366,1
llama3.1_8b_chat::trivia_qa_2_60k::base::main::50303,1
llama3.1_8b_chat::trivia_qa_2_60k::base::main::49236,1
llama3.1_8b_chat::trivia_qa_2_60k::base::main::4827,1
llama3.1_8b_chat::trivia_qa_2_60k::base::main::47883,1
llama3.1_8b_chat::trivia_qa_2_60k::base::main::19751,1
llama3.1_8b_chat::trivia_qa_2_60k::base::main::56957,1
llama3.1_8b_chat::trivia_qa_2_60k::base::main::35251,1
llama3.1_8b_chat::trivia_qa_2_60k::base::main::52508,1
llama3.1_8b_chat::trivia_qa_2_60k::base::main::15688,1
llama3.1_8b_chat::trivia_qa_2_60k::base::main::14039,1
llama3.1_8b_chat::trivia_qa_2_60k::base::main::47524,1
llama3.1_8b_chat::trivia_qa_2_60k::base::main::5927,1
llama3.1_8b_chat::trivia_qa_2_60k::base::main::20145,1
llama3.1_8b_chat::trivia_qa_2_60k::base::main::43819,1
llama3.1_8b_chat::trivia_qa_2_60k::base::main::51756,1
llama3.1_8b_chat::trivia_qa_2_60k::base::main::49393,1
llama3.1_8b_chat::trivia_qa_2_60k::base::main::19027,1
llama3.1_8b_chat::trivia_qa_2_60k::base::main::30187,1
llama3.1_8b_chat::trivia_qa_2_60k::base::main::16392,1
llama3.1_8b_chat::trivia_qa_2_60k::base::main::22621,1
llama3.1_8b_chat::trivia_qa_2_60k::base::main::9198,1
llama3.1_8b_chat::trivia_qa_2_60k::base::main::42906,1
llama3.1_8b_chat::trivia_qa_2_60k::base::main::54052,1
llama3.1_8b_chat::trivia_qa_2_60k::base::main::47359,1
llama3.1_8b_chat::trivia_qa_2_60k::base::main::45233,1
llama3.1_8b_chat::trivia_qa_2_60k::base::main::15617,1
llama3.1_8b_chat::trivia_qa_2_60k::base::main::29349,1
llama3.1_8b_chat::trivia_qa_2_60k::base::main::31932,1
llama3.1_8b_chat::trivia_qa_2_60k::base::main::49591,1
llama3.1_8b_chat::trivia_qa_2_60k::base::main::5470,1
llama3.1_8b_chat::trivia_qa_2_60k::base::main::39097,1
llama3.1_8b_chat::trivia_qa_2_60k::base::main::31909,1
llama3.1_8b_chat::trivia_qa_2_60k::base::main::15779,1
llama3.1_8b_chat::trivia_qa_2_60k::base::main::18220,1
llama3.1_8b_chat::trivia_qa_2_60k::base::main::27510,1
llama3.1_8b_chat::trivia_qa_2_60k::base::main::56320,1
llama3.1_8b_chat::trivia_qa_2_60k::base::main::9455,1
llama3.1_8b_chat::trivia_qa_2_60k::base::main::47110,1
llama3.1_8b_chat::trivia_qa_2_60k::base::main::21951,1
llama3.1_8b_chat::trivia_qa_2_60k::base::main::36392,1
llama3.1_8b_chat::trivia_qa_2_60k::base::main::35011,1
llama3.1_8b_chat::trivia_qa_2_60k::base::main::35304,1
llama3.1_8b_chat::trivia_qa_2_60k::base::main::46863,1
llama3.1_8b_chat::trivia_qa_2_60k::base::main::17339,1
llama3.1_8b_chat::trivia_qa_2_60k::base::main::45918,1
llama3.1_8b_chat::trivia_qa_2_60k::base::main::51325,1
llama3.1_8b_chat::trivia_qa_2_60k::base::main::10333,1
llama3.1_8b_chat::trivia_qa_2_60k::base::main::54633,1
llama3.1_8b_chat::trivia_qa_2_60k::base::main::38267,1
llama3.1_8b_chat::trivia_qa_2_60k::base::main::12676,1
llama3.1_8b_chat::trivia_qa_2_60k::base::main::41825,1
llama3.1_8b_chat::trivia_qa_2_60k::base::main::27625,1
llama3.1_8b_chat::trivia_qa_2_60k::base::main::11306,1
llama3.1_8b_chat::trivia_qa_2_60k::base::main::25260,1
llama3.1_8b_chat::trivia_qa_2_60k::base::main::1439,1
llama3.1_8b_chat::trivia_qa_2_60k::base::main::34123,1
llama3.1_8b_chat::trivia_qa_2_60k::base::main::25316,1
llama3.1_8b_chat::trivia_qa_2_60k::base::main::45365,1
llama3.1_8b_chat::trivia_qa_2_60k::base::main::28273,1
llama3.1_8b_chat::trivia_qa_2_60k::base::main::38489,1
llama3.1_8b_chat::trivia_qa_2_60k::base::main::32824,1
llama3.1_8b_chat::trivia_qa_2_60k::base::main::29323,1
llama3.1_8b_chat::trivia_qa_2_60k::base::main::28218,1
llama3.1_8b_chat::trivia_qa_2_60k::base::main::652,1
llama3.1_8b_chat::trivia_qa_2_60k::base::main::1402,1
llama3.1_8b_chat::trivia_qa_2_60k::base::main::22005,1
llama3.1_8b_chat::trivia_qa_2_60k::base::main::55386,1
llama3.1_8b_chat::trivia_qa_2_60k::base::main::10217,1
llama3.1_8b_chat::trivia_qa_2_60k::base::main::26085,1
llama3.1_8b_chat::trivia_qa_2_60k::base::main::45444,1
llama3.1_8b_chat::trivia_qa_2_60k::base::main::27887,1
llama3.1_8b_chat::trivia_qa_2_60k::base::main::22710,1
llama3.1_8b_chat::trivia_qa_2_60k::base::main::30872,1
llama3.1_8b_chat::trivia_qa_2_60k::base::main::35771,1
llama3.1_8b_chat::trivia_qa_2_60k::base::main::21046,1
llama3.1_8b_chat::trivia_qa_2_60k::base::main::48958,1
llama3.1_8b_chat::trivia_qa_2_60k::base::main::56810,1
llama3.1_8b_chat::trivia_qa_2_60k::base::main::55838,1
llama3.1_8b_chat::trivia_qa_2_60k::base::main::51937,1
llama3.1_8b_chat::trivia_qa_2_60k::base::main::48820,1
llama3.1_8b_chat::trivia_qa_2_60k::base::main::49498,1
llama3.1_8b_chat::trivia_qa_2_60k::base::main::11427,1
llama3.1_8b_chat::trivia_qa_2_60k::base::main::48827,1
llama3.1_8b_chat::trivia_qa_2_60k::base::main::2414,1
llama3.1_8b_chat::trivia_qa_2_60k::base::main::8108,1
llama3.1_8b_chat::trivia_qa_2_60k::base::main::2908,1
llama3.1_8b_chat::trivia_qa_2_60k::base::main::47718,1
llama3.1_8b_chat::trivia_qa_2_60k::base::main::20498,1
llama3.1_8b_chat::trivia_qa_2_60k::base::main::51933,1
llama3.1_8b_chat::trivia_qa_2_60k::base::main::48593,1
llama3.1_8b_chat::trivia_qa_2_60k::base::main::56650,1
llama3.1_8b_chat::trivia_qa_2_60k::base::main::14120,1
llama3.1_8b_chat::trivia_qa_2_60k::base::main::43595,1
llama3.1_8b_chat::trivia_qa_2_60k::base::main::51477,1
llama3.1_8b_chat::trivia_qa_2_60k::base::main::9311,1
llama3.1_8b_chat::trivia_qa_2_60k::base::main::19612,1
llama3.1_8b_chat::trivia_qa_2_60k::base::main::15938,1
llama3.1_8b_chat::trivia_qa_2_60k::base::main::23507,1
llama3.1_8b_chat::trivia_qa_2_60k::base::main::37939,1
llama3.1_8b_chat::trivia_qa_2_60k::base::main::1390,1
llama3.1_8b_chat::trivia_qa_2_60k::base::main::26127,1
llama3.1_8b_chat::trivia_qa_2_60k::base::main::30835,1
llama3.1_8b_chat::trivia_qa_2_60k::base::main::48569,1
llama3.1_8b_chat::trivia_qa_2_60k::base::main::28246,1
llama3.1_8b_chat::trivia_qa_2_60k::base::main::40802,1
llama3.1_8b_chat::trivia_qa_2_60k::base::main::1399,1
llama3.1_8b_chat::trivia_qa_2_60k::base::main::13172,1
llama3.1_8b_chat::trivia_qa_2_60k::base::main::39918,1
llama3.1_8b_chat::trivia_qa_2_60k::base::main::57414,1
llama3.1_8b_chat::trivia_qa_2_60k::base::main::54874,1
llama3.1_8b_chat::trivia_qa_2_60k::base::main::48990,1
llama3.1_8b_chat::trivia_qa_2_60k::base::main::19821,1
llama3.1_8b_chat::trivia_qa_2_60k::base::main::55111,1
llama3.1_8b_chat::trivia_qa_2_60k::base::main::11724,1
llama3.1_8b_chat::trivia_qa_2_60k::base::main::32996,1
llama3.1_8b_chat::trivia_qa_2_60k::base::main::9521,1
llama3.1_8b_chat::trivia_qa_2_60k::base::main::39442,1
llama3.1_8b_chat::trivia_qa_2_60k::base::main::43140,1
llama3.1_8b_chat::trivia_qa_2_60k::base::main::4486,1
llama3.1_8b_chat::trivia_qa_2_60k::base::main::13954,1
llama3.1_8b_chat::trivia_qa_2_60k::base::main::1872,1
llama3.1_8b_chat::trivia_qa_2_60k::base::main::16136,1
llama3.1_8b_chat::trivia_qa_2_60k::base::main::13190,1
llama3.1_8b_chat::trivia_qa_2_60k::base::main::14388,1
llama3.1_8b_chat::trivia_qa_2_60k::base::main::10706,1
llama3.1_8b_chat::trivia_qa_2_60k::base::main::30615,1
llama3.1_8b_chat::trivia_qa_2_60k::base::main::33323,1
llama3.1_8b_chat::trivia_qa_2_60k::base::main::44312,1
llama3.1_8b_chat::trivia_qa_2_60k::base::main::19840,1
llama3.1_8b_chat::trivia_qa_2_60k::base::main::53120,1
llama3.1_8b_chat::trivia_qa_2_60k::base::main::6894,1
llama3.1_8b_chat::trivia_qa_2_60k::base::main::618,1
llama3.1_8b_chat::trivia_qa_2_60k::base::main::34750,1
llama3.1_8b_chat::trivia_qa_2_60k::base::main::393,1
llama3.1_8b_chat::trivia_qa_2_60k::base::main::51116,1
llama3.1_8b_chat::trivia_qa_2_60k::base::main::52236,1
llama3.1_8b_chat::trivia_qa_2_60k::base::main::36029,1
llama3.1_8b_chat::trivia_qa_2_60k::base::main::55303,1
llama3.1_8b_chat::trivia_qa_2_60k::base::main::52704,1
llama3.1_8b_chat::trivia_qa_2_60k::base::main::36483,1
llama3.1_8b_chat::trivia_qa_2_60k::base::main::26119,1
llama3.1_8b_chat::trivia_qa_2_60k::base::main::14973,1
llama3.1_8b_chat::trivia_qa_2_60k::base::main::45991,1
llama3.1_8b_chat::trivia_qa_2_60k::base::main::25327,1
llama3.1_8b_chat::trivia_qa_2_60k::base::main::38534,1
llama3.1_8b_chat::trivia_qa_2_60k::base::main::11096,1
llama3.1_8b_chat::trivia_qa_2_60k::base::main::28738,1
llama3.1_8b_chat::trivia_qa_2_60k::base::main::34908,1
llama3.1_8b_chat::trivia_qa_2_60k::base::main::42103,1
llama3.1_8b_chat::trivia_qa_2_60k::base::main::37504,1
llama3.1_8b_chat::trivia_qa_2_60k::base::main::23406,1
llama3.1_8b_chat::trivia_qa_2_60k::base::main::7635,1
llama3.1_8b_chat::trivia_qa_2_60k::base::main::1585,1
llama3.1_8b_chat::trivia_qa_2_60k::base::main::43090,1
llama3.1_8b_chat::trivia_qa_2_60k::base::main::31957,1
llama3.1_8b_chat::trivia_qa_2_60k::base::main::52573,1
llama3.1_8b_chat::trivia_qa_2_60k::base::main::52135,1
llama3.1_8b_chat::trivia_qa_2_60k::base::main::40513,1
llama3.1_8b_chat::trivia_qa_2_60k::base::main::32875,1
llama3.1_8b_chat::trivia_qa_2_60k::base::main::47638,1
llama3.1_8b_chat::trivia_qa_2_60k::base::main::56513,1
llama3.1_8b_chat::trivia_qa_2_60k::base::main::18485,1
llama3.1_8b_chat::trivia_qa_2_60k::base::main::22573,1
llama3.1_8b_chat::trivia_qa_2_60k::base::main::50279,1
llama3.1_8b_chat::trivia_qa_2_60k::base::main::13148,1
llama3.1_8b_chat::trivia_qa_2_60k::base::main::22367,1
llama3.1_8b_chat::trivia_qa_2_60k::base::main::57100,1
llama3.1_8b_chat::trivia_qa_2_60k::base::main::32397,1
llama3.1_8b_chat::trivia_qa_2_60k::base::main::41289,1
llama3.1_8b_chat::trivia_qa_2_60k::base::main::58146,1
llama3.1_8b_chat::trivia_qa_2_60k::base::main::28535,1
llama3.1_8b_chat::trivia_qa_2_60k::base::main::30992,1
llama3.1_8b_chat::trivia_qa_2_60k::base::main::4812,1
llama3.1_8b_chat::trivia_qa_2_60k::base::main::3498,1
llama3.1_8b_chat::trivia_qa_2_60k::base::main::48968,1
llama3.1_8b_chat::trivia_qa_2_60k::base::main::53925,1
llama3.1_8b_chat::trivia_qa_2_60k::base::main::18174,1
llama3.1_8b_chat::trivia_qa_2_60k::base::main::4460,1
llama3.1_8b_chat::trivia_qa_2_60k::base::main::42581,1
llama3.1_8b_chat::trivia_qa_2_60k::base::main::50490,1
llama3.1_8b_chat::trivia_qa_2_60k::base::main::2881,1
llama3.1_8b_chat::trivia_qa_2_60k::base::main::15122,1
llama3.1_8b_chat::trivia_qa_2_60k::base::main::35734,1
llama3.1_8b_chat::trivia_qa_2_60k::base::main::18161,1
llama3.1_8b_chat::trivia_qa_2_60k::base::main::37424,1
llama3.1_8b_chat::trivia_qa_2_60k::base::main::23050,1
llama3.1_8b_chat::trivia_qa_2_60k::base::main::32991,1
llama3.1_8b_chat::trivia_qa_2_60k::base::main::18468,1
llama3.1_8b_chat::trivia_qa_2_60k::base::main::16962,1
llama3.1_8b_chat::trivia_qa_2_60k::base::main::53441,1
llama3.1_8b_chat::trivia_qa_2_60k::base::main::15449,1
llama3.1_8b_chat::trivia_qa_2_60k::base::main::37005,1
llama3.1_8b_chat::trivia_qa_2_60k::base::main::33394,1
llama3.1_8b_chat::trivia_qa_2_60k::base::main::27072,1
llama3.1_8b_chat::trivia_qa_2_60k::base::main::23133,1
llama3.1_8b_chat::trivia_qa_2_60k::base::main::20375,1
llama3.1_8b_chat::trivia_qa_2_60k::base::main::11249,1
llama3.1_8b_chat::trivia_qa_2_60k::base::main::33282,1
llama3.1_8b_chat::trivia_qa_2_60k::base::main::29328,1
llama3.1_8b_chat::trivia_qa_2_60k::base::main::11590,1
llama3.1_8b_chat::trivia_qa_2_60k::base::main::9469,1
llama3.1_8b_chat::trivia_qa_2_60k::base::main::15845,1
llama3.1_8b_chat::trivia_qa_2_60k::base::main::49957,1
llama3.1_8b_chat::trivia_qa_2_60k::base::main::51805,1
llama3.1_8b_chat::trivia_qa_2_60k::base::main::22365,1
llama3.1_8b_chat::trivia_qa_2_60k::base::main::30530,1
llama3.1_8b_chat::trivia_qa_2_60k::base::main::23596,1
llama3.1_8b_chat::trivia_qa_2_60k::base::main::9396,1
llama3.1_8b_chat::trivia_qa_2_60k::base::main::57272,1
llama3.1_8b_chat::trivia_qa_2_60k::base::main::17426,1
llama3.1_8b_chat::trivia_qa_2_60k::base::main::48518,1
llama3.1_8b_chat::trivia_qa_2_60k::base::main::34598,1
llama3.1_8b_chat::trivia_qa_2_60k::base::main::993,1
llama3.1_8b_chat::trivia_qa_2_60k::base::main::433,1
llama3.1_8b_chat::trivia_qa_2_60k::base::main::21388,1
llama3.1_8b_chat::trivia_qa_2_60k::base::main::9584,1
llama3.1_8b_chat::trivia_qa_2_60k::base::main::58209,1
llama3.1_8b_chat::trivia_qa_2_60k::base::main::9752,1
llama3.1_8b_chat::trivia_qa_2_60k::base::main::24019,1
llama3.1_8b_chat::trivia_qa_2_60k::base::main::24068,1
llama3.1_8b_chat::trivia_qa_2_60k::base::main::14102,1
llama3.1_8b_chat::trivia_qa_2_60k::base::main::27676,1
llama3.1_8b_chat::trivia_qa_2_60k::base::main::42552,1
llama3.1_8b_chat::trivia_qa_2_60k::base::main::19257,1
llama3.1_8b_chat::trivia_qa_2_60k::base::main::2237,1
llama3.1_8b_chat::trivia_qa_2_60k::base::main::22501,1
llama3.1_8b_chat::trivia_qa_2_60k::base::main::14077,1
llama3.1_8b_chat::trivia_qa_2_60k::base::main::56681,1
llama3.1_8b_chat::trivia_qa_2_60k::base::main::43469,1
llama3.1_8b_chat::trivia_qa_2_60k::base::main::19338,1
llama3.1_8b_chat::trivia_qa_2_60k::base::main::27401,1
llama3.1_8b_chat::trivia_qa_2_60k::base::main::21898,1
llama3.1_8b_chat::trivia_qa_2_60k::base::main::26648,1
llama3.1_8b_chat::trivia_qa_2_60k::base::main::13010,1
llama3.1_8b_chat::trivia_qa_2_60k::base::main::27838,1
llama3.1_8b_chat::trivia_qa_2_60k::base::main::48699,1
llama3.1_8b_chat::trivia_qa_2_60k::base::main::8932,1
llama3.1_8b_chat::trivia_qa_2_60k::base::main::11969,1
llama3.1_8b_chat::trivia_qa_2_60k::base::main::23011,1
llama3.1_8b_chat::trivia_qa_2_60k::base::main::53949,1
llama3.1_8b_chat::trivia_qa_2_60k::base::main::40251,1
llama3.1_8b_chat::trivia_qa_2_60k::base::main::43983,1
llama3.1_8b_chat::trivia_qa_2_60k::base::main::56800,1
llama3.1_8b_chat::trivia_qa_2_60k::base::main::43000,1
llama3.1_8b_chat::trivia_qa_2_60k::base::main::3750,1
llama3.1_8b_chat::trivia_qa_2_60k::base::main::4202,1
llama3.1_8b_chat::trivia_qa_2_60k::base::main::8536,1
llama3.1_8b_chat::trivia_qa_2_60k::base::main::53017,1
llama3.1_8b_chat::trivia_qa_2_60k::base::main::18520,1
llama3.1_8b_chat::trivia_qa_2_60k::base::main::2071,1
llama3.1_8b_chat::trivia_qa_2_60k::base::main::38094,1
llama3.1_8b_chat::trivia_qa_2_60k::base::main::5128,1
llama3.1_8b_chat::trivia_qa_2_60k::base::main::32839,1
llama3.1_8b_chat::trivia_qa_2_60k::base::main::34351,1
llama3.1_8b_chat::trivia_qa_2_60k::base::main::39857,1
llama3.1_8b_chat::trivia_qa_2_60k::base::main::17997,1
llama3.1_8b_chat::trivia_qa_2_60k::base::main::7801,1
llama3.1_8b_chat::trivia_qa_2_60k::base::main::1716,1
llama3.1_8b_chat::trivia_qa_2_60k::base::main::46316,1
llama3.1_8b_chat::trivia_qa_2_60k::base::main::36219,1
llama3.1_8b_chat::trivia_qa_2_60k::base::main::33627,1
llama3.1_8b_chat::trivia_qa_2_60k::base::main::24788,1
llama3.1_8b_chat::trivia_qa_2_60k::base::main::30484,1
llama3.1_8b_chat::trivia_qa_2_60k::base::main::4206,1
llama3.1_8b_chat::trivia_qa_2_60k::base::main::45021,1
llama3.1_8b_chat::trivia_qa_2_60k::base::main::56845,1
llama3.1_8b_chat::trivia_qa_2_60k::base::main::12884,1
llama3.1_8b_chat::trivia_qa_2_60k::base::main::13953,1
llama3.1_8b_chat::trivia_qa_2_60k::base::main::2842,1
llama3.1_8b_chat::trivia_qa_2_60k::base::main::10663,1
llama3.1_8b_chat::trivia_qa_2_60k::base::main::58432,1
llama3.1_8b_chat::trivia_qa_2_60k::base::main::21261,1
llama3.1_8b_chat::trivia_qa_2_60k::base::main::51934,1
llama3.1_8b_chat::trivia_qa_2_60k::base::main::51998,1
llama3.1_8b_chat::trivia_qa_2_60k::base::main::10769,1
llama3.1_8b_chat::trivia_qa_2_60k::base::main::38755,1
llama3.1_8b_chat::trivia_qa_2_60k::base::main::58097,1
llama3.1_8b_chat::trivia_qa_2_60k::base::main::44581,1
llama3.1_8b_chat::trivia_qa_2_60k::base::main::33076,1
llama3.1_8b_chat::trivia_qa_2_60k::base::main::29189,1
llama3.1_8b_chat::trivia_qa_2_60k::base::main::41414,1
llama3.1_8b_chat::trivia_qa_2_60k::base::main::54306,1
llama3.1_8b_chat::trivia_qa_2_60k::base::main::2947,1
llama3.1_8b_chat::trivia_qa_2_60k::base::main::9505,1
llama3.1_8b_chat::trivia_qa_2_60k::base::main::30085,1
llama3.1_8b_chat::trivia_qa_2_60k::base::main::26493,1
llama3.1_8b_chat::trivia_qa_2_60k::base::main::56131,1
llama3.1_8b_chat::trivia_qa_2_60k::base::main::6208,1
llama3.1_8b_chat::trivia_qa_2_60k::base::main::28664,1
llama3.1_8b_chat::trivia_qa_2_60k::base::main::42965,1
llama3.1_8b_chat::trivia_qa_2_60k::base::main::445,1
llama3.1_8b_chat::trivia_qa_2_60k::base::main::33538,1
llama3.1_8b_chat::trivia_qa_2_60k::base::main::51618,1
llama3.1_8b_chat::trivia_qa_2_60k::base::main::22933,1
llama3.1_8b_chat::trivia_qa_2_60k::base::main::49306,1
llama3.1_8b_chat::trivia_qa_2_60k::base::main::12539,1
llama3.1_8b_chat::trivia_qa_2_60k::base::main::31303,1
llama3.1_8b_chat::trivia_qa_2_60k::base::main::14474,1
llama3.1_8b_chat::trivia_qa_2_60k::base::main::15099,1
llama3.1_8b_chat::trivia_qa_2_60k::base::main::25549,1
llama3.1_8b_chat::trivia_qa_2_60k::base::main::39248,1
llama3.1_8b_chat::trivia_qa_2_60k::base::main::42134,1
llama3.1_8b_chat::trivia_qa_2_60k::base::main::30088,1
llama3.1_8b_chat::trivia_qa_2_60k::base::main::11253,1
llama3.1_8b_chat::trivia_qa_2_60k::base::main::18740,1
llama3.1_8b_chat::trivia_qa_2_60k::base::main::3079,1
llama3.1_8b_chat::trivia_qa_2_60k::base::main::47372,1
llama3.1_8b_chat::trivia_qa_2_60k::base::main::37523,1
llama3.1_8b_chat::trivia_qa_2_60k::base::main::52104,1
llama3.1_8b_chat::trivia_qa_2_60k::base::main::22633,1
llama3.1_8b_chat::trivia_qa_2_60k::base::main::33878,1
llama3.1_8b_chat::trivia_qa_2_60k::base::main::17209,1
llama3.1_8b_chat::trivia_qa_2_60k::base::main::25126,1
llama3.1_8b_chat::trivia_qa_2_60k::base::main::57852,1
llama3.1_8b_chat::trivia_qa_2_60k::base::main::39001,1
llama3.1_8b_chat::trivia_qa_2_60k::base::main::20435,1
llama3.1_8b_chat::trivia_qa_2_60k::base::main::47379,1
llama3.1_8b_chat::trivia_qa_2_60k::base::main::11520,1
llama3.1_8b_chat::trivia_qa_2_60k::base::main::5545,1
llama3.1_8b_chat::trivia_qa_2_60k::base::main::40797,1
llama3.1_8b_chat::trivia_qa_2_60k::base::main::58220,1
llama3.1_8b_chat::trivia_qa_2_60k::base::main::1694,1
llama3.1_8b_chat::trivia_qa_2_60k::base::main::31740,1
llama3.1_8b_chat::trivia_qa_2_60k::base::main::44550,1
llama3.1_8b_chat::trivia_qa_2_60k::base::main::53985,1
llama3.1_8b_chat::trivia_qa_2_60k::base::main::18767,1
llama3.1_8b_chat::trivia_qa_2_60k::base::main::11902,1
llama3.1_8b_chat::trivia_qa_2_60k::base::main::6371,1
llama3.1_8b_chat::trivia_qa_2_60k::base::main::38270,1
llama3.1_8b_chat::trivia_qa_2_60k::base::main::10208,1
llama3.1_8b_chat::trivia_qa_2_60k::base::main::7678,1
llama3.1_8b_chat::trivia_qa_2_60k::base::main::7955,1
llama3.1_8b_chat::trivia_qa_2_60k::base::main::23910,1
llama3.1_8b_chat::trivia_qa_2_60k::base::main::47872,1
llama3.1_8b_chat::trivia_qa_2_60k::base::main::22984,1
llama3.1_8b_chat::trivia_qa_2_60k::base::main::529,1
llama3.1_8b_chat::trivia_qa_2_60k::base::main::8682,1
llama3.1_8b_chat::trivia_qa_2_60k::base::main::4458,1
llama3.1_8b_chat::trivia_qa_2_60k::base::main::16644,1
llama3.1_8b_chat::trivia_qa_2_60k::base::main::47364,1
llama3.1_8b_chat::trivia_qa_2_60k::base::main::3124,1
llama3.1_8b_chat::trivia_qa_2_60k::base::main::50812,1
llama3.1_8b_chat::trivia_qa_2_60k::base::main::53511,1
llama3.1_8b_chat::trivia_qa_2_60k::base::main::28629,1
llama3.1_8b_chat::trivia_qa_2_60k::base::main::582,1
llama3.1_8b_chat::trivia_qa_2_60k::base::main::18284,1
llama3.1_8b_chat::trivia_qa_2_60k::base::main::15362,1
llama3.1_8b_chat::trivia_qa_2_60k::base::main::44901,1
llama3.1_8b_chat::trivia_qa_2_60k::base::main::883,1
llama3.1_8b_chat::trivia_qa_2_60k::base::main::3844,1
llama3.1_8b_chat::trivia_qa_2_60k::base::main::13256,1
llama3.1_8b_chat::trivia_qa_2_60k::base::main::40871,1
llama3.1_8b_chat::trivia_qa_2_60k::base::main::44913,1
llama3.1_8b_chat::trivia_qa_2_60k::base::main::18652,1
llama3.1_8b_chat::trivia_qa_2_60k::base::main::19038,1
llama3.1_8b_chat::trivia_qa_2_60k::base::main::1527,1
llama3.1_8b_chat::trivia_qa_2_60k::base::main::16776,1
llama3.1_8b_chat::trivia_qa_2_60k::base::main::48786,1
llama3.1_8b_chat::trivia_qa_2_60k::base::main::1565,1
llama3.1_8b_chat::trivia_qa_2_60k::base::main::19513,1
llama3.1_8b_chat::trivia_qa_2_60k::base::main::36228,1
llama3.1_8b_chat::trivia_qa_2_60k::base::main::6911,1
llama3.1_8b_chat::trivia_qa_2_60k::base::main::39376,1
llama3.1_8b_chat::trivia_qa_2_60k::base::main::4261,1
llama3.1_8b_chat::trivia_qa_2_60k::base::main::8341,1
llama3.1_8b_chat::trivia_qa_2_60k::base::main::9958,1
llama3.1_8b_chat::trivia_qa_2_60k::base::main::38586,1
llama3.1_8b_chat::trivia_qa_2_60k::base::main::38410,1
llama3.1_8b_chat::trivia_qa_2_60k::base::main::50731,1
llama3.1_8b_chat::trivia_qa_2_60k::base::main::24670,1
llama3.1_8b_chat::trivia_qa_2_60k::base::main::52165,1
llama3.1_8b_chat::trivia_qa_2_60k::base::main::13662,1
llama3.1_8b_chat::trivia_qa_2_60k::base::main::34577,1
llama3.1_8b_chat::trivia_qa_2_60k::base::main::20306,1
llama3.1_8b_chat::trivia_qa_2_60k::base::main::40555,1
llama3.1_8b_chat::trivia_qa_2_60k::base::main::1412,1
llama3.1_8b_chat::trivia_qa_2_60k::base::main::32862,1
llama3.1_8b_chat::trivia_qa_2_60k::base::main::35471,1
llama3.1_8b_chat::trivia_qa_2_60k::base::main::5515,1
llama3.1_8b_chat::trivia_qa_2_60k::base::main::47471,1
llama3.1_8b_chat::trivia_qa_2_60k::base::main::13860,1
llama3.1_8b_chat::trivia_qa_2_60k::base::main::8845,1
llama3.1_8b_chat::trivia_qa_2_60k::base::main::54367,1
llama3.1_8b_chat::trivia_qa_2_60k::base::main::46031,1
llama3.1_8b_chat::trivia_qa_2_60k::base::main::19818,1
llama3.1_8b_chat::trivia_qa_2_60k::base::main::6573,1
llama3.1_8b_chat::trivia_qa_2_60k::base::main::15260,1
llama3.1_8b_chat::trivia_qa_2_60k::base::main::40021,1
llama3.1_8b_chat::trivia_qa_2_60k::base::main::26358,1
llama3.1_8b_chat::trivia_qa_2_60k::base::main::20,1
llama3.1_8b_chat::trivia_qa_2_60k::base::main::53325,1
llama3.1_8b_chat::trivia_qa_2_60k::base::main::20183,1
llama3.1_8b_chat::trivia_qa_2_60k::base::main::19116,1
llama3.1_8b_chat::trivia_qa_2_60k::base::main::4805,1
llama3.1_8b_chat::trivia_qa_2_60k::base::main::4919,1
llama3.1_8b_chat::trivia_qa_2_60k::base::main::48733,1
llama3.1_8b_chat::trivia_qa_2_60k::base::main::46457,1
llama3.1_8b_chat::trivia_qa_2_60k::base::main::52713,1
llama3.1_8b_chat::trivia_qa_2_60k::base::main::48168,1
llama3.1_8b_chat::trivia_qa_2_60k::base::main::47506,1
llama3.1_8b_chat::trivia_qa_2_60k::base::main::44073,1
llama3.1_8b_chat::trivia_qa_2_60k::base::main::9618,1
llama3.1_8b_chat::trivia_qa_2_60k::base::main::49062,1
llama3.1_8b_chat::trivia_qa_2_60k::base::main::29728,1
llama3.1_8b_chat::trivia_qa_2_60k::base::main::137,1
llama3.1_8b_chat::trivia_qa_2_60k::base::main::39849,1
llama3.1_8b_chat::trivia_qa_2_60k::base::main::44792,1
llama3.1_8b_chat::trivia_qa_2_60k::base::main::50366,1
llama3.1_8b_chat::trivia_qa_2_60k::base::main::24714,1
llama3.1_8b_chat::trivia_qa_2_60k::base::main::9875,1
llama3.1_8b_chat::trivia_qa_2_60k::base::main::30441,1
llama3.1_8b_chat::trivia_qa_2_60k::base::main::30237,1
llama3.1_8b_chat::trivia_qa_2_60k::base::main::43782,1
llama3.1_8b_chat::trivia_qa_2_60k::base::main::33536,1
llama3.1_8b_chat::trivia_qa_2_60k::base::main::46507,1
llama3.1_8b_chat::trivia_qa_2_60k::base::main::32435,1
llama3.1_8b_chat::trivia_qa_2_60k::base::main::52374,1
llama3.1_8b_chat::trivia_qa_2_60k::base::main::49902,1
llama3.1_8b_chat::trivia_qa_2_60k::base::main::42035,1
llama3.1_8b_chat::trivia_qa_2_60k::base::main::626,1
llama3.1_8b_chat::trivia_qa_2_60k::base::main::31539,1
llama3.1_8b_chat::trivia_qa_2_60k::base::main::7234,1
llama3.1_8b_chat::trivia_qa_2_60k::base::main::32078,1
llama3.1_8b_chat::trivia_qa_2_60k::base::main::32471,1
llama3.1_8b_chat::trivia_qa_2_60k::base::main::39514,1
llama3.1_8b_chat::trivia_qa_2_60k::base::main::7760,1
llama3.1_8b_chat::trivia_qa_2_60k::base::main::14949,1
llama3.1_8b_chat::trivia_qa_2_60k::base::main::41688,1
llama3.1_8b_chat::trivia_qa_2_60k::base::main::5395,1
llama3.1_8b_chat::trivia_qa_2_60k::base::main::53312,1
llama3.1_8b_chat::trivia_qa_2_60k::base::main::58114,1
llama3.1_8b_chat::trivia_qa_2_60k::base::main::6175,1
llama3.1_8b_chat::trivia_qa_2_60k::base::main::54491,1
llama3.1_8b_chat::trivia_qa_2_60k::base::main::17564,1
llama3.1_8b_chat::trivia_qa_2_60k::base::main::21927,1
llama3.1_8b_chat::trivia_qa_2_60k::base::main::53448,1
llama3.1_8b_chat::trivia_qa_2_60k::base::main::53366,1
llama3.1_8b_chat::trivia_qa_2_60k::base::main::20484,1
llama3.1_8b_chat::trivia_qa_2_60k::base::main::486,1
llama3.1_8b_chat::trivia_qa_2_60k::base::main::50675,1
llama3.1_8b_chat::trivia_qa_2_60k::base::main::3651,1
llama3.1_8b_chat::trivia_qa_2_60k::base::main::33512,1
llama3.1_8b_chat::trivia_qa_2_60k::base::main::11693,1
llama3.1_8b_chat::trivia_qa_2_60k::base::main::55659,1
llama3.1_8b_chat::trivia_qa_2_60k::base::main::3307,1
llama3.1_8b_chat::trivia_qa_2_60k::base::main::42403,1
llama3.1_8b_chat::trivia_qa_2_60k::base::main::21407,1
llama3.1_8b_chat::trivia_qa_2_60k::base::main::203,1
llama3.1_8b_chat::trivia_qa_2_60k::base::main::28905,1
llama3.1_8b_chat::trivia_qa_2_60k::base::main::31434,1
llama3.1_8b_chat::trivia_qa_2_60k::base::main::24639,1
llama3.1_8b_chat::trivia_qa_2_60k::base::main::34221,1
llama3.1_8b_chat::trivia_qa_2_60k::base::main::13230,1
llama3.1_8b_chat::trivia_qa_2_60k::base::main::9296,1
llama3.1_8b_chat::trivia_qa_2_60k::base::main::9561,1
llama3.1_8b_chat::trivia_qa_2_60k::base::main::12006,1
llama3.1_8b_chat::trivia_qa_2_60k::base::main::24657,1
llama3.1_8b_chat::trivia_qa_2_60k::base::main::35904,1
llama3.1_8b_chat::trivia_qa_2_60k::base::main::26778,1
llama3.1_8b_chat::trivia_qa_2_60k::base::main::51694,1
llama3.1_8b_chat::trivia_qa_2_60k::base::main::34316,1
llama3.1_8b_chat::trivia_qa_2_60k::base::main::34840,1
llama3.1_8b_chat::trivia_qa_2_60k::base::main::21570,1
llama3.1_8b_chat::trivia_qa_2_60k::base::main::58119,1
llama3.1_8b_chat::trivia_qa_2_60k::base::main::4687,1
llama3.1_8b_chat::trivia_qa_2_60k::base::main::18925,1
llama3.1_8b_chat::trivia_qa_2_60k::base::main::21394,1
llama3.1_8b_chat::trivia_qa_2_60k::base::main::279,1
llama3.1_8b_chat::trivia_qa_2_60k::base::main::31184,1
llama3.1_8b_chat::trivia_qa_2_60k::base::main::21132,1
llama3.1_8b_chat::trivia_qa_2_60k::base::main::54627,1
llama3.1_8b_chat::trivia_qa_2_60k::base::main::14331,1
llama3.1_8b_chat::trivia_qa_2_60k::base::main::975,1
llama3.1_8b_chat::trivia_qa_2_60k::base::main::51407,1
llama3.1_8b_chat::trivia_qa_2_60k::base::main::5501,1
llama3.1_8b_chat::trivia_qa_2_60k::base::main::518,1
llama3.1_8b_chat::trivia_qa_2_60k::base::main::35380,1
llama3.1_8b_chat::trivia_qa_2_60k::base::main::26554,1
llama3.1_8b_chat::trivia_qa_2_60k::base::main::21368,1
llama3.1_8b_chat::trivia_qa_2_60k::base::main::30019,1
llama3.1_8b_chat::trivia_qa_2_60k::base::main::22707,1
llama3.1_8b_chat::trivia_qa_2_60k::base::main::36393,1
llama3.1_8b_chat::trivia_qa_2_60k::base::main::53657,1
llama3.1_8b_chat::trivia_qa_2_60k::base::main::51588,1
llama3.1_8b_chat::trivia_qa_2_60k::base::main::414,1
llama3.1_8b_chat::trivia_qa_2_60k::base::main::55887,1
llama3.1_8b_chat::trivia_qa_2_60k::base::main::19231,1
llama3.1_8b_chat::trivia_qa_2_60k::base::main::29077,1
llama3.1_8b_chat::trivia_qa_2_60k::base::main::5891,1
llama3.1_8b_chat::trivia_qa_2_60k::base::main::14834,1
llama3.1_8b_chat::trivia_qa_2_60k::base::main::7992,1
llama3.1_8b_chat::trivia_qa_2_60k::base::main::12114,1
llama3.1_8b_chat::trivia_qa_2_60k::base::main::27521,1
llama3.1_8b_chat::trivia_qa_2_60k::base::main::9135,1
llama3.1_8b_chat::trivia_qa_2_60k::base::main::46039,1
llama3.1_8b_chat::trivia_qa_2_60k::base::main::11683,1
llama3.1_8b_chat::trivia_qa_2_60k::base::main::33960,1
llama3.1_8b_chat::trivia_qa_2_60k::base::main::8167,1
llama3.1_8b_chat::trivia_qa_2_60k::base::main::29098,1
llama3.1_8b_chat::trivia_qa_2_60k::base::main::6414,1
llama3.1_8b_chat::trivia_qa_2_60k::base::main::15092,1
llama3.1_8b_chat::trivia_qa_2_60k::base::main::53227,1
llama3.1_8b_chat::trivia_qa_2_60k::base::main::30579,1
llama3.1_8b_chat::trivia_qa_2_60k::base::main::47028,1
llama3.1_8b_chat::trivia_qa_2_60k::base::main::26309,1
llama3.1_8b_chat::trivia_qa_2_60k::base::main::46788,1
llama3.1_8b_chat::trivia_qa_2_60k::base::main::16409,1
llama3.1_8b_chat::trivia_qa_2_60k::base::main::12575,1
llama3.1_8b_chat::trivia_qa_2_60k::base::main::25302,1
llama3.1_8b_chat::trivia_qa_2_60k::base::main::45215,1
llama3.1_8b_chat::trivia_qa_2_60k::base::main::21207,1
llama3.1_8b_chat::trivia_qa_2_60k::base::main::31523,1
llama3.1_8b_chat::trivia_qa_2_60k::base::main::39336,1
llama3.1_8b_chat::trivia_qa_2_60k::base::main::7954,1
llama3.1_8b_chat::trivia_qa_2_60k::base::main::46293,1
llama3.1_8b_chat::trivia_qa_2_60k::base::main::57822,1
llama3.1_8b_chat::trivia_qa_2_60k::base::main::26056,1
llama3.1_8b_chat::trivia_qa_2_60k::base::main::7193,1
llama3.1_8b_chat::trivia_qa_2_60k::base::main::25441,1
llama3.1_8b_chat::trivia_qa_2_60k::base::main::17380,1
llama3.1_8b_chat::trivia_qa_2_60k::base::main::49792,1
llama3.1_8b_chat::trivia_qa_2_60k::base::main::54826,1
llama3.1_8b_chat::trivia_qa_2_60k::base::main::47043,1
llama3.1_8b_chat::trivia_qa_2_60k::base::main::44594,1
llama3.1_8b_chat::trivia_qa_2_60k::base::main::57768,1
llama3.1_8b_chat::trivia_qa_2_60k::base::main::24047,1
llama3.1_8b_chat::trivia_qa_2_60k::base::main::9787,1
llama3.1_8b_chat::trivia_qa_2_60k::base::main::43484,1
llama3.1_8b_chat::trivia_qa_2_60k::base::main::54538,1
llama3.1_8b_chat::trivia_qa_2_60k::base::main::28657,1
llama3.1_8b_chat::trivia_qa_2_60k::base::main::26076,1
llama3.1_8b_chat::trivia_qa_2_60k::base::main::29901,1
llama3.1_8b_chat::trivia_qa_2_60k::base::main::26609,1
llama3.1_8b_chat::trivia_qa_2_60k::base::main::45986,1
llama3.1_8b_chat::trivia_qa_2_60k::base::main::10432,1
llama3.1_8b_chat::trivia_qa_2_60k::base::main::35470,0
llama3.1_8b_chat::trivia_qa_2_60k::base::main::40391,0
llama3.1_8b_chat::trivia_qa_2_60k::base::main::31835,0
llama3.1_8b_chat::trivia_qa_2_60k::base::main::49868,0
llama3.1_8b_chat::trivia_qa_2_60k::base::main::1161,0
llama3.1_8b_chat::trivia_qa_2_60k::base::main::52615,0
llama3.1_8b_chat::trivia_qa_2_60k::base::main::12565,0
llama3.1_8b_chat::trivia_qa_2_60k::base::main::13435,0
llama3.1_8b_chat::trivia_qa_2_60k::base::main::53702,0
llama3.1_8b_chat::trivia_qa_2_60k::base::main::4624,0
llama3.1_8b_chat::trivia_qa_2_60k::base::main::3594,0
llama3.1_8b_chat::trivia_qa_2_60k::base::main::48115,0
llama3.1_8b_chat::trivia_qa_2_60k::base::main::25502,0
llama3.1_8b_chat::trivia_qa_2_60k::base::main::16752,0
llama3.1_8b_chat::trivia_qa_2_60k::base::main::55930,0
llama3.1_8b_chat::trivia_qa_2_60k::base::main::18992,0
llama3.1_8b_chat::trivia_qa_2_60k::base::main::24790,0
llama3.1_8b_chat::trivia_qa_2_60k::base::main::13163,0
llama3.1_8b_chat::trivia_qa_2_60k::base::main::28838,0
llama3.1_8b_chat::trivia_qa_2_60k::base::main::34657,0
llama3.1_8b_chat::trivia_qa_2_60k::base::main::35723,0
llama3.1_8b_chat::trivia_qa_2_60k::base::main::8472,0
llama3.1_8b_chat::trivia_qa_2_60k::base::main::35141,0
llama3.1_8b_chat::trivia_qa_2_60k::base::main::3802,0
llama3.1_8b_chat::trivia_qa_2_60k::base::main::36032,0
llama3.1_8b_chat::trivia_qa_2_60k::base::main::35835,0
llama3.1_8b_chat::trivia_qa_2_60k::base::main::38697,0
llama3.1_8b_chat::trivia_qa_2_60k::base::main::19183,0
llama3.1_8b_chat::trivia_qa_2_60k::base::main::1894,0
llama3.1_8b_chat::trivia_qa_2_60k::base::main::29248,0
llama3.1_8b_chat::trivia_qa_2_60k::base::main::12195,0
llama3.1_8b_chat::trivia_qa_2_60k::base::main::44745,0
llama3.1_8b_chat::trivia_qa_2_60k::base::main::3610,0
llama3.1_8b_chat::trivia_qa_2_60k::base::main::1236,0
llama3.1_8b_chat::trivia_qa_2_60k::base::main::33927,0
llama3.1_8b_chat::trivia_qa_2_60k::base::main::26175,0
llama3.1_8b_chat::trivia_qa_2_60k::base::main::17729,0
llama3.1_8b_chat::trivia_qa_2_60k::base::main::56140,0
llama3.1_8b_chat::trivia_qa_2_60k::base::main::14822,0
llama3.1_8b_chat::trivia_qa_2_60k::base::main::29296,0
llama3.1_8b_chat::trivia_qa_2_60k::base::main::6116,0
llama3.1_8b_chat::trivia_qa_2_60k::base::main::37236,0
llama3.1_8b_chat::trivia_qa_2_60k::base::main::17807,0
llama3.1_8b_chat::trivia_qa_2_60k::base::main::32486,0
llama3.1_8b_chat::trivia_qa_2_60k::base::main::15551,0
llama3.1_8b_chat::trivia_qa_2_60k::base::main::42723,0
llama3.1_8b_chat::trivia_qa_2_60k::base::main::6914,0
llama3.1_8b_chat::trivia_qa_2_60k::base::main::26379,0
llama3.1_8b_chat::trivia_qa_2_60k::base::main::36009,0
llama3.1_8b_chat::trivia_qa_2_60k::base::main::9647,0
llama3.1_8b_chat::trivia_qa_2_60k::base::main::51581,0
llama3.1_8b_chat::trivia_qa_2_60k::base::main::28181,0
llama3.1_8b_chat::trivia_qa_2_60k::base::main::17689,0
llama3.1_8b_chat::trivia_qa_2_60k::base::main::43405,0
llama3.1_8b_chat::trivia_qa_2_60k::base::main::55375,0
llama3.1_8b_chat::trivia_qa_2_60k::base::main::29263,0
llama3.1_8b_chat::trivia_qa_2_60k::base::main::57035,0
llama3.1_8b_chat::trivia_qa_2_60k::base::main::41122,0
llama3.1_8b_chat::trivia_qa_2_60k::base::main::34561,0
llama3.1_8b_chat::trivia_qa_2_60k::base::main::21980,0
llama3.1_8b_chat::trivia_qa_2_60k::base::main::18359,0
llama3.1_8b_chat::trivia_qa_2_60k::base::main::24156,0
llama3.1_8b_chat::trivia_qa_2_60k::base::main::23051,0
llama3.1_8b_chat::trivia_qa_2_60k::base::main::28502,0
llama3.1_8b_chat::trivia_qa_2_60k::base::main::10604,0
llama3.1_8b_chat::trivia_qa_2_60k::base::main::40091,0
llama3.1_8b_chat::trivia_qa_2_60k::base::main::20496,0
llama3.1_8b_chat::trivia_qa_2_60k::base::main::14280,0
llama3.1_8b_chat::trivia_qa_2_60k::base::main::6184,0
llama3.1_8b_chat::trivia_qa_2_60k::base::main::33637,0
llama3.1_8b_chat::trivia_qa_2_60k::base::main::53526,0
llama3.1_8b_chat::trivia_qa_2_60k::base::main::22279,0
llama3.1_8b_chat::trivia_qa_2_60k::base::main::41814,0
llama3.1_8b_chat::trivia_qa_2_60k::base::main::3295,0
llama3.1_8b_chat::trivia_qa_2_60k::base::main::40234,0
llama3.1_8b_chat::trivia_qa_2_60k::base::main::10207,0
llama3.1_8b_chat::trivia_qa_2_60k::base::main::46987,0
llama3.1_8b_chat::trivia_qa_2_60k::base::main::31624,0
llama3.1_8b_chat::trivia_qa_2_60k::base::main::27295,0
llama3.1_8b_chat::trivia_qa_2_60k::base::main::54966,0
llama3.1_8b_chat::trivia_qa_2_60k::base::main::38006,0
llama3.1_8b_chat::trivia_qa_2_60k::base::main::57835,0
llama3.1_8b_chat::trivia_qa_2_60k::base::main::54097,0
llama3.1_8b_chat::trivia_qa_2_60k::base::main::10984,0
llama3.1_8b_chat::trivia_qa_2_60k::base::main::18443,0
llama3.1_8b_chat::trivia_qa_2_60k::base::main::18698,0
llama3.1_8b_chat::trivia_qa_2_60k::base::main::51123,0
llama3.1_8b_chat::trivia_qa_2_60k::base::main::562,0
llama3.1_8b_chat::trivia_qa_2_60k::base::main::45246,0
llama3.1_8b_chat::trivia_qa_2_60k::base::main::47175,0
llama3.1_8b_chat::trivia_qa_2_60k::base::main::27038,0
llama3.1_8b_chat::trivia_qa_2_60k::base::main::51273,0
llama3.1_8b_chat::trivia_qa_2_60k::base::main::31695,0
llama3.1_8b_chat::trivia_qa_2_60k::base::main::21833,0
llama3.1_8b_chat::trivia_qa_2_60k::base::main::52805,0
llama3.1_8b_chat::trivia_qa_2_60k::base::main::36832,0
llama3.1_8b_chat::trivia_qa_2_60k::base::main::24953,0
llama3.1_8b_chat::trivia_qa_2_60k::base::main::53401,0
llama3.1_8b_chat::trivia_qa_2_60k::base::main::33315,0
llama3.1_8b_chat::trivia_qa_2_60k::base::main::42776,0
llama3.1_8b_chat::trivia_qa_2_60k::base::main::53698,0
llama3.1_8b_chat::trivia_qa_2_60k::base::main::52127,0
llama3.1_8b_chat::trivia_qa_2_60k::base::main::42495,0
llama3.1_8b_chat::trivia_qa_2_60k::base::main::28938,0
llama3.1_8b_chat::trivia_qa_2_60k::base::main::52803,0
llama3.1_8b_chat::trivia_qa_2_60k::base::main::57324,0
llama3.1_8b_chat::trivia_qa_2_60k::base::main::11945,0
llama3.1_8b_chat::trivia_qa_2_60k::base::main::42144,0
llama3.1_8b_chat::trivia_qa_2_60k::base::main::22014,0
llama3.1_8b_chat::trivia_qa_2_60k::base::main::53611,0
llama3.1_8b_chat::trivia_qa_2_60k::base::main::43025,0
llama3.1_8b_chat::trivia_qa_2_60k::base::main::51714,0
llama3.1_8b_chat::trivia_qa_2_60k::base::main::58094,0
llama3.1_8b_chat::trivia_qa_2_60k::base::main::16450,0
llama3.1_8b_chat::trivia_qa_2_60k::base::main::46951,0
llama3.1_8b_chat::trivia_qa_2_60k::base::main::55309,0
llama3.1_8b_chat::trivia_qa_2_60k::base::main::56340,0
llama3.1_8b_chat::trivia_qa_2_60k::base::main::16234,0
llama3.1_8b_chat::trivia_qa_2_60k::base::main::35993,0
llama3.1_8b_chat::trivia_qa_2_60k::base::main::15713,0
llama3.1_8b_chat::trivia_qa_2_60k::base::main::48513,0
llama3.1_8b_chat::trivia_qa_2_60k::base::main::38779,0
llama3.1_8b_chat::trivia_qa_2_60k::base::main::20337,0
llama3.1_8b_chat::trivia_qa_2_60k::base::main::33868,0
llama3.1_8b_chat::trivia_qa_2_60k::base::main::7128,0
llama3.1_8b_chat::trivia_qa_2_60k::base::main::10044,0
llama3.1_8b_chat::trivia_qa_2_60k::base::main::28783,0
llama3.1_8b_chat::trivia_qa_2_60k::base::main::26615,0
llama3.1_8b_chat::trivia_qa_2_60k::base::main::57702,0
llama3.1_8b_chat::trivia_qa_2_60k::base::main::19962,0
llama3.1_8b_chat::trivia_qa_2_60k::base::main::31581,0
llama3.1_8b_chat::trivia_qa_2_60k::base::main::44644,0
llama3.1_8b_chat::trivia_qa_2_60k::base::main::2830,0
llama3.1_8b_chat::trivia_qa_2_60k::base::main::2078,0
llama3.1_8b_chat::trivia_qa_2_60k::base::main::29609,0
llama3.1_8b_chat::trivia_qa_2_60k::base::main::47655,0
llama3.1_8b_chat::trivia_qa_2_60k::base::main::564,0
llama3.1_8b_chat::trivia_qa_2_60k::base::main::38798,0
llama3.1_8b_chat::trivia_qa_2_60k::base::main::29781,0
llama3.1_8b_chat::trivia_qa_2_60k::base::main::4351,0
llama3.1_8b_chat::trivia_qa_2_60k::base::main::29246,0
llama3.1_8b_chat::trivia_qa_2_60k::base::main::52079,0
llama3.1_8b_chat::trivia_qa_2_60k::base::main::44616,0
llama3.1_8b_chat::trivia_qa_2_60k::base::main::19635,0
llama3.1_8b_chat::trivia_qa_2_60k::base::main::3601,0
llama3.1_8b_chat::trivia_qa_2_60k::base::main::34103,0
llama3.1_8b_chat::trivia_qa_2_60k::base::main::4855,0
llama3.1_8b_chat::trivia_qa_2_60k::base::main::14695,0
llama3.1_8b_chat::trivia_qa_2_60k::base::main::8216,0
llama3.1_8b_chat::trivia_qa_2_60k::base::main::3410,0
llama3.1_8b_chat::trivia_qa_2_60k::base::main::36443,0
llama3.1_8b_chat::trivia_qa_2_60k::base::main::9801,0
llama3.1_8b_chat::trivia_qa_2_60k::base::main::21884,0
llama3.1_8b_chat::trivia_qa_2_60k::base::main::40360,0
llama3.1_8b_chat::trivia_qa_2_60k::base::main::35639,0
llama3.1_8b_chat::trivia_qa_2_60k::base::main::23780,0
llama3.1_8b_chat::trivia_qa_2_60k::base::main::40054,0
llama3.1_8b_chat::trivia_qa_2_60k::base::main::54257,0
llama3.1_8b_chat::trivia_qa_2_60k::base::main::953,0
llama3.1_8b_chat::trivia_qa_2_60k::base::main::34198,0
llama3.1_8b_chat::trivia_qa_2_60k::base::main::22393,0
llama3.1_8b_chat::trivia_qa_2_60k::base::main::11898,0
llama3.1_8b_chat::trivia_qa_2_60k::base::main::24730,0
llama3.1_8b_chat::trivia_qa_2_60k::base::main::1076,0
llama3.1_8b_chat::trivia_qa_2_60k::base::main::17848,0
llama3.1_8b_chat::trivia_qa_2_60k::base::main::42045,0
llama3.1_8b_chat::trivia_qa_2_60k::base::main::2561,0
llama3.1_8b_chat::trivia_qa_2_60k::base::main::22394,0
llama3.1_8b_chat::trivia_qa_2_60k::base::main::35767,0
llama3.1_8b_chat::trivia_qa_2_60k::base::main::53738,0
llama3.1_8b_chat::trivia_qa_2_60k::base::main::19883,0
llama3.1_8b_chat::trivia_qa_2_60k::base::main::58217,0
llama3.1_8b_chat::trivia_qa_2_60k::base::main::26799,0
llama3.1_8b_chat::trivia_qa_2_60k::base::main::56406,0
llama3.1_8b_chat::trivia_qa_2_60k::base::main::34580,0
llama3.1_8b_chat::trivia_qa_2_60k::base::main::27526,0
llama3.1_8b_chat::trivia_qa_2_60k::base::main::52653,0
llama3.1_8b_chat::trivia_qa_2_60k::base::main::44388,0
llama3.1_8b_chat::trivia_qa_2_60k::base::main::41357,0
llama3.1_8b_chat::trivia_qa_2_60k::base::main::43138,0
llama3.1_8b_chat::trivia_qa_2_60k::base::main::45841,0
llama3.1_8b_chat::trivia_qa_2_60k::base::main::13128,0
llama3.1_8b_chat::trivia_qa_2_60k::base::main::17504,0
llama3.1_8b_chat::trivia_qa_2_60k::base::main::32255,0
llama3.1_8b_chat::trivia_qa_2_60k::base::main::10806,0
llama3.1_8b_chat::trivia_qa_2_60k::base::main::4145,0
llama3.1_8b_chat::trivia_qa_2_60k::base::main::14683,0
llama3.1_8b_chat::trivia_qa_2_60k::base::main::35246,0
llama3.1_8b_chat::trivia_qa_2_60k::base::main::52400,0
llama3.1_8b_chat::trivia_qa_2_60k::base::main::26543,0
llama3.1_8b_chat::trivia_qa_2_60k::base::main::34466,0
llama3.1_8b_chat::trivia_qa_2_60k::base::main::55037,0
llama3.1_8b_chat::trivia_qa_2_60k::base::main::16851,0
llama3.1_8b_chat::trivia_qa_2_60k::base::main::18738,0
llama3.1_8b_chat::trivia_qa_2_60k::base::main::39215,0
llama3.1_8b_chat::trivia_qa_2_60k::base::main::58533,0
llama3.1_8b_chat::trivia_qa_2_60k::base::main::53515,0
llama3.1_8b_chat::trivia_qa_2_60k::base::main::32424,0
llama3.1_8b_chat::trivia_qa_2_60k::base::main::43986,0
llama3.1_8b_chat::trivia_qa_2_60k::base::main::33909,0
llama3.1_8b_chat::trivia_qa_2_60k::base::main::25914,0
llama3.1_8b_chat::trivia_qa_2_60k::base::main::12475,0
llama3.1_8b_chat::trivia_qa_2_60k::base::main::4054,0
llama3.1_8b_chat::trivia_qa_2_60k::base::main::31015,0
llama3.1_8b_chat::trivia_qa_2_60k::base::main::8784,0
llama3.1_8b_chat::trivia_qa_2_60k::base::main::29232,0
llama3.1_8b_chat::trivia_qa_2_60k::base::main::211,0
llama3.1_8b_chat::trivia_qa_2_60k::base::main::48923,0
llama3.1_8b_chat::trivia_qa_2_60k::base::main::26471,0
llama3.1_8b_chat::trivia_qa_2_60k::base::main::36679,0
llama3.1_8b_chat::trivia_qa_2_60k::base::main::30116,0
llama3.1_8b_chat::trivia_qa_2_60k::base::main::35707,0
llama3.1_8b_chat::trivia_qa_2_60k::base::main::51712,0
llama3.1_8b_chat::trivia_qa_2_60k::base::main::36041,0
llama3.1_8b_chat::trivia_qa_2_60k::base::main::12639,0
llama3.1_8b_chat::trivia_qa_2_60k::base::main::57881,0
llama3.1_8b_chat::trivia_qa_2_60k::base::main::51724,0
llama3.1_8b_chat::trivia_qa_2_60k::base::main::15523,0
llama3.1_8b_chat::trivia_qa_2_60k::base::main::52861,0
llama3.1_8b_chat::trivia_qa_2_60k::base::main::12722,0
llama3.1_8b_chat::trivia_qa_2_60k::base::main::25388,0
llama3.1_8b_chat::trivia_qa_2_60k::base::main::16740,0
llama3.1_8b_chat::trivia_qa_2_60k::base::main::39441,0
llama3.1_8b_chat::trivia_qa_2_60k::base::main::51562,0
llama3.1_8b_chat::trivia_qa_2_60k::base::main::28406,0
llama3.1_8b_chat::trivia_qa_2_60k::base::main::17982,0
llama3.1_8b_chat::trivia_qa_2_60k::base::main::17447,0
llama3.1_8b_chat::trivia_qa_2_60k::base::main::13944,0
llama3.1_8b_chat::trivia_qa_2_60k::base::main::9591,0
llama3.1_8b_chat::trivia_qa_2_60k::base::main::10693,0
llama3.1_8b_chat::trivia_qa_2_60k::base::main::30633,0
llama3.1_8b_chat::trivia_qa_2_60k::base::main::31440,0
llama3.1_8b_chat::trivia_qa_2_60k::base::main::21087,0
llama3.1_8b_chat::trivia_qa_2_60k::base::main::22324,0
llama3.1_8b_chat::trivia_qa_2_60k::base::main::52486,0
llama3.1_8b_chat::trivia_qa_2_60k::base::main::51616,0
llama3.1_8b_chat::trivia_qa_2_60k::base::main::8847,0
llama3.1_8b_chat::trivia_qa_2_60k::base::main::7985,0
llama3.1_8b_chat::trivia_qa_2_60k::base::main::22544,0
llama3.1_8b_chat::trivia_qa_2_60k::base::main::38622,0
llama3.1_8b_chat::trivia_qa_2_60k::base::main::25427,0
llama3.1_8b_chat::trivia_qa_2_60k::base::main::20270,0
llama3.1_8b_chat::trivia_qa_2_60k::base::main::41988,0
llama3.1_8b_chat::trivia_qa_2_60k::base::main::9467,0
llama3.1_8b_chat::trivia_qa_2_60k::base::main::15489,0
llama3.1_8b_chat::trivia_qa_2_60k::base::main::20975,0
llama3.1_8b_chat::trivia_qa_2_60k::base::main::22643,0
llama3.1_8b_chat::trivia_qa_2_60k::base::main::41794,0
llama3.1_8b_chat::trivia_qa_2_60k::base::main::16442,0
llama3.1_8b_chat::trivia_qa_2_60k::base::main::39743,0
llama3.1_8b_chat::trivia_qa_2_60k::base::main::44057,0
llama3.1_8b_chat::trivia_qa_2_60k::base::main::8429,0
llama3.1_8b_chat::trivia_qa_2_60k::base::main::52181,0
llama3.1_8b_chat::trivia_qa_2_60k::base::main::47900,0
llama3.1_8b_chat::trivia_qa_2_60k::base::main::33940,0
llama3.1_8b_chat::trivia_qa_2_60k::base::main::31224,0
llama3.1_8b_chat::trivia_qa_2_60k::base::main::18006,0
llama3.1_8b_chat::trivia_qa_2_60k::base::main::9235,0
llama3.1_8b_chat::trivia_qa_2_60k::base::main::46773,0
llama3.1_8b_chat::trivia_qa_2_60k::base::main::6775,0
llama3.1_8b_chat::trivia_qa_2_60k::base::main::18829,0
llama3.1_8b_chat::trivia_qa_2_60k::base::main::44918,0
llama3.1_8b_chat::trivia_qa_2_60k::base::main::10823,0
llama3.1_8b_chat::trivia_qa_2_60k::base::main::49501,0
llama3.1_8b_chat::trivia_qa_2_60k::base::main::31613,0
llama3.1_8b_chat::trivia_qa_2_60k::base::main::42175,0
llama3.1_8b_chat::trivia_qa_2_60k::base::main::22811,0
llama3.1_8b_chat::trivia_qa_2_60k::base::main::40977,0
llama3.1_8b_chat::trivia_qa_2_60k::base::main::54659,0
llama3.1_8b_chat::trivia_qa_2_60k::base::main::39393,0
llama3.1_8b_chat::trivia_qa_2_60k::base::main::23915,0
llama3.1_8b_chat::trivia_qa_2_60k::base::main::9464,0
llama3.1_8b_chat::trivia_qa_2_60k::base::main::13943,0
llama3.1_8b_chat::trivia_qa_2_60k::base::main::3627,0
llama3.1_8b_chat::trivia_qa_2_60k::base::main::16121,0
llama3.1_8b_chat::trivia_qa_2_60k::base::main::13826,0
llama3.1_8b_chat::trivia_qa_2_60k::base::main::4516,0
llama3.1_8b_chat::trivia_qa_2_60k::base::main::33997,0
llama3.1_8b_chat::trivia_qa_2_60k::base::main::452,0
llama3.1_8b_chat::trivia_qa_2_60k::base::main::19737,0
llama3.1_8b_chat::trivia_qa_2_60k::base::main::26451,0
llama3.1_8b_chat::trivia_qa_2_60k::base::main::2336,0
llama3.1_8b_chat::trivia_qa_2_60k::base::main::7901,0
llama3.1_8b_chat::trivia_qa_2_60k::base::main::36588,0
llama3.1_8b_chat::trivia_qa_2_60k::base::main::55799,0
llama3.1_8b_chat::trivia_qa_2_60k::base::main::18721,0
llama3.1_8b_chat::trivia_qa_2_60k::base::main::20189,0
llama3.1_8b_chat::trivia_qa_2_60k::base::main::52871,0
llama3.1_8b_chat::trivia_qa_2_60k::base::main::42608,0
llama3.1_8b_chat::trivia_qa_2_60k::base::main::49112,0
llama3.1_8b_chat::trivia_qa_2_60k::base::main::17123,0
llama3.1_8b_chat::trivia_qa_2_60k::base::main::44509,0
llama3.1_8b_chat::trivia_qa_2_60k::base::main::15384,0
llama3.1_8b_chat::trivia_qa_2_60k::base::main::10371,0
llama3.1_8b_chat::trivia_qa_2_60k::base::main::13496,0
llama3.1_8b_chat::trivia_qa_2_60k::base::main::50220,0
llama3.1_8b_chat::trivia_qa_2_60k::base::main::57173,0
llama3.1_8b_chat::trivia_qa_2_60k::base::main::51451,0
llama3.1_8b_chat::trivia_qa_2_60k::base::main::31911,0
llama3.1_8b_chat::trivia_qa_2_60k::base::main::51996,0
llama3.1_8b_chat::trivia_qa_2_60k::base::main::53759,0
llama3.1_8b_chat::trivia_qa_2_60k::base::main::746,0
llama3.1_8b_chat::trivia_qa_2_60k::base::main::8582,0
llama3.1_8b_chat::trivia_qa_2_60k::base::main::29024,0
llama3.1_8b_chat::trivia_qa_2_60k::base::main::26652,0
llama3.1_8b_chat::trivia_qa_2_60k::base::main::46096,0
llama3.1_8b_chat::trivia_qa_2_60k::base::main::45541,0
llama3.1_8b_chat::trivia_qa_2_60k::base::main::32242,0
llama3.1_8b_chat::trivia_qa_2_60k::base::main::28133,0
llama3.1_8b_chat::trivia_qa_2_60k::base::main::16447,0
llama3.1_8b_chat::trivia_qa_2_60k::base::main::862,0
llama3.1_8b_chat::trivia_qa_2_60k::base::main::42011,0
llama3.1_8b_chat::trivia_qa_2_60k::base::main::49266,0
llama3.1_8b_chat::trivia_qa_2_60k::base::main::3101,0
llama3.1_8b_chat::trivia_qa_2_60k::base::main::54968,0
llama3.1_8b_chat::trivia_qa_2_60k::base::main::13842,0
llama3.1_8b_chat::trivia_qa_2_60k::base::main::48485,0
llama3.1_8b_chat::trivia_qa_2_60k::base::main::51102,0
llama3.1_8b_chat::trivia_qa_2_60k::base::main::1601,0
llama3.1_8b_chat::trivia_qa_2_60k::base::main::53343,0
llama3.1_8b_chat::trivia_qa_2_60k::base::main::55136,0
llama3.1_8b_chat::trivia_qa_2_60k::base::main::27899,0
llama3.1_8b_chat::trivia_qa_2_60k::base::main::42958,0
llama3.1_8b_chat::trivia_qa_2_60k::base::main::23888,0
llama3.1_8b_chat::trivia_qa_2_60k::base::main::53531,0
llama3.1_8b_chat::trivia_qa_2_60k::base::main::43890,0
llama3.1_8b_chat::trivia_qa_2_60k::base::main::15948,0
llama3.1_8b_chat::trivia_qa_2_60k::base::main::51264,0
llama3.1_8b_chat::trivia_qa_2_60k::base::main::11095,0
llama3.1_8b_chat::trivia_qa_2_60k::base::main::52999,0
llama3.1_8b_chat::trivia_qa_2_60k::base::main::54115,0
llama3.1_8b_chat::trivia_qa_2_60k::base::main::8263,0
llama3.1_8b_chat::trivia_qa_2_60k::base::main::48903,0
llama3.1_8b_chat::trivia_qa_2_60k::base::main::41309,0
llama3.1_8b_chat::trivia_qa_2_60k::base::main::55847,0
llama3.1_8b_chat::trivia_qa_2_60k::base::main::24160,0
llama3.1_8b_chat::trivia_qa_2_60k::base::main::43844,0
llama3.1_8b_chat::trivia_qa_2_60k::base::main::39917,0
llama3.1_8b_chat::trivia_qa_2_60k::base::main::47731,0
llama3.1_8b_chat::trivia_qa_2_60k::base::main::38840,0
llama3.1_8b_chat::trivia_qa_2_60k::base::main::26745,0
llama3.1_8b_chat::trivia_qa_2_60k::base::main::18178,0
llama3.1_8b_chat::trivia_qa_2_60k::base::main::14365,0
llama3.1_8b_chat::trivia_qa_2_60k::base::main::19934,0
llama3.1_8b_chat::trivia_qa_2_60k::base::main::45126,0
llama3.1_8b_chat::trivia_qa_2_60k::base::main::20633,0
llama3.1_8b_chat::trivia_qa_2_60k::base::main::29897,0
llama3.1_8b_chat::trivia_qa_2_60k::base::main::24037,0
llama3.1_8b_chat::trivia_qa_2_60k::base::main::45985,0
llama3.1_8b_chat::trivia_qa_2_60k::base::main::2358,0
llama3.1_8b_chat::trivia_qa_2_60k::base::main::57027,0
llama3.1_8b_chat::trivia_qa_2_60k::base::main::49784,0
llama3.1_8b_chat::trivia_qa_2_60k::base::main::32668,0
llama3.1_8b_chat::trivia_qa_2_60k::base::main::29221,0
llama3.1_8b_chat::trivia_qa_2_60k::base::main::17315,0
llama3.1_8b_chat::trivia_qa_2_60k::base::main::20015,0
llama3.1_8b_chat::trivia_qa_2_60k::base::main::12248,0
llama3.1_8b_chat::trivia_qa_2_60k::base::main::40978,0
llama3.1_8b_chat::trivia_qa_2_60k::base::main::37324,0
llama3.1_8b_chat::trivia_qa_2_60k::base::main::37037,0
llama3.1_8b_chat::trivia_qa_2_60k::base::main::56127,0
llama3.1_8b_chat::trivia_qa_2_60k::base::main::56757,0
llama3.1_8b_chat::trivia_qa_2_60k::base::main::13218,0
llama3.1_8b_chat::trivia_qa_2_60k::base::main::34975,0
llama3.1_8b_chat::trivia_qa_2_60k::base::main::18936,0
llama3.1_8b_chat::trivia_qa_2_60k::base::main::4833,0
llama3.1_8b_chat::trivia_qa_2_60k::base::main::10510,0
llama3.1_8b_chat::trivia_qa_2_60k::base::main::53858,0
llama3.1_8b_chat::trivia_qa_2_60k::base::main::24764,0
llama3.1_8b_chat::trivia_qa_2_60k::base::main::11199,0
llama3.1_8b_chat::trivia_qa_2_60k::base::main::21033,0
llama3.1_8b_chat::trivia_qa_2_60k::base::main::47712,0
llama3.1_8b_chat::trivia_qa_2_60k::base::main::58074,0
llama3.1_8b_chat::trivia_qa_2_60k::base::main::9435,0
llama3.1_8b_chat::trivia_qa_2_60k::base::main::20097,0
llama3.1_8b_chat::trivia_qa_2_60k::base::main::11138,0
llama3.1_8b_chat::trivia_qa_2_60k::base::main::18040,0
llama3.1_8b_chat::trivia_qa_2_60k::base::main::51412,0
llama3.1_8b_chat::trivia_qa_2_60k::base::main::57495,0
llama3.1_8b_chat::trivia_qa_2_60k::base::main::28215,0
llama3.1_8b_chat::trivia_qa_2_60k::base::main::26754,0
llama3.1_8b_chat::trivia_qa_2_60k::base::main::56404,0
llama3.1_8b_chat::trivia_qa_2_60k::base::main::51213,0
llama3.1_8b_chat::trivia_qa_2_60k::base::main::4039,0
llama3.1_8b_chat::trivia_qa_2_60k::base::main::29215,0
llama3.1_8b_chat::trivia_qa_2_60k::base::main::57135,0
llama3.1_8b_chat::trivia_qa_2_60k::base::main::40680,0
llama3.1_8b_chat::trivia_qa_2_60k::base::main::16801,0
llama3.1_8b_chat::trivia_qa_2_60k::base::main::15167,0
llama3.1_8b_chat::trivia_qa_2_60k::base::main::37322,0
llama3.1_8b_chat::trivia_qa_2_60k::base::main::41010,0
llama3.1_8b_chat::trivia_qa_2_60k::base::main::991,0
llama3.1_8b_chat::trivia_qa_2_60k::base::main::44973,0
llama3.1_8b_chat::trivia_qa_2_60k::base::main::49131,0
llama3.1_8b_chat::trivia_qa_2_60k::base::main::52599,0
llama3.1_8b_chat::trivia_qa_2_60k::base::main::17777,0
llama3.1_8b_chat::trivia_qa_2_60k::base::main::49461,0
llama3.1_8b_chat::trivia_qa_2_60k::base::main::765,0
llama3.1_8b_chat::trivia_qa_2_60k::base::main::7412,0
llama3.1_8b_chat::trivia_qa_2_60k::base::main::43476,0
llama3.1_8b_chat::trivia_qa_2_60k::base::main::12468,0
llama3.1_8b_chat::trivia_qa_2_60k::base::main::39778,0
llama3.1_8b_chat::trivia_qa_2_60k::base::main::28408,0
llama3.1_8b_chat::trivia_qa_2_60k::base::main::31691,0
llama3.1_8b_chat::trivia_qa_2_60k::base::main::46883,0
llama3.1_8b_chat::trivia_qa_2_60k::base::main::6882,0
llama3.1_8b_chat::trivia_qa_2_60k::base::main::17996,0
llama3.1_8b_chat::trivia_qa_2_60k::base::main::36970,0
llama3.1_8b_chat::trivia_qa_2_60k::base::main::43095,0
llama3.1_8b_chat::trivia_qa_2_60k::base::main::16785,0
llama3.1_8b_chat::trivia_qa_2_60k::base::main::55553,0
llama3.1_8b_chat::trivia_qa_2_60k::base::main::36716,0
llama3.1_8b_chat::trivia_qa_2_60k::base::main::566,0
llama3.1_8b_chat::trivia_qa_2_60k::base::main::30173,0
llama3.1_8b_chat::trivia_qa_2_60k::base::main::21214,0
llama3.1_8b_chat::trivia_qa_2_60k::base::main::34492,0
llama3.1_8b_chat::trivia_qa_2_60k::base::main::5379,0
llama3.1_8b_chat::trivia_qa_2_60k::base::main::16554,0
llama3.1_8b_chat::trivia_qa_2_60k::base::main::39515,0
llama3.1_8b_chat::trivia_qa_2_60k::base::main::49116,0
llama3.1_8b_chat::trivia_qa_2_60k::base::main::47834,0
llama3.1_8b_chat::trivia_qa_2_60k::base::main::49798,0
llama3.1_8b_chat::trivia_qa_2_60k::base::main::40369,0
llama3.1_8b_chat::trivia_qa_2_60k::base::main::16451,0
llama3.1_8b_chat::trivia_qa_2_60k::base::main::58131,0
llama3.1_8b_chat::trivia_qa_2_60k::base::main::14906,0
llama3.1_8b_chat::trivia_qa_2_60k::base::main::7064,0
llama3.1_8b_chat::trivia_qa_2_60k::base::main::54904,0
llama3.1_8b_chat::trivia_qa_2_60k::base::main::30971,0
llama3.1_8b_chat::trivia_qa_2_60k::base::main::51338,0
llama3.1_8b_chat::trivia_qa_2_60k::base::main::33193,0
llama3.1_8b_chat::trivia_qa_2_60k::base::main::50097,0
llama3.1_8b_chat::trivia_qa_2_60k::base::main::85,0
llama3.1_8b_chat::trivia_qa_2_60k::base::main::17800,0
llama3.1_8b_chat::trivia_qa_2_60k::base::main::17342,0
llama3.1_8b_chat::trivia_qa_2_60k::base::main::19519,0
llama3.1_8b_chat::trivia_qa_2_60k::base::main::53235,0
llama3.1_8b_chat::trivia_qa_2_60k::base::main::19042,0
llama3.1_8b_chat::trivia_qa_2_60k::base::main::50534,0
llama3.1_8b_chat::trivia_qa_2_60k::base::main::19443,0
llama3.1_8b_chat::trivia_qa_2_60k::base::main::10396,0
llama3.1_8b_chat::trivia_qa_2_60k::base::main::17146,0
llama3.1_8b_chat::trivia_qa_2_60k::base::main::10472,0
llama3.1_8b_chat::trivia_qa_2_60k::base::main::2130,0
llama3.1_8b_chat::trivia_qa_2_60k::base::main::3224,0
llama3.1_8b_chat::trivia_qa_2_60k::base::main::48370,0
llama3.1_8b_chat::trivia_qa_2_60k::base::main::54338,0
llama3.1_8b_chat::trivia_qa_2_60k::base::main::54360,0
llama3.1_8b_chat::trivia_qa_2_60k::base::main::52080,0
llama3.1_8b_chat::trivia_qa_2_60k::base::main::6732,0
llama3.1_8b_chat::trivia_qa_2_60k::base::main::15277,0
llama3.1_8b_chat::trivia_qa_2_60k::base::main::11856,0
llama3.1_8b_chat::trivia_qa_2_60k::base::main::426,0
llama3.1_8b_chat::trivia_qa_2_60k::base::main::40957,0
llama3.1_8b_chat::trivia_qa_2_60k::base::main::57748,0
llama3.1_8b_chat::trivia_qa_2_60k::base::main::15892,0
llama3.1_8b_chat::trivia_qa_2_60k::base::main::25729,0
llama3.1_8b_chat::trivia_qa_2_60k::base::main::15018,0
llama3.1_8b_chat::trivia_qa_2_60k::base::main::52075,0
llama3.1_8b_chat::trivia_qa_2_60k::base::main::7880,0
llama3.1_8b_chat::trivia_qa_2_60k::base::main::15073,0
llama3.1_8b_chat::trivia_qa_2_60k::base::main::3446,0
llama3.1_8b_chat::trivia_qa_2_60k::base::main::40572,0
llama3.1_8b_chat::trivia_qa_2_60k::base::main::36406,0
llama3.1_8b_chat::trivia_qa_2_60k::base::main::16774,0
llama3.1_8b_chat::trivia_qa_2_60k::base::main::32315,0
llama3.1_8b_chat::trivia_qa_2_60k::base::main::19447,0
llama3.1_8b_chat::trivia_qa_2_60k::base::main::106,0
llama3.1_8b_chat::trivia_qa_2_60k::base::main::49607,0
llama3.1_8b_chat::trivia_qa_2_60k::base::main::14825,0
llama3.1_8b_chat::trivia_qa_2_60k::base::main::27540,0
llama3.1_8b_chat::trivia_qa_2_60k::base::main::1923,0
llama3.1_8b_chat::trivia_qa_2_60k::base::main::4129,0
llama3.1_8b_chat::trivia_qa_2_60k::base::main::19861,0
llama3.1_8b_chat::trivia_qa_2_60k::base::main::2386,0
llama3.1_8b_chat::trivia_qa_2_60k::base::main::10367,0
llama3.1_8b_chat::trivia_qa_2_60k::base::main::57002,0
llama3.1_8b_chat::trivia_qa_2_60k::base::main::10861,0
llama3.1_8b_chat::trivia_qa_2_60k::base::main::19028,0
llama3.1_8b_chat::trivia_qa_2_60k::base::main::43604,0
llama3.1_8b_chat::trivia_qa_2_60k::base::main::54245,0
llama3.1_8b_chat::trivia_qa_2_60k::base::main::41548,0
llama3.1_8b_chat::trivia_qa_2_60k::base::main::22423,0
llama3.1_8b_chat::trivia_qa_2_60k::base::main::57786,0
llama3.1_8b_chat::trivia_qa_2_60k::base::main::25922,0
llama3.1_8b_chat::trivia_qa_2_60k::base::main::17430,0
llama3.1_8b_chat::trivia_qa_2_60k::base::main::42750,0
llama3.1_8b_chat::trivia_qa_2_60k::base::main::42870,0
llama3.1_8b_chat::trivia_qa_2_60k::base::main::15079,0
llama3.1_8b_chat::trivia_qa_2_60k::base::main::31599,0
llama3.1_8b_chat::trivia_qa_2_60k::base::main::8699,0
llama3.1_8b_chat::trivia_qa_2_60k::base::main::35533,0
llama3.1_8b_chat::trivia_qa_2_60k::base::main::56183,0
llama3.1_8b_chat::trivia_qa_2_60k::base::main::52771,0
llama3.1_8b_chat::trivia_qa_2_60k::base::main::46795,0
llama3.1_8b_chat::trivia_qa_2_60k::base::main::10952,0
llama3.1_8b_chat::trivia_qa_2_60k::base::main::27760,0
llama3.1_8b_chat::trivia_qa_2_60k::base::main::17690,0
llama3.1_8b_chat::trivia_qa_2_60k::base::main::9092,0
llama3.1_8b_chat::trivia_qa_2_60k::base::main::6847,0
llama3.1_8b_chat::trivia_qa_2_60k::base::main::15198,0
llama3.1_8b_chat::trivia_qa_2_60k::base::main::17324,0
llama3.1_8b_chat::trivia_qa_2_60k::base::main::28184,0
llama3.1_8b_chat::trivia_qa_2_60k::base::main::29725,0
llama3.1_8b_chat::trivia_qa_2_60k::base::main::27055,0
llama3.1_8b_chat::trivia_qa_2_60k::base::main::509,0
llama3.1_8b_chat::trivia_qa_2_60k::base::main::20463,0
llama3.1_8b_chat::trivia_qa_2_60k::base::main::4279,0
llama3.1_8b_chat::trivia_qa_2_60k::base::main::17197,0
llama3.1_8b_chat::trivia_qa_2_60k::base::main::49156,0
llama3.1_8b_chat::trivia_qa_2_60k::base::main::28939,0
llama3.1_8b_chat::trivia_qa_2_60k::base::main::37311,0
llama3.1_8b_chat::trivia_qa_2_60k::base::main::16386,0
llama3.1_8b_chat::trivia_qa_2_60k::base::main::35345,0
llama3.1_8b_chat::trivia_qa_2_60k::base::main::47934,0
llama3.1_8b_chat::trivia_qa_2_60k::base::main::40543,0
llama3.1_8b_chat::trivia_qa_2_60k::base::main::37110,0
llama3.1_8b_chat::trivia_qa_2_60k::base::main::18179,0
llama3.1_8b_chat::trivia_qa_2_60k::base::main::23670,0
llama3.1_8b_chat::trivia_qa_2_60k::base::main::24728,0
llama3.1_8b_chat::trivia_qa_2_60k::base::main::37338,0
llama3.1_8b_chat::trivia_qa_2_60k::base::main::21080,0
llama3.1_8b_chat::trivia_qa_2_60k::base::main::41782,0
llama3.1_8b_chat::trivia_qa_2_60k::base::main::17786,0
llama3.1_8b_chat::trivia_qa_2_60k::base::main::8986,0
llama3.1_8b_chat::trivia_qa_2_60k::base::main::53605,0
llama3.1_8b_chat::trivia_qa_2_60k::base::main::23843,0
llama3.1_8b_chat::trivia_qa_2_60k::base::main::51461,0
llama3.1_8b_chat::trivia_qa_2_60k::base::main::1131,0
llama3.1_8b_chat::trivia_qa_2_60k::base::main::55618,0
llama3.1_8b_chat::trivia_qa_2_60k::base::main::37509,0
llama3.1_8b_chat::trivia_qa_2_60k::base::main::6095,0
llama3.1_8b_chat::trivia_qa_2_60k::base::main::16910,0
llama3.1_8b_chat::trivia_qa_2_60k::base::main::10914,0
llama3.1_8b_chat::trivia_qa_2_60k::base::main::45624,0
llama3.1_8b_chat::trivia_qa_2_60k::base::main::44753,0
llama3.1_8b_chat::trivia_qa_2_60k::base::main::56031,0
llama3.1_8b_chat::trivia_qa_2_60k::base::main::35690,0
llama3.1_8b_chat::trivia_qa_2_60k::base::main::38778,0
llama3.1_8b_chat::trivia_qa_2_60k::base::main::34819,0
llama3.1_8b_chat::trivia_qa_2_60k::base::main::5132,0
llama3.1_8b_chat::trivia_qa_2_60k::base::main::51448,0
llama3.1_8b_chat::trivia_qa_2_60k::base::main::36631,0
llama3.1_8b_chat::trivia_qa_2_60k::base::main::25862,0
llama3.1_8b_chat::trivia_qa_2_60k::base::main::20181,0
llama3.1_8b_chat::trivia_qa_2_60k::base::main::21192,0
llama3.1_8b_chat::trivia_qa_2_60k::base::main::48874,0
llama3.1_8b_chat::trivia_qa_2_60k::base::main::50190,0
llama3.1_8b_chat::trivia_qa_2_60k::base::main::54951,0
llama3.1_8b_chat::trivia_qa_2_60k::base::main::29459,0
llama3.1_8b_chat::trivia_qa_2_60k::base::main::21393,0
llama3.1_8b_chat::trivia_qa_2_60k::base::main::43751,0
llama3.1_8b_chat::trivia_qa_2_60k::base::main::42778,0
llama3.1_8b_chat::trivia_qa_2_60k::base::main::46751,0
llama3.1_8b_chat::trivia_qa_2_60k::base::main::34252,0
llama3.1_8b_chat::trivia_qa_2_60k::base::main::20022,0
llama3.1_8b_chat::trivia_qa_2_60k::base::main::7434,0
llama3.1_8b_chat::trivia_qa_2_60k::base::main::36862,0
llama3.1_8b_chat::trivia_qa_2_60k::base::main::41268,0
llama3.1_8b_chat::trivia_qa_2_60k::base::main::18355,0
llama3.1_8b_chat::trivia_qa_2_60k::base::main::18803,0
llama3.1_8b_chat::trivia_qa_2_60k::base::main::27808,0
llama3.1_8b_chat::trivia_qa_2_60k::base::main::33420,0
llama3.1_8b_chat::trivia_qa_2_60k::base::main::32522,0
llama3.1_8b_chat::trivia_qa_2_60k::base::main::31090,0
llama3.1_8b_chat::trivia_qa_2_60k::base::main::17701,0
llama3.1_8b_chat::trivia_qa_2_60k::base::main::51159,0
llama3.1_8b_chat::trivia_qa_2_60k::base::main::42361,0
llama3.1_8b_chat::trivia_qa_2_60k::base::main::4210,0
llama3.1_8b_chat::trivia_qa_2_60k::base::main::40336,0
llama3.1_8b_chat::trivia_qa_2_60k::base::main::22685,0
llama3.1_8b_chat::trivia_qa_2_60k::base::main::37511,0
llama3.1_8b_chat::trivia_qa_2_60k::base::main::7061,0
llama3.1_8b_chat::trivia_qa_2_60k::base::main::41078,0
llama3.1_8b_chat::trivia_qa_2_60k::base::main::31594,0
llama3.1_8b_chat::trivia_qa_2_60k::base::main::28107,0
llama3.1_8b_chat::trivia_qa_2_60k::base::main::38302,0
llama3.1_8b_chat::trivia_qa_2_60k::base::main::15161,0
llama3.1_8b_chat::trivia_qa_2_60k::base::main::43643,0
llama3.1_8b_chat::trivia_qa_2_60k::base::main::51989,0
llama3.1_8b_chat::trivia_qa_2_60k::base::main::51959,0
llama3.1_8b_chat::trivia_qa_2_60k::base::main::38054,0
llama3.1_8b_chat::trivia_qa_2_60k::base::main::54786,0
llama3.1_8b_chat::trivia_qa_2_60k::base::main::54471,0
llama3.1_8b_chat::trivia_qa_2_60k::base::main::10064,0
llama3.1_8b_chat::trivia_qa_2_60k::base::main::34520,0
llama3.1_8b_chat::trivia_qa_2_60k::base::main::16144,0
llama3.1_8b_chat::trivia_qa_2_60k::base::main::3641,0
llama3.1_8b_chat::trivia_qa_2_60k::base::main::47078,0
llama3.1_8b_chat::trivia_qa_2_60k::base::main::35311,0
llama3.1_8b_chat::trivia_qa_2_60k::base::main::25018,0
llama3.1_8b_chat::trivia_qa_2_60k::base::main::16823,0
llama3.1_8b_chat::trivia_qa_2_60k::base::main::23090,0
llama3.1_8b_chat::trivia_qa_2_60k::base::main::16294,0
llama3.1_8b_chat::trivia_qa_2_60k::base::main::55948,0
llama3.1_8b_chat::trivia_qa_2_60k::base::main::25242,0
llama3.1_8b_chat::trivia_qa_2_60k::base::main::16371,0
llama3.1_8b_chat::trivia_qa_2_60k::base::main::16098,0
llama3.1_8b_chat::trivia_qa_2_60k::base::main::40479,0
llama3.1_8b_chat::trivia_qa_2_60k::base::main::38614,0
llama3.1_8b_chat::trivia_qa_2_60k::base::main::51523,0
llama3.1_8b_chat::trivia_qa_2_60k::base::main::52948,0
llama3.1_8b_chat::trivia_qa_2_60k::base::main::4153,0
llama3.1_8b_chat::trivia_qa_2_60k::base::main::37634,0
llama3.1_8b_chat::trivia_qa_2_60k::base::main::55071,0
llama3.1_8b_chat::trivia_qa_2_60k::base::main::55376,0
llama3.1_8b_chat::trivia_qa_2_60k::base::main::2820,0
llama3.1_8b_chat::trivia_qa_2_60k::base::main::42320,0
llama3.1_8b_chat::trivia_qa_2_60k::base::main::56444,0
llama3.1_8b_chat::trivia_qa_2_60k::base::main::58144,0
llama3.1_8b_chat::trivia_qa_2_60k::base::main::10497,0
llama3.1_8b_chat::trivia_qa_2_60k::base::main::10689,0
llama3.1_8b_chat::trivia_qa_2_60k::base::main::13167,0
llama3.1_8b_chat::trivia_qa_2_60k::base::main::29322,0
llama3.1_8b_chat::trivia_qa_2_60k::base::main::35949,0
llama3.1_8b_chat::trivia_qa_2_60k::base::main::42717,0
llama3.1_8b_chat::trivia_qa_2_60k::base::main::52949,0
llama3.1_8b_chat::trivia_qa_2_60k::base::main::39157,0
llama3.1_8b_chat::trivia_qa_2_60k::base::main::44325,0
llama3.1_8b_chat::trivia_qa_2_60k::base::main::15450,0
llama3.1_8b_chat::trivia_qa_2_60k::base::main::51281,0
llama3.1_8b_chat::trivia_qa_2_60k::base::main::14064,0
llama3.1_8b_chat::trivia_qa_2_60k::base::main::55490,0
llama3.1_8b_chat::trivia_qa_2_60k::base::main::50211,0
llama3.1_8b_chat::trivia_qa_2_60k::base::main::6579,0
llama3.1_8b_chat::trivia_qa_2_60k::base::main::25586,0
llama3.1_8b_chat::trivia_qa_2_60k::base::main::53597,0
llama3.1_8b_chat::trivia_qa_2_60k::base::main::27768,0
llama3.1_8b_chat::trivia_qa_2_60k::base::main::9359,0
llama3.1_8b_chat::trivia_qa_2_60k::base::main::31334,0
llama3.1_8b_chat::trivia_qa_2_60k::base::main::35320,0
llama3.1_8b_chat::trivia_qa_2_60k::base::main::10072,0
llama3.1_8b_chat::trivia_qa_2_60k::base::main::9067,0
llama3.1_8b_chat::trivia_qa_2_60k::base::main::34377,0
llama3.1_8b_chat::trivia_qa_2_60k::base::main::12079,0
llama3.1_8b_chat::trivia_qa_2_60k::base::main::47573,0
llama3.1_8b_chat::trivia_qa_2_60k::base::main::46295,0
llama3.1_8b_chat::trivia_qa_2_60k::base::main::12176,0
llama3.1_8b_chat::trivia_qa_2_60k::base::main::41219,0
llama3.1_8b_chat::trivia_qa_2_60k::base::main::14038,0
llama3.1_8b_chat::trivia_qa_2_60k::base::main::20900,0
llama3.1_8b_chat::trivia_qa_2_60k::base::main::34130,0
llama3.1_8b_chat::trivia_qa_2_60k::base::main::37488,0
llama3.1_8b_chat::trivia_qa_2_60k::base::main::46710,0
llama3.1_8b_chat::trivia_qa_2_60k::base::main::3805,0
llama3.1_8b_chat::trivia_qa_2_60k::base::main::38638,0
llama3.1_8b_chat::trivia_qa_2_60k::base::main::34937,0
llama3.1_8b_chat::trivia_qa_2_60k::base::main::44048,0
llama3.1_8b_chat::trivia_qa_2_60k::base::main::48566,0
llama3.1_8b_chat::trivia_qa_2_60k::base::main::24459,0
llama3.1_8b_chat::trivia_qa_2_60k::base::main::7151,0
llama3.1_8b_chat::trivia_qa_2_60k::base::main::18564,0
llama3.1_8b_chat::trivia_qa_2_60k::base::main::37921,0
llama3.1_8b_chat::trivia_qa_2_60k::base::main::33545,0
llama3.1_8b_chat::trivia_qa_2_60k::base::main::43240,0
llama3.1_8b_chat::trivia_qa_2_60k::base::main::56255,0
llama3.1_8b_chat::trivia_qa_2_60k::base::main::10944,0
llama3.1_8b_chat::trivia_qa_2_60k::base::main::45587,0
llama3.1_8b_chat::trivia_qa_2_60k::base::main::38958,0
llama3.1_8b_chat::trivia_qa_2_60k::base::main::47267,0
llama3.1_8b_chat::trivia_qa_2_60k::base::main::2350,0
llama3.1_8b_chat::trivia_qa_2_60k::base::main::25884,0
llama3.1_8b_chat::trivia_qa_2_60k::base::main::22753,0
llama3.1_8b_chat::trivia_qa_2_60k::base::main::37272,0
llama3.1_8b_chat::trivia_qa_2_60k::base::main::9630,0
llama3.1_8b_chat::trivia_qa_2_60k::base::main::18947,0
llama3.1_8b_chat::trivia_qa_2_60k::base::main::30878,0
llama3.1_8b_chat::trivia_qa_2_60k::base::main::24799,0
llama3.1_8b_chat::trivia_qa_2_60k::base::main::11560,0
llama3.1_8b_chat::trivia_qa_2_60k::base::main::6348,0
llama3.1_8b_chat::trivia_qa_2_60k::base::main::54890,0
llama3.1_8b_chat::trivia_qa_2_60k::base::main::4072,0
llama3.1_8b_chat::trivia_qa_2_60k::base::main::43348,0
llama3.1_8b_chat::trivia_qa_2_60k::base::main::21065,0
llama3.1_8b_chat::trivia_qa_2_60k::base::main::31182,0
llama3.1_8b_chat::trivia_qa_2_60k::base::main::9402,0
llama3.1_8b_chat::trivia_qa_2_60k::base::main::18733,0
llama3.1_8b_chat::trivia_qa_2_60k::base::main::27363,0
llama3.1_8b_chat::trivia_qa_2_60k::base::main::35911,0
llama3.1_8b_chat::trivia_qa_2_60k::base::main::13371,0
llama3.1_8b_chat::trivia_qa_2_60k::base::main::8327,0
llama3.1_8b_chat::trivia_qa_2_60k::base::main::28092,0
llama3.1_8b_chat::trivia_qa_2_60k::base::main::25768,0
llama3.1_8b_chat::trivia_qa_2_60k::base::main::2828,0
llama3.1_8b_chat::trivia_qa_2_60k::base::main::26499,0
llama3.1_8b_chat::trivia_qa_2_60k::base::main::54058,0
llama3.1_8b_chat::trivia_qa_2_60k::base::main::48302,0
llama3.1_8b_chat::trivia_qa_2_60k::base::main::33666,0
llama3.1_8b_chat::trivia_qa_2_60k::base::main::54034,0
llama3.1_8b_chat::trivia_qa_2_60k::base::main::28635,0
llama3.1_8b_chat::trivia_qa_2_60k::base::main::16408,0
llama3.1_8b_chat::trivia_qa_2_60k::base::main::35375,0
llama3.1_8b_chat::trivia_qa_2_60k::base::main::28139,0
llama3.1_8b_chat::trivia_qa_2_60k::base::main::10440,0
llama3.1_8b_chat::trivia_qa_2_60k::base::main::54656,0
llama3.1_8b_chat::trivia_qa_2_60k::base::main::26547,0
llama3.1_8b_chat::trivia_qa_2_60k::base::main::47781,0
llama3.1_8b_chat::trivia_qa_2_60k::base::main::40276,0
llama3.1_8b_chat::trivia_qa_2_60k::base::main::39369,0
llama3.1_8b_chat::trivia_qa_2_60k::base::main::19658,0
llama3.1_8b_chat::trivia_qa_2_60k::base::main::54815,0
llama3.1_8b_chat::trivia_qa_2_60k::base::main::31157,0
llama3.1_8b_chat::trivia_qa_2_60k::base::main::6464,0
llama3.1_8b_chat::trivia_qa_2_60k::base::main::57694,0
llama3.1_8b_chat::trivia_qa_2_60k::base::main::24158,0
llama3.1_8b_chat::trivia_qa_2_60k::base::main::5117,0
llama3.1_8b_chat::trivia_qa_2_60k::base::main::54182,0
llama3.1_8b_chat::trivia_qa_2_60k::base::main::47278,0
llama3.1_8b_chat::trivia_qa_2_60k::base::main::55575,0
llama3.1_8b_chat::trivia_qa_2_60k::base::main::35602,0
llama3.1_8b_chat::trivia_qa_2_60k::base::main::17791,0
llama3.1_8b_chat::trivia_qa_2_60k::base::main::40912,0
llama3.1_8b_chat::trivia_qa_2_60k::base::main::24921,0
llama3.1_8b_chat::trivia_qa_2_60k::base::main::416,0
llama3.1_8b_chat::trivia_qa_2_60k::base::main::45995,0
llama3.1_8b_chat::trivia_qa_2_60k::base::main::40740,0
llama3.1_8b_chat::trivia_qa_2_60k::base::main::14764,0
llama3.1_8b_chat::trivia_qa_2_60k::base::main::32556,0
llama3.1_8b_chat::trivia_qa_2_60k::base::main::7319,0
llama3.1_8b_chat::trivia_qa_2_60k::base::main::54062,0
llama3.1_8b_chat::trivia_qa_2_60k::base::main::23399,0
llama3.1_8b_chat::trivia_qa_2_60k::base::main::18762,0
llama3.1_8b_chat::trivia_qa_2_60k::base::main::14951,0
llama3.1_8b_chat::trivia_qa_2_60k::base::main::22134,0
llama3.1_8b_chat::trivia_qa_2_60k::base::main::10218,0
llama3.1_8b_chat::trivia_qa_2_60k::base::main::40715,0
llama3.1_8b_chat::trivia_qa_2_60k::base::main::46315,0
llama3.1_8b_chat::trivia_qa_2_60k::base::main::52946,0
llama3.1_8b_chat::trivia_qa_2_60k::base::main::36768,0
llama3.1_8b_chat::trivia_qa_2_60k::base::main::30834,0
llama3.1_8b_chat::trivia_qa_2_60k::base::main::21706,0
llama3.1_8b_chat::trivia_qa_2_60k::base::main::28178,0
llama3.1_8b_chat::trivia_qa_2_60k::base::main::21138,0
llama3.1_8b_chat::trivia_qa_2_60k::base::main::46186,0
llama3.1_8b_chat::trivia_qa_2_60k::base::main::17233,0
llama3.1_8b_chat::trivia_qa_2_60k::base::main::49455,0
llama3.1_8b_chat::trivia_qa_2_60k::base::main::46781,0
llama3.1_8b_chat::trivia_qa_2_60k::base::main::29058,0
llama3.1_8b_chat::trivia_qa_2_60k::base::main::888,0
llama3.1_8b_chat::trivia_qa_2_60k::base::main::7173,0
llama3.1_8b_chat::trivia_qa_2_60k::base::main::56674,0
llama3.1_8b_chat::trivia_qa_2_60k::base::main::47177,0
llama3.1_8b_chat::trivia_qa_2_60k::base::main::10606,0
llama3.1_8b_chat::trivia_qa_2_60k::base::main::37218,0
llama3.1_8b_chat::trivia_qa_2_60k::base::main::50944,0
llama3.1_8b_chat::trivia_qa_2_60k::base::main::7452,0
llama3.1_8b_chat::trivia_qa_2_60k::base::main::16054,0
llama3.1_8b_chat::trivia_qa_2_60k::base::main::45393,0
llama3.1_8b_chat::trivia_qa_2_60k::base::main::49471,0
llama3.1_8b_chat::trivia_qa_2_60k::base::main::13483,0
llama3.1_8b_chat::trivia_qa_2_60k::base::main::20138,0
llama3.1_8b_chat::trivia_qa_2_60k::base::main::2853,0
llama3.1_8b_chat::trivia_qa_2_60k::base::main::18828,0
llama3.1_8b_chat::trivia_qa_2_60k::base::main::50455,0
llama3.1_8b_chat::trivia_qa_2_60k::base::main::30375,0
llama3.1_8b_chat::trivia_qa_2_60k::base::main::3482,0
llama3.1_8b_chat::trivia_qa_2_60k::base::main::52810,0
llama3.1_8b_chat::trivia_qa_2_60k::base::main::28536,0
llama3.1_8b_chat::trivia_qa_2_60k::base::main::51400,0
llama3.1_8b_chat::trivia_qa_2_60k::base::main::39567,0
llama3.1_8b_chat::trivia_qa_2_60k::base::main::13050,0
llama3.1_8b_chat::trivia_qa_2_60k::base::main::38312,0
llama3.1_8b_chat::trivia_qa_2_60k::base::main::37833,0
llama3.1_8b_chat::trivia_qa_2_60k::base::main::3314,0
llama3.1_8b_chat::trivia_qa_2_60k::base::main::35996,0
llama3.1_8b_chat::trivia_qa_2_60k::base::main::12276,0
llama3.1_8b_chat::trivia_qa_2_60k::base::main::7102,0
llama3.1_8b_chat::trivia_qa_2_60k::base::main::23411,0
llama3.1_8b_chat::trivia_qa_2_60k::base::main::2676,0
llama3.1_8b_chat::trivia_qa_2_60k::base::main::53269,0
llama3.1_8b_chat::trivia_qa_2_60k::base::main::20687,0
llama3.1_8b_chat::trivia_qa_2_60k::base::main::1378,0
llama3.1_8b_chat::trivia_qa_2_60k::base::main::38116,0
llama3.1_8b_chat::trivia_qa_2_60k::base::main::55010,0
llama3.1_8b_chat::trivia_qa_2_60k::base::main::34030,0
llama3.1_8b_chat::trivia_qa_2_60k::base::main::52001,0
llama3.1_8b_chat::trivia_qa_2_60k::base::main::47036,0
llama3.1_8b_chat::trivia_qa_2_60k::base::main::53973,0
llama3.1_8b_chat::trivia_qa_2_60k::base::main::25314,0
llama3.1_8b_chat::trivia_qa_2_60k::base::main::15367,0
llama3.1_8b_chat::trivia_qa_2_60k::base::main::39921,0
llama3.1_8b_chat::trivia_qa_2_60k::base::main::35632,0
llama3.1_8b_chat::trivia_qa_2_60k::base::main::39145,0
llama3.1_8b_chat::trivia_qa_2_60k::base::main::56075,0
llama3.1_8b_chat::trivia_qa_2_60k::base::main::16492,0
llama3.1_8b_chat::trivia_qa_2_60k::base::main::53358,0
llama3.1_8b_chat::trivia_qa_2_60k::base::main::10774,0
llama3.1_8b_chat::trivia_qa_2_60k::base::main::13405,0
llama3.1_8b_chat::trivia_qa_2_60k::base::main::31914,0
llama3.1_8b_chat::trivia_qa_2_60k::base::main::26061,0
llama3.1_8b_chat::trivia_qa_2_60k::base::main::4302,0
llama3.1_8b_chat::trivia_qa_2_60k::base::main::40902,0
llama3.1_8b_chat::trivia_qa_2_60k::base::main::10616,0
llama3.1_8b_chat::trivia_qa_2_60k::base::main::39657,0
llama3.1_8b_chat::trivia_qa_2_60k::base::main::57570,0
llama3.1_8b_chat::trivia_qa_2_60k::base::main::36906,0
llama3.1_8b_chat::trivia_qa_2_60k::base::main::26239,0
llama3.1_8b_chat::trivia_qa_2_60k::base::main::1046,0
llama3.1_8b_chat::trivia_qa_2_60k::base::main::3015,0
llama3.1_8b_chat::trivia_qa_2_60k::base::main::29228,0
llama3.1_8b_chat::trivia_qa_2_60k::base::main::32309,0
llama3.1_8b_chat::trivia_qa_2_60k::base::main::12275,0
llama3.1_8b_chat::trivia_qa_2_60k::base::main::1516,0
llama3.1_8b_chat::trivia_qa_2_60k::base::main::52141,0
llama3.1_8b_chat::trivia_qa_2_60k::base::main::6219,0
llama3.1_8b_chat::trivia_qa_2_60k::base::main::31158,0
llama3.1_8b_chat::trivia_qa_2_60k::base::main::30935,0
llama3.1_8b_chat::trivia_qa_2_60k::base::main::8110,0
llama3.1_8b_chat::trivia_qa_2_60k::base::main::27466,0
llama3.1_8b_chat::trivia_qa_2_60k::base::main::29539,0
llama3.1_8b_chat::trivia_qa_2_60k::base::main::40291,0
llama3.1_8b_chat::trivia_qa_2_60k::base::main::56068,0
llama3.1_8b_chat::trivia_qa_2_60k::base::main::3776,0
llama3.1_8b_chat::trivia_qa_2_60k::base::main::27635,0
llama3.1_8b_chat::trivia_qa_2_60k::base::main::1445,0
llama3.1_8b_chat::trivia_qa_2_60k::base::main::33164,0
llama3.1_8b_chat::trivia_qa_2_60k::base::main::27225,0
llama3.1_8b_chat::trivia_qa_2_60k::base::main::16317,0
llama3.1_8b_chat::trivia_qa_2_60k::base::main::32913,0
llama3.1_8b_chat::trivia_qa_2_60k::base::main::56615,0
llama3.1_8b_chat::trivia_qa_2_60k::base::main::4897,0
llama3.1_8b_chat::trivia_qa_2_60k::base::main::38723,0
llama3.1_8b_chat::trivia_qa_2_60k::base::main::36234,0
llama3.1_8b_chat::trivia_qa_2_60k::base::main::45092,0
llama3.1_8b_chat::trivia_qa_2_60k::base::main::2773,0
llama3.1_8b_chat::trivia_qa_2_60k::base::main::26481,0
llama3.1_8b_chat::trivia_qa_2_60k::base::main::1609,0
llama3.1_8b_chat::trivia_qa_2_60k::base::main::28089,0
llama3.1_8b_chat::trivia_qa_2_60k::base::main::45762,0
llama3.1_8b_chat::trivia_qa_2_60k::base::main::41894,0
llama3.1_8b_chat::trivia_qa_2_60k::base::main::1266,0
llama3.1_8b_chat::trivia_qa_2_60k::base::main::48205,0
llama3.1_8b_chat::trivia_qa_2_60k::base::main::55934,0
llama3.1_8b_chat::trivia_qa_2_60k::base::main::54909,0
llama3.1_8b_chat::trivia_qa_2_60k::base::main::41623,0
llama3.1_8b_chat::trivia_qa_2_60k::base::main::15536,0
llama3.1_8b_chat::trivia_qa_2_60k::base::main::30868,0
llama3.1_8b_chat::trivia_qa_2_60k::base::main::51784,0
llama3.1_8b_chat::trivia_qa_2_60k::base::main::13997,0
llama3.1_8b_chat::trivia_qa_2_60k::base::main::30345,0
llama3.1_8b_chat::trivia_qa_2_60k::base::main::48071,0
llama3.1_8b_chat::trivia_qa_2_60k::base::main::40684,0
llama3.1_8b_chat::trivia_qa_2_60k::base::main::53753,0
llama3.1_8b_chat::trivia_qa_2_60k::base::main::2389,0
llama3.1_8b_chat::trivia_qa_2_60k::base::main::30552,0
llama3.1_8b_chat::trivia_qa_2_60k::base::main::30425,0
llama3.1_8b_chat::trivia_qa_2_60k::base::main::53568,0
llama3.1_8b_chat::trivia_qa_2_60k::base::main::18393,0
llama3.1_8b_chat::trivia_qa_2_60k::base::main::55841,0
llama3.1_8b_chat::trivia_qa_2_60k::base::main::45975,0
llama3.1_8b_chat::trivia_qa_2_60k::base::main::42409,0
llama3.1_8b_chat::trivia_qa_2_60k::base::main::9182,0
llama3.1_8b_chat::trivia_qa_2_60k::base::main::5487,0
llama3.1_8b_chat::trivia_qa_2_60k::base::main::23216,0
llama3.1_8b_chat::trivia_qa_2_60k::base::main::52131,0
llama3.1_8b_chat::trivia_qa_2_60k::base::main::0,0
llama3.1_8b_chat::trivia_qa_2_60k::base::main::46729,0
llama3.1_8b_chat::trivia_qa_2_60k::base::main::8180,0
llama3.1_8b_chat::trivia_qa_2_60k::base::main::49291,0
llama3.1_8b_chat::trivia_qa_2_60k::base::main::21697,0
llama3.1_8b_chat::trivia_qa_2_60k::base::main::3486,0
llama3.1_8b_chat::trivia_qa_2_60k::base::main::16885,0
llama3.1_8b_chat::trivia_qa_2_60k::base::main::22730,0
llama3.1_8b_chat::trivia_qa_2_60k::base::main::29197,0
llama3.1_8b_chat::trivia_qa_2_60k::base::main::36518,0
llama3.1_8b_chat::trivia_qa_2_60k::base::main::16032,0
llama3.1_8b_chat::trivia_qa_2_60k::base::main::13552,0
llama3.1_8b_chat::trivia_qa_2_60k::base::main::33009,0
llama3.1_8b_chat::trivia_qa_2_60k::base::main::20228,0
llama3.1_8b_chat::trivia_qa_2_60k::base::main::28821,0
llama3.1_8b_chat::trivia_qa_2_60k::base::main::7487,0
llama3.1_8b_chat::trivia_qa_2_60k::base::main::18847,0
llama3.1_8b_chat::trivia_qa_2_60k::base::main::37834,0
llama3.1_8b_chat::trivia_qa_2_60k::base::main::20004,0
llama3.1_8b_chat::trivia_qa_2_60k::base::main::15667,0
llama3.1_8b_chat::trivia_qa_2_60k::base::main::16011,0
llama3.1_8b_chat::trivia_qa_2_60k::base::main::4854,0
llama3.1_8b_chat::trivia_qa_2_60k::base::main::9390,0
llama3.1_8b_chat::trivia_qa_2_60k::base::main::5330,0
llama3.1_8b_chat::trivia_qa_2_60k::base::main::2799,0
llama3.1_8b_chat::trivia_qa_2_60k::base::main::54470,0
llama3.1_8b_chat::trivia_qa_2_60k::base::main::49417,0
llama3.1_8b_chat::trivia_qa_2_60k::base::main::38190,0
llama3.1_8b_chat::trivia_qa_2_60k::base::main::1281,0
llama3.1_8b_chat::trivia_qa_2_60k::base::main::19122,0
llama3.1_8b_chat::trivia_qa_2_60k::base::main::36259,0
llama3.1_8b_chat::trivia_qa_2_60k::base::main::43043,0
llama3.1_8b_chat::trivia_qa_2_60k::base::main::34004,0
llama3.1_8b_chat::trivia_qa_2_60k::base::main::19383,0
llama3.1_8b_chat::trivia_qa_2_60k::base::main::20062,0
llama3.1_8b_chat::trivia_qa_2_60k::base::main::45757,0
llama3.1_8b_chat::trivia_qa_2_60k::base::main::55924,0
llama3.1_8b_chat::trivia_qa_2_60k::base::main::17064,0
llama3.1_8b_chat::trivia_qa_2_60k::base::main::14089,0
llama3.1_8b_chat::trivia_qa_2_60k::base::main::57012,0
llama3.1_8b_chat::trivia_qa_2_60k::base::main::5546,0
llama3.1_8b_chat::trivia_qa_2_60k::base::main::40550,0
llama3.1_8b_chat::trivia_qa_2_60k::base::main::41837,0
llama3.1_8b_chat::trivia_qa_2_60k::base::main::1908,0
llama3.1_8b_chat::trivia_qa_2_60k::base::main::16288,0
llama3.1_8b_chat::trivia_qa_2_60k::base::main::503,0
llama3.1_8b_chat::trivia_qa_2_60k::base::main::25550,0
llama3.1_8b_chat::trivia_qa_2_60k::base::main::6337,0
llama3.1_8b_chat::trivia_qa_2_60k::base::main::42157,0
llama3.1_8b_chat::trivia_qa_2_60k::base::main::15956,0
llama3.1_8b_chat::trivia_qa_2_60k::base::main::2754,0
llama3.1_8b_chat::trivia_qa_2_60k::base::main::22625,0
llama3.1_8b_chat::trivia_qa_2_60k::base::main::25000,0
llama3.1_8b_chat::trivia_qa_2_60k::base::main::33309,0
llama3.1_8b_chat::trivia_qa_2_60k::base::main::40262,0
llama3.1_8b_chat::trivia_qa_2_60k::base::main::13737,0
llama3.1_8b_chat::trivia_qa_2_60k::base::main::6706,0
llama3.1_8b_chat::trivia_qa_2_60k::base::main::30627,0
llama3.1_8b_chat::trivia_qa_2_60k::base::main::46899,0
llama3.1_8b_chat::trivia_qa_2_60k::base::main::17391,0
llama3.1_8b_chat::trivia_qa_2_60k::base::main::25690,0
llama3.1_8b_chat::trivia_qa_2_60k::base::main::9616,0
llama3.1_8b_chat::trivia_qa_2_60k::base::main::16377,0
llama3.1_8b_chat::trivia_qa_2_60k::base::main::32017,0
llama3.1_8b_chat::trivia_qa_2_60k::base::main::28416,0
llama3.1_8b_chat::trivia_qa_2_60k::base::main::1172,0
llama3.1_8b_chat::trivia_qa_2_60k::base::main::22395,0
llama3.1_8b_chat::trivia_qa_2_60k::base::main::39501,0
llama3.1_8b_chat::trivia_qa_2_60k::base::main::15094,0
llama3.1_8b_chat::trivia_qa_2_60k::base::main::15339,0
llama3.1_8b_chat::trivia_qa_2_60k::base::main::55859,0
llama3.1_8b_chat::trivia_qa_2_60k::base::main::17785,0
llama3.1_8b_chat::trivia_qa_2_60k::base::main::10105,0
llama3.1_8b_chat::trivia_qa_2_60k::base::main::51780,0
llama3.1_8b_chat::trivia_qa_2_60k::base::main::24841,0
llama3.1_8b_chat::trivia_qa_2_60k::base::main::54888,0
llama3.1_8b_chat::trivia_qa_2_60k::base::main::2393,0
llama3.1_8b_chat::trivia_qa_2_60k::base::main::10473,0
llama3.1_8b_chat::trivia_qa_2_60k::base::main::26985,0
llama3.1_8b_chat::trivia_qa_2_60k::base::main::46209,0
llama3.1_8b_chat::trivia_qa_2_60k::base::main::51988,0
llama3.1_8b_chat::trivia_qa_2_60k::base::main::5259,0
llama3.1_8b_chat::trivia_qa_2_60k::base::main::50794,0
llama3.1_8b_chat::trivia_qa_2_60k::base::main::39028,0
llama3.1_8b_chat::trivia_qa_2_60k::base::main::30287,0
llama3.1_8b_chat::trivia_qa_2_60k::base::main::16956,0
llama3.1_8b_chat::trivia_qa_2_60k::base::main::6819,0
llama3.1_8b_chat::trivia_qa_2_60k::base::main::41713,0
llama3.1_8b_chat::trivia_qa_2_60k::base::main::37154,0
llama3.1_8b_chat::trivia_qa_2_60k::base::main::37188,0
llama3.1_8b_chat::trivia_qa_2_60k::base::main::21709,0
llama3.1_8b_chat::trivia_qa_2_60k::base::main::20104,0
llama3.1_8b_chat::trivia_qa_2_60k::base::main::56512,0
llama3.1_8b_chat::trivia_qa_2_60k::base::main::51858,0
llama3.1_8b_chat::trivia_qa_2_60k::base::main::12060,0
llama3.1_8b_chat::trivia_qa_2_60k::base::main::16197,0
llama3.1_8b_chat::trivia_qa_2_60k::base::main::46149,0
llama3.1_8b_chat::trivia_qa_2_60k::base::main::39268,0
llama3.1_8b_chat::trivia_qa_2_60k::base::main::39355,0
llama3.1_8b_chat::trivia_qa_2_60k::base::main::3780,0
llama3.1_8b_chat::trivia_qa_2_60k::base::main::28544,0
llama3.1_8b_chat::trivia_qa_2_60k::base::main::21903,0
llama3.1_8b_chat::trivia_qa_2_60k::base::main::45490,0
llama3.1_8b_chat::trivia_qa_2_60k::base::main::18364,0
llama3.1_8b_chat::trivia_qa_2_60k::base::main::27335,0
llama3.1_8b_chat::trivia_qa_2_60k::base::main::5300,0
llama3.1_8b_chat::trivia_qa_2_60k::base::main::24300,0
llama3.1_8b_chat::trivia_qa_2_60k::base::main::48819,0
llama3.1_8b_chat::trivia_qa_2_60k::base::main::16156,0
llama3.1_8b_chat::trivia_qa_2_60k::base::main::51255,0
llama3.1_8b_chat::trivia_qa_2_60k::base::main::14112,0
llama3.1_8b_chat::trivia_qa_2_60k::base::main::47831,0
llama3.1_8b_chat::trivia_qa_2_60k::base::main::22313,0
llama3.1_8b_chat::trivia_qa_2_60k::base::main::13026,0
llama3.1_8b_chat::trivia_qa_2_60k::base::main::15195,0
llama3.1_8b_chat::trivia_qa_2_60k::base::main::3623,0
llama3.1_8b_chat::trivia_qa_2_60k::base::main::25310,0
llama3.1_8b_chat::trivia_qa_2_60k::base::main::25133,0
llama3.1_8b_chat::trivia_qa_2_60k::base::main::19761,0
llama3.1_8b_chat::trivia_qa_2_60k::base::main::21648,0
llama3.1_8b_chat::trivia_qa_2_60k::base::main::13306,0
llama3.1_8b_chat::trivia_qa_2_60k::base::main::19835,0
llama3.1_8b_chat::trivia_qa_2_60k::base::main::25317,0
llama3.1_8b_chat::trivia_qa_2_60k::base::main::38677,0
llama3.1_8b_chat::trivia_qa_2_60k::base::main::2014,0
llama3.1_8b_chat::trivia_qa_2_60k::base::main::15897,0
llama3.1_8b_chat::trivia_qa_2_60k::base::main::16806,0
llama3.1_8b_chat::trivia_qa_2_60k::base::main::49997,0
llama3.1_8b_chat::trivia_qa_2_60k::base::main::58469,0
llama3.1_8b_chat::trivia_qa_2_60k::base::main::49604,0
llama3.1_8b_chat::trivia_qa_2_60k::base::main::56220,0
llama3.1_8b_chat::trivia_qa_2_60k::base::main::24201,0
llama3.1_8b_chat::trivia_qa_2_60k::base::main::26780,0
llama3.1_8b_chat::trivia_qa_2_60k::base::main::1880,0
llama3.1_8b_chat::trivia_qa_2_60k::base::main::23204,0
llama3.1_8b_chat::trivia_qa_2_60k::base::main::6955,0
llama3.1_8b_chat::trivia_qa_2_60k::base::main::19841,0
llama3.1_8b_chat::trivia_qa_2_60k::base::main::41367,0
llama3.1_8b_chat::trivia_qa_2_60k::base::main::47163,0
llama3.1_8b_chat::trivia_qa_2_60k::base::main::43803,0
llama3.1_8b_chat::trivia_qa_2_60k::base::main::50177,0
llama3.1_8b_chat::trivia_qa_2_60k::base::main::36158,0
llama3.1_8b_chat::trivia_qa_2_60k::base::main::28518,0
llama3.1_8b_chat::trivia_qa_2_60k::base::main::24331,0
llama3.1_8b_chat::trivia_qa_2_60k::base::main::5905,0
