sample_id,label
ministral_8b_instruct::trivia_qa_2_60k::base::main::57431,1
ministral_8b_instruct::trivia_qa_2_60k::base::main::25686,1
ministral_8b_instruct::trivia_qa_2_60k::base::main::18503,1
ministral_8b_instruct::trivia_qa_2_60k::base::main::56074,1
ministral_8b_instruct::trivia_qa_2_60k::base::main::32627,1
ministral_8b_instruct::trivia_qa_2_60k::base::main::53846,1
ministral_8b_instruct::trivia_qa_2_60k::base::main::39762,1
ministral_8b_instruct::trivia_qa_2_60k::base::main::30272,1
ministral_8b_instruct::trivia_qa_2_60k::base::main::26265,1
ministral_8b_instruct::trivia_qa_2_60k::base::main::43153,1
ministral_8b_instruct::trivia_qa_2_60k::base::main::55209,1
ministral_8b_instruct::trivia_qa_2_60k::base::main::46603,1
ministral_8b_instruct::trivia_qa_2_60k::base::main::15023,1
ministral_8b_instruct::trivia_qa_2_60k::base::main::49034,1
ministral_8b_instruct::trivia_qa_2_60k::base::main::46794,1
ministral_8b_instruct::trivia_qa_2_60k::base::main::24757,1
ministral_8b_instruct::trivia_qa_2_60k::base::main::39200,1
ministral_8b_instruct::trivia_qa_2_60k::base::main::15242,1
ministral_8b_instruct::trivia_qa_2_60k::base::main::36609,1
ministral_8b_instruct::trivia_qa_2_60k::base::main::13219,1
ministral_8b_instruct::trivia_qa_2_60k::base::main::12108,1
ministral_8b_instruct::trivia_qa_2_60k::base::main::45786,1
ministral_8b_instruct::trivia_qa_2_60k::base::main::40644,1
ministral_8b_instruct::trivia_qa_2_60k::base::main::9685,1
ministral_8b_instruct::trivia_qa_2_60k::base::main::48831,1
ministral_8b_instruct::trivia_qa_2_60k::base::main::7629,1
ministral_8b_instruct::trivia_qa_2_60k::base::main::5287,1
ministral_8b_instruct::trivia_qa_2_60k::base::main::48801,1
ministral_8b_instruct::trivia_qa_2_60k::base::main::16641,1
ministral_8b_instruct::trivia_qa_2_60k::base::main::994,1
ministral_8b_instruct::trivia_qa_2_60k::base::main::5862,1
ministral_8b_instruct::trivia_qa_2_60k::base::main::35353,1
ministral_8b_instruct::trivia_qa_2_60k::base::main::28415,1
ministral_8b_instruct::trivia_qa_2_60k::base::main::36500,1
ministral_8b_instruct::trivia_qa_2_60k::base::main::40844,1
ministral_8b_instruct::trivia_qa_2_60k::base::main::27733,1
ministral_8b_instruct::trivia_qa_2_60k::base::main::57251,1
ministral_8b_instruct::trivia_qa_2_60k::base::main::8574,1
ministral_8b_instruct::trivia_qa_2_60k::base::main::27745,1
ministral_8b_instruct::trivia_qa_2_60k::base::main::21600,1
ministral_8b_instruct::trivia_qa_2_60k::base::main::49196,1
ministral_8b_instruct::trivia_qa_2_60k::base::main::41147,1
ministral_8b_instruct::trivia_qa_2_60k::base::main::56804,1
ministral_8b_instruct::trivia_qa_2_60k::base::main::54297,1
ministral_8b_instruct::trivia_qa_2_60k::base::main::27075,1
ministral_8b_instruct::trivia_qa_2_60k::base::main::31854,1
ministral_8b_instruct::trivia_qa_2_60k::base::main::11674,1
ministral_8b_instruct::trivia_qa_2_60k::base::main::36861,1
ministral_8b_instruct::trivia_qa_2_60k::base::main::44439,1
ministral_8b_instruct::trivia_qa_2_60k::base::main::3490,1
ministral_8b_instruct::trivia_qa_2_60k::base::main::22188,1
ministral_8b_instruct::trivia_qa_2_60k::base::main::49677,1
ministral_8b_instruct::trivia_qa_2_60k::base::main::46375,1
ministral_8b_instruct::trivia_qa_2_60k::base::main::50241,1
ministral_8b_instruct::trivia_qa_2_60k::base::main::19215,1
ministral_8b_instruct::trivia_qa_2_60k::base::main::17249,1
ministral_8b_instruct::trivia_qa_2_60k::base::main::30792,1
ministral_8b_instruct::trivia_qa_2_60k::base::main::25621,1
ministral_8b_instruct::trivia_qa_2_60k::base::main::30355,1
ministral_8b_instruct::trivia_qa_2_60k::base::main::19128,1
ministral_8b_instruct::trivia_qa_2_60k::base::main::34132,1
ministral_8b_instruct::trivia_qa_2_60k::base::main::21730,1
ministral_8b_instruct::trivia_qa_2_60k::base::main::9596,1
ministral_8b_instruct::trivia_qa_2_60k::base::main::5221,1
ministral_8b_instruct::trivia_qa_2_60k::base::main::15973,1
ministral_8b_instruct::trivia_qa_2_60k::base::main::4906,1
ministral_8b_instruct::trivia_qa_2_60k::base::main::35700,1
ministral_8b_instruct::trivia_qa_2_60k::base::main::35821,1
ministral_8b_instruct::trivia_qa_2_60k::base::main::22296,1
ministral_8b_instruct::trivia_qa_2_60k::base::main::13716,1
ministral_8b_instruct::trivia_qa_2_60k::base::main::47206,1
ministral_8b_instruct::trivia_qa_2_60k::base::main::5449,1
ministral_8b_instruct::trivia_qa_2_60k::base::main::57289,1
ministral_8b_instruct::trivia_qa_2_60k::base::main::5532,1
ministral_8b_instruct::trivia_qa_2_60k::base::main::1052,1
ministral_8b_instruct::trivia_qa_2_60k::base::main::11486,1
ministral_8b_instruct::trivia_qa_2_60k::base::main::23971,1
ministral_8b_instruct::trivia_qa_2_60k::base::main::13135,1
ministral_8b_instruct::trivia_qa_2_60k::base::main::49789,1
ministral_8b_instruct::trivia_qa_2_60k::base::main::16206,1
ministral_8b_instruct::trivia_qa_2_60k::base::main::6984,1
ministral_8b_instruct::trivia_qa_2_60k::base::main::18987,1
ministral_8b_instruct::trivia_qa_2_60k::base::main::23824,1
ministral_8b_instruct::trivia_qa_2_60k::base::main::687,1
ministral_8b_instruct::trivia_qa_2_60k::base::main::3584,1
ministral_8b_instruct::trivia_qa_2_60k::base::main::41386,1
ministral_8b_instruct::trivia_qa_2_60k::base::main::37072,1
ministral_8b_instruct::trivia_qa_2_60k::base::main::27611,1
ministral_8b_instruct::trivia_qa_2_60k::base::main::37194,1
ministral_8b_instruct::trivia_qa_2_60k::base::main::3252,1
ministral_8b_instruct::trivia_qa_2_60k::base::main::45935,1
ministral_8b_instruct::trivia_qa_2_60k::base::main::17492,1
ministral_8b_instruct::trivia_qa_2_60k::base::main::53893,1
ministral_8b_instruct::trivia_qa_2_60k::base::main::40761,1
ministral_8b_instruct::trivia_qa_2_60k::base::main::5186,1
ministral_8b_instruct::trivia_qa_2_60k::base::main::51730,1
ministral_8b_instruct::trivia_qa_2_60k::base::main::16813,1
ministral_8b_instruct::trivia_qa_2_60k::base::main::4895,1
ministral_8b_instruct::trivia_qa_2_60k::base::main::14258,1
ministral_8b_instruct::trivia_qa_2_60k::base::main::31787,1
ministral_8b_instruct::trivia_qa_2_60k::base::main::50354,1
ministral_8b_instruct::trivia_qa_2_60k::base::main::42178,1
ministral_8b_instruct::trivia_qa_2_60k::base::main::56664,1
ministral_8b_instruct::trivia_qa_2_60k::base::main::38551,1
ministral_8b_instruct::trivia_qa_2_60k::base::main::11299,1
ministral_8b_instruct::trivia_qa_2_60k::base::main::12911,1
ministral_8b_instruct::trivia_qa_2_60k::base::main::19402,1
ministral_8b_instruct::trivia_qa_2_60k::base::main::13978,1
ministral_8b_instruct::trivia_qa_2_60k::base::main::9742,1
ministral_8b_instruct::trivia_qa_2_60k::base::main::58505,1
ministral_8b_instruct::trivia_qa_2_60k::base::main::18622,1
ministral_8b_instruct::trivia_qa_2_60k::base::main::38575,1
ministral_8b_instruct::trivia_qa_2_60k::base::main::36608,1
ministral_8b_instruct::trivia_qa_2_60k::base::main::16662,1
ministral_8b_instruct::trivia_qa_2_60k::base::main::34836,1
ministral_8b_instruct::trivia_qa_2_60k::base::main::46575,1
ministral_8b_instruct::trivia_qa_2_60k::base::main::20222,1
ministral_8b_instruct::trivia_qa_2_60k::base::main::36239,1
ministral_8b_instruct::trivia_qa_2_60k::base::main::50112,1
ministral_8b_instruct::trivia_qa_2_60k::base::main::28282,1
ministral_8b_instruct::trivia_qa_2_60k::base::main::54393,1
ministral_8b_instruct::trivia_qa_2_60k::base::main::34711,1
ministral_8b_instruct::trivia_qa_2_60k::base::main::23542,1
ministral_8b_instruct::trivia_qa_2_60k::base::main::8063,1
ministral_8b_instruct::trivia_qa_2_60k::base::main::13003,1
ministral_8b_instruct::trivia_qa_2_60k::base::main::2890,1
ministral_8b_instruct::trivia_qa_2_60k::base::main::52701,1
ministral_8b_instruct::trivia_qa_2_60k::base::main::28988,1
ministral_8b_instruct::trivia_qa_2_60k::base::main::54330,1
ministral_8b_instruct::trivia_qa_2_60k::base::main::53001,1
ministral_8b_instruct::trivia_qa_2_60k::base::main::20274,1
ministral_8b_instruct::trivia_qa_2_60k::base::main::17238,1
ministral_8b_instruct::trivia_qa_2_60k::base::main::24895,1
ministral_8b_instruct::trivia_qa_2_60k::base::main::13052,1
ministral_8b_instruct::trivia_qa_2_60k::base::main::45979,1
ministral_8b_instruct::trivia_qa_2_60k::base::main::31443,1
ministral_8b_instruct::trivia_qa_2_60k::base::main::33329,1
ministral_8b_instruct::trivia_qa_2_60k::base::main::13807,1
ministral_8b_instruct::trivia_qa_2_60k::base::main::52580,1
ministral_8b_instruct::trivia_qa_2_60k::base::main::50031,1
ministral_8b_instruct::trivia_qa_2_60k::base::main::17392,1
ministral_8b_instruct::trivia_qa_2_60k::base::main::20367,1
ministral_8b_instruct::trivia_qa_2_60k::base::main::35885,1
ministral_8b_instruct::trivia_qa_2_60k::base::main::49617,1
ministral_8b_instruct::trivia_qa_2_60k::base::main::51355,1
ministral_8b_instruct::trivia_qa_2_60k::base::main::57302,1
ministral_8b_instruct::trivia_qa_2_60k::base::main::46723,1
ministral_8b_instruct::trivia_qa_2_60k::base::main::48320,1
ministral_8b_instruct::trivia_qa_2_60k::base::main::11989,1
ministral_8b_instruct::trivia_qa_2_60k::base::main::33277,1
ministral_8b_instruct::trivia_qa_2_60k::base::main::35568,1
ministral_8b_instruct::trivia_qa_2_60k::base::main::47633,1
ministral_8b_instruct::trivia_qa_2_60k::base::main::54191,1
ministral_8b_instruct::trivia_qa_2_60k::base::main::4821,1
ministral_8b_instruct::trivia_qa_2_60k::base::main::30535,1
ministral_8b_instruct::trivia_qa_2_60k::base::main::46237,1
ministral_8b_instruct::trivia_qa_2_60k::base::main::34744,1
ministral_8b_instruct::trivia_qa_2_60k::base::main::46714,1
ministral_8b_instruct::trivia_qa_2_60k::base::main::21327,1
ministral_8b_instruct::trivia_qa_2_60k::base::main::5918,1
ministral_8b_instruct::trivia_qa_2_60k::base::main::27207,1
ministral_8b_instruct::trivia_qa_2_60k::base::main::12529,1
ministral_8b_instruct::trivia_qa_2_60k::base::main::16062,1
ministral_8b_instruct::trivia_qa_2_60k::base::main::26849,1
ministral_8b_instruct::trivia_qa_2_60k::base::main::28509,1
ministral_8b_instruct::trivia_qa_2_60k::base::main::32924,1
ministral_8b_instruct::trivia_qa_2_60k::base::main::34214,1
ministral_8b_instruct::trivia_qa_2_60k::base::main::49905,1
ministral_8b_instruct::trivia_qa_2_60k::base::main::44196,1
ministral_8b_instruct::trivia_qa_2_60k::base::main::26839,1
ministral_8b_instruct::trivia_qa_2_60k::base::main::58533,1
ministral_8b_instruct::trivia_qa_2_60k::base::main::2696,1
ministral_8b_instruct::trivia_qa_2_60k::base::main::43911,1
ministral_8b_instruct::trivia_qa_2_60k::base::main::26541,1
ministral_8b_instruct::trivia_qa_2_60k::base::main::33732,1
ministral_8b_instruct::trivia_qa_2_60k::base::main::21527,1
ministral_8b_instruct::trivia_qa_2_60k::base::main::12234,1
ministral_8b_instruct::trivia_qa_2_60k::base::main::49122,1
ministral_8b_instruct::trivia_qa_2_60k::base::main::17739,1
ministral_8b_instruct::trivia_qa_2_60k::base::main::45388,1
ministral_8b_instruct::trivia_qa_2_60k::base::main::49161,1
ministral_8b_instruct::trivia_qa_2_60k::base::main::57673,1
ministral_8b_instruct::trivia_qa_2_60k::base::main::4694,1
ministral_8b_instruct::trivia_qa_2_60k::base::main::1770,1
ministral_8b_instruct::trivia_qa_2_60k::base::main::55572,1
ministral_8b_instruct::trivia_qa_2_60k::base::main::38320,1
ministral_8b_instruct::trivia_qa_2_60k::base::main::40555,1
ministral_8b_instruct::trivia_qa_2_60k::base::main::4241,1
ministral_8b_instruct::trivia_qa_2_60k::base::main::78,1
ministral_8b_instruct::trivia_qa_2_60k::base::main::15963,1
ministral_8b_instruct::trivia_qa_2_60k::base::main::52954,1
ministral_8b_instruct::trivia_qa_2_60k::base::main::57553,1
ministral_8b_instruct::trivia_qa_2_60k::base::main::36996,1
ministral_8b_instruct::trivia_qa_2_60k::base::main::54592,1
ministral_8b_instruct::trivia_qa_2_60k::base::main::55324,1
ministral_8b_instruct::trivia_qa_2_60k::base::main::11417,1
ministral_8b_instruct::trivia_qa_2_60k::base::main::30577,1
ministral_8b_instruct::trivia_qa_2_60k::base::main::17905,1
ministral_8b_instruct::trivia_qa_2_60k::base::main::52789,1
ministral_8b_instruct::trivia_qa_2_60k::base::main::17738,1
ministral_8b_instruct::trivia_qa_2_60k::base::main::50657,1
ministral_8b_instruct::trivia_qa_2_60k::base::main::32903,1
ministral_8b_instruct::trivia_qa_2_60k::base::main::4527,1
ministral_8b_instruct::trivia_qa_2_60k::base::main::53315,1
ministral_8b_instruct::trivia_qa_2_60k::base::main::44827,1
ministral_8b_instruct::trivia_qa_2_60k::base::main::31146,1
ministral_8b_instruct::trivia_qa_2_60k::base::main::47734,1
ministral_8b_instruct::trivia_qa_2_60k::base::main::41034,1
ministral_8b_instruct::trivia_qa_2_60k::base::main::33962,1
ministral_8b_instruct::trivia_qa_2_60k::base::main::7312,1
ministral_8b_instruct::trivia_qa_2_60k::base::main::33639,1
ministral_8b_instruct::trivia_qa_2_60k::base::main::11636,1
ministral_8b_instruct::trivia_qa_2_60k::base::main::9117,1
ministral_8b_instruct::trivia_qa_2_60k::base::main::26668,1
ministral_8b_instruct::trivia_qa_2_60k::base::main::22155,1
ministral_8b_instruct::trivia_qa_2_60k::base::main::11094,1
ministral_8b_instruct::trivia_qa_2_60k::base::main::49747,1
ministral_8b_instruct::trivia_qa_2_60k::base::main::54564,1
ministral_8b_instruct::trivia_qa_2_60k::base::main::32415,1
ministral_8b_instruct::trivia_qa_2_60k::base::main::13755,1
ministral_8b_instruct::trivia_qa_2_60k::base::main::21026,1
ministral_8b_instruct::trivia_qa_2_60k::base::main::27816,1
ministral_8b_instruct::trivia_qa_2_60k::base::main::18393,1
ministral_8b_instruct::trivia_qa_2_60k::base::main::55969,1
ministral_8b_instruct::trivia_qa_2_60k::base::main::39963,1
ministral_8b_instruct::trivia_qa_2_60k::base::main::1289,1
ministral_8b_instruct::trivia_qa_2_60k::base::main::13359,1
ministral_8b_instruct::trivia_qa_2_60k::base::main::13048,1
ministral_8b_instruct::trivia_qa_2_60k::base::main::3708,1
ministral_8b_instruct::trivia_qa_2_60k::base::main::39708,1
ministral_8b_instruct::trivia_qa_2_60k::base::main::51835,1
ministral_8b_instruct::trivia_qa_2_60k::base::main::2008,1
ministral_8b_instruct::trivia_qa_2_60k::base::main::16627,1
ministral_8b_instruct::trivia_qa_2_60k::base::main::7689,1
ministral_8b_instruct::trivia_qa_2_60k::base::main::46360,1
ministral_8b_instruct::trivia_qa_2_60k::base::main::12915,1
ministral_8b_instruct::trivia_qa_2_60k::base::main::17054,1
ministral_8b_instruct::trivia_qa_2_60k::base::main::24245,1
ministral_8b_instruct::trivia_qa_2_60k::base::main::39527,1
ministral_8b_instruct::trivia_qa_2_60k::base::main::2841,1
ministral_8b_instruct::trivia_qa_2_60k::base::main::1673,1
ministral_8b_instruct::trivia_qa_2_60k::base::main::51744,1
ministral_8b_instruct::trivia_qa_2_60k::base::main::39397,1
ministral_8b_instruct::trivia_qa_2_60k::base::main::57542,1
ministral_8b_instruct::trivia_qa_2_60k::base::main::32080,1
ministral_8b_instruct::trivia_qa_2_60k::base::main::2321,1
ministral_8b_instruct::trivia_qa_2_60k::base::main::35678,1
ministral_8b_instruct::trivia_qa_2_60k::base::main::54791,1
ministral_8b_instruct::trivia_qa_2_60k::base::main::55945,1
ministral_8b_instruct::trivia_qa_2_60k::base::main::23957,1
ministral_8b_instruct::trivia_qa_2_60k::base::main::4584,1
ministral_8b_instruct::trivia_qa_2_60k::base::main::51008,1
ministral_8b_instruct::trivia_qa_2_60k::base::main::54350,1
ministral_8b_instruct::trivia_qa_2_60k::base::main::8961,1
ministral_8b_instruct::trivia_qa_2_60k::base::main::7002,1
ministral_8b_instruct::trivia_qa_2_60k::base::main::9756,1
ministral_8b_instruct::trivia_qa_2_60k::base::main::45641,1
ministral_8b_instruct::trivia_qa_2_60k::base::main::3779,1
ministral_8b_instruct::trivia_qa_2_60k::base::main::11580,1
ministral_8b_instruct::trivia_qa_2_60k::base::main::11214,1
ministral_8b_instruct::trivia_qa_2_60k::base::main::23556,1
ministral_8b_instruct::trivia_qa_2_60k::base::main::3906,1
ministral_8b_instruct::trivia_qa_2_60k::base::main::43414,1
ministral_8b_instruct::trivia_qa_2_60k::base::main::25874,1
ministral_8b_instruct::trivia_qa_2_60k::base::main::30527,1
ministral_8b_instruct::trivia_qa_2_60k::base::main::11726,1
ministral_8b_instruct::trivia_qa_2_60k::base::main::9003,1
ministral_8b_instruct::trivia_qa_2_60k::base::main::44853,1
ministral_8b_instruct::trivia_qa_2_60k::base::main::37904,1
ministral_8b_instruct::trivia_qa_2_60k::base::main::44630,1
ministral_8b_instruct::trivia_qa_2_60k::base::main::23348,1
ministral_8b_instruct::trivia_qa_2_60k::base::main::50751,1
ministral_8b_instruct::trivia_qa_2_60k::base::main::8843,1
ministral_8b_instruct::trivia_qa_2_60k::base::main::6836,1
ministral_8b_instruct::trivia_qa_2_60k::base::main::967,1
ministral_8b_instruct::trivia_qa_2_60k::base::main::17696,1
ministral_8b_instruct::trivia_qa_2_60k::base::main::11597,1
ministral_8b_instruct::trivia_qa_2_60k::base::main::53858,1
ministral_8b_instruct::trivia_qa_2_60k::base::main::24176,1
ministral_8b_instruct::trivia_qa_2_60k::base::main::25635,1
ministral_8b_instruct::trivia_qa_2_60k::base::main::11548,1
ministral_8b_instruct::trivia_qa_2_60k::base::main::975,1
ministral_8b_instruct::trivia_qa_2_60k::base::main::36695,1
ministral_8b_instruct::trivia_qa_2_60k::base::main::24080,1
ministral_8b_instruct::trivia_qa_2_60k::base::main::51443,1
ministral_8b_instruct::trivia_qa_2_60k::base::main::53062,1
ministral_8b_instruct::trivia_qa_2_60k::base::main::36473,1
ministral_8b_instruct::trivia_qa_2_60k::base::main::52343,1
ministral_8b_instruct::trivia_qa_2_60k::base::main::54236,1
ministral_8b_instruct::trivia_qa_2_60k::base::main::10891,1
ministral_8b_instruct::trivia_qa_2_60k::base::main::16212,1
ministral_8b_instruct::trivia_qa_2_60k::base::main::1875,1
ministral_8b_instruct::trivia_qa_2_60k::base::main::58140,1
ministral_8b_instruct::trivia_qa_2_60k::base::main::7070,1
ministral_8b_instruct::trivia_qa_2_60k::base::main::46275,1
ministral_8b_instruct::trivia_qa_2_60k::base::main::2452,1
ministral_8b_instruct::trivia_qa_2_60k::base::main::50343,1
ministral_8b_instruct::trivia_qa_2_60k::base::main::25292,1
ministral_8b_instruct::trivia_qa_2_60k::base::main::13635,1
ministral_8b_instruct::trivia_qa_2_60k::base::main::26460,1
ministral_8b_instruct::trivia_qa_2_60k::base::main::56827,1
ministral_8b_instruct::trivia_qa_2_60k::base::main::56244,1
ministral_8b_instruct::trivia_qa_2_60k::base::main::25976,1
ministral_8b_instruct::trivia_qa_2_60k::base::main::34727,1
ministral_8b_instruct::trivia_qa_2_60k::base::main::56571,1
ministral_8b_instruct::trivia_qa_2_60k::base::main::33216,1
ministral_8b_instruct::trivia_qa_2_60k::base::main::21688,1
ministral_8b_instruct::trivia_qa_2_60k::base::main::4817,1
ministral_8b_instruct::trivia_qa_2_60k::base::main::39966,1
ministral_8b_instruct::trivia_qa_2_60k::base::main::19641,1
ministral_8b_instruct::trivia_qa_2_60k::base::main::30439,1
ministral_8b_instruct::trivia_qa_2_60k::base::main::1497,1
ministral_8b_instruct::trivia_qa_2_60k::base::main::18810,1
ministral_8b_instruct::trivia_qa_2_60k::base::main::10742,1
ministral_8b_instruct::trivia_qa_2_60k::base::main::33797,1
ministral_8b_instruct::trivia_qa_2_60k::base::main::5880,1
ministral_8b_instruct::trivia_qa_2_60k::base::main::17977,1
ministral_8b_instruct::trivia_qa_2_60k::base::main::47099,1
ministral_8b_instruct::trivia_qa_2_60k::base::main::18603,1
ministral_8b_instruct::trivia_qa_2_60k::base::main::14290,1
ministral_8b_instruct::trivia_qa_2_60k::base::main::52201,1
ministral_8b_instruct::trivia_qa_2_60k::base::main::38594,1
ministral_8b_instruct::trivia_qa_2_60k::base::main::34395,1
ministral_8b_instruct::trivia_qa_2_60k::base::main::8212,1
ministral_8b_instruct::trivia_qa_2_60k::base::main::22713,1
ministral_8b_instruct::trivia_qa_2_60k::base::main::26502,1
ministral_8b_instruct::trivia_qa_2_60k::base::main::21227,1
ministral_8b_instruct::trivia_qa_2_60k::base::main::38405,1
ministral_8b_instruct::trivia_qa_2_60k::base::main::17837,1
ministral_8b_instruct::trivia_qa_2_60k::base::main::16776,1
ministral_8b_instruct::trivia_qa_2_60k::base::main::50701,1
ministral_8b_instruct::trivia_qa_2_60k::base::main::48481,1
ministral_8b_instruct::trivia_qa_2_60k::base::main::34996,1
ministral_8b_instruct::trivia_qa_2_60k::base::main::24522,1
ministral_8b_instruct::trivia_qa_2_60k::base::main::2223,1
ministral_8b_instruct::trivia_qa_2_60k::base::main::17425,1
ministral_8b_instruct::trivia_qa_2_60k::base::main::42613,1
ministral_8b_instruct::trivia_qa_2_60k::base::main::34777,1
ministral_8b_instruct::trivia_qa_2_60k::base::main::12273,1
ministral_8b_instruct::trivia_qa_2_60k::base::main::39242,1
ministral_8b_instruct::trivia_qa_2_60k::base::main::38870,1
ministral_8b_instruct::trivia_qa_2_60k::base::main::29013,1
ministral_8b_instruct::trivia_qa_2_60k::base::main::44982,1
ministral_8b_instruct::trivia_qa_2_60k::base::main::331,1
ministral_8b_instruct::trivia_qa_2_60k::base::main::3720,1
ministral_8b_instruct::trivia_qa_2_60k::base::main::35740,1
ministral_8b_instruct::trivia_qa_2_60k::base::main::53312,1
ministral_8b_instruct::trivia_qa_2_60k::base::main::10488,1
ministral_8b_instruct::trivia_qa_2_60k::base::main::55938,1
ministral_8b_instruct::trivia_qa_2_60k::base::main::7899,1
ministral_8b_instruct::trivia_qa_2_60k::base::main::39229,1
ministral_8b_instruct::trivia_qa_2_60k::base::main::9026,1
ministral_8b_instruct::trivia_qa_2_60k::base::main::17994,1
ministral_8b_instruct::trivia_qa_2_60k::base::main::37922,1
ministral_8b_instruct::trivia_qa_2_60k::base::main::20607,1
ministral_8b_instruct::trivia_qa_2_60k::base::main::47978,1
ministral_8b_instruct::trivia_qa_2_60k::base::main::25747,1
ministral_8b_instruct::trivia_qa_2_60k::base::main::36922,1
ministral_8b_instruct::trivia_qa_2_60k::base::main::24615,1
ministral_8b_instruct::trivia_qa_2_60k::base::main::7058,1
ministral_8b_instruct::trivia_qa_2_60k::base::main::6411,1
ministral_8b_instruct::trivia_qa_2_60k::base::main::43816,1
ministral_8b_instruct::trivia_qa_2_60k::base::main::11085,1
ministral_8b_instruct::trivia_qa_2_60k::base::main::50154,1
ministral_8b_instruct::trivia_qa_2_60k::base::main::32637,1
ministral_8b_instruct::trivia_qa_2_60k::base::main::24870,1
ministral_8b_instruct::trivia_qa_2_60k::base::main::16489,1
ministral_8b_instruct::trivia_qa_2_60k::base::main::38699,1
ministral_8b_instruct::trivia_qa_2_60k::base::main::10781,1
ministral_8b_instruct::trivia_qa_2_60k::base::main::1893,1
ministral_8b_instruct::trivia_qa_2_60k::base::main::45894,1
ministral_8b_instruct::trivia_qa_2_60k::base::main::808,1
ministral_8b_instruct::trivia_qa_2_60k::base::main::40784,1
ministral_8b_instruct::trivia_qa_2_60k::base::main::40194,1
ministral_8b_instruct::trivia_qa_2_60k::base::main::37930,1
ministral_8b_instruct::trivia_qa_2_60k::base::main::3700,1
ministral_8b_instruct::trivia_qa_2_60k::base::main::57263,1
ministral_8b_instruct::trivia_qa_2_60k::base::main::26916,1
ministral_8b_instruct::trivia_qa_2_60k::base::main::47514,1
ministral_8b_instruct::trivia_qa_2_60k::base::main::28526,1
ministral_8b_instruct::trivia_qa_2_60k::base::main::30867,1
ministral_8b_instruct::trivia_qa_2_60k::base::main::54432,1
ministral_8b_instruct::trivia_qa_2_60k::base::main::58385,1
ministral_8b_instruct::trivia_qa_2_60k::base::main::51090,1
ministral_8b_instruct::trivia_qa_2_60k::base::main::7273,1
ministral_8b_instruct::trivia_qa_2_60k::base::main::8471,1
ministral_8b_instruct::trivia_qa_2_60k::base::main::19818,1
ministral_8b_instruct::trivia_qa_2_60k::base::main::12013,1
ministral_8b_instruct::trivia_qa_2_60k::base::main::30592,1
ministral_8b_instruct::trivia_qa_2_60k::base::main::15462,1
ministral_8b_instruct::trivia_qa_2_60k::base::main::49236,1
ministral_8b_instruct::trivia_qa_2_60k::base::main::37268,1
ministral_8b_instruct::trivia_qa_2_60k::base::main::10829,1
ministral_8b_instruct::trivia_qa_2_60k::base::main::22429,1
ministral_8b_instruct::trivia_qa_2_60k::base::main::33785,1
ministral_8b_instruct::trivia_qa_2_60k::base::main::56007,1
ministral_8b_instruct::trivia_qa_2_60k::base::main::10837,1
ministral_8b_instruct::trivia_qa_2_60k::base::main::49954,1
ministral_8b_instruct::trivia_qa_2_60k::base::main::54532,1
ministral_8b_instruct::trivia_qa_2_60k::base::main::109,1
ministral_8b_instruct::trivia_qa_2_60k::base::main::37366,1
ministral_8b_instruct::trivia_qa_2_60k::base::main::18143,1
ministral_8b_instruct::trivia_qa_2_60k::base::main::30424,1
ministral_8b_instruct::trivia_qa_2_60k::base::main::23384,1
ministral_8b_instruct::trivia_qa_2_60k::base::main::44899,1
ministral_8b_instruct::trivia_qa_2_60k::base::main::24274,1
ministral_8b_instruct::trivia_qa_2_60k::base::main::50105,1
ministral_8b_instruct::trivia_qa_2_60k::base::main::44726,1
ministral_8b_instruct::trivia_qa_2_60k::base::main::37186,1
ministral_8b_instruct::trivia_qa_2_60k::base::main::21457,1
ministral_8b_instruct::trivia_qa_2_60k::base::main::43273,1
ministral_8b_instruct::trivia_qa_2_60k::base::main::21058,1
ministral_8b_instruct::trivia_qa_2_60k::base::main::545,1
ministral_8b_instruct::trivia_qa_2_60k::base::main::37032,1
ministral_8b_instruct::trivia_qa_2_60k::base::main::38991,1
ministral_8b_instruct::trivia_qa_2_60k::base::main::22727,1
ministral_8b_instruct::trivia_qa_2_60k::base::main::42049,1
ministral_8b_instruct::trivia_qa_2_60k::base::main::14546,1
ministral_8b_instruct::trivia_qa_2_60k::base::main::29571,1
ministral_8b_instruct::trivia_qa_2_60k::base::main::21133,1
ministral_8b_instruct::trivia_qa_2_60k::base::main::35205,1
ministral_8b_instruct::trivia_qa_2_60k::base::main::26399,1
ministral_8b_instruct::trivia_qa_2_60k::base::main::31972,1
ministral_8b_instruct::trivia_qa_2_60k::base::main::4094,1
ministral_8b_instruct::trivia_qa_2_60k::base::main::26932,1
ministral_8b_instruct::trivia_qa_2_60k::base::main::50120,1
ministral_8b_instruct::trivia_qa_2_60k::base::main::12433,1
ministral_8b_instruct::trivia_qa_2_60k::base::main::45678,1
ministral_8b_instruct::trivia_qa_2_60k::base::main::28757,1
ministral_8b_instruct::trivia_qa_2_60k::base::main::20869,1
ministral_8b_instruct::trivia_qa_2_60k::base::main::26737,1
ministral_8b_instruct::trivia_qa_2_60k::base::main::29597,1
ministral_8b_instruct::trivia_qa_2_60k::base::main::1681,1
ministral_8b_instruct::trivia_qa_2_60k::base::main::23484,1
ministral_8b_instruct::trivia_qa_2_60k::base::main::52246,1
ministral_8b_instruct::trivia_qa_2_60k::base::main::3686,1
ministral_8b_instruct::trivia_qa_2_60k::base::main::45669,1
ministral_8b_instruct::trivia_qa_2_60k::base::main::27424,1
ministral_8b_instruct::trivia_qa_2_60k::base::main::5093,1
ministral_8b_instruct::trivia_qa_2_60k::base::main::2616,1
ministral_8b_instruct::trivia_qa_2_60k::base::main::15262,1
ministral_8b_instruct::trivia_qa_2_60k::base::main::28007,1
ministral_8b_instruct::trivia_qa_2_60k::base::main::30446,1
ministral_8b_instruct::trivia_qa_2_60k::base::main::28661,1
ministral_8b_instruct::trivia_qa_2_60k::base::main::25110,1
ministral_8b_instruct::trivia_qa_2_60k::base::main::4274,1
ministral_8b_instruct::trivia_qa_2_60k::base::main::17630,1
ministral_8b_instruct::trivia_qa_2_60k::base::main::15383,1
ministral_8b_instruct::trivia_qa_2_60k::base::main::5868,1
ministral_8b_instruct::trivia_qa_2_60k::base::main::37358,1
ministral_8b_instruct::trivia_qa_2_60k::base::main::2963,1
ministral_8b_instruct::trivia_qa_2_60k::base::main::20828,1
ministral_8b_instruct::trivia_qa_2_60k::base::main::23611,1
ministral_8b_instruct::trivia_qa_2_60k::base::main::11490,1
ministral_8b_instruct::trivia_qa_2_60k::base::main::51659,1
ministral_8b_instruct::trivia_qa_2_60k::base::main::53009,1
ministral_8b_instruct::trivia_qa_2_60k::base::main::18211,1
ministral_8b_instruct::trivia_qa_2_60k::base::main::45574,1
ministral_8b_instruct::trivia_qa_2_60k::base::main::12170,1
ministral_8b_instruct::trivia_qa_2_60k::base::main::47450,1
ministral_8b_instruct::trivia_qa_2_60k::base::main::19045,1
ministral_8b_instruct::trivia_qa_2_60k::base::main::40102,1
ministral_8b_instruct::trivia_qa_2_60k::base::main::29408,1
ministral_8b_instruct::trivia_qa_2_60k::base::main::39367,1
ministral_8b_instruct::trivia_qa_2_60k::base::main::52037,1
ministral_8b_instruct::trivia_qa_2_60k::base::main::34089,1
ministral_8b_instruct::trivia_qa_2_60k::base::main::32454,1
ministral_8b_instruct::trivia_qa_2_60k::base::main::12438,1
ministral_8b_instruct::trivia_qa_2_60k::base::main::33461,1
ministral_8b_instruct::trivia_qa_2_60k::base::main::15662,1
ministral_8b_instruct::trivia_qa_2_60k::base::main::17339,1
ministral_8b_instruct::trivia_qa_2_60k::base::main::30363,1
ministral_8b_instruct::trivia_qa_2_60k::base::main::54914,1
ministral_8b_instruct::trivia_qa_2_60k::base::main::27717,1
ministral_8b_instruct::trivia_qa_2_60k::base::main::54896,1
ministral_8b_instruct::trivia_qa_2_60k::base::main::20983,1
ministral_8b_instruct::trivia_qa_2_60k::base::main::37600,1
ministral_8b_instruct::trivia_qa_2_60k::base::main::14127,1
ministral_8b_instruct::trivia_qa_2_60k::base::main::22854,1
ministral_8b_instruct::trivia_qa_2_60k::base::main::10372,1
ministral_8b_instruct::trivia_qa_2_60k::base::main::31707,1
ministral_8b_instruct::trivia_qa_2_60k::base::main::33623,1
ministral_8b_instruct::trivia_qa_2_60k::base::main::44520,1
ministral_8b_instruct::trivia_qa_2_60k::base::main::23940,1
ministral_8b_instruct::trivia_qa_2_60k::base::main::1208,1
ministral_8b_instruct::trivia_qa_2_60k::base::main::37871,1
ministral_8b_instruct::trivia_qa_2_60k::base::main::30872,1
ministral_8b_instruct::trivia_qa_2_60k::base::main::30279,1
ministral_8b_instruct::trivia_qa_2_60k::base::main::20776,1
ministral_8b_instruct::trivia_qa_2_60k::base::main::35337,1
ministral_8b_instruct::trivia_qa_2_60k::base::main::53289,1
ministral_8b_instruct::trivia_qa_2_60k::base::main::35168,1
ministral_8b_instruct::trivia_qa_2_60k::base::main::36357,1
ministral_8b_instruct::trivia_qa_2_60k::base::main::56849,1
ministral_8b_instruct::trivia_qa_2_60k::base::main::53637,1
ministral_8b_instruct::trivia_qa_2_60k::base::main::34433,1
ministral_8b_instruct::trivia_qa_2_60k::base::main::36305,1
ministral_8b_instruct::trivia_qa_2_60k::base::main::5102,1
ministral_8b_instruct::trivia_qa_2_60k::base::main::29190,1
ministral_8b_instruct::trivia_qa_2_60k::base::main::44455,1
ministral_8b_instruct::trivia_qa_2_60k::base::main::51171,1
ministral_8b_instruct::trivia_qa_2_60k::base::main::42140,1
ministral_8b_instruct::trivia_qa_2_60k::base::main::7832,1
ministral_8b_instruct::trivia_qa_2_60k::base::main::41841,1
ministral_8b_instruct::trivia_qa_2_60k::base::main::23759,1
ministral_8b_instruct::trivia_qa_2_60k::base::main::42800,1
ministral_8b_instruct::trivia_qa_2_60k::base::main::1175,1
ministral_8b_instruct::trivia_qa_2_60k::base::main::1334,1
ministral_8b_instruct::trivia_qa_2_60k::base::main::28510,1
ministral_8b_instruct::trivia_qa_2_60k::base::main::6597,1
ministral_8b_instruct::trivia_qa_2_60k::base::main::50150,1
ministral_8b_instruct::trivia_qa_2_60k::base::main::41240,1
ministral_8b_instruct::trivia_qa_2_60k::base::main::11812,1
ministral_8b_instruct::trivia_qa_2_60k::base::main::23839,1
ministral_8b_instruct::trivia_qa_2_60k::base::main::56317,1
ministral_8b_instruct::trivia_qa_2_60k::base::main::57943,1
ministral_8b_instruct::trivia_qa_2_60k::base::main::40877,1
ministral_8b_instruct::trivia_qa_2_60k::base::main::16373,1
ministral_8b_instruct::trivia_qa_2_60k::base::main::21552,1
ministral_8b_instruct::trivia_qa_2_60k::base::main::9801,1
ministral_8b_instruct::trivia_qa_2_60k::base::main::11040,1
ministral_8b_instruct::trivia_qa_2_60k::base::main::32651,1
ministral_8b_instruct::trivia_qa_2_60k::base::main::25742,1
ministral_8b_instruct::trivia_qa_2_60k::base::main::44841,1
ministral_8b_instruct::trivia_qa_2_60k::base::main::1121,1
ministral_8b_instruct::trivia_qa_2_60k::base::main::7563,1
ministral_8b_instruct::trivia_qa_2_60k::base::main::57034,1
ministral_8b_instruct::trivia_qa_2_60k::base::main::38828,1
ministral_8b_instruct::trivia_qa_2_60k::base::main::27527,1
ministral_8b_instruct::trivia_qa_2_60k::base::main::1140,1
ministral_8b_instruct::trivia_qa_2_60k::base::main::31761,1
ministral_8b_instruct::trivia_qa_2_60k::base::main::55332,1
ministral_8b_instruct::trivia_qa_2_60k::base::main::33883,1
ministral_8b_instruct::trivia_qa_2_60k::base::main::2627,1
ministral_8b_instruct::trivia_qa_2_60k::base::main::37867,1
ministral_8b_instruct::trivia_qa_2_60k::base::main::41283,1
ministral_8b_instruct::trivia_qa_2_60k::base::main::39488,1
ministral_8b_instruct::trivia_qa_2_60k::base::main::52220,1
ministral_8b_instruct::trivia_qa_2_60k::base::main::23442,1
ministral_8b_instruct::trivia_qa_2_60k::base::main::2088,1
ministral_8b_instruct::trivia_qa_2_60k::base::main::8697,1
ministral_8b_instruct::trivia_qa_2_60k::base::main::43272,1
ministral_8b_instruct::trivia_qa_2_60k::base::main::27175,1
ministral_8b_instruct::trivia_qa_2_60k::base::main::20652,1
ministral_8b_instruct::trivia_qa_2_60k::base::main::52294,1
ministral_8b_instruct::trivia_qa_2_60k::base::main::12270,1
ministral_8b_instruct::trivia_qa_2_60k::base::main::49722,1
ministral_8b_instruct::trivia_qa_2_60k::base::main::6114,1
ministral_8b_instruct::trivia_qa_2_60k::base::main::6255,1
ministral_8b_instruct::trivia_qa_2_60k::base::main::15312,1
ministral_8b_instruct::trivia_qa_2_60k::base::main::44338,1
ministral_8b_instruct::trivia_qa_2_60k::base::main::4569,1
ministral_8b_instruct::trivia_qa_2_60k::base::main::43047,1
ministral_8b_instruct::trivia_qa_2_60k::base::main::7662,1
ministral_8b_instruct::trivia_qa_2_60k::base::main::47388,1
ministral_8b_instruct::trivia_qa_2_60k::base::main::6448,1
ministral_8b_instruct::trivia_qa_2_60k::base::main::24297,1
ministral_8b_instruct::trivia_qa_2_60k::base::main::46541,1
ministral_8b_instruct::trivia_qa_2_60k::base::main::26170,1
ministral_8b_instruct::trivia_qa_2_60k::base::main::47247,1
ministral_8b_instruct::trivia_qa_2_60k::base::main::43142,1
ministral_8b_instruct::trivia_qa_2_60k::base::main::23060,1
ministral_8b_instruct::trivia_qa_2_60k::base::main::53550,1
ministral_8b_instruct::trivia_qa_2_60k::base::main::20613,1
ministral_8b_instruct::trivia_qa_2_60k::base::main::43226,1
ministral_8b_instruct::trivia_qa_2_60k::base::main::17502,1
ministral_8b_instruct::trivia_qa_2_60k::base::main::14826,1
ministral_8b_instruct::trivia_qa_2_60k::base::main::42654,1
ministral_8b_instruct::trivia_qa_2_60k::base::main::14272,1
ministral_8b_instruct::trivia_qa_2_60k::base::main::15845,1
ministral_8b_instruct::trivia_qa_2_60k::base::main::36374,1
ministral_8b_instruct::trivia_qa_2_60k::base::main::43513,1
ministral_8b_instruct::trivia_qa_2_60k::base::main::7954,1
ministral_8b_instruct::trivia_qa_2_60k::base::main::2861,1
ministral_8b_instruct::trivia_qa_2_60k::base::main::33478,1
ministral_8b_instruct::trivia_qa_2_60k::base::main::37799,1
ministral_8b_instruct::trivia_qa_2_60k::base::main::18635,1
ministral_8b_instruct::trivia_qa_2_60k::base::main::13759,1
ministral_8b_instruct::trivia_qa_2_60k::base::main::21606,1
ministral_8b_instruct::trivia_qa_2_60k::base::main::7962,1
ministral_8b_instruct::trivia_qa_2_60k::base::main::6198,1
ministral_8b_instruct::trivia_qa_2_60k::base::main::16834,1
ministral_8b_instruct::trivia_qa_2_60k::base::main::56995,1
ministral_8b_instruct::trivia_qa_2_60k::base::main::14264,1
ministral_8b_instruct::trivia_qa_2_60k::base::main::3171,1
ministral_8b_instruct::trivia_qa_2_60k::base::main::27359,1
ministral_8b_instruct::trivia_qa_2_60k::base::main::24212,1
ministral_8b_instruct::trivia_qa_2_60k::base::main::27983,1
ministral_8b_instruct::trivia_qa_2_60k::base::main::17081,1
ministral_8b_instruct::trivia_qa_2_60k::base::main::52578,1
ministral_8b_instruct::trivia_qa_2_60k::base::main::11943,1
ministral_8b_instruct::trivia_qa_2_60k::base::main::31705,1
ministral_8b_instruct::trivia_qa_2_60k::base::main::26403,1
ministral_8b_instruct::trivia_qa_2_60k::base::main::38316,1
ministral_8b_instruct::trivia_qa_2_60k::base::main::28060,1
ministral_8b_instruct::trivia_qa_2_60k::base::main::17279,1
ministral_8b_instruct::trivia_qa_2_60k::base::main::25836,1
ministral_8b_instruct::trivia_qa_2_60k::base::main::25810,1
ministral_8b_instruct::trivia_qa_2_60k::base::main::22548,1
ministral_8b_instruct::trivia_qa_2_60k::base::main::7946,1
ministral_8b_instruct::trivia_qa_2_60k::base::main::39035,1
ministral_8b_instruct::trivia_qa_2_60k::base::main::7932,1
ministral_8b_instruct::trivia_qa_2_60k::base::main::31777,1
ministral_8b_instruct::trivia_qa_2_60k::base::main::43456,1
ministral_8b_instruct::trivia_qa_2_60k::base::main::54029,1
ministral_8b_instruct::trivia_qa_2_60k::base::main::24437,1
ministral_8b_instruct::trivia_qa_2_60k::base::main::16575,1
ministral_8b_instruct::trivia_qa_2_60k::base::main::51905,1
ministral_8b_instruct::trivia_qa_2_60k::base::main::26766,1
ministral_8b_instruct::trivia_qa_2_60k::base::main::16907,1
ministral_8b_instruct::trivia_qa_2_60k::base::main::8078,1
ministral_8b_instruct::trivia_qa_2_60k::base::main::18532,1
ministral_8b_instruct::trivia_qa_2_60k::base::main::12503,1
ministral_8b_instruct::trivia_qa_2_60k::base::main::54223,1
ministral_8b_instruct::trivia_qa_2_60k::base::main::2264,1
ministral_8b_instruct::trivia_qa_2_60k::base::main::11607,1
ministral_8b_instruct::trivia_qa_2_60k::base::main::36375,1
ministral_8b_instruct::trivia_qa_2_60k::base::main::22449,1
ministral_8b_instruct::trivia_qa_2_60k::base::main::15903,1
ministral_8b_instruct::trivia_qa_2_60k::base::main::27249,1
ministral_8b_instruct::trivia_qa_2_60k::base::main::12661,1
ministral_8b_instruct::trivia_qa_2_60k::base::main::16480,1
ministral_8b_instruct::trivia_qa_2_60k::base::main::38716,1
ministral_8b_instruct::trivia_qa_2_60k::base::main::910,1
ministral_8b_instruct::trivia_qa_2_60k::base::main::54498,1
ministral_8b_instruct::trivia_qa_2_60k::base::main::55005,1
ministral_8b_instruct::trivia_qa_2_60k::base::main::37742,1
ministral_8b_instruct::trivia_qa_2_60k::base::main::48824,1
ministral_8b_instruct::trivia_qa_2_60k::base::main::25992,1
ministral_8b_instruct::trivia_qa_2_60k::base::main::13242,1
ministral_8b_instruct::trivia_qa_2_60k::base::main::16952,1
ministral_8b_instruct::trivia_qa_2_60k::base::main::26608,1
ministral_8b_instruct::trivia_qa_2_60k::base::main::22452,1
ministral_8b_instruct::trivia_qa_2_60k::base::main::55363,1
ministral_8b_instruct::trivia_qa_2_60k::base::main::55664,1
ministral_8b_instruct::trivia_qa_2_60k::base::main::8600,1
ministral_8b_instruct::trivia_qa_2_60k::base::main::40264,1
ministral_8b_instruct::trivia_qa_2_60k::base::main::22605,1
ministral_8b_instruct::trivia_qa_2_60k::base::main::42111,1
ministral_8b_instruct::trivia_qa_2_60k::base::main::15237,1
ministral_8b_instruct::trivia_qa_2_60k::base::main::50084,1
ministral_8b_instruct::trivia_qa_2_60k::base::main::38670,1
ministral_8b_instruct::trivia_qa_2_60k::base::main::27659,1
ministral_8b_instruct::trivia_qa_2_60k::base::main::44930,1
ministral_8b_instruct::trivia_qa_2_60k::base::main::6676,1
ministral_8b_instruct::trivia_qa_2_60k::base::main::20509,1
ministral_8b_instruct::trivia_qa_2_60k::base::main::358,1
ministral_8b_instruct::trivia_qa_2_60k::base::main::37375,1
ministral_8b_instruct::trivia_qa_2_60k::base::main::21218,1
ministral_8b_instruct::trivia_qa_2_60k::base::main::11592,1
ministral_8b_instruct::trivia_qa_2_60k::base::main::30114,1
ministral_8b_instruct::trivia_qa_2_60k::base::main::41691,1
ministral_8b_instruct::trivia_qa_2_60k::base::main::29935,1
ministral_8b_instruct::trivia_qa_2_60k::base::main::19252,1
ministral_8b_instruct::trivia_qa_2_60k::base::main::24059,1
ministral_8b_instruct::trivia_qa_2_60k::base::main::26113,1
ministral_8b_instruct::trivia_qa_2_60k::base::main::28514,1
ministral_8b_instruct::trivia_qa_2_60k::base::main::12978,1
ministral_8b_instruct::trivia_qa_2_60k::base::main::18960,1
ministral_8b_instruct::trivia_qa_2_60k::base::main::27737,1
ministral_8b_instruct::trivia_qa_2_60k::base::main::46696,1
ministral_8b_instruct::trivia_qa_2_60k::base::main::43457,1
ministral_8b_instruct::trivia_qa_2_60k::base::main::50742,1
ministral_8b_instruct::trivia_qa_2_60k::base::main::58120,1
ministral_8b_instruct::trivia_qa_2_60k::base::main::35188,1
ministral_8b_instruct::trivia_qa_2_60k::base::main::22221,1
ministral_8b_instruct::trivia_qa_2_60k::base::main::42620,1
ministral_8b_instruct::trivia_qa_2_60k::base::main::34733,1
ministral_8b_instruct::trivia_qa_2_60k::base::main::53927,1
ministral_8b_instruct::trivia_qa_2_60k::base::main::5729,1
ministral_8b_instruct::trivia_qa_2_60k::base::main::54246,1
ministral_8b_instruct::trivia_qa_2_60k::base::main::38242,1
ministral_8b_instruct::trivia_qa_2_60k::base::main::23817,1
ministral_8b_instruct::trivia_qa_2_60k::base::main::7537,1
ministral_8b_instruct::trivia_qa_2_60k::base::main::11890,1
ministral_8b_instruct::trivia_qa_2_60k::base::main::10111,1
ministral_8b_instruct::trivia_qa_2_60k::base::main::50854,1
ministral_8b_instruct::trivia_qa_2_60k::base::main::43317,1
ministral_8b_instruct::trivia_qa_2_60k::base::main::52333,1
ministral_8b_instruct::trivia_qa_2_60k::base::main::1648,1
ministral_8b_instruct::trivia_qa_2_60k::base::main::21691,1
ministral_8b_instruct::trivia_qa_2_60k::base::main::8162,1
ministral_8b_instruct::trivia_qa_2_60k::base::main::1200,1
ministral_8b_instruct::trivia_qa_2_60k::base::main::29661,1
ministral_8b_instruct::trivia_qa_2_60k::base::main::4183,1
ministral_8b_instruct::trivia_qa_2_60k::base::main::5018,1
ministral_8b_instruct::trivia_qa_2_60k::base::main::26924,1
ministral_8b_instruct::trivia_qa_2_60k::base::main::34943,1
ministral_8b_instruct::trivia_qa_2_60k::base::main::10307,1
ministral_8b_instruct::trivia_qa_2_60k::base::main::38502,1
ministral_8b_instruct::trivia_qa_2_60k::base::main::47681,1
ministral_8b_instruct::trivia_qa_2_60k::base::main::46817,1
ministral_8b_instruct::trivia_qa_2_60k::base::main::44578,1
ministral_8b_instruct::trivia_qa_2_60k::base::main::12330,1
ministral_8b_instruct::trivia_qa_2_60k::base::main::28453,1
ministral_8b_instruct::trivia_qa_2_60k::base::main::11551,1
ministral_8b_instruct::trivia_qa_2_60k::base::main::47532,1
ministral_8b_instruct::trivia_qa_2_60k::base::main::57484,1
ministral_8b_instruct::trivia_qa_2_60k::base::main::24863,1
ministral_8b_instruct::trivia_qa_2_60k::base::main::25890,1
ministral_8b_instruct::trivia_qa_2_60k::base::main::5442,1
ministral_8b_instruct::trivia_qa_2_60k::base::main::22630,1
ministral_8b_instruct::trivia_qa_2_60k::base::main::15221,1
ministral_8b_instruct::trivia_qa_2_60k::base::main::40222,1
ministral_8b_instruct::trivia_qa_2_60k::base::main::10528,1
ministral_8b_instruct::trivia_qa_2_60k::base::main::50029,1
ministral_8b_instruct::trivia_qa_2_60k::base::main::48772,1
ministral_8b_instruct::trivia_qa_2_60k::base::main::44408,1
ministral_8b_instruct::trivia_qa_2_60k::base::main::7200,1
ministral_8b_instruct::trivia_qa_2_60k::base::main::57341,1
ministral_8b_instruct::trivia_qa_2_60k::base::main::46205,1
ministral_8b_instruct::trivia_qa_2_60k::base::main::36407,1
ministral_8b_instruct::trivia_qa_2_60k::base::main::42434,1
ministral_8b_instruct::trivia_qa_2_60k::base::main::2993,1
ministral_8b_instruct::trivia_qa_2_60k::base::main::25968,1
ministral_8b_instruct::trivia_qa_2_60k::base::main::41647,1
ministral_8b_instruct::trivia_qa_2_60k::base::main::3872,1
ministral_8b_instruct::trivia_qa_2_60k::base::main::42077,1
ministral_8b_instruct::trivia_qa_2_60k::base::main::53387,1
ministral_8b_instruct::trivia_qa_2_60k::base::main::45021,1
ministral_8b_instruct::trivia_qa_2_60k::base::main::47204,1
ministral_8b_instruct::trivia_qa_2_60k::base::main::5687,1
ministral_8b_instruct::trivia_qa_2_60k::base::main::10089,1
ministral_8b_instruct::trivia_qa_2_60k::base::main::54006,1
ministral_8b_instruct::trivia_qa_2_60k::base::main::57465,1
ministral_8b_instruct::trivia_qa_2_60k::base::main::58195,1
ministral_8b_instruct::trivia_qa_2_60k::base::main::10223,1
ministral_8b_instruct::trivia_qa_2_60k::base::main::22598,1
ministral_8b_instruct::trivia_qa_2_60k::base::main::4798,1
ministral_8b_instruct::trivia_qa_2_60k::base::main::55080,1
ministral_8b_instruct::trivia_qa_2_60k::base::main::36350,1
ministral_8b_instruct::trivia_qa_2_60k::base::main::35612,1
ministral_8b_instruct::trivia_qa_2_60k::base::main::57147,1
ministral_8b_instruct::trivia_qa_2_60k::base::main::44995,1
ministral_8b_instruct::trivia_qa_2_60k::base::main::25536,1
ministral_8b_instruct::trivia_qa_2_60k::base::main::8213,1
ministral_8b_instruct::trivia_qa_2_60k::base::main::37924,1
ministral_8b_instruct::trivia_qa_2_60k::base::main::54843,1
ministral_8b_instruct::trivia_qa_2_60k::base::main::14742,1
ministral_8b_instruct::trivia_qa_2_60k::base::main::43404,1
ministral_8b_instruct::trivia_qa_2_60k::base::main::3116,1
ministral_8b_instruct::trivia_qa_2_60k::base::main::38064,1
ministral_8b_instruct::trivia_qa_2_60k::base::main::55186,1
ministral_8b_instruct::trivia_qa_2_60k::base::main::22348,1
ministral_8b_instruct::trivia_qa_2_60k::base::main::4601,1
ministral_8b_instruct::trivia_qa_2_60k::base::main::9219,1
ministral_8b_instruct::trivia_qa_2_60k::base::main::44019,1
ministral_8b_instruct::trivia_qa_2_60k::base::main::36673,1
ministral_8b_instruct::trivia_qa_2_60k::base::main::50457,1
ministral_8b_instruct::trivia_qa_2_60k::base::main::3620,1
ministral_8b_instruct::trivia_qa_2_60k::base::main::44284,1
ministral_8b_instruct::trivia_qa_2_60k::base::main::42087,1
ministral_8b_instruct::trivia_qa_2_60k::base::main::48518,1
ministral_8b_instruct::trivia_qa_2_60k::base::main::4416,1
ministral_8b_instruct::trivia_qa_2_60k::base::main::8176,1
ministral_8b_instruct::trivia_qa_2_60k::base::main::38204,1
ministral_8b_instruct::trivia_qa_2_60k::base::main::57491,1
ministral_8b_instruct::trivia_qa_2_60k::base::main::16376,1
ministral_8b_instruct::trivia_qa_2_60k::base::main::34594,1
ministral_8b_instruct::trivia_qa_2_60k::base::main::49869,1
ministral_8b_instruct::trivia_qa_2_60k::base::main::27511,1
ministral_8b_instruct::trivia_qa_2_60k::base::main::51604,1
ministral_8b_instruct::trivia_qa_2_60k::base::main::33906,1
ministral_8b_instruct::trivia_qa_2_60k::base::main::51879,1
ministral_8b_instruct::trivia_qa_2_60k::base::main::23196,1
ministral_8b_instruct::trivia_qa_2_60k::base::main::52110,1
ministral_8b_instruct::trivia_qa_2_60k::base::main::20166,1
ministral_8b_instruct::trivia_qa_2_60k::base::main::30332,1
ministral_8b_instruct::trivia_qa_2_60k::base::main::45247,1
ministral_8b_instruct::trivia_qa_2_60k::base::main::50507,1
ministral_8b_instruct::trivia_qa_2_60k::base::main::8598,1
ministral_8b_instruct::trivia_qa_2_60k::base::main::47301,1
ministral_8b_instruct::trivia_qa_2_60k::base::main::27171,1
ministral_8b_instruct::trivia_qa_2_60k::base::main::46220,1
ministral_8b_instruct::trivia_qa_2_60k::base::main::55873,1
ministral_8b_instruct::trivia_qa_2_60k::base::main::20741,1
ministral_8b_instruct::trivia_qa_2_60k::base::main::31605,1
ministral_8b_instruct::trivia_qa_2_60k::base::main::49214,1
ministral_8b_instruct::trivia_qa_2_60k::base::main::48206,1
ministral_8b_instruct::trivia_qa_2_60k::base::main::19971,1
ministral_8b_instruct::trivia_qa_2_60k::base::main::58230,1
ministral_8b_instruct::trivia_qa_2_60k::base::main::9608,1
ministral_8b_instruct::trivia_qa_2_60k::base::main::20275,1
ministral_8b_instruct::trivia_qa_2_60k::base::main::56673,1
ministral_8b_instruct::trivia_qa_2_60k::base::main::26761,1
ministral_8b_instruct::trivia_qa_2_60k::base::main::22659,1
ministral_8b_instruct::trivia_qa_2_60k::base::main::12237,1
ministral_8b_instruct::trivia_qa_2_60k::base::main::11687,1
ministral_8b_instruct::trivia_qa_2_60k::base::main::37559,1
ministral_8b_instruct::trivia_qa_2_60k::base::main::24085,1
ministral_8b_instruct::trivia_qa_2_60k::base::main::57426,1
ministral_8b_instruct::trivia_qa_2_60k::base::main::35622,1
ministral_8b_instruct::trivia_qa_2_60k::base::main::19202,1
ministral_8b_instruct::trivia_qa_2_60k::base::main::16700,1
ministral_8b_instruct::trivia_qa_2_60k::base::main::11409,1
ministral_8b_instruct::trivia_qa_2_60k::base::main::58194,1
ministral_8b_instruct::trivia_qa_2_60k::base::main::31912,1
ministral_8b_instruct::trivia_qa_2_60k::base::main::55884,1
ministral_8b_instruct::trivia_qa_2_60k::base::main::2808,1
ministral_8b_instruct::trivia_qa_2_60k::base::main::19110,1
ministral_8b_instruct::trivia_qa_2_60k::base::main::45389,1
ministral_8b_instruct::trivia_qa_2_60k::base::main::52011,1
ministral_8b_instruct::trivia_qa_2_60k::base::main::46679,1
ministral_8b_instruct::trivia_qa_2_60k::base::main::24278,1
ministral_8b_instruct::trivia_qa_2_60k::base::main::57887,1
ministral_8b_instruct::trivia_qa_2_60k::base::main::47007,1
ministral_8b_instruct::trivia_qa_2_60k::base::main::57725,1
ministral_8b_instruct::trivia_qa_2_60k::base::main::8019,1
ministral_8b_instruct::trivia_qa_2_60k::base::main::23041,1
ministral_8b_instruct::trivia_qa_2_60k::base::main::53612,1
ministral_8b_instruct::trivia_qa_2_60k::base::main::16884,1
ministral_8b_instruct::trivia_qa_2_60k::base::main::47842,1
ministral_8b_instruct::trivia_qa_2_60k::base::main::53140,1
ministral_8b_instruct::trivia_qa_2_60k::base::main::28673,1
ministral_8b_instruct::trivia_qa_2_60k::base::main::35272,1
ministral_8b_instruct::trivia_qa_2_60k::base::main::33804,1
ministral_8b_instruct::trivia_qa_2_60k::base::main::28890,1
ministral_8b_instruct::trivia_qa_2_60k::base::main::6370,1
ministral_8b_instruct::trivia_qa_2_60k::base::main::51449,1
ministral_8b_instruct::trivia_qa_2_60k::base::main::38863,1
ministral_8b_instruct::trivia_qa_2_60k::base::main::5657,1
ministral_8b_instruct::trivia_qa_2_60k::base::main::21321,1
ministral_8b_instruct::trivia_qa_2_60k::base::main::52749,1
ministral_8b_instruct::trivia_qa_2_60k::base::main::38973,1
ministral_8b_instruct::trivia_qa_2_60k::base::main::14462,1
ministral_8b_instruct::trivia_qa_2_60k::base::main::33195,1
ministral_8b_instruct::trivia_qa_2_60k::base::main::41094,1
ministral_8b_instruct::trivia_qa_2_60k::base::main::51565,1
ministral_8b_instruct::trivia_qa_2_60k::base::main::2914,1
ministral_8b_instruct::trivia_qa_2_60k::base::main::12197,1
ministral_8b_instruct::trivia_qa_2_60k::base::main::14255,1
ministral_8b_instruct::trivia_qa_2_60k::base::main::48034,1
ministral_8b_instruct::trivia_qa_2_60k::base::main::49823,1
ministral_8b_instruct::trivia_qa_2_60k::base::main::4701,1
ministral_8b_instruct::trivia_qa_2_60k::base::main::43266,1
ministral_8b_instruct::trivia_qa_2_60k::base::main::48992,1
ministral_8b_instruct::trivia_qa_2_60k::base::main::6074,1
ministral_8b_instruct::trivia_qa_2_60k::base::main::33105,1
ministral_8b_instruct::trivia_qa_2_60k::base::main::24345,1
ministral_8b_instruct::trivia_qa_2_60k::base::main::51619,1
ministral_8b_instruct::trivia_qa_2_60k::base::main::45896,1
ministral_8b_instruct::trivia_qa_2_60k::base::main::17099,1
ministral_8b_instruct::trivia_qa_2_60k::base::main::4957,1
ministral_8b_instruct::trivia_qa_2_60k::base::main::21462,1
ministral_8b_instruct::trivia_qa_2_60k::base::main::35619,1
ministral_8b_instruct::trivia_qa_2_60k::base::main::50601,1
ministral_8b_instruct::trivia_qa_2_60k::base::main::27999,1
ministral_8b_instruct::trivia_qa_2_60k::base::main::31100,1
ministral_8b_instruct::trivia_qa_2_60k::base::main::51447,1
ministral_8b_instruct::trivia_qa_2_60k::base::main::24409,1
ministral_8b_instruct::trivia_qa_2_60k::base::main::31049,1
ministral_8b_instruct::trivia_qa_2_60k::base::main::42159,1
ministral_8b_instruct::trivia_qa_2_60k::base::main::53151,1
ministral_8b_instruct::trivia_qa_2_60k::base::main::15415,1
ministral_8b_instruct::trivia_qa_2_60k::base::main::2824,1
ministral_8b_instruct::trivia_qa_2_60k::base::main::22453,1
ministral_8b_instruct::trivia_qa_2_60k::base::main::12520,1
ministral_8b_instruct::trivia_qa_2_60k::base::main::20384,1
ministral_8b_instruct::trivia_qa_2_60k::base::main::16809,1
ministral_8b_instruct::trivia_qa_2_60k::base::main::49790,1
ministral_8b_instruct::trivia_qa_2_60k::base::main::8277,1
ministral_8b_instruct::trivia_qa_2_60k::base::main::44813,1
ministral_8b_instruct::trivia_qa_2_60k::base::main::39990,1
ministral_8b_instruct::trivia_qa_2_60k::base::main::8734,1
ministral_8b_instruct::trivia_qa_2_60k::base::main::31539,1
ministral_8b_instruct::trivia_qa_2_60k::base::main::4386,1
ministral_8b_instruct::trivia_qa_2_60k::base::main::41824,1
ministral_8b_instruct::trivia_qa_2_60k::base::main::43440,1
ministral_8b_instruct::trivia_qa_2_60k::base::main::38830,1
ministral_8b_instruct::trivia_qa_2_60k::base::main::43754,1
ministral_8b_instruct::trivia_qa_2_60k::base::main::28011,1
ministral_8b_instruct::trivia_qa_2_60k::base::main::8591,1
ministral_8b_instruct::trivia_qa_2_60k::base::main::5969,1
ministral_8b_instruct::trivia_qa_2_60k::base::main::52363,1
ministral_8b_instruct::trivia_qa_2_60k::base::main::48730,1
ministral_8b_instruct::trivia_qa_2_60k::base::main::3198,1
ministral_8b_instruct::trivia_qa_2_60k::base::main::33589,1
ministral_8b_instruct::trivia_qa_2_60k::base::main::57996,1
ministral_8b_instruct::trivia_qa_2_60k::base::main::35175,1
ministral_8b_instruct::trivia_qa_2_60k::base::main::33733,1
ministral_8b_instruct::trivia_qa_2_60k::base::main::36249,1
ministral_8b_instruct::trivia_qa_2_60k::base::main::22495,1
ministral_8b_instruct::trivia_qa_2_60k::base::main::18212,1
ministral_8b_instruct::trivia_qa_2_60k::base::main::44434,1
ministral_8b_instruct::trivia_qa_2_60k::base::main::18826,1
ministral_8b_instruct::trivia_qa_2_60k::base::main::19498,1
ministral_8b_instruct::trivia_qa_2_60k::base::main::9441,1
ministral_8b_instruct::trivia_qa_2_60k::base::main::23095,1
ministral_8b_instruct::trivia_qa_2_60k::base::main::28733,1
ministral_8b_instruct::trivia_qa_2_60k::base::main::1828,1
ministral_8b_instruct::trivia_qa_2_60k::base::main::28628,1
ministral_8b_instruct::trivia_qa_2_60k::base::main::30534,1
ministral_8b_instruct::trivia_qa_2_60k::base::main::21407,1
ministral_8b_instruct::trivia_qa_2_60k::base::main::10718,1
ministral_8b_instruct::trivia_qa_2_60k::base::main::12895,1
ministral_8b_instruct::trivia_qa_2_60k::base::main::45347,1
ministral_8b_instruct::trivia_qa_2_60k::base::main::38330,1
ministral_8b_instruct::trivia_qa_2_60k::base::main::18338,1
ministral_8b_instruct::trivia_qa_2_60k::base::main::26617,1
ministral_8b_instruct::trivia_qa_2_60k::base::main::32348,1
ministral_8b_instruct::trivia_qa_2_60k::base::main::26612,1
ministral_8b_instruct::trivia_qa_2_60k::base::main::42384,1
ministral_8b_instruct::trivia_qa_2_60k::base::main::56482,1
ministral_8b_instruct::trivia_qa_2_60k::base::main::53035,1
ministral_8b_instruct::trivia_qa_2_60k::base::main::54186,1
ministral_8b_instruct::trivia_qa_2_60k::base::main::20895,1
ministral_8b_instruct::trivia_qa_2_60k::base::main::38497,1
ministral_8b_instruct::trivia_qa_2_60k::base::main::54293,1
ministral_8b_instruct::trivia_qa_2_60k::base::main::35747,1
ministral_8b_instruct::trivia_qa_2_60k::base::main::7773,1
ministral_8b_instruct::trivia_qa_2_60k::base::main::57258,1
ministral_8b_instruct::trivia_qa_2_60k::base::main::2341,1
ministral_8b_instruct::trivia_qa_2_60k::base::main::15532,1
ministral_8b_instruct::trivia_qa_2_60k::base::main::5655,1
ministral_8b_instruct::trivia_qa_2_60k::base::main::18717,1
ministral_8b_instruct::trivia_qa_2_60k::base::main::14639,1
ministral_8b_instruct::trivia_qa_2_60k::base::main::12359,1
ministral_8b_instruct::trivia_qa_2_60k::base::main::44651,1
ministral_8b_instruct::trivia_qa_2_60k::base::main::35791,1
ministral_8b_instruct::trivia_qa_2_60k::base::main::18726,1
ministral_8b_instruct::trivia_qa_2_60k::base::main::12081,1
ministral_8b_instruct::trivia_qa_2_60k::base::main::3244,1
ministral_8b_instruct::trivia_qa_2_60k::base::main::12501,1
ministral_8b_instruct::trivia_qa_2_60k::base::main::56201,1
ministral_8b_instruct::trivia_qa_2_60k::base::main::14923,1
ministral_8b_instruct::trivia_qa_2_60k::base::main::48622,1
ministral_8b_instruct::trivia_qa_2_60k::base::main::43770,1
ministral_8b_instruct::trivia_qa_2_60k::base::main::8994,1
ministral_8b_instruct::trivia_qa_2_60k::base::main::40294,1
ministral_8b_instruct::trivia_qa_2_60k::base::main::51499,1
ministral_8b_instruct::trivia_qa_2_60k::base::main::2479,1
ministral_8b_instruct::trivia_qa_2_60k::base::main::46329,1
ministral_8b_instruct::trivia_qa_2_60k::base::main::32929,1
ministral_8b_instruct::trivia_qa_2_60k::base::main::46099,1
ministral_8b_instruct::trivia_qa_2_60k::base::main::16258,1
ministral_8b_instruct::trivia_qa_2_60k::base::main::48727,1
ministral_8b_instruct::trivia_qa_2_60k::base::main::11837,1
ministral_8b_instruct::trivia_qa_2_60k::base::main::42618,1
ministral_8b_instruct::trivia_qa_2_60k::base::main::5644,1
ministral_8b_instruct::trivia_qa_2_60k::base::main::28168,1
ministral_8b_instruct::trivia_qa_2_60k::base::main::22303,1
ministral_8b_instruct::trivia_qa_2_60k::base::main::21319,1
ministral_8b_instruct::trivia_qa_2_60k::base::main::31024,1
ministral_8b_instruct::trivia_qa_2_60k::base::main::36185,1
ministral_8b_instruct::trivia_qa_2_60k::base::main::23338,1
ministral_8b_instruct::trivia_qa_2_60k::base::main::11806,1
ministral_8b_instruct::trivia_qa_2_60k::base::main::47819,1
ministral_8b_instruct::trivia_qa_2_60k::base::main::29587,1
ministral_8b_instruct::trivia_qa_2_60k::base::main::16939,1
ministral_8b_instruct::trivia_qa_2_60k::base::main::16663,1
ministral_8b_instruct::trivia_qa_2_60k::base::main::10136,1
ministral_8b_instruct::trivia_qa_2_60k::base::main::47515,1
ministral_8b_instruct::trivia_qa_2_60k::base::main::47745,1
ministral_8b_instruct::trivia_qa_2_60k::base::main::43684,1
ministral_8b_instruct::trivia_qa_2_60k::base::main::50533,1
ministral_8b_instruct::trivia_qa_2_60k::base::main::40133,1
ministral_8b_instruct::trivia_qa_2_60k::base::main::37266,1
ministral_8b_instruct::trivia_qa_2_60k::base::main::21928,1
ministral_8b_instruct::trivia_qa_2_60k::base::main::46295,1
ministral_8b_instruct::trivia_qa_2_60k::base::main::43709,1
ministral_8b_instruct::trivia_qa_2_60k::base::main::8524,1
ministral_8b_instruct::trivia_qa_2_60k::base::main::50028,1
ministral_8b_instruct::trivia_qa_2_60k::base::main::49755,1
ministral_8b_instruct::trivia_qa_2_60k::base::main::48430,1
ministral_8b_instruct::trivia_qa_2_60k::base::main::20475,1
ministral_8b_instruct::trivia_qa_2_60k::base::main::27759,1
ministral_8b_instruct::trivia_qa_2_60k::base::main::44103,1
ministral_8b_instruct::trivia_qa_2_60k::base::main::54779,1
ministral_8b_instruct::trivia_qa_2_60k::base::main::27976,1
ministral_8b_instruct::trivia_qa_2_60k::base::main::5008,1
ministral_8b_instruct::trivia_qa_2_60k::base::main::31480,1
ministral_8b_instruct::trivia_qa_2_60k::base::main::26410,1
ministral_8b_instruct::trivia_qa_2_60k::base::main::32321,1
ministral_8b_instruct::trivia_qa_2_60k::base::main::9353,1
ministral_8b_instruct::trivia_qa_2_60k::base::main::48074,1
ministral_8b_instruct::trivia_qa_2_60k::base::main::11057,1
ministral_8b_instruct::trivia_qa_2_60k::base::main::58481,1
ministral_8b_instruct::trivia_qa_2_60k::base::main::21385,1
ministral_8b_instruct::trivia_qa_2_60k::base::main::45416,1
ministral_8b_instruct::trivia_qa_2_60k::base::main::20151,1
ministral_8b_instruct::trivia_qa_2_60k::base::main::8274,1
ministral_8b_instruct::trivia_qa_2_60k::base::main::49451,1
ministral_8b_instruct::trivia_qa_2_60k::base::main::8702,1
ministral_8b_instruct::trivia_qa_2_60k::base::main::45997,1
ministral_8b_instruct::trivia_qa_2_60k::base::main::36434,1
ministral_8b_instruct::trivia_qa_2_60k::base::main::5744,1
ministral_8b_instruct::trivia_qa_2_60k::base::main::30318,1
ministral_8b_instruct::trivia_qa_2_60k::base::main::25835,1
ministral_8b_instruct::trivia_qa_2_60k::base::main::43012,1
ministral_8b_instruct::trivia_qa_2_60k::base::main::48670,1
ministral_8b_instruct::trivia_qa_2_60k::base::main::2162,1
ministral_8b_instruct::trivia_qa_2_60k::base::main::1515,1
ministral_8b_instruct::trivia_qa_2_60k::base::main::48365,1
ministral_8b_instruct::trivia_qa_2_60k::base::main::51701,1
ministral_8b_instruct::trivia_qa_2_60k::base::main::38048,1
ministral_8b_instruct::trivia_qa_2_60k::base::main::17969,1
ministral_8b_instruct::trivia_qa_2_60k::base::main::12864,1
ministral_8b_instruct::trivia_qa_2_60k::base::main::2690,1
ministral_8b_instruct::trivia_qa_2_60k::base::main::44421,1
ministral_8b_instruct::trivia_qa_2_60k::base::main::14459,1
ministral_8b_instruct::trivia_qa_2_60k::base::main::18268,0
ministral_8b_instruct::trivia_qa_2_60k::base::main::44558,0
ministral_8b_instruct::trivia_qa_2_60k::base::main::37237,0
ministral_8b_instruct::trivia_qa_2_60k::base::main::4855,0
ministral_8b_instruct::trivia_qa_2_60k::base::main::20745,0
ministral_8b_instruct::trivia_qa_2_60k::base::main::24459,0
ministral_8b_instruct::trivia_qa_2_60k::base::main::9354,0
ministral_8b_instruct::trivia_qa_2_60k::base::main::50385,0
ministral_8b_instruct::trivia_qa_2_60k::base::main::12841,0
ministral_8b_instruct::trivia_qa_2_60k::base::main::22014,0
ministral_8b_instruct::trivia_qa_2_60k::base::main::11987,0
ministral_8b_instruct::trivia_qa_2_60k::base::main::37257,0
ministral_8b_instruct::trivia_qa_2_60k::base::main::44725,0
ministral_8b_instruct::trivia_qa_2_60k::base::main::58047,0
ministral_8b_instruct::trivia_qa_2_60k::base::main::23928,0
ministral_8b_instruct::trivia_qa_2_60k::base::main::56508,0
ministral_8b_instruct::trivia_qa_2_60k::base::main::15278,0
ministral_8b_instruct::trivia_qa_2_60k::base::main::26125,0
ministral_8b_instruct::trivia_qa_2_60k::base::main::49555,0
ministral_8b_instruct::trivia_qa_2_60k::base::main::34554,0
ministral_8b_instruct::trivia_qa_2_60k::base::main::55566,0
ministral_8b_instruct::trivia_qa_2_60k::base::main::12085,0
ministral_8b_instruct::trivia_qa_2_60k::base::main::6914,0
ministral_8b_instruct::trivia_qa_2_60k::base::main::32042,0
ministral_8b_instruct::trivia_qa_2_60k::base::main::19793,0
ministral_8b_instruct::trivia_qa_2_60k::base::main::45446,0
ministral_8b_instruct::trivia_qa_2_60k::base::main::53993,0
ministral_8b_instruct::trivia_qa_2_60k::base::main::28295,0
ministral_8b_instruct::trivia_qa_2_60k::base::main::37372,0
ministral_8b_instruct::trivia_qa_2_60k::base::main::18848,0
ministral_8b_instruct::trivia_qa_2_60k::base::main::30503,0
ministral_8b_instruct::trivia_qa_2_60k::base::main::18709,0
ministral_8b_instruct::trivia_qa_2_60k::base::main::36943,0
ministral_8b_instruct::trivia_qa_2_60k::base::main::49767,0
ministral_8b_instruct::trivia_qa_2_60k::base::main::41445,0
ministral_8b_instruct::trivia_qa_2_60k::base::main::28019,0
ministral_8b_instruct::trivia_qa_2_60k::base::main::11102,0
ministral_8b_instruct::trivia_qa_2_60k::base::main::47831,0
ministral_8b_instruct::trivia_qa_2_60k::base::main::56270,0
ministral_8b_instruct::trivia_qa_2_60k::base::main::29598,0
ministral_8b_instruct::trivia_qa_2_60k::base::main::12167,0
ministral_8b_instruct::trivia_qa_2_60k::base::main::40185,0
ministral_8b_instruct::trivia_qa_2_60k::base::main::58032,0
ministral_8b_instruct::trivia_qa_2_60k::base::main::18715,0
ministral_8b_instruct::trivia_qa_2_60k::base::main::39,0
ministral_8b_instruct::trivia_qa_2_60k::base::main::54767,0
ministral_8b_instruct::trivia_qa_2_60k::base::main::27083,0
ministral_8b_instruct::trivia_qa_2_60k::base::main::40178,0
ministral_8b_instruct::trivia_qa_2_60k::base::main::2134,0
ministral_8b_instruct::trivia_qa_2_60k::base::main::35023,0
ministral_8b_instruct::trivia_qa_2_60k::base::main::43762,0
ministral_8b_instruct::trivia_qa_2_60k::base::main::56894,0
ministral_8b_instruct::trivia_qa_2_60k::base::main::17959,0
ministral_8b_instruct::trivia_qa_2_60k::base::main::10994,0
ministral_8b_instruct::trivia_qa_2_60k::base::main::37801,0
ministral_8b_instruct::trivia_qa_2_60k::base::main::24478,0
ministral_8b_instruct::trivia_qa_2_60k::base::main::16105,0
ministral_8b_instruct::trivia_qa_2_60k::base::main::14656,0
ministral_8b_instruct::trivia_qa_2_60k::base::main::16167,0
ministral_8b_instruct::trivia_qa_2_60k::base::main::17122,0
ministral_8b_instruct::trivia_qa_2_60k::base::main::40638,0
ministral_8b_instruct::trivia_qa_2_60k::base::main::596,0
ministral_8b_instruct::trivia_qa_2_60k::base::main::32988,0
ministral_8b_instruct::trivia_qa_2_60k::base::main::40865,0
ministral_8b_instruct::trivia_qa_2_60k::base::main::2498,0
ministral_8b_instruct::trivia_qa_2_60k::base::main::6695,0
ministral_8b_instruct::trivia_qa_2_60k::base::main::30947,0
ministral_8b_instruct::trivia_qa_2_60k::base::main::28319,0
ministral_8b_instruct::trivia_qa_2_60k::base::main::1917,0
ministral_8b_instruct::trivia_qa_2_60k::base::main::1248,0
ministral_8b_instruct::trivia_qa_2_60k::base::main::42750,0
ministral_8b_instruct::trivia_qa_2_60k::base::main::33984,0
ministral_8b_instruct::trivia_qa_2_60k::base::main::23017,0
ministral_8b_instruct::trivia_qa_2_60k::base::main::47511,0
ministral_8b_instruct::trivia_qa_2_60k::base::main::43843,0
ministral_8b_instruct::trivia_qa_2_60k::base::main::28003,0
ministral_8b_instruct::trivia_qa_2_60k::base::main::32586,0
ministral_8b_instruct::trivia_qa_2_60k::base::main::43395,0
ministral_8b_instruct::trivia_qa_2_60k::base::main::46463,0
ministral_8b_instruct::trivia_qa_2_60k::base::main::9820,0
ministral_8b_instruct::trivia_qa_2_60k::base::main::36441,0
ministral_8b_instruct::trivia_qa_2_60k::base::main::33464,0
ministral_8b_instruct::trivia_qa_2_60k::base::main::46699,0
ministral_8b_instruct::trivia_qa_2_60k::base::main::33703,0
ministral_8b_instruct::trivia_qa_2_60k::base::main::46931,0
ministral_8b_instruct::trivia_qa_2_60k::base::main::2460,0
ministral_8b_instruct::trivia_qa_2_60k::base::main::48851,0
ministral_8b_instruct::trivia_qa_2_60k::base::main::27534,0
ministral_8b_instruct::trivia_qa_2_60k::base::main::11869,0
ministral_8b_instruct::trivia_qa_2_60k::base::main::8867,0
ministral_8b_instruct::trivia_qa_2_60k::base::main::39320,0
ministral_8b_instruct::trivia_qa_2_60k::base::main::31417,0
ministral_8b_instruct::trivia_qa_2_60k::base::main::592,0
ministral_8b_instruct::trivia_qa_2_60k::base::main::7929,0
ministral_8b_instruct::trivia_qa_2_60k::base::main::38997,0
ministral_8b_instruct::trivia_qa_2_60k::base::main::50770,0
ministral_8b_instruct::trivia_qa_2_60k::base::main::8977,0
ministral_8b_instruct::trivia_qa_2_60k::base::main::9149,0
ministral_8b_instruct::trivia_qa_2_60k::base::main::10679,0
ministral_8b_instruct::trivia_qa_2_60k::base::main::14186,0
ministral_8b_instruct::trivia_qa_2_60k::base::main::47904,0
ministral_8b_instruct::trivia_qa_2_60k::base::main::1868,0
ministral_8b_instruct::trivia_qa_2_60k::base::main::25782,0
ministral_8b_instruct::trivia_qa_2_60k::base::main::20496,0
ministral_8b_instruct::trivia_qa_2_60k::base::main::33157,0
ministral_8b_instruct::trivia_qa_2_60k::base::main::44091,0
ministral_8b_instruct::trivia_qa_2_60k::base::main::34935,0
ministral_8b_instruct::trivia_qa_2_60k::base::main::22307,0
ministral_8b_instruct::trivia_qa_2_60k::base::main::45728,0
ministral_8b_instruct::trivia_qa_2_60k::base::main::45391,0
ministral_8b_instruct::trivia_qa_2_60k::base::main::7406,0
ministral_8b_instruct::trivia_qa_2_60k::base::main::56402,0
ministral_8b_instruct::trivia_qa_2_60k::base::main::55849,0
ministral_8b_instruct::trivia_qa_2_60k::base::main::56532,0
ministral_8b_instruct::trivia_qa_2_60k::base::main::39685,0
ministral_8b_instruct::trivia_qa_2_60k::base::main::16913,0
ministral_8b_instruct::trivia_qa_2_60k::base::main::20528,0
ministral_8b_instruct::trivia_qa_2_60k::base::main::48601,0
ministral_8b_instruct::trivia_qa_2_60k::base::main::47493,0
ministral_8b_instruct::trivia_qa_2_60k::base::main::53409,0
ministral_8b_instruct::trivia_qa_2_60k::base::main::51655,0
ministral_8b_instruct::trivia_qa_2_60k::base::main::42730,0
ministral_8b_instruct::trivia_qa_2_60k::base::main::16716,0
ministral_8b_instruct::trivia_qa_2_60k::base::main::45755,0
ministral_8b_instruct::trivia_qa_2_60k::base::main::14512,0
ministral_8b_instruct::trivia_qa_2_60k::base::main::501,0
ministral_8b_instruct::trivia_qa_2_60k::base::main::29431,0
ministral_8b_instruct::trivia_qa_2_60k::base::main::25820,0
ministral_8b_instruct::trivia_qa_2_60k::base::main::25124,0
ministral_8b_instruct::trivia_qa_2_60k::base::main::19117,0
ministral_8b_instruct::trivia_qa_2_60k::base::main::2712,0
ministral_8b_instruct::trivia_qa_2_60k::base::main::45305,0
ministral_8b_instruct::trivia_qa_2_60k::base::main::56117,0
ministral_8b_instruct::trivia_qa_2_60k::base::main::17444,0
ministral_8b_instruct::trivia_qa_2_60k::base::main::6557,0
ministral_8b_instruct::trivia_qa_2_60k::base::main::31131,0
ministral_8b_instruct::trivia_qa_2_60k::base::main::22751,0
ministral_8b_instruct::trivia_qa_2_60k::base::main::26183,0
ministral_8b_instruct::trivia_qa_2_60k::base::main::12848,0
ministral_8b_instruct::trivia_qa_2_60k::base::main::39494,0
ministral_8b_instruct::trivia_qa_2_60k::base::main::43644,0
ministral_8b_instruct::trivia_qa_2_60k::base::main::35845,0
ministral_8b_instruct::trivia_qa_2_60k::base::main::16581,0
ministral_8b_instruct::trivia_qa_2_60k::base::main::24420,0
ministral_8b_instruct::trivia_qa_2_60k::base::main::39981,0
ministral_8b_instruct::trivia_qa_2_60k::base::main::56084,0
ministral_8b_instruct::trivia_qa_2_60k::base::main::6026,0
ministral_8b_instruct::trivia_qa_2_60k::base::main::22949,0
ministral_8b_instruct::trivia_qa_2_60k::base::main::3386,0
ministral_8b_instruct::trivia_qa_2_60k::base::main::49118,0
ministral_8b_instruct::trivia_qa_2_60k::base::main::39096,0
ministral_8b_instruct::trivia_qa_2_60k::base::main::42357,0
ministral_8b_instruct::trivia_qa_2_60k::base::main::35141,0
ministral_8b_instruct::trivia_qa_2_60k::base::main::20265,0
ministral_8b_instruct::trivia_qa_2_60k::base::main::40002,0
ministral_8b_instruct::trivia_qa_2_60k::base::main::46197,0
ministral_8b_instruct::trivia_qa_2_60k::base::main::54789,0
ministral_8b_instruct::trivia_qa_2_60k::base::main::44858,0
ministral_8b_instruct::trivia_qa_2_60k::base::main::15615,0
ministral_8b_instruct::trivia_qa_2_60k::base::main::53648,0
ministral_8b_instruct::trivia_qa_2_60k::base::main::56384,0
ministral_8b_instruct::trivia_qa_2_60k::base::main::50443,0
ministral_8b_instruct::trivia_qa_2_60k::base::main::9819,0
ministral_8b_instruct::trivia_qa_2_60k::base::main::40945,0
ministral_8b_instruct::trivia_qa_2_60k::base::main::56809,0
ministral_8b_instruct::trivia_qa_2_60k::base::main::3121,0
ministral_8b_instruct::trivia_qa_2_60k::base::main::337,0
ministral_8b_instruct::trivia_qa_2_60k::base::main::22211,0
ministral_8b_instruct::trivia_qa_2_60k::base::main::12229,0
ministral_8b_instruct::trivia_qa_2_60k::base::main::44479,0
ministral_8b_instruct::trivia_qa_2_60k::base::main::43551,0
ministral_8b_instruct::trivia_qa_2_60k::base::main::50204,0
ministral_8b_instruct::trivia_qa_2_60k::base::main::52414,0
ministral_8b_instruct::trivia_qa_2_60k::base::main::22654,0
ministral_8b_instruct::trivia_qa_2_60k::base::main::24668,0
ministral_8b_instruct::trivia_qa_2_60k::base::main::43447,0
ministral_8b_instruct::trivia_qa_2_60k::base::main::6760,0
ministral_8b_instruct::trivia_qa_2_60k::base::main::56160,0
ministral_8b_instruct::trivia_qa_2_60k::base::main::38129,0
ministral_8b_instruct::trivia_qa_2_60k::base::main::49015,0
ministral_8b_instruct::trivia_qa_2_60k::base::main::19658,0
ministral_8b_instruct::trivia_qa_2_60k::base::main::22826,0
ministral_8b_instruct::trivia_qa_2_60k::base::main::18135,0
ministral_8b_instruct::trivia_qa_2_60k::base::main::30202,0
ministral_8b_instruct::trivia_qa_2_60k::base::main::55105,0
ministral_8b_instruct::trivia_qa_2_60k::base::main::51130,0
ministral_8b_instruct::trivia_qa_2_60k::base::main::40105,0
ministral_8b_instruct::trivia_qa_2_60k::base::main::11261,0
ministral_8b_instruct::trivia_qa_2_60k::base::main::8872,0
ministral_8b_instruct::trivia_qa_2_60k::base::main::38934,0
ministral_8b_instruct::trivia_qa_2_60k::base::main::4596,0
ministral_8b_instruct::trivia_qa_2_60k::base::main::39443,0
ministral_8b_instruct::trivia_qa_2_60k::base::main::54345,0
ministral_8b_instruct::trivia_qa_2_60k::base::main::49704,0
ministral_8b_instruct::trivia_qa_2_60k::base::main::52644,0
ministral_8b_instruct::trivia_qa_2_60k::base::main::18043,0
ministral_8b_instruct::trivia_qa_2_60k::base::main::15341,0
ministral_8b_instruct::trivia_qa_2_60k::base::main::38288,0
ministral_8b_instruct::trivia_qa_2_60k::base::main::16421,0
ministral_8b_instruct::trivia_qa_2_60k::base::main::14493,0
ministral_8b_instruct::trivia_qa_2_60k::base::main::45849,0
ministral_8b_instruct::trivia_qa_2_60k::base::main::3214,0
ministral_8b_instruct::trivia_qa_2_60k::base::main::38223,0
ministral_8b_instruct::trivia_qa_2_60k::base::main::48383,0
ministral_8b_instruct::trivia_qa_2_60k::base::main::38731,0
ministral_8b_instruct::trivia_qa_2_60k::base::main::16254,0
ministral_8b_instruct::trivia_qa_2_60k::base::main::57722,0
ministral_8b_instruct::trivia_qa_2_60k::base::main::35243,0
ministral_8b_instruct::trivia_qa_2_60k::base::main::36822,0
ministral_8b_instruct::trivia_qa_2_60k::base::main::37199,0
ministral_8b_instruct::trivia_qa_2_60k::base::main::12165,0
ministral_8b_instruct::trivia_qa_2_60k::base::main::13023,0
ministral_8b_instruct::trivia_qa_2_60k::base::main::33949,0
ministral_8b_instruct::trivia_qa_2_60k::base::main::46951,0
ministral_8b_instruct::trivia_qa_2_60k::base::main::8669,0
ministral_8b_instruct::trivia_qa_2_60k::base::main::44499,0
ministral_8b_instruct::trivia_qa_2_60k::base::main::43264,0
ministral_8b_instruct::trivia_qa_2_60k::base::main::42506,0
ministral_8b_instruct::trivia_qa_2_60k::base::main::23022,0
ministral_8b_instruct::trivia_qa_2_60k::base::main::13650,0
ministral_8b_instruct::trivia_qa_2_60k::base::main::33124,0
ministral_8b_instruct::trivia_qa_2_60k::base::main::31446,0
ministral_8b_instruct::trivia_qa_2_60k::base::main::50123,0
ministral_8b_instruct::trivia_qa_2_60k::base::main::55944,0
ministral_8b_instruct::trivia_qa_2_60k::base::main::36315,0
ministral_8b_instruct::trivia_qa_2_60k::base::main::13867,0
ministral_8b_instruct::trivia_qa_2_60k::base::main::23753,0
ministral_8b_instruct::trivia_qa_2_60k::base::main::33164,0
ministral_8b_instruct::trivia_qa_2_60k::base::main::13440,0
ministral_8b_instruct::trivia_qa_2_60k::base::main::48901,0
ministral_8b_instruct::trivia_qa_2_60k::base::main::46380,0
ministral_8b_instruct::trivia_qa_2_60k::base::main::30935,0
ministral_8b_instruct::trivia_qa_2_60k::base::main::54993,0
ministral_8b_instruct::trivia_qa_2_60k::base::main::7568,0
ministral_8b_instruct::trivia_qa_2_60k::base::main::39800,0
ministral_8b_instruct::trivia_qa_2_60k::base::main::16495,0
ministral_8b_instruct::trivia_qa_2_60k::base::main::27699,0
ministral_8b_instruct::trivia_qa_2_60k::base::main::17531,0
ministral_8b_instruct::trivia_qa_2_60k::base::main::23422,0
ministral_8b_instruct::trivia_qa_2_60k::base::main::9453,0
ministral_8b_instruct::trivia_qa_2_60k::base::main::54583,0
ministral_8b_instruct::trivia_qa_2_60k::base::main::15828,0
ministral_8b_instruct::trivia_qa_2_60k::base::main::49573,0
ministral_8b_instruct::trivia_qa_2_60k::base::main::44118,0
ministral_8b_instruct::trivia_qa_2_60k::base::main::25550,0
ministral_8b_instruct::trivia_qa_2_60k::base::main::23575,0
ministral_8b_instruct::trivia_qa_2_60k::base::main::31089,0
ministral_8b_instruct::trivia_qa_2_60k::base::main::23415,0
ministral_8b_instruct::trivia_qa_2_60k::base::main::6116,0
ministral_8b_instruct::trivia_qa_2_60k::base::main::57692,0
ministral_8b_instruct::trivia_qa_2_60k::base::main::48118,0
ministral_8b_instruct::trivia_qa_2_60k::base::main::26017,0
ministral_8b_instruct::trivia_qa_2_60k::base::main::12115,0
ministral_8b_instruct::trivia_qa_2_60k::base::main::7766,0
ministral_8b_instruct::trivia_qa_2_60k::base::main::487,0
ministral_8b_instruct::trivia_qa_2_60k::base::main::3467,0
ministral_8b_instruct::trivia_qa_2_60k::base::main::40252,0
ministral_8b_instruct::trivia_qa_2_60k::base::main::50773,0
ministral_8b_instruct::trivia_qa_2_60k::base::main::9181,0
ministral_8b_instruct::trivia_qa_2_60k::base::main::49183,0
ministral_8b_instruct::trivia_qa_2_60k::base::main::31348,0
ministral_8b_instruct::trivia_qa_2_60k::base::main::39374,0
ministral_8b_instruct::trivia_qa_2_60k::base::main::4129,0
ministral_8b_instruct::trivia_qa_2_60k::base::main::46470,0
ministral_8b_instruct::trivia_qa_2_60k::base::main::18256,0
ministral_8b_instruct::trivia_qa_2_60k::base::main::34084,0
ministral_8b_instruct::trivia_qa_2_60k::base::main::24560,0
ministral_8b_instruct::trivia_qa_2_60k::base::main::11626,0
ministral_8b_instruct::trivia_qa_2_60k::base::main::2919,0
ministral_8b_instruct::trivia_qa_2_60k::base::main::6262,0
ministral_8b_instruct::trivia_qa_2_60k::base::main::48060,0
ministral_8b_instruct::trivia_qa_2_60k::base::main::15906,0
ministral_8b_instruct::trivia_qa_2_60k::base::main::26145,0
ministral_8b_instruct::trivia_qa_2_60k::base::main::32365,0
ministral_8b_instruct::trivia_qa_2_60k::base::main::45712,0
ministral_8b_instruct::trivia_qa_2_60k::base::main::14673,0
ministral_8b_instruct::trivia_qa_2_60k::base::main::53039,0
ministral_8b_instruct::trivia_qa_2_60k::base::main::30926,0
ministral_8b_instruct::trivia_qa_2_60k::base::main::4081,0
ministral_8b_instruct::trivia_qa_2_60k::base::main::39710,0
ministral_8b_instruct::trivia_qa_2_60k::base::main::47195,0
ministral_8b_instruct::trivia_qa_2_60k::base::main::21943,0
ministral_8b_instruct::trivia_qa_2_60k::base::main::11031,0
ministral_8b_instruct::trivia_qa_2_60k::base::main::40545,0
ministral_8b_instruct::trivia_qa_2_60k::base::main::22648,0
ministral_8b_instruct::trivia_qa_2_60k::base::main::33376,0
ministral_8b_instruct::trivia_qa_2_60k::base::main::55986,0
ministral_8b_instruct::trivia_qa_2_60k::base::main::50554,0
ministral_8b_instruct::trivia_qa_2_60k::base::main::28337,0
ministral_8b_instruct::trivia_qa_2_60k::base::main::6300,0
ministral_8b_instruct::trivia_qa_2_60k::base::main::30299,0
ministral_8b_instruct::trivia_qa_2_60k::base::main::47718,0
ministral_8b_instruct::trivia_qa_2_60k::base::main::9316,0
ministral_8b_instruct::trivia_qa_2_60k::base::main::34156,0
ministral_8b_instruct::trivia_qa_2_60k::base::main::2363,0
ministral_8b_instruct::trivia_qa_2_60k::base::main::10540,0
ministral_8b_instruct::trivia_qa_2_60k::base::main::11947,0
ministral_8b_instruct::trivia_qa_2_60k::base::main::8346,0
ministral_8b_instruct::trivia_qa_2_60k::base::main::39743,0
ministral_8b_instruct::trivia_qa_2_60k::base::main::56095,0
ministral_8b_instruct::trivia_qa_2_60k::base::main::14209,0
ministral_8b_instruct::trivia_qa_2_60k::base::main::42689,0
ministral_8b_instruct::trivia_qa_2_60k::base::main::45362,0
ministral_8b_instruct::trivia_qa_2_60k::base::main::16103,0
ministral_8b_instruct::trivia_qa_2_60k::base::main::1360,0
ministral_8b_instruct::trivia_qa_2_60k::base::main::27693,0
ministral_8b_instruct::trivia_qa_2_60k::base::main::51967,0
ministral_8b_instruct::trivia_qa_2_60k::base::main::8603,0
ministral_8b_instruct::trivia_qa_2_60k::base::main::31611,0
ministral_8b_instruct::trivia_qa_2_60k::base::main::56125,0
ministral_8b_instruct::trivia_qa_2_60k::base::main::53168,0
ministral_8b_instruct::trivia_qa_2_60k::base::main::15391,0
ministral_8b_instruct::trivia_qa_2_60k::base::main::46891,0
ministral_8b_instruct::trivia_qa_2_60k::base::main::51380,0
ministral_8b_instruct::trivia_qa_2_60k::base::main::52497,0
ministral_8b_instruct::trivia_qa_2_60k::base::main::55717,0
ministral_8b_instruct::trivia_qa_2_60k::base::main::49123,0
ministral_8b_instruct::trivia_qa_2_60k::base::main::40138,0
ministral_8b_instruct::trivia_qa_2_60k::base::main::38346,0
ministral_8b_instruct::trivia_qa_2_60k::base::main::150,0
ministral_8b_instruct::trivia_qa_2_60k::base::main::56238,0
ministral_8b_instruct::trivia_qa_2_60k::base::main::44814,0
ministral_8b_instruct::trivia_qa_2_60k::base::main::22339,0
ministral_8b_instruct::trivia_qa_2_60k::base::main::31180,0
ministral_8b_instruct::trivia_qa_2_60k::base::main::18129,0
ministral_8b_instruct::trivia_qa_2_60k::base::main::12272,0
ministral_8b_instruct::trivia_qa_2_60k::base::main::25217,0
ministral_8b_instruct::trivia_qa_2_60k::base::main::32265,0
ministral_8b_instruct::trivia_qa_2_60k::base::main::58051,0
ministral_8b_instruct::trivia_qa_2_60k::base::main::37534,0
ministral_8b_instruct::trivia_qa_2_60k::base::main::56451,0
ministral_8b_instruct::trivia_qa_2_60k::base::main::38926,0
ministral_8b_instruct::trivia_qa_2_60k::base::main::37217,0
ministral_8b_instruct::trivia_qa_2_60k::base::main::40583,0
ministral_8b_instruct::trivia_qa_2_60k::base::main::29673,0
ministral_8b_instruct::trivia_qa_2_60k::base::main::21543,0
ministral_8b_instruct::trivia_qa_2_60k::base::main::33652,0
ministral_8b_instruct::trivia_qa_2_60k::base::main::47130,0
ministral_8b_instruct::trivia_qa_2_60k::base::main::52483,0
ministral_8b_instruct::trivia_qa_2_60k::base::main::1535,0
ministral_8b_instruct::trivia_qa_2_60k::base::main::18460,0
ministral_8b_instruct::trivia_qa_2_60k::base::main::56938,0
ministral_8b_instruct::trivia_qa_2_60k::base::main::11302,0
ministral_8b_instruct::trivia_qa_2_60k::base::main::31117,0
ministral_8b_instruct::trivia_qa_2_60k::base::main::36089,0
ministral_8b_instruct::trivia_qa_2_60k::base::main::40745,0
ministral_8b_instruct::trivia_qa_2_60k::base::main::18756,0
ministral_8b_instruct::trivia_qa_2_60k::base::main::49396,0
ministral_8b_instruct::trivia_qa_2_60k::base::main::49379,0
ministral_8b_instruct::trivia_qa_2_60k::base::main::12694,0
ministral_8b_instruct::trivia_qa_2_60k::base::main::46671,0
ministral_8b_instruct::trivia_qa_2_60k::base::main::34020,0
ministral_8b_instruct::trivia_qa_2_60k::base::main::7649,0
ministral_8b_instruct::trivia_qa_2_60k::base::main::41285,0
ministral_8b_instruct::trivia_qa_2_60k::base::main::19,0
ministral_8b_instruct::trivia_qa_2_60k::base::main::56429,0
ministral_8b_instruct::trivia_qa_2_60k::base::main::669,0
ministral_8b_instruct::trivia_qa_2_60k::base::main::56962,0
ministral_8b_instruct::trivia_qa_2_60k::base::main::39196,0
ministral_8b_instruct::trivia_qa_2_60k::base::main::2946,0
ministral_8b_instruct::trivia_qa_2_60k::base::main::18166,0
ministral_8b_instruct::trivia_qa_2_60k::base::main::38680,0
ministral_8b_instruct::trivia_qa_2_60k::base::main::50724,0
ministral_8b_instruct::trivia_qa_2_60k::base::main::53070,0
ministral_8b_instruct::trivia_qa_2_60k::base::main::18382,0
ministral_8b_instruct::trivia_qa_2_60k::base::main::30814,0
ministral_8b_instruct::trivia_qa_2_60k::base::main::55241,0
ministral_8b_instruct::trivia_qa_2_60k::base::main::20110,0
ministral_8b_instruct::trivia_qa_2_60k::base::main::41015,0
ministral_8b_instruct::trivia_qa_2_60k::base::main::14844,0
ministral_8b_instruct::trivia_qa_2_60k::base::main::773,0
ministral_8b_instruct::trivia_qa_2_60k::base::main::18666,0
ministral_8b_instruct::trivia_qa_2_60k::base::main::52495,0
ministral_8b_instruct::trivia_qa_2_60k::base::main::23218,0
ministral_8b_instruct::trivia_qa_2_60k::base::main::44634,0
ministral_8b_instruct::trivia_qa_2_60k::base::main::317,0
ministral_8b_instruct::trivia_qa_2_60k::base::main::26249,0
ministral_8b_instruct::trivia_qa_2_60k::base::main::5114,0
ministral_8b_instruct::trivia_qa_2_60k::base::main::46231,0
ministral_8b_instruct::trivia_qa_2_60k::base::main::22374,0
ministral_8b_instruct::trivia_qa_2_60k::base::main::20573,0
ministral_8b_instruct::trivia_qa_2_60k::base::main::47731,0
ministral_8b_instruct::trivia_qa_2_60k::base::main::9899,0
ministral_8b_instruct::trivia_qa_2_60k::base::main::12082,0
ministral_8b_instruct::trivia_qa_2_60k::base::main::37810,0
ministral_8b_instruct::trivia_qa_2_60k::base::main::324,0
ministral_8b_instruct::trivia_qa_2_60k::base::main::42419,0
ministral_8b_instruct::trivia_qa_2_60k::base::main::55947,0
ministral_8b_instruct::trivia_qa_2_60k::base::main::34104,0
ministral_8b_instruct::trivia_qa_2_60k::base::main::31087,0
ministral_8b_instruct::trivia_qa_2_60k::base::main::28398,0
ministral_8b_instruct::trivia_qa_2_60k::base::main::25670,0
ministral_8b_instruct::trivia_qa_2_60k::base::main::50097,0
ministral_8b_instruct::trivia_qa_2_60k::base::main::55734,0
ministral_8b_instruct::trivia_qa_2_60k::base::main::8043,0
ministral_8b_instruct::trivia_qa_2_60k::base::main::35982,0
ministral_8b_instruct::trivia_qa_2_60k::base::main::49390,0
ministral_8b_instruct::trivia_qa_2_60k::base::main::22725,0
ministral_8b_instruct::trivia_qa_2_60k::base::main::1290,0
ministral_8b_instruct::trivia_qa_2_60k::base::main::35751,0
ministral_8b_instruct::trivia_qa_2_60k::base::main::482,0
ministral_8b_instruct::trivia_qa_2_60k::base::main::45076,0
ministral_8b_instruct::trivia_qa_2_60k::base::main::27981,0
ministral_8b_instruct::trivia_qa_2_60k::base::main::32513,0
ministral_8b_instruct::trivia_qa_2_60k::base::main::25117,0
ministral_8b_instruct::trivia_qa_2_60k::base::main::40493,0
ministral_8b_instruct::trivia_qa_2_60k::base::main::40528,0
ministral_8b_instruct::trivia_qa_2_60k::base::main::20897,0
ministral_8b_instruct::trivia_qa_2_60k::base::main::33407,0
ministral_8b_instruct::trivia_qa_2_60k::base::main::48880,0
ministral_8b_instruct::trivia_qa_2_60k::base::main::14715,0
ministral_8b_instruct::trivia_qa_2_60k::base::main::13211,0
ministral_8b_instruct::trivia_qa_2_60k::base::main::32856,0
ministral_8b_instruct::trivia_qa_2_60k::base::main::49868,0
ministral_8b_instruct::trivia_qa_2_60k::base::main::105,0
ministral_8b_instruct::trivia_qa_2_60k::base::main::2322,0
ministral_8b_instruct::trivia_qa_2_60k::base::main::36860,0
ministral_8b_instruct::trivia_qa_2_60k::base::main::22341,0
ministral_8b_instruct::trivia_qa_2_60k::base::main::52221,0
ministral_8b_instruct::trivia_qa_2_60k::base::main::56607,0
ministral_8b_instruct::trivia_qa_2_60k::base::main::9408,0
ministral_8b_instruct::trivia_qa_2_60k::base::main::32409,0
ministral_8b_instruct::trivia_qa_2_60k::base::main::9573,0
ministral_8b_instruct::trivia_qa_2_60k::base::main::8360,0
ministral_8b_instruct::trivia_qa_2_60k::base::main::36026,0
ministral_8b_instruct::trivia_qa_2_60k::base::main::21540,0
ministral_8b_instruct::trivia_qa_2_60k::base::main::15319,0
ministral_8b_instruct::trivia_qa_2_60k::base::main::10510,0
ministral_8b_instruct::trivia_qa_2_60k::base::main::23376,0
ministral_8b_instruct::trivia_qa_2_60k::base::main::55814,0
ministral_8b_instruct::trivia_qa_2_60k::base::main::12613,0
ministral_8b_instruct::trivia_qa_2_60k::base::main::8635,0
ministral_8b_instruct::trivia_qa_2_60k::base::main::55684,0
ministral_8b_instruct::trivia_qa_2_60k::base::main::9524,0
ministral_8b_instruct::trivia_qa_2_60k::base::main::17890,0
ministral_8b_instruct::trivia_qa_2_60k::base::main::12734,0
ministral_8b_instruct::trivia_qa_2_60k::base::main::29700,0
ministral_8b_instruct::trivia_qa_2_60k::base::main::3032,0
ministral_8b_instruct::trivia_qa_2_60k::base::main::39735,0
ministral_8b_instruct::trivia_qa_2_60k::base::main::33857,0
ministral_8b_instruct::trivia_qa_2_60k::base::main::21433,0
ministral_8b_instruct::trivia_qa_2_60k::base::main::41902,0
ministral_8b_instruct::trivia_qa_2_60k::base::main::4145,0
ministral_8b_instruct::trivia_qa_2_60k::base::main::33346,0
ministral_8b_instruct::trivia_qa_2_60k::base::main::7184,0
ministral_8b_instruct::trivia_qa_2_60k::base::main::22888,0
ministral_8b_instruct::trivia_qa_2_60k::base::main::58418,0
ministral_8b_instruct::trivia_qa_2_60k::base::main::17320,0
ministral_8b_instruct::trivia_qa_2_60k::base::main::37854,0
ministral_8b_instruct::trivia_qa_2_60k::base::main::44375,0
ministral_8b_instruct::trivia_qa_2_60k::base::main::12569,0
ministral_8b_instruct::trivia_qa_2_60k::base::main::38622,0
ministral_8b_instruct::trivia_qa_2_60k::base::main::56610,0
ministral_8b_instruct::trivia_qa_2_60k::base::main::46081,0
ministral_8b_instruct::trivia_qa_2_60k::base::main::42984,0
ministral_8b_instruct::trivia_qa_2_60k::base::main::4727,0
ministral_8b_instruct::trivia_qa_2_60k::base::main::7564,0
ministral_8b_instruct::trivia_qa_2_60k::base::main::23891,0
ministral_8b_instruct::trivia_qa_2_60k::base::main::33548,0
ministral_8b_instruct::trivia_qa_2_60k::base::main::16555,0
ministral_8b_instruct::trivia_qa_2_60k::base::main::54511,0
ministral_8b_instruct::trivia_qa_2_60k::base::main::2394,0
ministral_8b_instruct::trivia_qa_2_60k::base::main::16492,0
ministral_8b_instruct::trivia_qa_2_60k::base::main::54820,0
ministral_8b_instruct::trivia_qa_2_60k::base::main::3019,0
ministral_8b_instruct::trivia_qa_2_60k::base::main::13861,0
ministral_8b_instruct::trivia_qa_2_60k::base::main::6479,0
ministral_8b_instruct::trivia_qa_2_60k::base::main::34069,0
ministral_8b_instruct::trivia_qa_2_60k::base::main::52766,0
ministral_8b_instruct::trivia_qa_2_60k::base::main::37120,0
ministral_8b_instruct::trivia_qa_2_60k::base::main::29947,0
ministral_8b_instruct::trivia_qa_2_60k::base::main::6986,0
ministral_8b_instruct::trivia_qa_2_60k::base::main::9070,0
ministral_8b_instruct::trivia_qa_2_60k::base::main::6118,0
ministral_8b_instruct::trivia_qa_2_60k::base::main::25211,0
ministral_8b_instruct::trivia_qa_2_60k::base::main::35404,0
ministral_8b_instruct::trivia_qa_2_60k::base::main::44317,0
ministral_8b_instruct::trivia_qa_2_60k::base::main::41203,0
ministral_8b_instruct::trivia_qa_2_60k::base::main::43254,0
ministral_8b_instruct::trivia_qa_2_60k::base::main::21440,0
ministral_8b_instruct::trivia_qa_2_60k::base::main::39448,0
ministral_8b_instruct::trivia_qa_2_60k::base::main::19685,0
ministral_8b_instruct::trivia_qa_2_60k::base::main::35787,0
ministral_8b_instruct::trivia_qa_2_60k::base::main::10569,0
ministral_8b_instruct::trivia_qa_2_60k::base::main::16138,0
ministral_8b_instruct::trivia_qa_2_60k::base::main::36708,0
ministral_8b_instruct::trivia_qa_2_60k::base::main::8963,0
ministral_8b_instruct::trivia_qa_2_60k::base::main::38216,0
ministral_8b_instruct::trivia_qa_2_60k::base::main::50447,0
ministral_8b_instruct::trivia_qa_2_60k::base::main::15624,0
ministral_8b_instruct::trivia_qa_2_60k::base::main::36756,0
ministral_8b_instruct::trivia_qa_2_60k::base::main::21091,0
ministral_8b_instruct::trivia_qa_2_60k::base::main::55739,0
ministral_8b_instruct::trivia_qa_2_60k::base::main::39925,0
ministral_8b_instruct::trivia_qa_2_60k::base::main::3343,0
ministral_8b_instruct::trivia_qa_2_60k::base::main::19040,0
ministral_8b_instruct::trivia_qa_2_60k::base::main::44684,0
ministral_8b_instruct::trivia_qa_2_60k::base::main::25397,0
ministral_8b_instruct::trivia_qa_2_60k::base::main::32169,0
ministral_8b_instruct::trivia_qa_2_60k::base::main::16217,0
ministral_8b_instruct::trivia_qa_2_60k::base::main::42311,0
ministral_8b_instruct::trivia_qa_2_60k::base::main::16736,0
ministral_8b_instruct::trivia_qa_2_60k::base::main::14064,0
ministral_8b_instruct::trivia_qa_2_60k::base::main::48286,0
ministral_8b_instruct::trivia_qa_2_60k::base::main::38724,0
ministral_8b_instruct::trivia_qa_2_60k::base::main::14374,0
ministral_8b_instruct::trivia_qa_2_60k::base::main::56305,0
ministral_8b_instruct::trivia_qa_2_60k::base::main::54165,0
ministral_8b_instruct::trivia_qa_2_60k::base::main::27010,0
ministral_8b_instruct::trivia_qa_2_60k::base::main::0,0
ministral_8b_instruct::trivia_qa_2_60k::base::main::29828,0
ministral_8b_instruct::trivia_qa_2_60k::base::main::14375,0
ministral_8b_instruct::trivia_qa_2_60k::base::main::39407,0
ministral_8b_instruct::trivia_qa_2_60k::base::main::45048,0
ministral_8b_instruct::trivia_qa_2_60k::base::main::535,0
ministral_8b_instruct::trivia_qa_2_60k::base::main::17048,0
ministral_8b_instruct::trivia_qa_2_60k::base::main::47439,0
ministral_8b_instruct::trivia_qa_2_60k::base::main::39864,0
ministral_8b_instruct::trivia_qa_2_60k::base::main::35412,0
ministral_8b_instruct::trivia_qa_2_60k::base::main::32133,0
ministral_8b_instruct::trivia_qa_2_60k::base::main::51737,0
ministral_8b_instruct::trivia_qa_2_60k::base::main::52189,0
ministral_8b_instruct::trivia_qa_2_60k::base::main::49875,0
ministral_8b_instruct::trivia_qa_2_60k::base::main::42864,0
ministral_8b_instruct::trivia_qa_2_60k::base::main::47465,0
ministral_8b_instruct::trivia_qa_2_60k::base::main::42694,0
ministral_8b_instruct::trivia_qa_2_60k::base::main::24070,0
ministral_8b_instruct::trivia_qa_2_60k::base::main::50501,0
ministral_8b_instruct::trivia_qa_2_60k::base::main::24640,0
ministral_8b_instruct::trivia_qa_2_60k::base::main::31390,0
ministral_8b_instruct::trivia_qa_2_60k::base::main::45180,0
ministral_8b_instruct::trivia_qa_2_60k::base::main::52595,0
ministral_8b_instruct::trivia_qa_2_60k::base::main::46857,0
ministral_8b_instruct::trivia_qa_2_60k::base::main::17831,0
ministral_8b_instruct::trivia_qa_2_60k::base::main::38367,0
ministral_8b_instruct::trivia_qa_2_60k::base::main::2082,0
ministral_8b_instruct::trivia_qa_2_60k::base::main::12053,0
ministral_8b_instruct::trivia_qa_2_60k::base::main::4373,0
ministral_8b_instruct::trivia_qa_2_60k::base::main::47879,0
ministral_8b_instruct::trivia_qa_2_60k::base::main::39634,0
ministral_8b_instruct::trivia_qa_2_60k::base::main::34388,0
ministral_8b_instruct::trivia_qa_2_60k::base::main::9167,0
ministral_8b_instruct::trivia_qa_2_60k::base::main::56342,0
ministral_8b_instruct::trivia_qa_2_60k::base::main::34958,0
ministral_8b_instruct::trivia_qa_2_60k::base::main::57751,0
ministral_8b_instruct::trivia_qa_2_60k::base::main::18186,0
ministral_8b_instruct::trivia_qa_2_60k::base::main::31652,0
ministral_8b_instruct::trivia_qa_2_60k::base::main::1671,0
ministral_8b_instruct::trivia_qa_2_60k::base::main::30839,0
ministral_8b_instruct::trivia_qa_2_60k::base::main::54325,0
ministral_8b_instruct::trivia_qa_2_60k::base::main::27795,0
ministral_8b_instruct::trivia_qa_2_60k::base::main::1243,0
ministral_8b_instruct::trivia_qa_2_60k::base::main::40006,0
ministral_8b_instruct::trivia_qa_2_60k::base::main::41735,0
ministral_8b_instruct::trivia_qa_2_60k::base::main::25995,0
ministral_8b_instruct::trivia_qa_2_60k::base::main::741,0
ministral_8b_instruct::trivia_qa_2_60k::base::main::35203,0
ministral_8b_instruct::trivia_qa_2_60k::base::main::24968,0
ministral_8b_instruct::trivia_qa_2_60k::base::main::19173,0
ministral_8b_instruct::trivia_qa_2_60k::base::main::55576,0
ministral_8b_instruct::trivia_qa_2_60k::base::main::53497,0
ministral_8b_instruct::trivia_qa_2_60k::base::main::40172,0
ministral_8b_instruct::trivia_qa_2_60k::base::main::23191,0
ministral_8b_instruct::trivia_qa_2_60k::base::main::12035,0
ministral_8b_instruct::trivia_qa_2_60k::base::main::24780,0
ministral_8b_instruct::trivia_qa_2_60k::base::main::29545,0
ministral_8b_instruct::trivia_qa_2_60k::base::main::24213,0
ministral_8b_instruct::trivia_qa_2_60k::base::main::47552,0
ministral_8b_instruct::trivia_qa_2_60k::base::main::21167,0
ministral_8b_instruct::trivia_qa_2_60k::base::main::36347,0
ministral_8b_instruct::trivia_qa_2_60k::base::main::3792,0
ministral_8b_instruct::trivia_qa_2_60k::base::main::20670,0
ministral_8b_instruct::trivia_qa_2_60k::base::main::55494,0
ministral_8b_instruct::trivia_qa_2_60k::base::main::13178,0
ministral_8b_instruct::trivia_qa_2_60k::base::main::30281,0
ministral_8b_instruct::trivia_qa_2_60k::base::main::13114,0
ministral_8b_instruct::trivia_qa_2_60k::base::main::9794,0
ministral_8b_instruct::trivia_qa_2_60k::base::main::29750,0
ministral_8b_instruct::trivia_qa_2_60k::base::main::27674,0
ministral_8b_instruct::trivia_qa_2_60k::base::main::14424,0
ministral_8b_instruct::trivia_qa_2_60k::base::main::16275,0
ministral_8b_instruct::trivia_qa_2_60k::base::main::22963,0
ministral_8b_instruct::trivia_qa_2_60k::base::main::29058,0
ministral_8b_instruct::trivia_qa_2_60k::base::main::880,0
ministral_8b_instruct::trivia_qa_2_60k::base::main::10296,0
ministral_8b_instruct::trivia_qa_2_60k::base::main::3314,0
ministral_8b_instruct::trivia_qa_2_60k::base::main::48530,0
ministral_8b_instruct::trivia_qa_2_60k::base::main::13649,0
ministral_8b_instruct::trivia_qa_2_60k::base::main::21474,0
ministral_8b_instruct::trivia_qa_2_60k::base::main::17669,0
ministral_8b_instruct::trivia_qa_2_60k::base::main::40366,0
ministral_8b_instruct::trivia_qa_2_60k::base::main::45518,0
ministral_8b_instruct::trivia_qa_2_60k::base::main::42599,0
ministral_8b_instruct::trivia_qa_2_60k::base::main::51044,0
ministral_8b_instruct::trivia_qa_2_60k::base::main::2067,0
ministral_8b_instruct::trivia_qa_2_60k::base::main::17896,0
ministral_8b_instruct::trivia_qa_2_60k::base::main::1194,0
ministral_8b_instruct::trivia_qa_2_60k::base::main::32804,0
ministral_8b_instruct::trivia_qa_2_60k::base::main::38470,0
ministral_8b_instruct::trivia_qa_2_60k::base::main::28338,0
ministral_8b_instruct::trivia_qa_2_60k::base::main::5967,0
ministral_8b_instruct::trivia_qa_2_60k::base::main::35042,0
ministral_8b_instruct::trivia_qa_2_60k::base::main::57951,0
ministral_8b_instruct::trivia_qa_2_60k::base::main::49074,0
ministral_8b_instruct::trivia_qa_2_60k::base::main::22178,0
ministral_8b_instruct::trivia_qa_2_60k::base::main::17848,0
ministral_8b_instruct::trivia_qa_2_60k::base::main::57139,0
ministral_8b_instruct::trivia_qa_2_60k::base::main::37038,0
ministral_8b_instruct::trivia_qa_2_60k::base::main::43255,0
ministral_8b_instruct::trivia_qa_2_60k::base::main::32945,0
ministral_8b_instruct::trivia_qa_2_60k::base::main::29321,0
ministral_8b_instruct::trivia_qa_2_60k::base::main::962,0
ministral_8b_instruct::trivia_qa_2_60k::base::main::31906,0
ministral_8b_instruct::trivia_qa_2_60k::base::main::5297,0
ministral_8b_instruct::trivia_qa_2_60k::base::main::11407,0
ministral_8b_instruct::trivia_qa_2_60k::base::main::30608,0
ministral_8b_instruct::trivia_qa_2_60k::base::main::17183,0
ministral_8b_instruct::trivia_qa_2_60k::base::main::11787,0
ministral_8b_instruct::trivia_qa_2_60k::base::main::28451,0
ministral_8b_instruct::trivia_qa_2_60k::base::main::44468,0
ministral_8b_instruct::trivia_qa_2_60k::base::main::27932,0
ministral_8b_instruct::trivia_qa_2_60k::base::main::19801,0
ministral_8b_instruct::trivia_qa_2_60k::base::main::28391,0
ministral_8b_instruct::trivia_qa_2_60k::base::main::50963,0
ministral_8b_instruct::trivia_qa_2_60k::base::main::15586,0
ministral_8b_instruct::trivia_qa_2_60k::base::main::32439,0
ministral_8b_instruct::trivia_qa_2_60k::base::main::26055,0
ministral_8b_instruct::trivia_qa_2_60k::base::main::21357,0
ministral_8b_instruct::trivia_qa_2_60k::base::main::13869,0
ministral_8b_instruct::trivia_qa_2_60k::base::main::22079,0
ministral_8b_instruct::trivia_qa_2_60k::base::main::26237,0
ministral_8b_instruct::trivia_qa_2_60k::base::main::26166,0
ministral_8b_instruct::trivia_qa_2_60k::base::main::29493,0
ministral_8b_instruct::trivia_qa_2_60k::base::main::30402,0
ministral_8b_instruct::trivia_qa_2_60k::base::main::37086,0
ministral_8b_instruct::trivia_qa_2_60k::base::main::12908,0
ministral_8b_instruct::trivia_qa_2_60k::base::main::55691,0
ministral_8b_instruct::trivia_qa_2_60k::base::main::56689,0
ministral_8b_instruct::trivia_qa_2_60k::base::main::41180,0
ministral_8b_instruct::trivia_qa_2_60k::base::main::17578,0
ministral_8b_instruct::trivia_qa_2_60k::base::main::33193,0
ministral_8b_instruct::trivia_qa_2_60k::base::main::53851,0
ministral_8b_instruct::trivia_qa_2_60k::base::main::52330,0
ministral_8b_instruct::trivia_qa_2_60k::base::main::17439,0
ministral_8b_instruct::trivia_qa_2_60k::base::main::212,0
ministral_8b_instruct::trivia_qa_2_60k::base::main::45232,0
ministral_8b_instruct::trivia_qa_2_60k::base::main::1541,0
ministral_8b_instruct::trivia_qa_2_60k::base::main::18919,0
ministral_8b_instruct::trivia_qa_2_60k::base::main::55157,0
ministral_8b_instruct::trivia_qa_2_60k::base::main::56340,0
ministral_8b_instruct::trivia_qa_2_60k::base::main::18904,0
ministral_8b_instruct::trivia_qa_2_60k::base::main::30422,0
ministral_8b_instruct::trivia_qa_2_60k::base::main::8747,0
ministral_8b_instruct::trivia_qa_2_60k::base::main::51204,0
ministral_8b_instruct::trivia_qa_2_60k::base::main::40302,0
ministral_8b_instruct::trivia_qa_2_60k::base::main::15862,0
ministral_8b_instruct::trivia_qa_2_60k::base::main::15537,0
ministral_8b_instruct::trivia_qa_2_60k::base::main::16668,0
ministral_8b_instruct::trivia_qa_2_60k::base::main::17866,0
ministral_8b_instruct::trivia_qa_2_60k::base::main::17845,0
ministral_8b_instruct::trivia_qa_2_60k::base::main::15220,0
ministral_8b_instruct::trivia_qa_2_60k::base::main::2221,0
ministral_8b_instruct::trivia_qa_2_60k::base::main::20762,0
ministral_8b_instruct::trivia_qa_2_60k::base::main::14777,0
ministral_8b_instruct::trivia_qa_2_60k::base::main::12323,0
ministral_8b_instruct::trivia_qa_2_60k::base::main::45920,0
ministral_8b_instruct::trivia_qa_2_60k::base::main::3524,0
ministral_8b_instruct::trivia_qa_2_60k::base::main::6626,0
ministral_8b_instruct::trivia_qa_2_60k::base::main::41887,0
ministral_8b_instruct::trivia_qa_2_60k::base::main::17685,0
ministral_8b_instruct::trivia_qa_2_60k::base::main::17573,0
ministral_8b_instruct::trivia_qa_2_60k::base::main::44309,0
ministral_8b_instruct::trivia_qa_2_60k::base::main::23187,0
ministral_8b_instruct::trivia_qa_2_60k::base::main::27444,0
ministral_8b_instruct::trivia_qa_2_60k::base::main::55501,0
ministral_8b_instruct::trivia_qa_2_60k::base::main::15060,0
ministral_8b_instruct::trivia_qa_2_60k::base::main::36007,0
ministral_8b_instruct::trivia_qa_2_60k::base::main::11022,0
ministral_8b_instruct::trivia_qa_2_60k::base::main::28794,0
ministral_8b_instruct::trivia_qa_2_60k::base::main::31412,0
ministral_8b_instruct::trivia_qa_2_60k::base::main::14053,0
ministral_8b_instruct::trivia_qa_2_60k::base::main::14361,0
ministral_8b_instruct::trivia_qa_2_60k::base::main::10097,0
ministral_8b_instruct::trivia_qa_2_60k::base::main::18429,0
ministral_8b_instruct::trivia_qa_2_60k::base::main::55868,0
ministral_8b_instruct::trivia_qa_2_60k::base::main::48373,0
ministral_8b_instruct::trivia_qa_2_60k::base::main::48220,0
ministral_8b_instruct::trivia_qa_2_60k::base::main::33942,0
ministral_8b_instruct::trivia_qa_2_60k::base::main::10060,0
ministral_8b_instruct::trivia_qa_2_60k::base::main::41359,0
ministral_8b_instruct::trivia_qa_2_60k::base::main::26392,0
ministral_8b_instruct::trivia_qa_2_60k::base::main::16114,0
ministral_8b_instruct::trivia_qa_2_60k::base::main::17477,0
ministral_8b_instruct::trivia_qa_2_60k::base::main::36752,0
ministral_8b_instruct::trivia_qa_2_60k::base::main::17272,0
ministral_8b_instruct::trivia_qa_2_60k::base::main::56476,0
ministral_8b_instruct::trivia_qa_2_60k::base::main::43072,0
ministral_8b_instruct::trivia_qa_2_60k::base::main::17127,0
ministral_8b_instruct::trivia_qa_2_60k::base::main::6794,0
ministral_8b_instruct::trivia_qa_2_60k::base::main::42492,0
ministral_8b_instruct::trivia_qa_2_60k::base::main::31101,0
ministral_8b_instruct::trivia_qa_2_60k::base::main::57626,0
ministral_8b_instruct::trivia_qa_2_60k::base::main::4841,0
ministral_8b_instruct::trivia_qa_2_60k::base::main::52872,0
ministral_8b_instruct::trivia_qa_2_60k::base::main::12278,0
ministral_8b_instruct::trivia_qa_2_60k::base::main::12599,0
ministral_8b_instruct::trivia_qa_2_60k::base::main::13937,0
ministral_8b_instruct::trivia_qa_2_60k::base::main::48382,0
ministral_8b_instruct::trivia_qa_2_60k::base::main::57995,0
ministral_8b_instruct::trivia_qa_2_60k::base::main::44393,0
ministral_8b_instruct::trivia_qa_2_60k::base::main::17251,0
ministral_8b_instruct::trivia_qa_2_60k::base::main::40183,0
ministral_8b_instruct::trivia_qa_2_60k::base::main::19445,0
ministral_8b_instruct::trivia_qa_2_60k::base::main::35659,0
ministral_8b_instruct::trivia_qa_2_60k::base::main::45059,0
ministral_8b_instruct::trivia_qa_2_60k::base::main::8281,0
ministral_8b_instruct::trivia_qa_2_60k::base::main::16463,0
ministral_8b_instruct::trivia_qa_2_60k::base::main::3057,0
ministral_8b_instruct::trivia_qa_2_60k::base::main::35873,0
ministral_8b_instruct::trivia_qa_2_60k::base::main::5164,0
ministral_8b_instruct::trivia_qa_2_60k::base::main::22328,0
ministral_8b_instruct::trivia_qa_2_60k::base::main::53186,0
ministral_8b_instruct::trivia_qa_2_60k::base::main::56548,0
ministral_8b_instruct::trivia_qa_2_60k::base::main::55591,0
ministral_8b_instruct::trivia_qa_2_60k::base::main::18476,0
ministral_8b_instruct::trivia_qa_2_60k::base::main::19292,0
ministral_8b_instruct::trivia_qa_2_60k::base::main::52079,0
ministral_8b_instruct::trivia_qa_2_60k::base::main::3556,0
ministral_8b_instruct::trivia_qa_2_60k::base::main::27617,0
ministral_8b_instruct::trivia_qa_2_60k::base::main::355,0
ministral_8b_instruct::trivia_qa_2_60k::base::main::22066,0
ministral_8b_instruct::trivia_qa_2_60k::base::main::11256,0
ministral_8b_instruct::trivia_qa_2_60k::base::main::4170,0
ministral_8b_instruct::trivia_qa_2_60k::base::main::29287,0
ministral_8b_instruct::trivia_qa_2_60k::base::main::24951,0
ministral_8b_instruct::trivia_qa_2_60k::base::main::54295,0
ministral_8b_instruct::trivia_qa_2_60k::base::main::16734,0
ministral_8b_instruct::trivia_qa_2_60k::base::main::49243,0
ministral_8b_instruct::trivia_qa_2_60k::base::main::29197,0
ministral_8b_instruct::trivia_qa_2_60k::base::main::57699,0
ministral_8b_instruct::trivia_qa_2_60k::base::main::48995,0
ministral_8b_instruct::trivia_qa_2_60k::base::main::21971,0
ministral_8b_instruct::trivia_qa_2_60k::base::main::2022,0
ministral_8b_instruct::trivia_qa_2_60k::base::main::47925,0
ministral_8b_instruct::trivia_qa_2_60k::base::main::30894,0
ministral_8b_instruct::trivia_qa_2_60k::base::main::37235,0
ministral_8b_instruct::trivia_qa_2_60k::base::main::55657,0
ministral_8b_instruct::trivia_qa_2_60k::base::main::13811,0
ministral_8b_instruct::trivia_qa_2_60k::base::main::56462,0
ministral_8b_instruct::trivia_qa_2_60k::base::main::6375,0
ministral_8b_instruct::trivia_qa_2_60k::base::main::43752,0
ministral_8b_instruct::trivia_qa_2_60k::base::main::32668,0
ministral_8b_instruct::trivia_qa_2_60k::base::main::40241,0
ministral_8b_instruct::trivia_qa_2_60k::base::main::56486,0
ministral_8b_instruct::trivia_qa_2_60k::base::main::23704,0
ministral_8b_instruct::trivia_qa_2_60k::base::main::27006,0
ministral_8b_instruct::trivia_qa_2_60k::base::main::50642,0
ministral_8b_instruct::trivia_qa_2_60k::base::main::48739,0
ministral_8b_instruct::trivia_qa_2_60k::base::main::49242,0
ministral_8b_instruct::trivia_qa_2_60k::base::main::23136,0
ministral_8b_instruct::trivia_qa_2_60k::base::main::18140,0
ministral_8b_instruct::trivia_qa_2_60k::base::main::26274,0
ministral_8b_instruct::trivia_qa_2_60k::base::main::35949,0
ministral_8b_instruct::trivia_qa_2_60k::base::main::29245,0
ministral_8b_instruct::trivia_qa_2_60k::base::main::39417,0
ministral_8b_instruct::trivia_qa_2_60k::base::main::4776,0
ministral_8b_instruct::trivia_qa_2_60k::base::main::33909,0
ministral_8b_instruct::trivia_qa_2_60k::base::main::45254,0
ministral_8b_instruct::trivia_qa_2_60k::base::main::51059,0
ministral_8b_instruct::trivia_qa_2_60k::base::main::7692,0
ministral_8b_instruct::trivia_qa_2_60k::base::main::52817,0
ministral_8b_instruct::trivia_qa_2_60k::base::main::30467,0
ministral_8b_instruct::trivia_qa_2_60k::base::main::9539,0
ministral_8b_instruct::trivia_qa_2_60k::base::main::4787,0
ministral_8b_instruct::trivia_qa_2_60k::base::main::8898,0
ministral_8b_instruct::trivia_qa_2_60k::base::main::1937,0
ministral_8b_instruct::trivia_qa_2_60k::base::main::57528,0
ministral_8b_instruct::trivia_qa_2_60k::base::main::48456,0
ministral_8b_instruct::trivia_qa_2_60k::base::main::25442,0
ministral_8b_instruct::trivia_qa_2_60k::base::main::57485,0
ministral_8b_instruct::trivia_qa_2_60k::base::main::43991,0
ministral_8b_instruct::trivia_qa_2_60k::base::main::14120,0
ministral_8b_instruct::trivia_qa_2_60k::base::main::42136,0
ministral_8b_instruct::trivia_qa_2_60k::base::main::27957,0
ministral_8b_instruct::trivia_qa_2_60k::base::main::26783,0
ministral_8b_instruct::trivia_qa_2_60k::base::main::43429,0
ministral_8b_instruct::trivia_qa_2_60k::base::main::30123,0
ministral_8b_instruct::trivia_qa_2_60k::base::main::11929,0
ministral_8b_instruct::trivia_qa_2_60k::base::main::56517,0
ministral_8b_instruct::trivia_qa_2_60k::base::main::7977,0
ministral_8b_instruct::trivia_qa_2_60k::base::main::26347,0
ministral_8b_instruct::trivia_qa_2_60k::base::main::12142,0
ministral_8b_instruct::trivia_qa_2_60k::base::main::48086,0
ministral_8b_instruct::trivia_qa_2_60k::base::main::47625,0
ministral_8b_instruct::trivia_qa_2_60k::base::main::38049,0
ministral_8b_instruct::trivia_qa_2_60k::base::main::28193,0
ministral_8b_instruct::trivia_qa_2_60k::base::main::45972,0
ministral_8b_instruct::trivia_qa_2_60k::base::main::45631,0
ministral_8b_instruct::trivia_qa_2_60k::base::main::38663,0
ministral_8b_instruct::trivia_qa_2_60k::base::main::34503,0
ministral_8b_instruct::trivia_qa_2_60k::base::main::50842,0
ministral_8b_instruct::trivia_qa_2_60k::base::main::15704,0
ministral_8b_instruct::trivia_qa_2_60k::base::main::47790,0
ministral_8b_instruct::trivia_qa_2_60k::base::main::22790,0
ministral_8b_instruct::trivia_qa_2_60k::base::main::3311,0
ministral_8b_instruct::trivia_qa_2_60k::base::main::1453,0
ministral_8b_instruct::trivia_qa_2_60k::base::main::45200,0
ministral_8b_instruct::trivia_qa_2_60k::base::main::45736,0
ministral_8b_instruct::trivia_qa_2_60k::base::main::15289,0
ministral_8b_instruct::trivia_qa_2_60k::base::main::7300,0
ministral_8b_instruct::trivia_qa_2_60k::base::main::15948,0
ministral_8b_instruct::trivia_qa_2_60k::base::main::46302,0
ministral_8b_instruct::trivia_qa_2_60k::base::main::45120,0
ministral_8b_instruct::trivia_qa_2_60k::base::main::7434,0
ministral_8b_instruct::trivia_qa_2_60k::base::main::16083,0
ministral_8b_instruct::trivia_qa_2_60k::base::main::2438,0
ministral_8b_instruct::trivia_qa_2_60k::base::main::22611,0
ministral_8b_instruct::trivia_qa_2_60k::base::main::18405,0
ministral_8b_instruct::trivia_qa_2_60k::base::main::12018,0
ministral_8b_instruct::trivia_qa_2_60k::base::main::50342,0
ministral_8b_instruct::trivia_qa_2_60k::base::main::54645,0
ministral_8b_instruct::trivia_qa_2_60k::base::main::53317,0
ministral_8b_instruct::trivia_qa_2_60k::base::main::29897,0
ministral_8b_instruct::trivia_qa_2_60k::base::main::26151,0
ministral_8b_instruct::trivia_qa_2_60k::base::main::35450,0
ministral_8b_instruct::trivia_qa_2_60k::base::main::56365,0
ministral_8b_instruct::trivia_qa_2_60k::base::main::50472,0
ministral_8b_instruct::trivia_qa_2_60k::base::main::6059,0
ministral_8b_instruct::trivia_qa_2_60k::base::main::47703,0
ministral_8b_instruct::trivia_qa_2_60k::base::main::18933,0
ministral_8b_instruct::trivia_qa_2_60k::base::main::2258,0
ministral_8b_instruct::trivia_qa_2_60k::base::main::22475,0
ministral_8b_instruct::trivia_qa_2_60k::base::main::43295,0
ministral_8b_instruct::trivia_qa_2_60k::base::main::34668,0
ministral_8b_instruct::trivia_qa_2_60k::base::main::11310,0
ministral_8b_instruct::trivia_qa_2_60k::base::main::34833,0
ministral_8b_instruct::trivia_qa_2_60k::base::main::43416,0
ministral_8b_instruct::trivia_qa_2_60k::base::main::12027,0
ministral_8b_instruct::trivia_qa_2_60k::base::main::52708,0
ministral_8b_instruct::trivia_qa_2_60k::base::main::30269,0
ministral_8b_instruct::trivia_qa_2_60k::base::main::33741,0
ministral_8b_instruct::trivia_qa_2_60k::base::main::6173,0
ministral_8b_instruct::trivia_qa_2_60k::base::main::24331,0
ministral_8b_instruct::trivia_qa_2_60k::base::main::33402,0
ministral_8b_instruct::trivia_qa_2_60k::base::main::33582,0
ministral_8b_instruct::trivia_qa_2_60k::base::main::28845,0
ministral_8b_instruct::trivia_qa_2_60k::base::main::37007,0
ministral_8b_instruct::trivia_qa_2_60k::base::main::16774,0
ministral_8b_instruct::trivia_qa_2_60k::base::main::44944,0
ministral_8b_instruct::trivia_qa_2_60k::base::main::11440,0
ministral_8b_instruct::trivia_qa_2_60k::base::main::38444,0
ministral_8b_instruct::trivia_qa_2_60k::base::main::16282,0
ministral_8b_instruct::trivia_qa_2_60k::base::main::37685,0
ministral_8b_instruct::trivia_qa_2_60k::base::main::32754,0
ministral_8b_instruct::trivia_qa_2_60k::base::main::23279,0
ministral_8b_instruct::trivia_qa_2_60k::base::main::33778,0
ministral_8b_instruct::trivia_qa_2_60k::base::main::21790,0
ministral_8b_instruct::trivia_qa_2_60k::base::main::18054,0
ministral_8b_instruct::trivia_qa_2_60k::base::main::45414,0
ministral_8b_instruct::trivia_qa_2_60k::base::main::28544,0
ministral_8b_instruct::trivia_qa_2_60k::base::main::6617,0
ministral_8b_instruct::trivia_qa_2_60k::base::main::23169,0
ministral_8b_instruct::trivia_qa_2_60k::base::main::987,0
ministral_8b_instruct::trivia_qa_2_60k::base::main::56281,0
ministral_8b_instruct::trivia_qa_2_60k::base::main::54038,0
ministral_8b_instruct::trivia_qa_2_60k::base::main::2815,0
ministral_8b_instruct::trivia_qa_2_60k::base::main::41030,0
ministral_8b_instruct::trivia_qa_2_60k::base::main::5930,0
ministral_8b_instruct::trivia_qa_2_60k::base::main::33614,0
ministral_8b_instruct::trivia_qa_2_60k::base::main::4880,0
ministral_8b_instruct::trivia_qa_2_60k::base::main::53647,0
ministral_8b_instruct::trivia_qa_2_60k::base::main::328,0
ministral_8b_instruct::trivia_qa_2_60k::base::main::34197,0
ministral_8b_instruct::trivia_qa_2_60k::base::main::23186,0
ministral_8b_instruct::trivia_qa_2_60k::base::main::48429,0
ministral_8b_instruct::trivia_qa_2_60k::base::main::45280,0
ministral_8b_instruct::trivia_qa_2_60k::base::main::239,0
ministral_8b_instruct::trivia_qa_2_60k::base::main::4789,0
ministral_8b_instruct::trivia_qa_2_60k::base::main::28196,0
ministral_8b_instruct::trivia_qa_2_60k::base::main::17661,0
ministral_8b_instruct::trivia_qa_2_60k::base::main::18870,0
ministral_8b_instruct::trivia_qa_2_60k::base::main::6428,0
ministral_8b_instruct::trivia_qa_2_60k::base::main::56279,0
ministral_8b_instruct::trivia_qa_2_60k::base::main::28267,0
ministral_8b_instruct::trivia_qa_2_60k::base::main::44585,0
ministral_8b_instruct::trivia_qa_2_60k::base::main::16870,0
ministral_8b_instruct::trivia_qa_2_60k::base::main::19132,0
ministral_8b_instruct::trivia_qa_2_60k::base::main::57981,0
ministral_8b_instruct::trivia_qa_2_60k::base::main::20104,0
ministral_8b_instruct::trivia_qa_2_60k::base::main::11579,0
ministral_8b_instruct::trivia_qa_2_60k::base::main::36650,0
ministral_8b_instruct::trivia_qa_2_60k::base::main::52612,0
ministral_8b_instruct::trivia_qa_2_60k::base::main::16256,0
ministral_8b_instruct::trivia_qa_2_60k::base::main::51866,0
ministral_8b_instruct::trivia_qa_2_60k::base::main::26421,0
ministral_8b_instruct::trivia_qa_2_60k::base::main::22384,0
ministral_8b_instruct::trivia_qa_2_60k::base::main::55047,0
ministral_8b_instruct::trivia_qa_2_60k::base::main::2805,0
ministral_8b_instruct::trivia_qa_2_60k::base::main::23961,0
ministral_8b_instruct::trivia_qa_2_60k::base::main::1133,0
ministral_8b_instruct::trivia_qa_2_60k::base::main::25834,0
ministral_8b_instruct::trivia_qa_2_60k::base::main::36704,0
ministral_8b_instruct::trivia_qa_2_60k::base::main::57282,0
ministral_8b_instruct::trivia_qa_2_60k::base::main::16387,0
ministral_8b_instruct::trivia_qa_2_60k::base::main::45725,0
ministral_8b_instruct::trivia_qa_2_60k::base::main::36888,0
ministral_8b_instruct::trivia_qa_2_60k::base::main::16526,0
ministral_8b_instruct::trivia_qa_2_60k::base::main::9213,0
ministral_8b_instruct::trivia_qa_2_60k::base::main::50243,0
ministral_8b_instruct::trivia_qa_2_60k::base::main::46098,0
ministral_8b_instruct::trivia_qa_2_60k::base::main::11832,0
ministral_8b_instruct::trivia_qa_2_60k::base::main::12798,0
ministral_8b_instruct::trivia_qa_2_60k::base::main::20800,0
ministral_8b_instruct::trivia_qa_2_60k::base::main::30046,0
ministral_8b_instruct::trivia_qa_2_60k::base::main::4155,0
ministral_8b_instruct::trivia_qa_2_60k::base::main::40500,0
ministral_8b_instruct::trivia_qa_2_60k::base::main::23153,0
ministral_8b_instruct::trivia_qa_2_60k::base::main::14066,0
ministral_8b_instruct::trivia_qa_2_60k::base::main::29508,0
ministral_8b_instruct::trivia_qa_2_60k::base::main::38188,0
ministral_8b_instruct::trivia_qa_2_60k::base::main::25520,0
ministral_8b_instruct::trivia_qa_2_60k::base::main::20017,0
ministral_8b_instruct::trivia_qa_2_60k::base::main::45352,0
ministral_8b_instruct::trivia_qa_2_60k::base::main::24009,0
ministral_8b_instruct::trivia_qa_2_60k::base::main::38308,0
ministral_8b_instruct::trivia_qa_2_60k::base::main::17299,0
ministral_8b_instruct::trivia_qa_2_60k::base::main::21936,0
ministral_8b_instruct::trivia_qa_2_60k::base::main::4430,0
ministral_8b_instruct::trivia_qa_2_60k::base::main::680,0
ministral_8b_instruct::trivia_qa_2_60k::base::main::31939,0
ministral_8b_instruct::trivia_qa_2_60k::base::main::1480,0
ministral_8b_instruct::trivia_qa_2_60k::base::main::8071,0
ministral_8b_instruct::trivia_qa_2_60k::base::main::23525,0
ministral_8b_instruct::trivia_qa_2_60k::base::main::40018,0
ministral_8b_instruct::trivia_qa_2_60k::base::main::25737,0
ministral_8b_instruct::trivia_qa_2_60k::base::main::13413,0
ministral_8b_instruct::trivia_qa_2_60k::base::main::35050,0
ministral_8b_instruct::trivia_qa_2_60k::base::main::18441,0
ministral_8b_instruct::trivia_qa_2_60k::base::main::11329,0
ministral_8b_instruct::trivia_qa_2_60k::base::main::55283,0
ministral_8b_instruct::trivia_qa_2_60k::base::main::15915,0
ministral_8b_instruct::trivia_qa_2_60k::base::main::23173,0
ministral_8b_instruct::trivia_qa_2_60k::base::main::27920,0
ministral_8b_instruct::trivia_qa_2_60k::base::main::50019,0
ministral_8b_instruct::trivia_qa_2_60k::base::main::48848,0
ministral_8b_instruct::trivia_qa_2_60k::base::main::44590,0
ministral_8b_instruct::trivia_qa_2_60k::base::main::5196,0
ministral_8b_instruct::trivia_qa_2_60k::base::main::23079,0
ministral_8b_instruct::trivia_qa_2_60k::base::main::49626,0
ministral_8b_instruct::trivia_qa_2_60k::base::main::10818,0
ministral_8b_instruct::trivia_qa_2_60k::base::main::55119,0
ministral_8b_instruct::trivia_qa_2_60k::base::main::45271,0
ministral_8b_instruct::trivia_qa_2_60k::base::main::12918,0
ministral_8b_instruct::trivia_qa_2_60k::base::main::51987,0
ministral_8b_instruct::trivia_qa_2_60k::base::main::13547,0
ministral_8b_instruct::trivia_qa_2_60k::base::main::12589,0
ministral_8b_instruct::trivia_qa_2_60k::base::main::43197,0
ministral_8b_instruct::trivia_qa_2_60k::base::main::4651,0
ministral_8b_instruct::trivia_qa_2_60k::base::main::25278,0
ministral_8b_instruct::trivia_qa_2_60k::base::main::44714,0
ministral_8b_instruct::trivia_qa_2_60k::base::main::43768,0
ministral_8b_instruct::trivia_qa_2_60k::base::main::30647,0
ministral_8b_instruct::trivia_qa_2_60k::base::main::18399,0
ministral_8b_instruct::trivia_qa_2_60k::base::main::21161,0
ministral_8b_instruct::trivia_qa_2_60k::base::main::12819,0
ministral_8b_instruct::trivia_qa_2_60k::base::main::43651,0
ministral_8b_instruct::trivia_qa_2_60k::base::main::35386,0
ministral_8b_instruct::trivia_qa_2_60k::base::main::24209,0
ministral_8b_instruct::trivia_qa_2_60k::base::main::45136,0
ministral_8b_instruct::trivia_qa_2_60k::base::main::58061,0
ministral_8b_instruct::trivia_qa_2_60k::base::main::48506,0
ministral_8b_instruct::trivia_qa_2_60k::base::main::19365,0
ministral_8b_instruct::trivia_qa_2_60k::base::main::8260,0
ministral_8b_instruct::trivia_qa_2_60k::base::main::13438,0
ministral_8b_instruct::trivia_qa_2_60k::base::main::36873,0
ministral_8b_instruct::trivia_qa_2_60k::base::main::33802,0
ministral_8b_instruct::trivia_qa_2_60k::base::main::13633,0
ministral_8b_instruct::trivia_qa_2_60k::base::main::15301,0
ministral_8b_instruct::trivia_qa_2_60k::base::main::17359,0
ministral_8b_instruct::trivia_qa_2_60k::base::main::11849,0
ministral_8b_instruct::trivia_qa_2_60k::base::main::28959,0
ministral_8b_instruct::trivia_qa_2_60k::base::main::43784,0
ministral_8b_instruct::trivia_qa_2_60k::base::main::29695,0
ministral_8b_instruct::trivia_qa_2_60k::base::main::7177,0
ministral_8b_instruct::trivia_qa_2_60k::base::main::43725,0
ministral_8b_instruct::trivia_qa_2_60k::base::main::15819,0
ministral_8b_instruct::trivia_qa_2_60k::base::main::58216,0
ministral_8b_instruct::trivia_qa_2_60k::base::main::637,0
ministral_8b_instruct::trivia_qa_2_60k::base::main::53791,0
ministral_8b_instruct::trivia_qa_2_60k::base::main::23661,0
ministral_8b_instruct::trivia_qa_2_60k::base::main::3020,0
ministral_8b_instruct::trivia_qa_2_60k::base::main::55834,0
ministral_8b_instruct::trivia_qa_2_60k::base::main::53706,0
ministral_8b_instruct::trivia_qa_2_60k::base::main::45084,0
ministral_8b_instruct::trivia_qa_2_60k::base::main::2632,0
ministral_8b_instruct::trivia_qa_2_60k::base::main::53421,0
ministral_8b_instruct::trivia_qa_2_60k::base::main::40506,0
ministral_8b_instruct::trivia_qa_2_60k::base::main::50748,0
ministral_8b_instruct::trivia_qa_2_60k::base::main::42030,0
ministral_8b_instruct::trivia_qa_2_60k::base::main::44932,0
