sample_id,label
ministral_8b_instruct::trivia_qa_2_60k::base::main::38352,1
ministral_8b_instruct::trivia_qa_2_60k::base::main::48478,1
ministral_8b_instruct::trivia_qa_2_60k::base::main::24657,1
ministral_8b_instruct::trivia_qa_2_60k::base::main::6319,1
ministral_8b_instruct::trivia_qa_2_60k::base::main::49227,1
ministral_8b_instruct::trivia_qa_2_60k::base::main::36317,1
ministral_8b_instruct::trivia_qa_2_60k::base::main::48993,1
ministral_8b_instruct::trivia_qa_2_60k::base::main::8034,1
ministral_8b_instruct::trivia_qa_2_60k::base::main::19691,1
ministral_8b_instruct::trivia_qa_2_60k::base::main::9509,1
ministral_8b_instruct::trivia_qa_2_60k::base::main::29628,1
ministral_8b_instruct::trivia_qa_2_60k::base::main::39571,1
ministral_8b_instruct::trivia_qa_2_60k::base::main::42219,1
ministral_8b_instruct::trivia_qa_2_60k::base::main::30690,1
ministral_8b_instruct::trivia_qa_2_60k::base::main::54181,1
ministral_8b_instruct::trivia_qa_2_60k::base::main::4365,1
ministral_8b_instruct::trivia_qa_2_60k::base::main::18596,1
ministral_8b_instruct::trivia_qa_2_60k::base::main::35400,1
ministral_8b_instruct::trivia_qa_2_60k::base::main::16085,1
ministral_8b_instruct::trivia_qa_2_60k::base::main::30053,1
ministral_8b_instruct::trivia_qa_2_60k::base::main::12360,1
ministral_8b_instruct::trivia_qa_2_60k::base::main::15326,1
ministral_8b_instruct::trivia_qa_2_60k::base::main::30321,1
ministral_8b_instruct::trivia_qa_2_60k::base::main::10200,1
ministral_8b_instruct::trivia_qa_2_60k::base::main::26102,1
ministral_8b_instruct::trivia_qa_2_60k::base::main::33236,1
ministral_8b_instruct::trivia_qa_2_60k::base::main::41686,1
ministral_8b_instruct::trivia_qa_2_60k::base::main::14328,1
ministral_8b_instruct::trivia_qa_2_60k::base::main::12186,1
ministral_8b_instruct::trivia_qa_2_60k::base::main::3166,1
ministral_8b_instruct::trivia_qa_2_60k::base::main::5803,1
ministral_8b_instruct::trivia_qa_2_60k::base::main::56995,1
ministral_8b_instruct::trivia_qa_2_60k::base::main::43777,1
ministral_8b_instruct::trivia_qa_2_60k::base::main::27177,1
ministral_8b_instruct::trivia_qa_2_60k::base::main::52594,1
ministral_8b_instruct::trivia_qa_2_60k::base::main::11392,1
ministral_8b_instruct::trivia_qa_2_60k::base::main::43459,1
ministral_8b_instruct::trivia_qa_2_60k::base::main::54307,1
ministral_8b_instruct::trivia_qa_2_60k::base::main::33916,1
ministral_8b_instruct::trivia_qa_2_60k::base::main::46437,1
ministral_8b_instruct::trivia_qa_2_60k::base::main::35696,1
ministral_8b_instruct::trivia_qa_2_60k::base::main::10372,1
ministral_8b_instruct::trivia_qa_2_60k::base::main::6766,1
ministral_8b_instruct::trivia_qa_2_60k::base::main::1277,1
ministral_8b_instruct::trivia_qa_2_60k::base::main::43900,1
ministral_8b_instruct::trivia_qa_2_60k::base::main::4642,1
ministral_8b_instruct::trivia_qa_2_60k::base::main::37924,1
ministral_8b_instruct::trivia_qa_2_60k::base::main::32780,1
ministral_8b_instruct::trivia_qa_2_60k::base::main::36405,1
ministral_8b_instruct::trivia_qa_2_60k::base::main::38594,1
ministral_8b_instruct::trivia_qa_2_60k::base::main::44081,1
ministral_8b_instruct::trivia_qa_2_60k::base::main::38979,1
ministral_8b_instruct::trivia_qa_2_60k::base::main::52673,1
ministral_8b_instruct::trivia_qa_2_60k::base::main::7744,1
ministral_8b_instruct::trivia_qa_2_60k::base::main::26148,1
ministral_8b_instruct::trivia_qa_2_60k::base::main::40337,1
ministral_8b_instruct::trivia_qa_2_60k::base::main::31951,1
ministral_8b_instruct::trivia_qa_2_60k::base::main::8770,1
ministral_8b_instruct::trivia_qa_2_60k::base::main::37982,1
ministral_8b_instruct::trivia_qa_2_60k::base::main::20519,1
ministral_8b_instruct::trivia_qa_2_60k::base::main::31320,1
ministral_8b_instruct::trivia_qa_2_60k::base::main::4057,1
ministral_8b_instruct::trivia_qa_2_60k::base::main::47396,1
ministral_8b_instruct::trivia_qa_2_60k::base::main::48844,1
ministral_8b_instruct::trivia_qa_2_60k::base::main::7694,1
ministral_8b_instruct::trivia_qa_2_60k::base::main::43770,1
ministral_8b_instruct::trivia_qa_2_60k::base::main::20555,1
ministral_8b_instruct::trivia_qa_2_60k::base::main::48371,1
ministral_8b_instruct::trivia_qa_2_60k::base::main::17635,1
ministral_8b_instruct::trivia_qa_2_60k::base::main::31462,1
ministral_8b_instruct::trivia_qa_2_60k::base::main::27876,1
ministral_8b_instruct::trivia_qa_2_60k::base::main::9741,1
ministral_8b_instruct::trivia_qa_2_60k::base::main::27775,1
ministral_8b_instruct::trivia_qa_2_60k::base::main::14954,1
ministral_8b_instruct::trivia_qa_2_60k::base::main::26256,1
ministral_8b_instruct::trivia_qa_2_60k::base::main::46959,1
ministral_8b_instruct::trivia_qa_2_60k::base::main::4369,1
ministral_8b_instruct::trivia_qa_2_60k::base::main::33251,1
ministral_8b_instruct::trivia_qa_2_60k::base::main::38750,1
ministral_8b_instruct::trivia_qa_2_60k::base::main::16541,1
ministral_8b_instruct::trivia_qa_2_60k::base::main::28496,1
ministral_8b_instruct::trivia_qa_2_60k::base::main::1904,1
ministral_8b_instruct::trivia_qa_2_60k::base::main::36880,1
ministral_8b_instruct::trivia_qa_2_60k::base::main::17640,1
ministral_8b_instruct::trivia_qa_2_60k::base::main::41114,1
ministral_8b_instruct::trivia_qa_2_60k::base::main::16191,1
ministral_8b_instruct::trivia_qa_2_60k::base::main::9744,1
ministral_8b_instruct::trivia_qa_2_60k::base::main::11045,1
ministral_8b_instruct::trivia_qa_2_60k::base::main::6094,1
ministral_8b_instruct::trivia_qa_2_60k::base::main::19575,1
ministral_8b_instruct::trivia_qa_2_60k::base::main::38464,1
ministral_8b_instruct::trivia_qa_2_60k::base::main::52858,1
ministral_8b_instruct::trivia_qa_2_60k::base::main::29686,1
ministral_8b_instruct::trivia_qa_2_60k::base::main::47110,1
ministral_8b_instruct::trivia_qa_2_60k::base::main::11413,1
ministral_8b_instruct::trivia_qa_2_60k::base::main::2099,1
ministral_8b_instruct::trivia_qa_2_60k::base::main::30431,1
ministral_8b_instruct::trivia_qa_2_60k::base::main::34343,1
ministral_8b_instruct::trivia_qa_2_60k::base::main::16780,1
ministral_8b_instruct::trivia_qa_2_60k::base::main::48217,1
ministral_8b_instruct::trivia_qa_2_60k::base::main::48357,1
ministral_8b_instruct::trivia_qa_2_60k::base::main::19343,1
ministral_8b_instruct::trivia_qa_2_60k::base::main::55288,1
ministral_8b_instruct::trivia_qa_2_60k::base::main::32177,1
ministral_8b_instruct::trivia_qa_2_60k::base::main::6715,1
ministral_8b_instruct::trivia_qa_2_60k::base::main::47885,1
ministral_8b_instruct::trivia_qa_2_60k::base::main::44614,1
ministral_8b_instruct::trivia_qa_2_60k::base::main::30426,1
ministral_8b_instruct::trivia_qa_2_60k::base::main::44131,1
ministral_8b_instruct::trivia_qa_2_60k::base::main::28422,1
ministral_8b_instruct::trivia_qa_2_60k::base::main::50475,1
ministral_8b_instruct::trivia_qa_2_60k::base::main::4051,1
ministral_8b_instruct::trivia_qa_2_60k::base::main::9383,1
ministral_8b_instruct::trivia_qa_2_60k::base::main::19336,1
ministral_8b_instruct::trivia_qa_2_60k::base::main::57046,1
ministral_8b_instruct::trivia_qa_2_60k::base::main::35344,1
ministral_8b_instruct::trivia_qa_2_60k::base::main::54969,1
ministral_8b_instruct::trivia_qa_2_60k::base::main::31875,1
ministral_8b_instruct::trivia_qa_2_60k::base::main::33006,1
ministral_8b_instruct::trivia_qa_2_60k::base::main::14008,1
ministral_8b_instruct::trivia_qa_2_60k::base::main::4739,1
ministral_8b_instruct::trivia_qa_2_60k::base::main::52431,1
ministral_8b_instruct::trivia_qa_2_60k::base::main::27290,1
ministral_8b_instruct::trivia_qa_2_60k::base::main::4146,1
ministral_8b_instruct::trivia_qa_2_60k::base::main::20955,1
ministral_8b_instruct::trivia_qa_2_60k::base::main::54215,1
ministral_8b_instruct::trivia_qa_2_60k::base::main::27092,1
ministral_8b_instruct::trivia_qa_2_60k::base::main::33816,1
ministral_8b_instruct::trivia_qa_2_60k::base::main::7183,1
ministral_8b_instruct::trivia_qa_2_60k::base::main::23568,1
ministral_8b_instruct::trivia_qa_2_60k::base::main::26823,1
ministral_8b_instruct::trivia_qa_2_60k::base::main::45248,1
ministral_8b_instruct::trivia_qa_2_60k::base::main::11122,1
ministral_8b_instruct::trivia_qa_2_60k::base::main::39679,1
ministral_8b_instruct::trivia_qa_2_60k::base::main::25946,1
ministral_8b_instruct::trivia_qa_2_60k::base::main::26623,1
ministral_8b_instruct::trivia_qa_2_60k::base::main::36105,1
ministral_8b_instruct::trivia_qa_2_60k::base::main::56700,1
ministral_8b_instruct::trivia_qa_2_60k::base::main::12270,1
ministral_8b_instruct::trivia_qa_2_60k::base::main::46922,1
ministral_8b_instruct::trivia_qa_2_60k::base::main::56215,1
ministral_8b_instruct::trivia_qa_2_60k::base::main::28379,1
ministral_8b_instruct::trivia_qa_2_60k::base::main::42192,1
ministral_8b_instruct::trivia_qa_2_60k::base::main::47363,1
ministral_8b_instruct::trivia_qa_2_60k::base::main::51760,1
ministral_8b_instruct::trivia_qa_2_60k::base::main::29901,1
ministral_8b_instruct::trivia_qa_2_60k::base::main::51144,1
ministral_8b_instruct::trivia_qa_2_60k::base::main::8840,1
ministral_8b_instruct::trivia_qa_2_60k::base::main::3805,1
ministral_8b_instruct::trivia_qa_2_60k::base::main::49154,1
ministral_8b_instruct::trivia_qa_2_60k::base::main::58121,1
ministral_8b_instruct::trivia_qa_2_60k::base::main::33111,1
ministral_8b_instruct::trivia_qa_2_60k::base::main::54803,1
ministral_8b_instruct::trivia_qa_2_60k::base::main::37732,1
ministral_8b_instruct::trivia_qa_2_60k::base::main::23131,1
ministral_8b_instruct::trivia_qa_2_60k::base::main::16518,1
ministral_8b_instruct::trivia_qa_2_60k::base::main::34896,1
ministral_8b_instruct::trivia_qa_2_60k::base::main::43937,1
ministral_8b_instruct::trivia_qa_2_60k::base::main::42998,1
ministral_8b_instruct::trivia_qa_2_60k::base::main::9434,1
ministral_8b_instruct::trivia_qa_2_60k::base::main::5388,1
ministral_8b_instruct::trivia_qa_2_60k::base::main::27591,1
ministral_8b_instruct::trivia_qa_2_60k::base::main::57220,1
ministral_8b_instruct::trivia_qa_2_60k::base::main::6833,1
ministral_8b_instruct::trivia_qa_2_60k::base::main::51830,1
ministral_8b_instruct::trivia_qa_2_60k::base::main::703,1
ministral_8b_instruct::trivia_qa_2_60k::base::main::9660,1
ministral_8b_instruct::trivia_qa_2_60k::base::main::8329,1
ministral_8b_instruct::trivia_qa_2_60k::base::main::3560,1
ministral_8b_instruct::trivia_qa_2_60k::base::main::55914,1
ministral_8b_instruct::trivia_qa_2_60k::base::main::20836,1
ministral_8b_instruct::trivia_qa_2_60k::base::main::12653,1
ministral_8b_instruct::trivia_qa_2_60k::base::main::17202,1
ministral_8b_instruct::trivia_qa_2_60k::base::main::2440,1
ministral_8b_instruct::trivia_qa_2_60k::base::main::46176,1
ministral_8b_instruct::trivia_qa_2_60k::base::main::51656,1
ministral_8b_instruct::trivia_qa_2_60k::base::main::7814,1
ministral_8b_instruct::trivia_qa_2_60k::base::main::53250,1
ministral_8b_instruct::trivia_qa_2_60k::base::main::51158,1
ministral_8b_instruct::trivia_qa_2_60k::base::main::30255,1
ministral_8b_instruct::trivia_qa_2_60k::base::main::14345,1
ministral_8b_instruct::trivia_qa_2_60k::base::main::25180,1
ministral_8b_instruct::trivia_qa_2_60k::base::main::39318,1
ministral_8b_instruct::trivia_qa_2_60k::base::main::41313,1
ministral_8b_instruct::trivia_qa_2_60k::base::main::4627,1
ministral_8b_instruct::trivia_qa_2_60k::base::main::3444,1
ministral_8b_instruct::trivia_qa_2_60k::base::main::19895,1
ministral_8b_instruct::trivia_qa_2_60k::base::main::32876,1
ministral_8b_instruct::trivia_qa_2_60k::base::main::12974,1
ministral_8b_instruct::trivia_qa_2_60k::base::main::11770,1
ministral_8b_instruct::trivia_qa_2_60k::base::main::36602,1
ministral_8b_instruct::trivia_qa_2_60k::base::main::45713,1
ministral_8b_instruct::trivia_qa_2_60k::base::main::55055,1
ministral_8b_instruct::trivia_qa_2_60k::base::main::36549,1
ministral_8b_instruct::trivia_qa_2_60k::base::main::20564,1
ministral_8b_instruct::trivia_qa_2_60k::base::main::51708,1
ministral_8b_instruct::trivia_qa_2_60k::base::main::14223,1
ministral_8b_instruct::trivia_qa_2_60k::base::main::26216,1
ministral_8b_instruct::trivia_qa_2_60k::base::main::10990,1
ministral_8b_instruct::trivia_qa_2_60k::base::main::29548,1
ministral_8b_instruct::trivia_qa_2_60k::base::main::33406,1
ministral_8b_instruct::trivia_qa_2_60k::base::main::41523,1
ministral_8b_instruct::trivia_qa_2_60k::base::main::58071,1
ministral_8b_instruct::trivia_qa_2_60k::base::main::37374,1
ministral_8b_instruct::trivia_qa_2_60k::base::main::38172,1
ministral_8b_instruct::trivia_qa_2_60k::base::main::56092,1
ministral_8b_instruct::trivia_qa_2_60k::base::main::56415,1
ministral_8b_instruct::trivia_qa_2_60k::base::main::8400,1
ministral_8b_instruct::trivia_qa_2_60k::base::main::31478,1
ministral_8b_instruct::trivia_qa_2_60k::base::main::13069,1
ministral_8b_instruct::trivia_qa_2_60k::base::main::57496,1
ministral_8b_instruct::trivia_qa_2_60k::base::main::28890,1
ministral_8b_instruct::trivia_qa_2_60k::base::main::37559,1
ministral_8b_instruct::trivia_qa_2_60k::base::main::4100,1
ministral_8b_instruct::trivia_qa_2_60k::base::main::8246,1
ministral_8b_instruct::trivia_qa_2_60k::base::main::45161,1
ministral_8b_instruct::trivia_qa_2_60k::base::main::3957,1
ministral_8b_instruct::trivia_qa_2_60k::base::main::44711,1
ministral_8b_instruct::trivia_qa_2_60k::base::main::37665,1
ministral_8b_instruct::trivia_qa_2_60k::base::main::29914,1
ministral_8b_instruct::trivia_qa_2_60k::base::main::17264,1
ministral_8b_instruct::trivia_qa_2_60k::base::main::20960,1
ministral_8b_instruct::trivia_qa_2_60k::base::main::41715,1
ministral_8b_instruct::trivia_qa_2_60k::base::main::9037,1
ministral_8b_instruct::trivia_qa_2_60k::base::main::7308,1
ministral_8b_instruct::trivia_qa_2_60k::base::main::32674,1
ministral_8b_instruct::trivia_qa_2_60k::base::main::26398,1
ministral_8b_instruct::trivia_qa_2_60k::base::main::2636,1
ministral_8b_instruct::trivia_qa_2_60k::base::main::51999,1
ministral_8b_instruct::trivia_qa_2_60k::base::main::34661,1
ministral_8b_instruct::trivia_qa_2_60k::base::main::29298,1
ministral_8b_instruct::trivia_qa_2_60k::base::main::30318,1
ministral_8b_instruct::trivia_qa_2_60k::base::main::9535,1
ministral_8b_instruct::trivia_qa_2_60k::base::main::50335,1
ministral_8b_instruct::trivia_qa_2_60k::base::main::21097,1
ministral_8b_instruct::trivia_qa_2_60k::base::main::26494,1
ministral_8b_instruct::trivia_qa_2_60k::base::main::21826,1
ministral_8b_instruct::trivia_qa_2_60k::base::main::10841,1
ministral_8b_instruct::trivia_qa_2_60k::base::main::3455,1
ministral_8b_instruct::trivia_qa_2_60k::base::main::16575,1
ministral_8b_instruct::trivia_qa_2_60k::base::main::14087,1
ministral_8b_instruct::trivia_qa_2_60k::base::main::55310,1
ministral_8b_instruct::trivia_qa_2_60k::base::main::2574,1
ministral_8b_instruct::trivia_qa_2_60k::base::main::6829,1
ministral_8b_instruct::trivia_qa_2_60k::base::main::46128,1
ministral_8b_instruct::trivia_qa_2_60k::base::main::8816,1
ministral_8b_instruct::trivia_qa_2_60k::base::main::45003,1
ministral_8b_instruct::trivia_qa_2_60k::base::main::17500,1
ministral_8b_instruct::trivia_qa_2_60k::base::main::47717,1
ministral_8b_instruct::trivia_qa_2_60k::base::main::20045,1
ministral_8b_instruct::trivia_qa_2_60k::base::main::52254,1
ministral_8b_instruct::trivia_qa_2_60k::base::main::7243,1
ministral_8b_instruct::trivia_qa_2_60k::base::main::56074,1
ministral_8b_instruct::trivia_qa_2_60k::base::main::15419,1
ministral_8b_instruct::trivia_qa_2_60k::base::main::50326,1
ministral_8b_instruct::trivia_qa_2_60k::base::main::24089,1
ministral_8b_instruct::trivia_qa_2_60k::base::main::31526,1
ministral_8b_instruct::trivia_qa_2_60k::base::main::18051,1
ministral_8b_instruct::trivia_qa_2_60k::base::main::40919,1
ministral_8b_instruct::trivia_qa_2_60k::base::main::41471,1
ministral_8b_instruct::trivia_qa_2_60k::base::main::16605,1
ministral_8b_instruct::trivia_qa_2_60k::base::main::1825,1
ministral_8b_instruct::trivia_qa_2_60k::base::main::22397,1
ministral_8b_instruct::trivia_qa_2_60k::base::main::51108,1
ministral_8b_instruct::trivia_qa_2_60k::base::main::22728,1
ministral_8b_instruct::trivia_qa_2_60k::base::main::30387,1
ministral_8b_instruct::trivia_qa_2_60k::base::main::19599,1
ministral_8b_instruct::trivia_qa_2_60k::base::main::12084,1
ministral_8b_instruct::trivia_qa_2_60k::base::main::41970,1
ministral_8b_instruct::trivia_qa_2_60k::base::main::47080,1
ministral_8b_instruct::trivia_qa_2_60k::base::main::34627,1
ministral_8b_instruct::trivia_qa_2_60k::base::main::44575,1
ministral_8b_instruct::trivia_qa_2_60k::base::main::40081,1
ministral_8b_instruct::trivia_qa_2_60k::base::main::51883,1
ministral_8b_instruct::trivia_qa_2_60k::base::main::44504,1
ministral_8b_instruct::trivia_qa_2_60k::base::main::40666,1
ministral_8b_instruct::trivia_qa_2_60k::base::main::43524,1
ministral_8b_instruct::trivia_qa_2_60k::base::main::39257,1
ministral_8b_instruct::trivia_qa_2_60k::base::main::37660,1
ministral_8b_instruct::trivia_qa_2_60k::base::main::6912,1
ministral_8b_instruct::trivia_qa_2_60k::base::main::3217,1
ministral_8b_instruct::trivia_qa_2_60k::base::main::31197,1
ministral_8b_instruct::trivia_qa_2_60k::base::main::48696,1
ministral_8b_instruct::trivia_qa_2_60k::base::main::38198,1
ministral_8b_instruct::trivia_qa_2_60k::base::main::43523,1
ministral_8b_instruct::trivia_qa_2_60k::base::main::30495,1
ministral_8b_instruct::trivia_qa_2_60k::base::main::24948,1
ministral_8b_instruct::trivia_qa_2_60k::base::main::57404,1
ministral_8b_instruct::trivia_qa_2_60k::base::main::25315,1
ministral_8b_instruct::trivia_qa_2_60k::base::main::21383,1
ministral_8b_instruct::trivia_qa_2_60k::base::main::50863,1
ministral_8b_instruct::trivia_qa_2_60k::base::main::57191,1
ministral_8b_instruct::trivia_qa_2_60k::base::main::29365,1
ministral_8b_instruct::trivia_qa_2_60k::base::main::36544,1
ministral_8b_instruct::trivia_qa_2_60k::base::main::56744,1
ministral_8b_instruct::trivia_qa_2_60k::base::main::3252,1
ministral_8b_instruct::trivia_qa_2_60k::base::main::38967,1
ministral_8b_instruct::trivia_qa_2_60k::base::main::17091,1
ministral_8b_instruct::trivia_qa_2_60k::base::main::49569,1
ministral_8b_instruct::trivia_qa_2_60k::base::main::39728,1
ministral_8b_instruct::trivia_qa_2_60k::base::main::236,1
ministral_8b_instruct::trivia_qa_2_60k::base::main::36057,1
ministral_8b_instruct::trivia_qa_2_60k::base::main::38486,1
ministral_8b_instruct::trivia_qa_2_60k::base::main::57864,1
ministral_8b_instruct::trivia_qa_2_60k::base::main::25316,1
ministral_8b_instruct::trivia_qa_2_60k::base::main::19713,1
ministral_8b_instruct::trivia_qa_2_60k::base::main::24839,1
ministral_8b_instruct::trivia_qa_2_60k::base::main::5225,1
ministral_8b_instruct::trivia_qa_2_60k::base::main::10765,1
ministral_8b_instruct::trivia_qa_2_60k::base::main::21979,1
ministral_8b_instruct::trivia_qa_2_60k::base::main::29289,1
ministral_8b_instruct::trivia_qa_2_60k::base::main::37435,1
ministral_8b_instruct::trivia_qa_2_60k::base::main::45415,1
ministral_8b_instruct::trivia_qa_2_60k::base::main::8447,1
ministral_8b_instruct::trivia_qa_2_60k::base::main::10695,1
ministral_8b_instruct::trivia_qa_2_60k::base::main::25237,1
ministral_8b_instruct::trivia_qa_2_60k::base::main::51902,1
ministral_8b_instruct::trivia_qa_2_60k::base::main::29319,1
ministral_8b_instruct::trivia_qa_2_60k::base::main::31720,1
ministral_8b_instruct::trivia_qa_2_60k::base::main::55023,1
ministral_8b_instruct::trivia_qa_2_60k::base::main::11062,1
ministral_8b_instruct::trivia_qa_2_60k::base::main::25076,1
ministral_8b_instruct::trivia_qa_2_60k::base::main::50424,1
ministral_8b_instruct::trivia_qa_2_60k::base::main::15442,1
ministral_8b_instruct::trivia_qa_2_60k::base::main::15526,1
ministral_8b_instruct::trivia_qa_2_60k::base::main::29025,1
ministral_8b_instruct::trivia_qa_2_60k::base::main::3168,1
ministral_8b_instruct::trivia_qa_2_60k::base::main::37302,1
ministral_8b_instruct::trivia_qa_2_60k::base::main::33333,1
ministral_8b_instruct::trivia_qa_2_60k::base::main::28784,1
ministral_8b_instruct::trivia_qa_2_60k::base::main::52726,1
ministral_8b_instruct::trivia_qa_2_60k::base::main::40915,1
ministral_8b_instruct::trivia_qa_2_60k::base::main::30424,1
ministral_8b_instruct::trivia_qa_2_60k::base::main::38013,1
ministral_8b_instruct::trivia_qa_2_60k::base::main::14331,1
ministral_8b_instruct::trivia_qa_2_60k::base::main::21124,1
ministral_8b_instruct::trivia_qa_2_60k::base::main::48609,1
ministral_8b_instruct::trivia_qa_2_60k::base::main::33564,1
ministral_8b_instruct::trivia_qa_2_60k::base::main::3505,1
ministral_8b_instruct::trivia_qa_2_60k::base::main::3478,1
ministral_8b_instruct::trivia_qa_2_60k::base::main::51309,1
ministral_8b_instruct::trivia_qa_2_60k::base::main::35557,1
ministral_8b_instruct::trivia_qa_2_60k::base::main::38999,1
ministral_8b_instruct::trivia_qa_2_60k::base::main::53652,1
ministral_8b_instruct::trivia_qa_2_60k::base::main::40329,1
ministral_8b_instruct::trivia_qa_2_60k::base::main::41455,1
ministral_8b_instruct::trivia_qa_2_60k::base::main::20116,1
ministral_8b_instruct::trivia_qa_2_60k::base::main::38257,1
ministral_8b_instruct::trivia_qa_2_60k::base::main::38471,1
ministral_8b_instruct::trivia_qa_2_60k::base::main::1002,1
ministral_8b_instruct::trivia_qa_2_60k::base::main::18136,1
ministral_8b_instruct::trivia_qa_2_60k::base::main::21233,1
ministral_8b_instruct::trivia_qa_2_60k::base::main::46672,1
ministral_8b_instruct::trivia_qa_2_60k::base::main::40697,1
ministral_8b_instruct::trivia_qa_2_60k::base::main::11569,1
ministral_8b_instruct::trivia_qa_2_60k::base::main::11044,1
ministral_8b_instruct::trivia_qa_2_60k::base::main::34370,1
ministral_8b_instruct::trivia_qa_2_60k::base::main::12972,1
ministral_8b_instruct::trivia_qa_2_60k::base::main::23171,1
ministral_8b_instruct::trivia_qa_2_60k::base::main::34857,1
ministral_8b_instruct::trivia_qa_2_60k::base::main::48089,1
ministral_8b_instruct::trivia_qa_2_60k::base::main::3549,1
ministral_8b_instruct::trivia_qa_2_60k::base::main::55905,1
ministral_8b_instruct::trivia_qa_2_60k::base::main::40954,1
ministral_8b_instruct::trivia_qa_2_60k::base::main::5077,1
ministral_8b_instruct::trivia_qa_2_60k::base::main::35516,1
ministral_8b_instruct::trivia_qa_2_60k::base::main::41272,1
ministral_8b_instruct::trivia_qa_2_60k::base::main::26156,1
ministral_8b_instruct::trivia_qa_2_60k::base::main::7743,1
ministral_8b_instruct::trivia_qa_2_60k::base::main::52713,1
ministral_8b_instruct::trivia_qa_2_60k::base::main::45303,1
ministral_8b_instruct::trivia_qa_2_60k::base::main::37003,1
ministral_8b_instruct::trivia_qa_2_60k::base::main::5595,1
ministral_8b_instruct::trivia_qa_2_60k::base::main::47312,1
ministral_8b_instruct::trivia_qa_2_60k::base::main::22768,1
ministral_8b_instruct::trivia_qa_2_60k::base::main::21324,1
ministral_8b_instruct::trivia_qa_2_60k::base::main::53245,1
ministral_8b_instruct::trivia_qa_2_60k::base::main::9345,1
ministral_8b_instruct::trivia_qa_2_60k::base::main::25985,1
ministral_8b_instruct::trivia_qa_2_60k::base::main::18647,1
ministral_8b_instruct::trivia_qa_2_60k::base::main::53633,1
ministral_8b_instruct::trivia_qa_2_60k::base::main::31836,1
ministral_8b_instruct::trivia_qa_2_60k::base::main::55981,1
ministral_8b_instruct::trivia_qa_2_60k::base::main::16641,1
ministral_8b_instruct::trivia_qa_2_60k::base::main::35870,1
ministral_8b_instruct::trivia_qa_2_60k::base::main::41961,1
ministral_8b_instruct::trivia_qa_2_60k::base::main::29887,1
ministral_8b_instruct::trivia_qa_2_60k::base::main::14952,1
ministral_8b_instruct::trivia_qa_2_60k::base::main::40044,1
ministral_8b_instruct::trivia_qa_2_60k::base::main::49402,1
ministral_8b_instruct::trivia_qa_2_60k::base::main::920,1
ministral_8b_instruct::trivia_qa_2_60k::base::main::36800,1
ministral_8b_instruct::trivia_qa_2_60k::base::main::44127,1
ministral_8b_instruct::trivia_qa_2_60k::base::main::54925,1
ministral_8b_instruct::trivia_qa_2_60k::base::main::19400,1
ministral_8b_instruct::trivia_qa_2_60k::base::main::49761,1
ministral_8b_instruct::trivia_qa_2_60k::base::main::23368,1
ministral_8b_instruct::trivia_qa_2_60k::base::main::3803,1
ministral_8b_instruct::trivia_qa_2_60k::base::main::15979,1
ministral_8b_instruct::trivia_qa_2_60k::base::main::11502,1
ministral_8b_instruct::trivia_qa_2_60k::base::main::26836,1
ministral_8b_instruct::trivia_qa_2_60k::base::main::42897,1
ministral_8b_instruct::trivia_qa_2_60k::base::main::10502,1
ministral_8b_instruct::trivia_qa_2_60k::base::main::20221,1
ministral_8b_instruct::trivia_qa_2_60k::base::main::11409,1
ministral_8b_instruct::trivia_qa_2_60k::base::main::38509,1
ministral_8b_instruct::trivia_qa_2_60k::base::main::23325,1
ministral_8b_instruct::trivia_qa_2_60k::base::main::53328,1
ministral_8b_instruct::trivia_qa_2_60k::base::main::36609,1
ministral_8b_instruct::trivia_qa_2_60k::base::main::26708,1
ministral_8b_instruct::trivia_qa_2_60k::base::main::56976,1
ministral_8b_instruct::trivia_qa_2_60k::base::main::22274,1
ministral_8b_instruct::trivia_qa_2_60k::base::main::12014,1
ministral_8b_instruct::trivia_qa_2_60k::base::main::49178,1
ministral_8b_instruct::trivia_qa_2_60k::base::main::33108,1
ministral_8b_instruct::trivia_qa_2_60k::base::main::24820,1
ministral_8b_instruct::trivia_qa_2_60k::base::main::11322,1
ministral_8b_instruct::trivia_qa_2_60k::base::main::15796,1
ministral_8b_instruct::trivia_qa_2_60k::base::main::53986,1
ministral_8b_instruct::trivia_qa_2_60k::base::main::26858,1
ministral_8b_instruct::trivia_qa_2_60k::base::main::49839,1
ministral_8b_instruct::trivia_qa_2_60k::base::main::17875,1
ministral_8b_instruct::trivia_qa_2_60k::base::main::45925,1
ministral_8b_instruct::trivia_qa_2_60k::base::main::5230,1
ministral_8b_instruct::trivia_qa_2_60k::base::main::19055,1
ministral_8b_instruct::trivia_qa_2_60k::base::main::55307,1
ministral_8b_instruct::trivia_qa_2_60k::base::main::44982,1
ministral_8b_instruct::trivia_qa_2_60k::base::main::49586,1
ministral_8b_instruct::trivia_qa_2_60k::base::main::37284,1
ministral_8b_instruct::trivia_qa_2_60k::base::main::8880,1
ministral_8b_instruct::trivia_qa_2_60k::base::main::47788,1
ministral_8b_instruct::trivia_qa_2_60k::base::main::53834,1
ministral_8b_instruct::trivia_qa_2_60k::base::main::15672,1
ministral_8b_instruct::trivia_qa_2_60k::base::main::55228,1
ministral_8b_instruct::trivia_qa_2_60k::base::main::50615,1
ministral_8b_instruct::trivia_qa_2_60k::base::main::2185,1
ministral_8b_instruct::trivia_qa_2_60k::base::main::19524,1
ministral_8b_instruct::trivia_qa_2_60k::base::main::53372,1
ministral_8b_instruct::trivia_qa_2_60k::base::main::12502,1
ministral_8b_instruct::trivia_qa_2_60k::base::main::13738,1
ministral_8b_instruct::trivia_qa_2_60k::base::main::27187,1
ministral_8b_instruct::trivia_qa_2_60k::base::main::31421,1
ministral_8b_instruct::trivia_qa_2_60k::base::main::49215,1
ministral_8b_instruct::trivia_qa_2_60k::base::main::13563,1
ministral_8b_instruct::trivia_qa_2_60k::base::main::49462,1
ministral_8b_instruct::trivia_qa_2_60k::base::main::55360,1
ministral_8b_instruct::trivia_qa_2_60k::base::main::55456,1
ministral_8b_instruct::trivia_qa_2_60k::base::main::30546,1
ministral_8b_instruct::trivia_qa_2_60k::base::main::52231,1
ministral_8b_instruct::trivia_qa_2_60k::base::main::8370,1
ministral_8b_instruct::trivia_qa_2_60k::base::main::8375,1
ministral_8b_instruct::trivia_qa_2_60k::base::main::24974,1
ministral_8b_instruct::trivia_qa_2_60k::base::main::12475,1
ministral_8b_instruct::trivia_qa_2_60k::base::main::30942,1
ministral_8b_instruct::trivia_qa_2_60k::base::main::13936,1
ministral_8b_instruct::trivia_qa_2_60k::base::main::19927,1
ministral_8b_instruct::trivia_qa_2_60k::base::main::56145,1
ministral_8b_instruct::trivia_qa_2_60k::base::main::39945,1
ministral_8b_instruct::trivia_qa_2_60k::base::main::18906,1
ministral_8b_instruct::trivia_qa_2_60k::base::main::7200,1
ministral_8b_instruct::trivia_qa_2_60k::base::main::37885,1
ministral_8b_instruct::trivia_qa_2_60k::base::main::23280,1
ministral_8b_instruct::trivia_qa_2_60k::base::main::49034,1
ministral_8b_instruct::trivia_qa_2_60k::base::main::52103,1
ministral_8b_instruct::trivia_qa_2_60k::base::main::18242,1
ministral_8b_instruct::trivia_qa_2_60k::base::main::35306,1
ministral_8b_instruct::trivia_qa_2_60k::base::main::41910,1
ministral_8b_instruct::trivia_qa_2_60k::base::main::1329,1
ministral_8b_instruct::trivia_qa_2_60k::base::main::35693,1
ministral_8b_instruct::trivia_qa_2_60k::base::main::5348,1
ministral_8b_instruct::trivia_qa_2_60k::base::main::47517,1
ministral_8b_instruct::trivia_qa_2_60k::base::main::15244,1
ministral_8b_instruct::trivia_qa_2_60k::base::main::11511,1
ministral_8b_instruct::trivia_qa_2_60k::base::main::17940,1
ministral_8b_instruct::trivia_qa_2_60k::base::main::10357,1
ministral_8b_instruct::trivia_qa_2_60k::base::main::28725,1
ministral_8b_instruct::trivia_qa_2_60k::base::main::55390,1
ministral_8b_instruct::trivia_qa_2_60k::base::main::26123,1
ministral_8b_instruct::trivia_qa_2_60k::base::main::41286,1
ministral_8b_instruct::trivia_qa_2_60k::base::main::44669,1
ministral_8b_instruct::trivia_qa_2_60k::base::main::6020,1
ministral_8b_instruct::trivia_qa_2_60k::base::main::36232,1
ministral_8b_instruct::trivia_qa_2_60k::base::main::41802,1
ministral_8b_instruct::trivia_qa_2_60k::base::main::31256,1
ministral_8b_instruct::trivia_qa_2_60k::base::main::45573,1
ministral_8b_instruct::trivia_qa_2_60k::base::main::14090,1
ministral_8b_instruct::trivia_qa_2_60k::base::main::17561,1
ministral_8b_instruct::trivia_qa_2_60k::base::main::5351,1
ministral_8b_instruct::trivia_qa_2_60k::base::main::2900,1
ministral_8b_instruct::trivia_qa_2_60k::base::main::56651,1
ministral_8b_instruct::trivia_qa_2_60k::base::main::16558,1
ministral_8b_instruct::trivia_qa_2_60k::base::main::37008,1
ministral_8b_instruct::trivia_qa_2_60k::base::main::24616,1
ministral_8b_instruct::trivia_qa_2_60k::base::main::470,1
ministral_8b_instruct::trivia_qa_2_60k::base::main::14244,1
ministral_8b_instruct::trivia_qa_2_60k::base::main::24036,1
ministral_8b_instruct::trivia_qa_2_60k::base::main::27665,1
ministral_8b_instruct::trivia_qa_2_60k::base::main::58136,1
ministral_8b_instruct::trivia_qa_2_60k::base::main::54483,1
ministral_8b_instruct::trivia_qa_2_60k::base::main::1688,1
ministral_8b_instruct::trivia_qa_2_60k::base::main::3930,1
ministral_8b_instruct::trivia_qa_2_60k::base::main::45013,1
ministral_8b_instruct::trivia_qa_2_60k::base::main::43817,1
ministral_8b_instruct::trivia_qa_2_60k::base::main::48492,1
ministral_8b_instruct::trivia_qa_2_60k::base::main::2170,1
ministral_8b_instruct::trivia_qa_2_60k::base::main::4731,1
ministral_8b_instruct::trivia_qa_2_60k::base::main::9416,1
ministral_8b_instruct::trivia_qa_2_60k::base::main::32301,1
ministral_8b_instruct::trivia_qa_2_60k::base::main::50560,1
ministral_8b_instruct::trivia_qa_2_60k::base::main::29433,1
ministral_8b_instruct::trivia_qa_2_60k::base::main::16385,1
ministral_8b_instruct::trivia_qa_2_60k::base::main::24068,1
ministral_8b_instruct::trivia_qa_2_60k::base::main::22885,1
ministral_8b_instruct::trivia_qa_2_60k::base::main::45128,1
ministral_8b_instruct::trivia_qa_2_60k::base::main::4906,1
ministral_8b_instruct::trivia_qa_2_60k::base::main::15017,1
ministral_8b_instruct::trivia_qa_2_60k::base::main::30177,1
ministral_8b_instruct::trivia_qa_2_60k::base::main::44482,1
ministral_8b_instruct::trivia_qa_2_60k::base::main::47804,1
ministral_8b_instruct::trivia_qa_2_60k::base::main::35670,1
ministral_8b_instruct::trivia_qa_2_60k::base::main::41276,1
ministral_8b_instruct::trivia_qa_2_60k::base::main::49737,1
ministral_8b_instruct::trivia_qa_2_60k::base::main::47063,1
ministral_8b_instruct::trivia_qa_2_60k::base::main::38971,1
ministral_8b_instruct::trivia_qa_2_60k::base::main::50847,1
ministral_8b_instruct::trivia_qa_2_60k::base::main::50671,1
ministral_8b_instruct::trivia_qa_2_60k::base::main::44603,1
ministral_8b_instruct::trivia_qa_2_60k::base::main::33363,1
ministral_8b_instruct::trivia_qa_2_60k::base::main::135,1
ministral_8b_instruct::trivia_qa_2_60k::base::main::21721,1
ministral_8b_instruct::trivia_qa_2_60k::base::main::44306,1
ministral_8b_instruct::trivia_qa_2_60k::base::main::19970,1
ministral_8b_instruct::trivia_qa_2_60k::base::main::10826,1
ministral_8b_instruct::trivia_qa_2_60k::base::main::28014,1
ministral_8b_instruct::trivia_qa_2_60k::base::main::29004,1
ministral_8b_instruct::trivia_qa_2_60k::base::main::35378,1
ministral_8b_instruct::trivia_qa_2_60k::base::main::2998,1
ministral_8b_instruct::trivia_qa_2_60k::base::main::15142,1
ministral_8b_instruct::trivia_qa_2_60k::base::main::6,1
ministral_8b_instruct::trivia_qa_2_60k::base::main::33329,1
ministral_8b_instruct::trivia_qa_2_60k::base::main::31704,1
ministral_8b_instruct::trivia_qa_2_60k::base::main::47085,1
ministral_8b_instruct::trivia_qa_2_60k::base::main::8532,1
ministral_8b_instruct::trivia_qa_2_60k::base::main::41610,1
ministral_8b_instruct::trivia_qa_2_60k::base::main::33918,1
ministral_8b_instruct::trivia_qa_2_60k::base::main::44380,1
ministral_8b_instruct::trivia_qa_2_60k::base::main::27246,1
ministral_8b_instruct::trivia_qa_2_60k::base::main::11493,1
ministral_8b_instruct::trivia_qa_2_60k::base::main::11679,1
ministral_8b_instruct::trivia_qa_2_60k::base::main::57832,1
ministral_8b_instruct::trivia_qa_2_60k::base::main::41890,1
ministral_8b_instruct::trivia_qa_2_60k::base::main::10559,1
ministral_8b_instruct::trivia_qa_2_60k::base::main::5072,1
ministral_8b_instruct::trivia_qa_2_60k::base::main::28506,1
ministral_8b_instruct::trivia_qa_2_60k::base::main::11552,1
ministral_8b_instruct::trivia_qa_2_60k::base::main::44461,1
ministral_8b_instruct::trivia_qa_2_60k::base::main::28986,1
ministral_8b_instruct::trivia_qa_2_60k::base::main::4923,1
ministral_8b_instruct::trivia_qa_2_60k::base::main::23601,1
ministral_8b_instruct::trivia_qa_2_60k::base::main::43442,1
ministral_8b_instruct::trivia_qa_2_60k::base::main::28112,1
ministral_8b_instruct::trivia_qa_2_60k::base::main::49854,1
ministral_8b_instruct::trivia_qa_2_60k::base::main::29759,1
ministral_8b_instruct::trivia_qa_2_60k::base::main::32109,1
ministral_8b_instruct::trivia_qa_2_60k::base::main::48142,1
ministral_8b_instruct::trivia_qa_2_60k::base::main::9133,1
ministral_8b_instruct::trivia_qa_2_60k::base::main::29867,1
ministral_8b_instruct::trivia_qa_2_60k::base::main::39308,1
ministral_8b_instruct::trivia_qa_2_60k::base::main::4398,1
ministral_8b_instruct::trivia_qa_2_60k::base::main::53220,1
ministral_8b_instruct::trivia_qa_2_60k::base::main::31867,1
ministral_8b_instruct::trivia_qa_2_60k::base::main::38281,1
ministral_8b_instruct::trivia_qa_2_60k::base::main::8215,1
ministral_8b_instruct::trivia_qa_2_60k::base::main::20961,1
ministral_8b_instruct::trivia_qa_2_60k::base::main::27882,1
ministral_8b_instruct::trivia_qa_2_60k::base::main::32198,1
ministral_8b_instruct::trivia_qa_2_60k::base::main::55297,1
ministral_8b_instruct::trivia_qa_2_60k::base::main::106,1
ministral_8b_instruct::trivia_qa_2_60k::base::main::57726,1
ministral_8b_instruct::trivia_qa_2_60k::base::main::33299,1
ministral_8b_instruct::trivia_qa_2_60k::base::main::51249,1
ministral_8b_instruct::trivia_qa_2_60k::base::main::32076,1
ministral_8b_instruct::trivia_qa_2_60k::base::main::9152,1
ministral_8b_instruct::trivia_qa_2_60k::base::main::48879,1
ministral_8b_instruct::trivia_qa_2_60k::base::main::39120,1
ministral_8b_instruct::trivia_qa_2_60k::base::main::51492,1
ministral_8b_instruct::trivia_qa_2_60k::base::main::13761,1
ministral_8b_instruct::trivia_qa_2_60k::base::main::41440,1
ministral_8b_instruct::trivia_qa_2_60k::base::main::40757,1
ministral_8b_instruct::trivia_qa_2_60k::base::main::15898,1
ministral_8b_instruct::trivia_qa_2_60k::base::main::38527,1
ministral_8b_instruct::trivia_qa_2_60k::base::main::26480,1
ministral_8b_instruct::trivia_qa_2_60k::base::main::32506,1
ministral_8b_instruct::trivia_qa_2_60k::base::main::20715,1
ministral_8b_instruct::trivia_qa_2_60k::base::main::29156,1
ministral_8b_instruct::trivia_qa_2_60k::base::main::21665,1
ministral_8b_instruct::trivia_qa_2_60k::base::main::50644,1
ministral_8b_instruct::trivia_qa_2_60k::base::main::22117,1
ministral_8b_instruct::trivia_qa_2_60k::base::main::45688,1
ministral_8b_instruct::trivia_qa_2_60k::base::main::11891,1
ministral_8b_instruct::trivia_qa_2_60k::base::main::42614,1
ministral_8b_instruct::trivia_qa_2_60k::base::main::10560,1
ministral_8b_instruct::trivia_qa_2_60k::base::main::54814,1
ministral_8b_instruct::trivia_qa_2_60k::base::main::51849,1
ministral_8b_instruct::trivia_qa_2_60k::base::main::19126,1
ministral_8b_instruct::trivia_qa_2_60k::base::main::4064,1
ministral_8b_instruct::trivia_qa_2_60k::base::main::57302,1
ministral_8b_instruct::trivia_qa_2_60k::base::main::47414,1
ministral_8b_instruct::trivia_qa_2_60k::base::main::24169,1
ministral_8b_instruct::trivia_qa_2_60k::base::main::12520,1
ministral_8b_instruct::trivia_qa_2_60k::base::main::34867,1
ministral_8b_instruct::trivia_qa_2_60k::base::main::7892,1
ministral_8b_instruct::trivia_qa_2_60k::base::main::3848,1
ministral_8b_instruct::trivia_qa_2_60k::base::main::26456,1
ministral_8b_instruct::trivia_qa_2_60k::base::main::33732,1
ministral_8b_instruct::trivia_qa_2_60k::base::main::8720,1
ministral_8b_instruct::trivia_qa_2_60k::base::main::22498,1
ministral_8b_instruct::trivia_qa_2_60k::base::main::49137,1
ministral_8b_instruct::trivia_qa_2_60k::base::main::15470,1
ministral_8b_instruct::trivia_qa_2_60k::base::main::39851,1
ministral_8b_instruct::trivia_qa_2_60k::base::main::30979,1
ministral_8b_instruct::trivia_qa_2_60k::base::main::30952,1
ministral_8b_instruct::trivia_qa_2_60k::base::main::15189,1
ministral_8b_instruct::trivia_qa_2_60k::base::main::8166,1
ministral_8b_instruct::trivia_qa_2_60k::base::main::24317,1
ministral_8b_instruct::trivia_qa_2_60k::base::main::37974,1
ministral_8b_instruct::trivia_qa_2_60k::base::main::20852,1
ministral_8b_instruct::trivia_qa_2_60k::base::main::45479,1
ministral_8b_instruct::trivia_qa_2_60k::base::main::8340,1
ministral_8b_instruct::trivia_qa_2_60k::base::main::22932,1
ministral_8b_instruct::trivia_qa_2_60k::base::main::24206,1
ministral_8b_instruct::trivia_qa_2_60k::base::main::8642,1
ministral_8b_instruct::trivia_qa_2_60k::base::main::21756,1
ministral_8b_instruct::trivia_qa_2_60k::base::main::52516,1
ministral_8b_instruct::trivia_qa_2_60k::base::main::3195,1
ministral_8b_instruct::trivia_qa_2_60k::base::main::108,1
ministral_8b_instruct::trivia_qa_2_60k::base::main::6232,1
ministral_8b_instruct::trivia_qa_2_60k::base::main::24889,1
ministral_8b_instruct::trivia_qa_2_60k::base::main::41549,1
ministral_8b_instruct::trivia_qa_2_60k::base::main::6289,1
ministral_8b_instruct::trivia_qa_2_60k::base::main::38094,1
ministral_8b_instruct::trivia_qa_2_60k::base::main::43743,1
ministral_8b_instruct::trivia_qa_2_60k::base::main::31715,1
ministral_8b_instruct::trivia_qa_2_60k::base::main::53656,1
ministral_8b_instruct::trivia_qa_2_60k::base::main::10856,1
ministral_8b_instruct::trivia_qa_2_60k::base::main::33076,1
ministral_8b_instruct::trivia_qa_2_60k::base::main::29284,1
ministral_8b_instruct::trivia_qa_2_60k::base::main::20520,1
ministral_8b_instruct::trivia_qa_2_60k::base::main::14329,1
ministral_8b_instruct::trivia_qa_2_60k::base::main::39351,1
ministral_8b_instruct::trivia_qa_2_60k::base::main::57456,1
ministral_8b_instruct::trivia_qa_2_60k::base::main::28316,1
ministral_8b_instruct::trivia_qa_2_60k::base::main::58126,1
ministral_8b_instruct::trivia_qa_2_60k::base::main::30493,1
ministral_8b_instruct::trivia_qa_2_60k::base::main::56755,1
ministral_8b_instruct::trivia_qa_2_60k::base::main::5626,1
ministral_8b_instruct::trivia_qa_2_60k::base::main::45751,1
ministral_8b_instruct::trivia_qa_2_60k::base::main::13748,1
ministral_8b_instruct::trivia_qa_2_60k::base::main::500,1
ministral_8b_instruct::trivia_qa_2_60k::base::main::28996,1
ministral_8b_instruct::trivia_qa_2_60k::base::main::36958,1
ministral_8b_instruct::trivia_qa_2_60k::base::main::40502,1
ministral_8b_instruct::trivia_qa_2_60k::base::main::2624,1
ministral_8b_instruct::trivia_qa_2_60k::base::main::35524,1
ministral_8b_instruct::trivia_qa_2_60k::base::main::45211,1
ministral_8b_instruct::trivia_qa_2_60k::base::main::33321,1
ministral_8b_instruct::trivia_qa_2_60k::base::main::10876,1
ministral_8b_instruct::trivia_qa_2_60k::base::main::23095,1
ministral_8b_instruct::trivia_qa_2_60k::base::main::17193,1
ministral_8b_instruct::trivia_qa_2_60k::base::main::43257,1
ministral_8b_instruct::trivia_qa_2_60k::base::main::34592,1
ministral_8b_instruct::trivia_qa_2_60k::base::main::55369,1
ministral_8b_instruct::trivia_qa_2_60k::base::main::5941,1
ministral_8b_instruct::trivia_qa_2_60k::base::main::45735,1
ministral_8b_instruct::trivia_qa_2_60k::base::main::38072,1
ministral_8b_instruct::trivia_qa_2_60k::base::main::49665,1
ministral_8b_instruct::trivia_qa_2_60k::base::main::34940,1
ministral_8b_instruct::trivia_qa_2_60k::base::main::20774,1
ministral_8b_instruct::trivia_qa_2_60k::base::main::49510,1
ministral_8b_instruct::trivia_qa_2_60k::base::main::15619,1
ministral_8b_instruct::trivia_qa_2_60k::base::main::22522,1
ministral_8b_instruct::trivia_qa_2_60k::base::main::57004,1
ministral_8b_instruct::trivia_qa_2_60k::base::main::1585,1
ministral_8b_instruct::trivia_qa_2_60k::base::main::52424,1
ministral_8b_instruct::trivia_qa_2_60k::base::main::5974,1
ministral_8b_instruct::trivia_qa_2_60k::base::main::42936,1
ministral_8b_instruct::trivia_qa_2_60k::base::main::45139,1
ministral_8b_instruct::trivia_qa_2_60k::base::main::50033,1
ministral_8b_instruct::trivia_qa_2_60k::base::main::6363,1
ministral_8b_instruct::trivia_qa_2_60k::base::main::57833,1
ministral_8b_instruct::trivia_qa_2_60k::base::main::39360,1
ministral_8b_instruct::trivia_qa_2_60k::base::main::18016,1
ministral_8b_instruct::trivia_qa_2_60k::base::main::52895,1
ministral_8b_instruct::trivia_qa_2_60k::base::main::49197,1
ministral_8b_instruct::trivia_qa_2_60k::base::main::41074,1
ministral_8b_instruct::trivia_qa_2_60k::base::main::30552,1
ministral_8b_instruct::trivia_qa_2_60k::base::main::25902,1
ministral_8b_instruct::trivia_qa_2_60k::base::main::23283,1
ministral_8b_instruct::trivia_qa_2_60k::base::main::21529,1
ministral_8b_instruct::trivia_qa_2_60k::base::main::27845,1
ministral_8b_instruct::trivia_qa_2_60k::base::main::1282,1
ministral_8b_instruct::trivia_qa_2_60k::base::main::5357,1
ministral_8b_instruct::trivia_qa_2_60k::base::main::22059,1
ministral_8b_instruct::trivia_qa_2_60k::base::main::7846,1
ministral_8b_instruct::trivia_qa_2_60k::base::main::43061,1
ministral_8b_instruct::trivia_qa_2_60k::base::main::10423,1
ministral_8b_instruct::trivia_qa_2_60k::base::main::24131,1
ministral_8b_instruct::trivia_qa_2_60k::base::main::14266,1
ministral_8b_instruct::trivia_qa_2_60k::base::main::50850,1
ministral_8b_instruct::trivia_qa_2_60k::base::main::35217,1
ministral_8b_instruct::trivia_qa_2_60k::base::main::8076,1
ministral_8b_instruct::trivia_qa_2_60k::base::main::21424,1
ministral_8b_instruct::trivia_qa_2_60k::base::main::38649,1
ministral_8b_instruct::trivia_qa_2_60k::base::main::52884,1
ministral_8b_instruct::trivia_qa_2_60k::base::main::52681,1
ministral_8b_instruct::trivia_qa_2_60k::base::main::25055,1
ministral_8b_instruct::trivia_qa_2_60k::base::main::9371,1
ministral_8b_instruct::trivia_qa_2_60k::base::main::44162,1
ministral_8b_instruct::trivia_qa_2_60k::base::main::44850,1
ministral_8b_instruct::trivia_qa_2_60k::base::main::17798,1
ministral_8b_instruct::trivia_qa_2_60k::base::main::38246,1
ministral_8b_instruct::trivia_qa_2_60k::base::main::8477,1
ministral_8b_instruct::trivia_qa_2_60k::base::main::49158,1
ministral_8b_instruct::trivia_qa_2_60k::base::main::11831,1
ministral_8b_instruct::trivia_qa_2_60k::base::main::46838,1
ministral_8b_instruct::trivia_qa_2_60k::base::main::1310,1
ministral_8b_instruct::trivia_qa_2_60k::base::main::11369,1
ministral_8b_instruct::trivia_qa_2_60k::base::main::20845,1
ministral_8b_instruct::trivia_qa_2_60k::base::main::49973,1
ministral_8b_instruct::trivia_qa_2_60k::base::main::53631,1
ministral_8b_instruct::trivia_qa_2_60k::base::main::23396,1
ministral_8b_instruct::trivia_qa_2_60k::base::main::21177,1
ministral_8b_instruct::trivia_qa_2_60k::base::main::50544,1
ministral_8b_instruct::trivia_qa_2_60k::base::main::1148,1
ministral_8b_instruct::trivia_qa_2_60k::base::main::20963,1
ministral_8b_instruct::trivia_qa_2_60k::base::main::51562,1
ministral_8b_instruct::trivia_qa_2_60k::base::main::50438,1
ministral_8b_instruct::trivia_qa_2_60k::base::main::20582,1
ministral_8b_instruct::trivia_qa_2_60k::base::main::9623,1
ministral_8b_instruct::trivia_qa_2_60k::base::main::27410,1
ministral_8b_instruct::trivia_qa_2_60k::base::main::53022,1
ministral_8b_instruct::trivia_qa_2_60k::base::main::47819,1
ministral_8b_instruct::trivia_qa_2_60k::base::main::18716,1
ministral_8b_instruct::trivia_qa_2_60k::base::main::54461,1
ministral_8b_instruct::trivia_qa_2_60k::base::main::54792,1
ministral_8b_instruct::trivia_qa_2_60k::base::main::33179,1
ministral_8b_instruct::trivia_qa_2_60k::base::main::42213,1
ministral_8b_instruct::trivia_qa_2_60k::base::main::11046,1
ministral_8b_instruct::trivia_qa_2_60k::base::main::14570,1
ministral_8b_instruct::trivia_qa_2_60k::base::main::23827,1
ministral_8b_instruct::trivia_qa_2_60k::base::main::47761,1
ministral_8b_instruct::trivia_qa_2_60k::base::main::46843,1
ministral_8b_instruct::trivia_qa_2_60k::base::main::12516,1
ministral_8b_instruct::trivia_qa_2_60k::base::main::13584,1
ministral_8b_instruct::trivia_qa_2_60k::base::main::45550,1
ministral_8b_instruct::trivia_qa_2_60k::base::main::40612,1
ministral_8b_instruct::trivia_qa_2_60k::base::main::49879,1
ministral_8b_instruct::trivia_qa_2_60k::base::main::18265,1
ministral_8b_instruct::trivia_qa_2_60k::base::main::40610,1
ministral_8b_instruct::trivia_qa_2_60k::base::main::36922,1
ministral_8b_instruct::trivia_qa_2_60k::base::main::45641,1
ministral_8b_instruct::trivia_qa_2_60k::base::main::31676,1
ministral_8b_instruct::trivia_qa_2_60k::base::main::954,1
ministral_8b_instruct::trivia_qa_2_60k::base::main::5659,1
ministral_8b_instruct::trivia_qa_2_60k::base::main::36488,1
ministral_8b_instruct::trivia_qa_2_60k::base::main::30446,1
ministral_8b_instruct::trivia_qa_2_60k::base::main::21504,1
ministral_8b_instruct::trivia_qa_2_60k::base::main::28307,1
ministral_8b_instruct::trivia_qa_2_60k::base::main::29273,1
ministral_8b_instruct::trivia_qa_2_60k::base::main::831,1
ministral_8b_instruct::trivia_qa_2_60k::base::main::54724,1
ministral_8b_instruct::trivia_qa_2_60k::base::main::55796,1
ministral_8b_instruct::trivia_qa_2_60k::base::main::24581,1
ministral_8b_instruct::trivia_qa_2_60k::base::main::1394,1
ministral_8b_instruct::trivia_qa_2_60k::base::main::50646,1
ministral_8b_instruct::trivia_qa_2_60k::base::main::2148,1
ministral_8b_instruct::trivia_qa_2_60k::base::main::718,1
ministral_8b_instruct::trivia_qa_2_60k::base::main::8684,1
ministral_8b_instruct::trivia_qa_2_60k::base::main::796,1
ministral_8b_instruct::trivia_qa_2_60k::base::main::42292,1
ministral_8b_instruct::trivia_qa_2_60k::base::main::49209,1
ministral_8b_instruct::trivia_qa_2_60k::base::main::40208,1
ministral_8b_instruct::trivia_qa_2_60k::base::main::11656,1
ministral_8b_instruct::trivia_qa_2_60k::base::main::26776,1
ministral_8b_instruct::trivia_qa_2_60k::base::main::52190,1
ministral_8b_instruct::trivia_qa_2_60k::base::main::20604,1
ministral_8b_instruct::trivia_qa_2_60k::base::main::57109,1
ministral_8b_instruct::trivia_qa_2_60k::base::main::51564,1
ministral_8b_instruct::trivia_qa_2_60k::base::main::14555,1
ministral_8b_instruct::trivia_qa_2_60k::base::main::33061,1
ministral_8b_instruct::trivia_qa_2_60k::base::main::9958,1
ministral_8b_instruct::trivia_qa_2_60k::base::main::31703,1
ministral_8b_instruct::trivia_qa_2_60k::base::main::48309,1
ministral_8b_instruct::trivia_qa_2_60k::base::main::54207,1
ministral_8b_instruct::trivia_qa_2_60k::base::main::43779,1
ministral_8b_instruct::trivia_qa_2_60k::base::main::13758,1
ministral_8b_instruct::trivia_qa_2_60k::base::main::55885,1
ministral_8b_instruct::trivia_qa_2_60k::base::main::42417,1
ministral_8b_instruct::trivia_qa_2_60k::base::main::57893,1
ministral_8b_instruct::trivia_qa_2_60k::base::main::42907,1
ministral_8b_instruct::trivia_qa_2_60k::base::main::15415,1
ministral_8b_instruct::trivia_qa_2_60k::base::main::17633,1
ministral_8b_instruct::trivia_qa_2_60k::base::main::31844,1
ministral_8b_instruct::trivia_qa_2_60k::base::main::42972,1
ministral_8b_instruct::trivia_qa_2_60k::base::main::47041,1
ministral_8b_instruct::trivia_qa_2_60k::base::main::44148,1
ministral_8b_instruct::trivia_qa_2_60k::base::main::51372,1
ministral_8b_instruct::trivia_qa_2_60k::base::main::16350,1
ministral_8b_instruct::trivia_qa_2_60k::base::main::32183,1
ministral_8b_instruct::trivia_qa_2_60k::base::main::11992,1
ministral_8b_instruct::trivia_qa_2_60k::base::main::9668,1
ministral_8b_instruct::trivia_qa_2_60k::base::main::55032,1
ministral_8b_instruct::trivia_qa_2_60k::base::main::25427,1
ministral_8b_instruct::trivia_qa_2_60k::base::main::14707,1
ministral_8b_instruct::trivia_qa_2_60k::base::main::47840,1
ministral_8b_instruct::trivia_qa_2_60k::base::main::24244,1
ministral_8b_instruct::trivia_qa_2_60k::base::main::29597,1
ministral_8b_instruct::trivia_qa_2_60k::base::main::56826,1
ministral_8b_instruct::trivia_qa_2_60k::base::main::20242,1
ministral_8b_instruct::trivia_qa_2_60k::base::main::22832,1
ministral_8b_instruct::trivia_qa_2_60k::base::main::22161,1
ministral_8b_instruct::trivia_qa_2_60k::base::main::4349,1
ministral_8b_instruct::trivia_qa_2_60k::base::main::46980,1
ministral_8b_instruct::trivia_qa_2_60k::base::main::30756,1
ministral_8b_instruct::trivia_qa_2_60k::base::main::34633,1
ministral_8b_instruct::trivia_qa_2_60k::base::main::37477,1
ministral_8b_instruct::trivia_qa_2_60k::base::main::11882,1
ministral_8b_instruct::trivia_qa_2_60k::base::main::231,1
ministral_8b_instruct::trivia_qa_2_60k::base::main::48624,1
ministral_8b_instruct::trivia_qa_2_60k::base::main::19046,1
ministral_8b_instruct::trivia_qa_2_60k::base::main::30936,1
ministral_8b_instruct::trivia_qa_2_60k::base::main::37177,1
ministral_8b_instruct::trivia_qa_2_60k::base::main::22069,1
ministral_8b_instruct::trivia_qa_2_60k::base::main::11263,1
ministral_8b_instruct::trivia_qa_2_60k::base::main::57510,1
ministral_8b_instruct::trivia_qa_2_60k::base::main::7715,1
ministral_8b_instruct::trivia_qa_2_60k::base::main::5773,1
ministral_8b_instruct::trivia_qa_2_60k::base::main::30630,1
ministral_8b_instruct::trivia_qa_2_60k::base::main::45679,1
ministral_8b_instruct::trivia_qa_2_60k::base::main::55970,1
ministral_8b_instruct::trivia_qa_2_60k::base::main::28981,1
ministral_8b_instruct::trivia_qa_2_60k::base::main::50602,1
ministral_8b_instruct::trivia_qa_2_60k::base::main::18164,1
ministral_8b_instruct::trivia_qa_2_60k::base::main::55622,1
ministral_8b_instruct::trivia_qa_2_60k::base::main::4217,1
ministral_8b_instruct::trivia_qa_2_60k::base::main::29962,1
ministral_8b_instruct::trivia_qa_2_60k::base::main::36078,1
ministral_8b_instruct::trivia_qa_2_60k::base::main::12394,1
ministral_8b_instruct::trivia_qa_2_60k::base::main::53780,1
ministral_8b_instruct::trivia_qa_2_60k::base::main::14153,1
ministral_8b_instruct::trivia_qa_2_60k::base::main::46297,1
ministral_8b_instruct::trivia_qa_2_60k::base::main::20148,1
ministral_8b_instruct::trivia_qa_2_60k::base::main::31349,1
ministral_8b_instruct::trivia_qa_2_60k::base::main::48630,1
ministral_8b_instruct::trivia_qa_2_60k::base::main::54552,1
ministral_8b_instruct::trivia_qa_2_60k::base::main::32806,1
ministral_8b_instruct::trivia_qa_2_60k::base::main::6661,1
ministral_8b_instruct::trivia_qa_2_60k::base::main::30733,1
ministral_8b_instruct::trivia_qa_2_60k::base::main::30486,1
ministral_8b_instruct::trivia_qa_2_60k::base::main::6452,1
ministral_8b_instruct::trivia_qa_2_60k::base::main::36342,1
ministral_8b_instruct::trivia_qa_2_60k::base::main::43312,1
ministral_8b_instruct::trivia_qa_2_60k::base::main::32205,1
ministral_8b_instruct::trivia_qa_2_60k::base::main::838,1
ministral_8b_instruct::trivia_qa_2_60k::base::main::5577,1
ministral_8b_instruct::trivia_qa_2_60k::base::main::27117,1
ministral_8b_instruct::trivia_qa_2_60k::base::main::7776,1
ministral_8b_instruct::trivia_qa_2_60k::base::main::46317,1
ministral_8b_instruct::trivia_qa_2_60k::base::main::24543,1
ministral_8b_instruct::trivia_qa_2_60k::base::main::38996,1
ministral_8b_instruct::trivia_qa_2_60k::base::main::4188,1
ministral_8b_instruct::trivia_qa_2_60k::base::main::415,1
ministral_8b_instruct::trivia_qa_2_60k::base::main::13577,1
ministral_8b_instruct::trivia_qa_2_60k::base::main::6484,1
ministral_8b_instruct::trivia_qa_2_60k::base::main::55996,1
ministral_8b_instruct::trivia_qa_2_60k::base::main::38461,1
ministral_8b_instruct::trivia_qa_2_60k::base::main::51690,1
ministral_8b_instruct::trivia_qa_2_60k::base::main::33263,1
ministral_8b_instruct::trivia_qa_2_60k::base::main::56617,1
ministral_8b_instruct::trivia_qa_2_60k::base::main::47140,1
ministral_8b_instruct::trivia_qa_2_60k::base::main::37724,1
ministral_8b_instruct::trivia_qa_2_60k::base::main::44444,1
ministral_8b_instruct::trivia_qa_2_60k::base::main::1496,1
ministral_8b_instruct::trivia_qa_2_60k::base::main::10211,1
ministral_8b_instruct::trivia_qa_2_60k::base::main::23642,1
ministral_8b_instruct::trivia_qa_2_60k::base::main::47030,1
ministral_8b_instruct::trivia_qa_2_60k::base::main::35650,1
ministral_8b_instruct::trivia_qa_2_60k::base::main::58088,1
ministral_8b_instruct::trivia_qa_2_60k::base::main::40761,1
ministral_8b_instruct::trivia_qa_2_60k::base::main::37154,1
ministral_8b_instruct::trivia_qa_2_60k::base::main::42779,1
ministral_8b_instruct::trivia_qa_2_60k::base::main::58367,1
ministral_8b_instruct::trivia_qa_2_60k::base::main::55113,1
ministral_8b_instruct::trivia_qa_2_60k::base::main::2973,1
ministral_8b_instruct::trivia_qa_2_60k::base::main::37065,1
ministral_8b_instruct::trivia_qa_2_60k::base::main::40759,1
ministral_8b_instruct::trivia_qa_2_60k::base::main::11376,1
ministral_8b_instruct::trivia_qa_2_60k::base::main::6305,1
ministral_8b_instruct::trivia_qa_2_60k::base::main::47468,1
ministral_8b_instruct::trivia_qa_2_60k::base::main::53824,1
ministral_8b_instruct::trivia_qa_2_60k::base::main::15838,1
ministral_8b_instruct::trivia_qa_2_60k::base::main::26851,1
ministral_8b_instruct::trivia_qa_2_60k::base::main::50911,1
ministral_8b_instruct::trivia_qa_2_60k::base::main::26129,1
ministral_8b_instruct::trivia_qa_2_60k::base::main::30700,1
ministral_8b_instruct::trivia_qa_2_60k::base::main::20826,1
ministral_8b_instruct::trivia_qa_2_60k::base::main::5592,1
ministral_8b_instruct::trivia_qa_2_60k::base::main::57814,1
ministral_8b_instruct::trivia_qa_2_60k::base::main::13391,1
ministral_8b_instruct::trivia_qa_2_60k::base::main::35190,1
ministral_8b_instruct::trivia_qa_2_60k::base::main::57562,1
ministral_8b_instruct::trivia_qa_2_60k::base::main::50183,1
ministral_8b_instruct::trivia_qa_2_60k::base::main::52812,1
ministral_8b_instruct::trivia_qa_2_60k::base::main::58116,1
ministral_8b_instruct::trivia_qa_2_60k::base::main::40437,1
ministral_8b_instruct::trivia_qa_2_60k::base::main::25332,1
ministral_8b_instruct::trivia_qa_2_60k::base::main::43126,1
ministral_8b_instruct::trivia_qa_2_60k::base::main::39838,1
ministral_8b_instruct::trivia_qa_2_60k::base::main::54413,1
ministral_8b_instruct::trivia_qa_2_60k::base::main::57845,1
ministral_8b_instruct::trivia_qa_2_60k::base::main::35269,1
ministral_8b_instruct::trivia_qa_2_60k::base::main::1785,1
ministral_8b_instruct::trivia_qa_2_60k::base::main::47823,1
ministral_8b_instruct::trivia_qa_2_60k::base::main::27012,1
ministral_8b_instruct::trivia_qa_2_60k::base::main::51337,1
ministral_8b_instruct::trivia_qa_2_60k::base::main::7730,1
ministral_8b_instruct::trivia_qa_2_60k::base::main::16199,1
ministral_8b_instruct::trivia_qa_2_60k::base::main::33009,1
ministral_8b_instruct::trivia_qa_2_60k::base::main::21159,1
ministral_8b_instruct::trivia_qa_2_60k::base::main::1589,1
ministral_8b_instruct::trivia_qa_2_60k::base::main::48235,1
ministral_8b_instruct::trivia_qa_2_60k::base::main::10660,1
ministral_8b_instruct::trivia_qa_2_60k::base::main::12525,1
ministral_8b_instruct::trivia_qa_2_60k::base::main::35672,1
ministral_8b_instruct::trivia_qa_2_60k::base::main::12415,1
ministral_8b_instruct::trivia_qa_2_60k::base::main::8931,1
ministral_8b_instruct::trivia_qa_2_60k::base::main::10019,1
ministral_8b_instruct::trivia_qa_2_60k::base::main::11396,1
ministral_8b_instruct::trivia_qa_2_60k::base::main::51003,1
ministral_8b_instruct::trivia_qa_2_60k::base::main::58463,1
ministral_8b_instruct::trivia_qa_2_60k::base::main::43666,1
ministral_8b_instruct::trivia_qa_2_60k::base::main::51341,1
ministral_8b_instruct::trivia_qa_2_60k::base::main::48346,1
ministral_8b_instruct::trivia_qa_2_60k::base::main::28179,1
ministral_8b_instruct::trivia_qa_2_60k::base::main::3694,1
ministral_8b_instruct::trivia_qa_2_60k::base::main::12838,1
ministral_8b_instruct::trivia_qa_2_60k::base::main::38631,1
ministral_8b_instruct::trivia_qa_2_60k::base::main::28816,1
ministral_8b_instruct::trivia_qa_2_60k::base::main::27369,1
ministral_8b_instruct::trivia_qa_2_60k::base::main::50013,1
ministral_8b_instruct::trivia_qa_2_60k::base::main::51680,1
ministral_8b_instruct::trivia_qa_2_60k::base::main::18937,1
ministral_8b_instruct::trivia_qa_2_60k::base::main::13726,1
ministral_8b_instruct::trivia_qa_2_60k::base::main::23145,1
ministral_8b_instruct::trivia_qa_2_60k::base::main::2627,1
ministral_8b_instruct::trivia_qa_2_60k::base::main::24596,1
ministral_8b_instruct::trivia_qa_2_60k::base::main::30222,1
ministral_8b_instruct::trivia_qa_2_60k::base::main::528,1
ministral_8b_instruct::trivia_qa_2_60k::base::main::38586,1
ministral_8b_instruct::trivia_qa_2_60k::base::main::10981,1
ministral_8b_instruct::trivia_qa_2_60k::base::main::13491,1
ministral_8b_instruct::trivia_qa_2_60k::base::main::23860,1
ministral_8b_instruct::trivia_qa_2_60k::base::main::49273,1
ministral_8b_instruct::trivia_qa_2_60k::base::main::44683,1
ministral_8b_instruct::trivia_qa_2_60k::base::main::32602,1
ministral_8b_instruct::trivia_qa_2_60k::base::main::12629,1
ministral_8b_instruct::trivia_qa_2_60k::base::main::23031,1
ministral_8b_instruct::trivia_qa_2_60k::base::main::25333,1
ministral_8b_instruct::trivia_qa_2_60k::base::main::42774,1
ministral_8b_instruct::trivia_qa_2_60k::base::main::30272,1
ministral_8b_instruct::trivia_qa_2_60k::base::main::25547,1
ministral_8b_instruct::trivia_qa_2_60k::base::main::39671,1
ministral_8b_instruct::trivia_qa_2_60k::base::main::10415,1
ministral_8b_instruct::trivia_qa_2_60k::base::main::46136,1
ministral_8b_instruct::trivia_qa_2_60k::base::main::26927,1
ministral_8b_instruct::trivia_qa_2_60k::base::main::53858,1
ministral_8b_instruct::trivia_qa_2_60k::base::main::2947,1
ministral_8b_instruct::trivia_qa_2_60k::base::main::27060,1
ministral_8b_instruct::trivia_qa_2_60k::base::main::35838,1
ministral_8b_instruct::trivia_qa_2_60k::base::main::52236,1
ministral_8b_instruct::trivia_qa_2_60k::base::main::2896,1
ministral_8b_instruct::trivia_qa_2_60k::base::main::11815,1
ministral_8b_instruct::trivia_qa_2_60k::base::main::33476,1
ministral_8b_instruct::trivia_qa_2_60k::base::main::29959,1
ministral_8b_instruct::trivia_qa_2_60k::base::main::11023,1
ministral_8b_instruct::trivia_qa_2_60k::base::main::24296,1
ministral_8b_instruct::trivia_qa_2_60k::base::main::42855,1
ministral_8b_instruct::trivia_qa_2_60k::base::main::38238,1
ministral_8b_instruct::trivia_qa_2_60k::base::main::44986,1
ministral_8b_instruct::trivia_qa_2_60k::base::main::12445,1
ministral_8b_instruct::trivia_qa_2_60k::base::main::23831,1
ministral_8b_instruct::trivia_qa_2_60k::base::main::42327,1
ministral_8b_instruct::trivia_qa_2_60k::base::main::49203,1
ministral_8b_instruct::trivia_qa_2_60k::base::main::24706,1
ministral_8b_instruct::trivia_qa_2_60k::base::main::17670,1
ministral_8b_instruct::trivia_qa_2_60k::base::main::50180,1
ministral_8b_instruct::trivia_qa_2_60k::base::main::30146,1
ministral_8b_instruct::trivia_qa_2_60k::base::main::49781,1
ministral_8b_instruct::trivia_qa_2_60k::base::main::51043,1
ministral_8b_instruct::trivia_qa_2_60k::base::main::55438,1
ministral_8b_instruct::trivia_qa_2_60k::base::main::39913,0
ministral_8b_instruct::trivia_qa_2_60k::base::main::20912,0
ministral_8b_instruct::trivia_qa_2_60k::base::main::27776,0
ministral_8b_instruct::trivia_qa_2_60k::base::main::15651,0
ministral_8b_instruct::trivia_qa_2_60k::base::main::44026,0
ministral_8b_instruct::trivia_qa_2_60k::base::main::10572,0
ministral_8b_instruct::trivia_qa_2_60k::base::main::15054,0
ministral_8b_instruct::trivia_qa_2_60k::base::main::20428,0
ministral_8b_instruct::trivia_qa_2_60k::base::main::54429,0
ministral_8b_instruct::trivia_qa_2_60k::base::main::54649,0
ministral_8b_instruct::trivia_qa_2_60k::base::main::24407,0
ministral_8b_instruct::trivia_qa_2_60k::base::main::19649,0
ministral_8b_instruct::trivia_qa_2_60k::base::main::42311,0
ministral_8b_instruct::trivia_qa_2_60k::base::main::42670,0
ministral_8b_instruct::trivia_qa_2_60k::base::main::23645,0
ministral_8b_instruct::trivia_qa_2_60k::base::main::39475,0
ministral_8b_instruct::trivia_qa_2_60k::base::main::4143,0
ministral_8b_instruct::trivia_qa_2_60k::base::main::15568,0
ministral_8b_instruct::trivia_qa_2_60k::base::main::55156,0
ministral_8b_instruct::trivia_qa_2_60k::base::main::55368,0
ministral_8b_instruct::trivia_qa_2_60k::base::main::53570,0
ministral_8b_instruct::trivia_qa_2_60k::base::main::32582,0
ministral_8b_instruct::trivia_qa_2_60k::base::main::583,0
ministral_8b_instruct::trivia_qa_2_60k::base::main::26287,0
ministral_8b_instruct::trivia_qa_2_60k::base::main::40107,0
ministral_8b_instruct::trivia_qa_2_60k::base::main::36959,0
ministral_8b_instruct::trivia_qa_2_60k::base::main::1452,0
ministral_8b_instruct::trivia_qa_2_60k::base::main::54574,0
ministral_8b_instruct::trivia_qa_2_60k::base::main::31087,0
ministral_8b_instruct::trivia_qa_2_60k::base::main::29459,0
ministral_8b_instruct::trivia_qa_2_60k::base::main::47313,0
ministral_8b_instruct::trivia_qa_2_60k::base::main::17424,0
ministral_8b_instruct::trivia_qa_2_60k::base::main::47936,0
ministral_8b_instruct::trivia_qa_2_60k::base::main::36107,0
ministral_8b_instruct::trivia_qa_2_60k::base::main::46923,0
ministral_8b_instruct::trivia_qa_2_60k::base::main::48067,0
ministral_8b_instruct::trivia_qa_2_60k::base::main::56441,0
ministral_8b_instruct::trivia_qa_2_60k::base::main::12264,0
ministral_8b_instruct::trivia_qa_2_60k::base::main::50563,0
ministral_8b_instruct::trivia_qa_2_60k::base::main::52532,0
ministral_8b_instruct::trivia_qa_2_60k::base::main::56043,0
ministral_8b_instruct::trivia_qa_2_60k::base::main::27916,0
ministral_8b_instruct::trivia_qa_2_60k::base::main::22655,0
ministral_8b_instruct::trivia_qa_2_60k::base::main::47373,0
ministral_8b_instruct::trivia_qa_2_60k::base::main::43773,0
ministral_8b_instruct::trivia_qa_2_60k::base::main::15810,0
ministral_8b_instruct::trivia_qa_2_60k::base::main::33223,0
ministral_8b_instruct::trivia_qa_2_60k::base::main::33713,0
ministral_8b_instruct::trivia_qa_2_60k::base::main::14216,0
ministral_8b_instruct::trivia_qa_2_60k::base::main::3152,0
ministral_8b_instruct::trivia_qa_2_60k::base::main::36905,0
ministral_8b_instruct::trivia_qa_2_60k::base::main::31347,0
ministral_8b_instruct::trivia_qa_2_60k::base::main::7989,0
ministral_8b_instruct::trivia_qa_2_60k::base::main::3436,0
ministral_8b_instruct::trivia_qa_2_60k::base::main::14135,0
ministral_8b_instruct::trivia_qa_2_60k::base::main::22039,0
ministral_8b_instruct::trivia_qa_2_60k::base::main::17151,0
ministral_8b_instruct::trivia_qa_2_60k::base::main::23466,0
ministral_8b_instruct::trivia_qa_2_60k::base::main::55803,0
ministral_8b_instruct::trivia_qa_2_60k::base::main::36489,0
ministral_8b_instruct::trivia_qa_2_60k::base::main::28627,0
ministral_8b_instruct::trivia_qa_2_60k::base::main::50822,0
ministral_8b_instruct::trivia_qa_2_60k::base::main::17558,0
ministral_8b_instruct::trivia_qa_2_60k::base::main::22435,0
ministral_8b_instruct::trivia_qa_2_60k::base::main::45473,0
ministral_8b_instruct::trivia_qa_2_60k::base::main::56266,0
ministral_8b_instruct::trivia_qa_2_60k::base::main::46098,0
ministral_8b_instruct::trivia_qa_2_60k::base::main::1199,0
ministral_8b_instruct::trivia_qa_2_60k::base::main::2740,0
ministral_8b_instruct::trivia_qa_2_60k::base::main::1925,0
ministral_8b_instruct::trivia_qa_2_60k::base::main::10360,0
ministral_8b_instruct::trivia_qa_2_60k::base::main::19132,0
ministral_8b_instruct::trivia_qa_2_60k::base::main::48331,0
ministral_8b_instruct::trivia_qa_2_60k::base::main::16653,0
ministral_8b_instruct::trivia_qa_2_60k::base::main::38227,0
ministral_8b_instruct::trivia_qa_2_60k::base::main::51650,0
ministral_8b_instruct::trivia_qa_2_60k::base::main::37236,0
ministral_8b_instruct::trivia_qa_2_60k::base::main::11787,0
ministral_8b_instruct::trivia_qa_2_60k::base::main::2417,0
ministral_8b_instruct::trivia_qa_2_60k::base::main::2516,0
ministral_8b_instruct::trivia_qa_2_60k::base::main::17895,0
ministral_8b_instruct::trivia_qa_2_60k::base::main::45612,0
ministral_8b_instruct::trivia_qa_2_60k::base::main::33122,0
ministral_8b_instruct::trivia_qa_2_60k::base::main::9129,0
ministral_8b_instruct::trivia_qa_2_60k::base::main::8098,0
ministral_8b_instruct::trivia_qa_2_60k::base::main::54846,0
ministral_8b_instruct::trivia_qa_2_60k::base::main::22313,0
ministral_8b_instruct::trivia_qa_2_60k::base::main::36259,0
ministral_8b_instruct::trivia_qa_2_60k::base::main::44142,0
ministral_8b_instruct::trivia_qa_2_60k::base::main::39621,0
ministral_8b_instruct::trivia_qa_2_60k::base::main::22123,0
ministral_8b_instruct::trivia_qa_2_60k::base::main::50505,0
ministral_8b_instruct::trivia_qa_2_60k::base::main::17153,0
ministral_8b_instruct::trivia_qa_2_60k::base::main::28421,0
ministral_8b_instruct::trivia_qa_2_60k::base::main::35632,0
ministral_8b_instruct::trivia_qa_2_60k::base::main::222,0
ministral_8b_instruct::trivia_qa_2_60k::base::main::33559,0
ministral_8b_instruct::trivia_qa_2_60k::base::main::38091,0
ministral_8b_instruct::trivia_qa_2_60k::base::main::5856,0
ministral_8b_instruct::trivia_qa_2_60k::base::main::43639,0
ministral_8b_instruct::trivia_qa_2_60k::base::main::49754,0
ministral_8b_instruct::trivia_qa_2_60k::base::main::12357,0
ministral_8b_instruct::trivia_qa_2_60k::base::main::50493,0
ministral_8b_instruct::trivia_qa_2_60k::base::main::22884,0
ministral_8b_instruct::trivia_qa_2_60k::base::main::16447,0
ministral_8b_instruct::trivia_qa_2_60k::base::main::51987,0
ministral_8b_instruct::trivia_qa_2_60k::base::main::5336,0
ministral_8b_instruct::trivia_qa_2_60k::base::main::39665,0
ministral_8b_instruct::trivia_qa_2_60k::base::main::24861,0
ministral_8b_instruct::trivia_qa_2_60k::base::main::22569,0
ministral_8b_instruct::trivia_qa_2_60k::base::main::44261,0
ministral_8b_instruct::trivia_qa_2_60k::base::main::46346,0
ministral_8b_instruct::trivia_qa_2_60k::base::main::25983,0
ministral_8b_instruct::trivia_qa_2_60k::base::main::29165,0
ministral_8b_instruct::trivia_qa_2_60k::base::main::49339,0
ministral_8b_instruct::trivia_qa_2_60k::base::main::51807,0
ministral_8b_instruct::trivia_qa_2_60k::base::main::30755,0
ministral_8b_instruct::trivia_qa_2_60k::base::main::45725,0
ministral_8b_instruct::trivia_qa_2_60k::base::main::10967,0
ministral_8b_instruct::trivia_qa_2_60k::base::main::29220,0
ministral_8b_instruct::trivia_qa_2_60k::base::main::13796,0
ministral_8b_instruct::trivia_qa_2_60k::base::main::38158,0
ministral_8b_instruct::trivia_qa_2_60k::base::main::57827,0
ministral_8b_instruct::trivia_qa_2_60k::base::main::41211,0
ministral_8b_instruct::trivia_qa_2_60k::base::main::8371,0
ministral_8b_instruct::trivia_qa_2_60k::base::main::6556,0
ministral_8b_instruct::trivia_qa_2_60k::base::main::4512,0
ministral_8b_instruct::trivia_qa_2_60k::base::main::2434,0
ministral_8b_instruct::trivia_qa_2_60k::base::main::12934,0
ministral_8b_instruct::trivia_qa_2_60k::base::main::39151,0
ministral_8b_instruct::trivia_qa_2_60k::base::main::45968,0
ministral_8b_instruct::trivia_qa_2_60k::base::main::47782,0
ministral_8b_instruct::trivia_qa_2_60k::base::main::19548,0
ministral_8b_instruct::trivia_qa_2_60k::base::main::21958,0
ministral_8b_instruct::trivia_qa_2_60k::base::main::45254,0
ministral_8b_instruct::trivia_qa_2_60k::base::main::11185,0
ministral_8b_instruct::trivia_qa_2_60k::base::main::14906,0
ministral_8b_instruct::trivia_qa_2_60k::base::main::56486,0
ministral_8b_instruct::trivia_qa_2_60k::base::main::25135,0
ministral_8b_instruct::trivia_qa_2_60k::base::main::15452,0
ministral_8b_instruct::trivia_qa_2_60k::base::main::14444,0
ministral_8b_instruct::trivia_qa_2_60k::base::main::13659,0
ministral_8b_instruct::trivia_qa_2_60k::base::main::19213,0
ministral_8b_instruct::trivia_qa_2_60k::base::main::2157,0
ministral_8b_instruct::trivia_qa_2_60k::base::main::29853,0
ministral_8b_instruct::trivia_qa_2_60k::base::main::55731,0
ministral_8b_instruct::trivia_qa_2_60k::base::main::32583,0
ministral_8b_instruct::trivia_qa_2_60k::base::main::55891,0
ministral_8b_instruct::trivia_qa_2_60k::base::main::35949,0
ministral_8b_instruct::trivia_qa_2_60k::base::main::5196,0
ministral_8b_instruct::trivia_qa_2_60k::base::main::54993,0
ministral_8b_instruct::trivia_qa_2_60k::base::main::18585,0
ministral_8b_instruct::trivia_qa_2_60k::base::main::49378,0
ministral_8b_instruct::trivia_qa_2_60k::base::main::16217,0
ministral_8b_instruct::trivia_qa_2_60k::base::main::47834,0
ministral_8b_instruct::trivia_qa_2_60k::base::main::20386,0
ministral_8b_instruct::trivia_qa_2_60k::base::main::51926,0
ministral_8b_instruct::trivia_qa_2_60k::base::main::23198,0
ministral_8b_instruct::trivia_qa_2_60k::base::main::45098,0
ministral_8b_instruct::trivia_qa_2_60k::base::main::25572,0
ministral_8b_instruct::trivia_qa_2_60k::base::main::38758,0
ministral_8b_instruct::trivia_qa_2_60k::base::main::41387,0
ministral_8b_instruct::trivia_qa_2_60k::base::main::45026,0
ministral_8b_instruct::trivia_qa_2_60k::base::main::42264,0
ministral_8b_instruct::trivia_qa_2_60k::base::main::17817,0
ministral_8b_instruct::trivia_qa_2_60k::base::main::20451,0
ministral_8b_instruct::trivia_qa_2_60k::base::main::49445,0
ministral_8b_instruct::trivia_qa_2_60k::base::main::25966,0
ministral_8b_instruct::trivia_qa_2_60k::base::main::18421,0
ministral_8b_instruct::trivia_qa_2_60k::base::main::52181,0
ministral_8b_instruct::trivia_qa_2_60k::base::main::54676,0
ministral_8b_instruct::trivia_qa_2_60k::base::main::54511,0
ministral_8b_instruct::trivia_qa_2_60k::base::main::51501,0
ministral_8b_instruct::trivia_qa_2_60k::base::main::13450,0
ministral_8b_instruct::trivia_qa_2_60k::base::main::16727,0
ministral_8b_instruct::trivia_qa_2_60k::base::main::12652,0
ministral_8b_instruct::trivia_qa_2_60k::base::main::18294,0
ministral_8b_instruct::trivia_qa_2_60k::base::main::12735,0
ministral_8b_instruct::trivia_qa_2_60k::base::main::54970,0
ministral_8b_instruct::trivia_qa_2_60k::base::main::44120,0
ministral_8b_instruct::trivia_qa_2_60k::base::main::32586,0
ministral_8b_instruct::trivia_qa_2_60k::base::main::19361,0
ministral_8b_instruct::trivia_qa_2_60k::base::main::23320,0
ministral_8b_instruct::trivia_qa_2_60k::base::main::40583,0
ministral_8b_instruct::trivia_qa_2_60k::base::main::52329,0
ministral_8b_instruct::trivia_qa_2_60k::base::main::2934,0
ministral_8b_instruct::trivia_qa_2_60k::base::main::52715,0
ministral_8b_instruct::trivia_qa_2_60k::base::main::14117,0
ministral_8b_instruct::trivia_qa_2_60k::base::main::40311,0
ministral_8b_instruct::trivia_qa_2_60k::base::main::34447,0
ministral_8b_instruct::trivia_qa_2_60k::base::main::15714,0
ministral_8b_instruct::trivia_qa_2_60k::base::main::40012,0
ministral_8b_instruct::trivia_qa_2_60k::base::main::47783,0
ministral_8b_instruct::trivia_qa_2_60k::base::main::35468,0
ministral_8b_instruct::trivia_qa_2_60k::base::main::4012,0
ministral_8b_instruct::trivia_qa_2_60k::base::main::13578,0
ministral_8b_instruct::trivia_qa_2_60k::base::main::34080,0
ministral_8b_instruct::trivia_qa_2_60k::base::main::42429,0
ministral_8b_instruct::trivia_qa_2_60k::base::main::23180,0
ministral_8b_instruct::trivia_qa_2_60k::base::main::3961,0
ministral_8b_instruct::trivia_qa_2_60k::base::main::13649,0
ministral_8b_instruct::trivia_qa_2_60k::base::main::45159,0
ministral_8b_instruct::trivia_qa_2_60k::base::main::44463,0
ministral_8b_instruct::trivia_qa_2_60k::base::main::28120,0
ministral_8b_instruct::trivia_qa_2_60k::base::main::53548,0
ministral_8b_instruct::trivia_qa_2_60k::base::main::32019,0
ministral_8b_instruct::trivia_qa_2_60k::base::main::14969,0
ministral_8b_instruct::trivia_qa_2_60k::base::main::2831,0
ministral_8b_instruct::trivia_qa_2_60k::base::main::8224,0
ministral_8b_instruct::trivia_qa_2_60k::base::main::48463,0
ministral_8b_instruct::trivia_qa_2_60k::base::main::30375,0
ministral_8b_instruct::trivia_qa_2_60k::base::main::18895,0
ministral_8b_instruct::trivia_qa_2_60k::base::main::32147,0
ministral_8b_instruct::trivia_qa_2_60k::base::main::4880,0
ministral_8b_instruct::trivia_qa_2_60k::base::main::46461,0
ministral_8b_instruct::trivia_qa_2_60k::base::main::8801,0
ministral_8b_instruct::trivia_qa_2_60k::base::main::34098,0
ministral_8b_instruct::trivia_qa_2_60k::base::main::18351,0
ministral_8b_instruct::trivia_qa_2_60k::base::main::37590,0
ministral_8b_instruct::trivia_qa_2_60k::base::main::29400,0
ministral_8b_instruct::trivia_qa_2_60k::base::main::56523,0
ministral_8b_instruct::trivia_qa_2_60k::base::main::37253,0
ministral_8b_instruct::trivia_qa_2_60k::base::main::35544,0
ministral_8b_instruct::trivia_qa_2_60k::base::main::2860,0
ministral_8b_instruct::trivia_qa_2_60k::base::main::25367,0
ministral_8b_instruct::trivia_qa_2_60k::base::main::5139,0
ministral_8b_instruct::trivia_qa_2_60k::base::main::16452,0
ministral_8b_instruct::trivia_qa_2_60k::base::main::55468,0
ministral_8b_instruct::trivia_qa_2_60k::base::main::40366,0
ministral_8b_instruct::trivia_qa_2_60k::base::main::46231,0
ministral_8b_instruct::trivia_qa_2_60k::base::main::10788,0
ministral_8b_instruct::trivia_qa_2_60k::base::main::805,0
ministral_8b_instruct::trivia_qa_2_60k::base::main::33898,0
ministral_8b_instruct::trivia_qa_2_60k::base::main::180,0
ministral_8b_instruct::trivia_qa_2_60k::base::main::40355,0
ministral_8b_instruct::trivia_qa_2_60k::base::main::17395,0
ministral_8b_instruct::trivia_qa_2_60k::base::main::43893,0
ministral_8b_instruct::trivia_qa_2_60k::base::main::8439,0
ministral_8b_instruct::trivia_qa_2_60k::base::main::40735,0
ministral_8b_instruct::trivia_qa_2_60k::base::main::25245,0
ministral_8b_instruct::trivia_qa_2_60k::base::main::43515,0
ministral_8b_instruct::trivia_qa_2_60k::base::main::22562,0
ministral_8b_instruct::trivia_qa_2_60k::base::main::47879,0
ministral_8b_instruct::trivia_qa_2_60k::base::main::15590,0
ministral_8b_instruct::trivia_qa_2_60k::base::main::15588,0
ministral_8b_instruct::trivia_qa_2_60k::base::main::36838,0
ministral_8b_instruct::trivia_qa_2_60k::base::main::26391,0
ministral_8b_instruct::trivia_qa_2_60k::base::main::41941,0
ministral_8b_instruct::trivia_qa_2_60k::base::main::22632,0
ministral_8b_instruct::trivia_qa_2_60k::base::main::15381,0
ministral_8b_instruct::trivia_qa_2_60k::base::main::54467,0
ministral_8b_instruct::trivia_qa_2_60k::base::main::38615,0
ministral_8b_instruct::trivia_qa_2_60k::base::main::32385,0
ministral_8b_instruct::trivia_qa_2_60k::base::main::19051,0
ministral_8b_instruct::trivia_qa_2_60k::base::main::31090,0
ministral_8b_instruct::trivia_qa_2_60k::base::main::27018,0
ministral_8b_instruct::trivia_qa_2_60k::base::main::34789,0
ministral_8b_instruct::trivia_qa_2_60k::base::main::15776,0
ministral_8b_instruct::trivia_qa_2_60k::base::main::13363,0
ministral_8b_instruct::trivia_qa_2_60k::base::main::8296,0
ministral_8b_instruct::trivia_qa_2_60k::base::main::44753,0
ministral_8b_instruct::trivia_qa_2_60k::base::main::40713,0
ministral_8b_instruct::trivia_qa_2_60k::base::main::26670,0
ministral_8b_instruct::trivia_qa_2_60k::base::main::41021,0
ministral_8b_instruct::trivia_qa_2_60k::base::main::49621,0
ministral_8b_instruct::trivia_qa_2_60k::base::main::44210,0
ministral_8b_instruct::trivia_qa_2_60k::base::main::16142,0
ministral_8b_instruct::trivia_qa_2_60k::base::main::5916,0
ministral_8b_instruct::trivia_qa_2_60k::base::main::20538,0
ministral_8b_instruct::trivia_qa_2_60k::base::main::15612,0
ministral_8b_instruct::trivia_qa_2_60k::base::main::17321,0
ministral_8b_instruct::trivia_qa_2_60k::base::main::55811,0
ministral_8b_instruct::trivia_qa_2_60k::base::main::1787,0
ministral_8b_instruct::trivia_qa_2_60k::base::main::19385,0
ministral_8b_instruct::trivia_qa_2_60k::base::main::42502,0
ministral_8b_instruct::trivia_qa_2_60k::base::main::20611,0
ministral_8b_instruct::trivia_qa_2_60k::base::main::18451,0
ministral_8b_instruct::trivia_qa_2_60k::base::main::765,0
ministral_8b_instruct::trivia_qa_2_60k::base::main::42398,0
ministral_8b_instruct::trivia_qa_2_60k::base::main::21825,0
ministral_8b_instruct::trivia_qa_2_60k::base::main::40134,0
ministral_8b_instruct::trivia_qa_2_60k::base::main::37765,0
ministral_8b_instruct::trivia_qa_2_60k::base::main::39058,0
ministral_8b_instruct::trivia_qa_2_60k::base::main::52119,0
ministral_8b_instruct::trivia_qa_2_60k::base::main::54772,0
ministral_8b_instruct::trivia_qa_2_60k::base::main::39638,0
ministral_8b_instruct::trivia_qa_2_60k::base::main::27687,0
ministral_8b_instruct::trivia_qa_2_60k::base::main::13351,0
ministral_8b_instruct::trivia_qa_2_60k::base::main::57570,0
ministral_8b_instruct::trivia_qa_2_60k::base::main::21036,0
ministral_8b_instruct::trivia_qa_2_60k::base::main::20036,0
ministral_8b_instruct::trivia_qa_2_60k::base::main::27278,0
ministral_8b_instruct::trivia_qa_2_60k::base::main::47843,0
ministral_8b_instruct::trivia_qa_2_60k::base::main::54622,0
ministral_8b_instruct::trivia_qa_2_60k::base::main::13995,0
ministral_8b_instruct::trivia_qa_2_60k::base::main::2536,0
ministral_8b_instruct::trivia_qa_2_60k::base::main::13498,0
ministral_8b_instruct::trivia_qa_2_60k::base::main::56474,0
ministral_8b_instruct::trivia_qa_2_60k::base::main::44176,0
ministral_8b_instruct::trivia_qa_2_60k::base::main::42917,0
ministral_8b_instruct::trivia_qa_2_60k::base::main::56448,0
ministral_8b_instruct::trivia_qa_2_60k::base::main::25761,0
ministral_8b_instruct::trivia_qa_2_60k::base::main::26345,0
ministral_8b_instruct::trivia_qa_2_60k::base::main::50204,0
ministral_8b_instruct::trivia_qa_2_60k::base::main::7625,0
ministral_8b_instruct::trivia_qa_2_60k::base::main::39722,0
ministral_8b_instruct::trivia_qa_2_60k::base::main::13902,0
ministral_8b_instruct::trivia_qa_2_60k::base::main::31254,0
ministral_8b_instruct::trivia_qa_2_60k::base::main::6038,0
ministral_8b_instruct::trivia_qa_2_60k::base::main::23192,0
ministral_8b_instruct::trivia_qa_2_60k::base::main::28557,0
ministral_8b_instruct::trivia_qa_2_60k::base::main::32522,0
ministral_8b_instruct::trivia_qa_2_60k::base::main::28610,0
ministral_8b_instruct::trivia_qa_2_60k::base::main::37624,0
ministral_8b_instruct::trivia_qa_2_60k::base::main::30873,0
ministral_8b_instruct::trivia_qa_2_60k::base::main::17935,0
ministral_8b_instruct::trivia_qa_2_60k::base::main::12181,0
ministral_8b_instruct::trivia_qa_2_60k::base::main::40153,0
ministral_8b_instruct::trivia_qa_2_60k::base::main::37241,0
ministral_8b_instruct::trivia_qa_2_60k::base::main::8963,0
ministral_8b_instruct::trivia_qa_2_60k::base::main::28127,0
ministral_8b_instruct::trivia_qa_2_60k::base::main::41844,0
ministral_8b_instruct::trivia_qa_2_60k::base::main::42673,0
ministral_8b_instruct::trivia_qa_2_60k::base::main::49656,0
ministral_8b_instruct::trivia_qa_2_60k::base::main::18651,0
ministral_8b_instruct::trivia_qa_2_60k::base::main::45748,0
ministral_8b_instruct::trivia_qa_2_60k::base::main::39731,0
ministral_8b_instruct::trivia_qa_2_60k::base::main::42909,0
ministral_8b_instruct::trivia_qa_2_60k::base::main::33124,0
ministral_8b_instruct::trivia_qa_2_60k::base::main::24440,0
ministral_8b_instruct::trivia_qa_2_60k::base::main::11772,0
ministral_8b_instruct::trivia_qa_2_60k::base::main::51941,0
ministral_8b_instruct::trivia_qa_2_60k::base::main::57731,0
ministral_8b_instruct::trivia_qa_2_60k::base::main::43751,0
ministral_8b_instruct::trivia_qa_2_60k::base::main::35938,0
ministral_8b_instruct::trivia_qa_2_60k::base::main::8322,0
ministral_8b_instruct::trivia_qa_2_60k::base::main::27575,0
ministral_8b_instruct::trivia_qa_2_60k::base::main::54765,0
ministral_8b_instruct::trivia_qa_2_60k::base::main::13246,0
ministral_8b_instruct::trivia_qa_2_60k::base::main::44325,0
ministral_8b_instruct::trivia_qa_2_60k::base::main::20922,0
ministral_8b_instruct::trivia_qa_2_60k::base::main::34454,0
ministral_8b_instruct::trivia_qa_2_60k::base::main::54767,0
ministral_8b_instruct::trivia_qa_2_60k::base::main::30336,0
ministral_8b_instruct::trivia_qa_2_60k::base::main::8442,0
ministral_8b_instruct::trivia_qa_2_60k::base::main::16273,0
ministral_8b_instruct::trivia_qa_2_60k::base::main::51518,0
ministral_8b_instruct::trivia_qa_2_60k::base::main::17818,0
ministral_8b_instruct::trivia_qa_2_60k::base::main::26929,0
ministral_8b_instruct::trivia_qa_2_60k::base::main::3726,0
ministral_8b_instruct::trivia_qa_2_60k::base::main::51075,0
ministral_8b_instruct::trivia_qa_2_60k::base::main::4863,0
ministral_8b_instruct::trivia_qa_2_60k::base::main::17858,0
ministral_8b_instruct::trivia_qa_2_60k::base::main::38738,0
ministral_8b_instruct::trivia_qa_2_60k::base::main::40882,0
ministral_8b_instruct::trivia_qa_2_60k::base::main::42117,0
ministral_8b_instruct::trivia_qa_2_60k::base::main::1880,0
ministral_8b_instruct::trivia_qa_2_60k::base::main::53756,0
ministral_8b_instruct::trivia_qa_2_60k::base::main::40998,0
ministral_8b_instruct::trivia_qa_2_60k::base::main::25825,0
ministral_8b_instruct::trivia_qa_2_60k::base::main::52950,0
ministral_8b_instruct::trivia_qa_2_60k::base::main::3080,0
ministral_8b_instruct::trivia_qa_2_60k::base::main::35079,0
ministral_8b_instruct::trivia_qa_2_60k::base::main::5108,0
ministral_8b_instruct::trivia_qa_2_60k::base::main::53874,0
ministral_8b_instruct::trivia_qa_2_60k::base::main::19164,0
ministral_8b_instruct::trivia_qa_2_60k::base::main::22141,0
ministral_8b_instruct::trivia_qa_2_60k::base::main::45418,0
ministral_8b_instruct::trivia_qa_2_60k::base::main::37411,0
ministral_8b_instruct::trivia_qa_2_60k::base::main::16869,0
ministral_8b_instruct::trivia_qa_2_60k::base::main::9344,0
ministral_8b_instruct::trivia_qa_2_60k::base::main::50224,0
ministral_8b_instruct::trivia_qa_2_60k::base::main::44094,0
ministral_8b_instruct::trivia_qa_2_60k::base::main::25351,0
ministral_8b_instruct::trivia_qa_2_60k::base::main::28004,0
ministral_8b_instruct::trivia_qa_2_60k::base::main::41136,0
ministral_8b_instruct::trivia_qa_2_60k::base::main::491,0
ministral_8b_instruct::trivia_qa_2_60k::base::main::43360,0
ministral_8b_instruct::trivia_qa_2_60k::base::main::52015,0
ministral_8b_instruct::trivia_qa_2_60k::base::main::53351,0
ministral_8b_instruct::trivia_qa_2_60k::base::main::38448,0
ministral_8b_instruct::trivia_qa_2_60k::base::main::29435,0
ministral_8b_instruct::trivia_qa_2_60k::base::main::56942,0
ministral_8b_instruct::trivia_qa_2_60k::base::main::15413,0
ministral_8b_instruct::trivia_qa_2_60k::base::main::54856,0
ministral_8b_instruct::trivia_qa_2_60k::base::main::55660,0
ministral_8b_instruct::trivia_qa_2_60k::base::main::2815,0
ministral_8b_instruct::trivia_qa_2_60k::base::main::50543,0
ministral_8b_instruct::trivia_qa_2_60k::base::main::25375,0
ministral_8b_instruct::trivia_qa_2_60k::base::main::21648,0
ministral_8b_instruct::trivia_qa_2_60k::base::main::53579,0
ministral_8b_instruct::trivia_qa_2_60k::base::main::22998,0
ministral_8b_instruct::trivia_qa_2_60k::base::main::58343,0
ministral_8b_instruct::trivia_qa_2_60k::base::main::51776,0
ministral_8b_instruct::trivia_qa_2_60k::base::main::16345,0
ministral_8b_instruct::trivia_qa_2_60k::base::main::27431,0
ministral_8b_instruct::trivia_qa_2_60k::base::main::27125,0
ministral_8b_instruct::trivia_qa_2_60k::base::main::32149,0
ministral_8b_instruct::trivia_qa_2_60k::base::main::52189,0
ministral_8b_instruct::trivia_qa_2_60k::base::main::45901,0
ministral_8b_instruct::trivia_qa_2_60k::base::main::15914,0
ministral_8b_instruct::trivia_qa_2_60k::base::main::16471,0
ministral_8b_instruct::trivia_qa_2_60k::base::main::9253,0
ministral_8b_instruct::trivia_qa_2_60k::base::main::18874,0
ministral_8b_instruct::trivia_qa_2_60k::base::main::39162,0
ministral_8b_instruct::trivia_qa_2_60k::base::main::21209,0
ministral_8b_instruct::trivia_qa_2_60k::base::main::10326,0
ministral_8b_instruct::trivia_qa_2_60k::base::main::36301,0
ministral_8b_instruct::trivia_qa_2_60k::base::main::32471,0
ministral_8b_instruct::trivia_qa_2_60k::base::main::3071,0
ministral_8b_instruct::trivia_qa_2_60k::base::main::50412,0
ministral_8b_instruct::trivia_qa_2_60k::base::main::54062,0
ministral_8b_instruct::trivia_qa_2_60k::base::main::24070,0
ministral_8b_instruct::trivia_qa_2_60k::base::main::52716,0
ministral_8b_instruct::trivia_qa_2_60k::base::main::6968,0
ministral_8b_instruct::trivia_qa_2_60k::base::main::29918,0
ministral_8b_instruct::trivia_qa_2_60k::base::main::16874,0
ministral_8b_instruct::trivia_qa_2_60k::base::main::3394,0
ministral_8b_instruct::trivia_qa_2_60k::base::main::10309,0
ministral_8b_instruct::trivia_qa_2_60k::base::main::41709,0
ministral_8b_instruct::trivia_qa_2_60k::base::main::55705,0
ministral_8b_instruct::trivia_qa_2_60k::base::main::45196,0
ministral_8b_instruct::trivia_qa_2_60k::base::main::18447,0
ministral_8b_instruct::trivia_qa_2_60k::base::main::29649,0
ministral_8b_instruct::trivia_qa_2_60k::base::main::53739,0
ministral_8b_instruct::trivia_qa_2_60k::base::main::37201,0
ministral_8b_instruct::trivia_qa_2_60k::base::main::55321,0
ministral_8b_instruct::trivia_qa_2_60k::base::main::43367,0
ministral_8b_instruct::trivia_qa_2_60k::base::main::47381,0
ministral_8b_instruct::trivia_qa_2_60k::base::main::8042,0
ministral_8b_instruct::trivia_qa_2_60k::base::main::29961,0
ministral_8b_instruct::trivia_qa_2_60k::base::main::26008,0
ministral_8b_instruct::trivia_qa_2_60k::base::main::22215,0
ministral_8b_instruct::trivia_qa_2_60k::base::main::47462,0
ministral_8b_instruct::trivia_qa_2_60k::base::main::41422,0
ministral_8b_instruct::trivia_qa_2_60k::base::main::6757,0
ministral_8b_instruct::trivia_qa_2_60k::base::main::97,0
ministral_8b_instruct::trivia_qa_2_60k::base::main::51945,0
ministral_8b_instruct::trivia_qa_2_60k::base::main::44015,0
ministral_8b_instruct::trivia_qa_2_60k::base::main::30000,0
ministral_8b_instruct::trivia_qa_2_60k::base::main::14038,0
ministral_8b_instruct::trivia_qa_2_60k::base::main::40172,0
ministral_8b_instruct::trivia_qa_2_60k::base::main::51603,0
ministral_8b_instruct::trivia_qa_2_60k::base::main::16947,0
ministral_8b_instruct::trivia_qa_2_60k::base::main::35271,0
ministral_8b_instruct::trivia_qa_2_60k::base::main::8070,0
ministral_8b_instruct::trivia_qa_2_60k::base::main::41224,0
ministral_8b_instruct::trivia_qa_2_60k::base::main::56649,0
ministral_8b_instruct::trivia_qa_2_60k::base::main::46879,0
ministral_8b_instruct::trivia_qa_2_60k::base::main::37531,0
ministral_8b_instruct::trivia_qa_2_60k::base::main::20229,0
ministral_8b_instruct::trivia_qa_2_60k::base::main::33102,0
ministral_8b_instruct::trivia_qa_2_60k::base::main::42723,0
ministral_8b_instruct::trivia_qa_2_60k::base::main::6818,0
ministral_8b_instruct::trivia_qa_2_60k::base::main::26149,0
ministral_8b_instruct::trivia_qa_2_60k::base::main::4155,0
ministral_8b_instruct::trivia_qa_2_60k::base::main::56746,0
ministral_8b_instruct::trivia_qa_2_60k::base::main::29980,0
ministral_8b_instruct::trivia_qa_2_60k::base::main::41938,0
ministral_8b_instruct::trivia_qa_2_60k::base::main::31274,0
ministral_8b_instruct::trivia_qa_2_60k::base::main::25472,0
ministral_8b_instruct::trivia_qa_2_60k::base::main::13453,0
ministral_8b_instruct::trivia_qa_2_60k::base::main::5334,0
ministral_8b_instruct::trivia_qa_2_60k::base::main::46742,0
ministral_8b_instruct::trivia_qa_2_60k::base::main::44286,0
ministral_8b_instruct::trivia_qa_2_60k::base::main::48171,0
ministral_8b_instruct::trivia_qa_2_60k::base::main::54669,0
ministral_8b_instruct::trivia_qa_2_60k::base::main::18146,0
ministral_8b_instruct::trivia_qa_2_60k::base::main::34004,0
ministral_8b_instruct::trivia_qa_2_60k::base::main::18186,0
ministral_8b_instruct::trivia_qa_2_60k::base::main::18042,0
ministral_8b_instruct::trivia_qa_2_60k::base::main::33133,0
ministral_8b_instruct::trivia_qa_2_60k::base::main::40812,0
ministral_8b_instruct::trivia_qa_2_60k::base::main::40545,0
ministral_8b_instruct::trivia_qa_2_60k::base::main::27010,0
ministral_8b_instruct::trivia_qa_2_60k::base::main::44090,0
ministral_8b_instruct::trivia_qa_2_60k::base::main::21474,0
ministral_8b_instruct::trivia_qa_2_60k::base::main::25484,0
ministral_8b_instruct::trivia_qa_2_60k::base::main::55750,0
ministral_8b_instruct::trivia_qa_2_60k::base::main::23221,0
ministral_8b_instruct::trivia_qa_2_60k::base::main::54595,0
ministral_8b_instruct::trivia_qa_2_60k::base::main::55681,0
ministral_8b_instruct::trivia_qa_2_60k::base::main::9858,0
ministral_8b_instruct::trivia_qa_2_60k::base::main::48742,0
ministral_8b_instruct::trivia_qa_2_60k::base::main::21798,0
ministral_8b_instruct::trivia_qa_2_60k::base::main::29244,0
ministral_8b_instruct::trivia_qa_2_60k::base::main::14565,0
ministral_8b_instruct::trivia_qa_2_60k::base::main::51027,0
ministral_8b_instruct::trivia_qa_2_60k::base::main::45077,0
ministral_8b_instruct::trivia_qa_2_60k::base::main::52742,0
ministral_8b_instruct::trivia_qa_2_60k::base::main::23236,0
ministral_8b_instruct::trivia_qa_2_60k::base::main::55566,0
ministral_8b_instruct::trivia_qa_2_60k::base::main::21904,0
ministral_8b_instruct::trivia_qa_2_60k::base::main::32779,0
ministral_8b_instruct::trivia_qa_2_60k::base::main::26525,0
ministral_8b_instruct::trivia_qa_2_60k::base::main::44448,0
ministral_8b_instruct::trivia_qa_2_60k::base::main::39795,0
ministral_8b_instruct::trivia_qa_2_60k::base::main::26657,0
ministral_8b_instruct::trivia_qa_2_60k::base::main::48611,0
ministral_8b_instruct::trivia_qa_2_60k::base::main::11524,0
ministral_8b_instruct::trivia_qa_2_60k::base::main::50736,0
ministral_8b_instruct::trivia_qa_2_60k::base::main::52127,0
ministral_8b_instruct::trivia_qa_2_60k::base::main::5022,0
ministral_8b_instruct::trivia_qa_2_60k::base::main::2707,0
ministral_8b_instruct::trivia_qa_2_60k::base::main::34265,0
ministral_8b_instruct::trivia_qa_2_60k::base::main::14060,0
ministral_8b_instruct::trivia_qa_2_60k::base::main::17897,0
ministral_8b_instruct::trivia_qa_2_60k::base::main::50737,0
ministral_8b_instruct::trivia_qa_2_60k::base::main::28754,0
ministral_8b_instruct::trivia_qa_2_60k::base::main::34833,0
ministral_8b_instruct::trivia_qa_2_60k::base::main::21384,0
ministral_8b_instruct::trivia_qa_2_60k::base::main::24557,0
ministral_8b_instruct::trivia_qa_2_60k::base::main::1449,0
ministral_8b_instruct::trivia_qa_2_60k::base::main::11557,0
ministral_8b_instruct::trivia_qa_2_60k::base::main::23202,0
ministral_8b_instruct::trivia_qa_2_60k::base::main::12490,0
ministral_8b_instruct::trivia_qa_2_60k::base::main::20945,0
ministral_8b_instruct::trivia_qa_2_60k::base::main::39067,0
ministral_8b_instruct::trivia_qa_2_60k::base::main::44837,0
ministral_8b_instruct::trivia_qa_2_60k::base::main::1281,0
ministral_8b_instruct::trivia_qa_2_60k::base::main::51036,0
ministral_8b_instruct::trivia_qa_2_60k::base::main::9453,0
ministral_8b_instruct::trivia_qa_2_60k::base::main::8222,0
ministral_8b_instruct::trivia_qa_2_60k::base::main::48373,0
ministral_8b_instruct::trivia_qa_2_60k::base::main::11261,0
ministral_8b_instruct::trivia_qa_2_60k::base::main::18232,0
ministral_8b_instruct::trivia_qa_2_60k::base::main::19345,0
ministral_8b_instruct::trivia_qa_2_60k::base::main::41542,0
ministral_8b_instruct::trivia_qa_2_60k::base::main::40226,0
ministral_8b_instruct::trivia_qa_2_60k::base::main::3733,0
ministral_8b_instruct::trivia_qa_2_60k::base::main::48871,0
ministral_8b_instruct::trivia_qa_2_60k::base::main::27448,0
ministral_8b_instruct::trivia_qa_2_60k::base::main::20271,0
ministral_8b_instruct::trivia_qa_2_60k::base::main::37427,0
ministral_8b_instruct::trivia_qa_2_60k::base::main::38812,0
ministral_8b_instruct::trivia_qa_2_60k::base::main::7454,0
ministral_8b_instruct::trivia_qa_2_60k::base::main::50141,0
ministral_8b_instruct::trivia_qa_2_60k::base::main::29516,0
ministral_8b_instruct::trivia_qa_2_60k::base::main::38388,0
ministral_8b_instruct::trivia_qa_2_60k::base::main::4721,0
ministral_8b_instruct::trivia_qa_2_60k::base::main::19979,0
ministral_8b_instruct::trivia_qa_2_60k::base::main::33529,0
ministral_8b_instruct::trivia_qa_2_60k::base::main::48297,0
ministral_8b_instruct::trivia_qa_2_60k::base::main::43260,0
ministral_8b_instruct::trivia_qa_2_60k::base::main::18959,0
ministral_8b_instruct::trivia_qa_2_60k::base::main::3896,0
ministral_8b_instruct::trivia_qa_2_60k::base::main::1976,0
ministral_8b_instruct::trivia_qa_2_60k::base::main::37010,0
ministral_8b_instruct::trivia_qa_2_60k::base::main::48307,0
ministral_8b_instruct::trivia_qa_2_60k::base::main::776,0
ministral_8b_instruct::trivia_qa_2_60k::base::main::328,0
ministral_8b_instruct::trivia_qa_2_60k::base::main::53578,0
ministral_8b_instruct::trivia_qa_2_60k::base::main::43050,0
ministral_8b_instruct::trivia_qa_2_60k::base::main::47925,0
ministral_8b_instruct::trivia_qa_2_60k::base::main::27567,0
ministral_8b_instruct::trivia_qa_2_60k::base::main::53016,0
ministral_8b_instruct::trivia_qa_2_60k::base::main::44944,0
ministral_8b_instruct::trivia_qa_2_60k::base::main::28800,0
ministral_8b_instruct::trivia_qa_2_60k::base::main::5082,0
ministral_8b_instruct::trivia_qa_2_60k::base::main::494,0
ministral_8b_instruct::trivia_qa_2_60k::base::main::32265,0
ministral_8b_instruct::trivia_qa_2_60k::base::main::37133,0
ministral_8b_instruct::trivia_qa_2_60k::base::main::16736,0
ministral_8b_instruct::trivia_qa_2_60k::base::main::54640,0
ministral_8b_instruct::trivia_qa_2_60k::base::main::51451,0
ministral_8b_instruct::trivia_qa_2_60k::base::main::46711,0
ministral_8b_instruct::trivia_qa_2_60k::base::main::54230,0
ministral_8b_instruct::trivia_qa_2_60k::base::main::30308,0
ministral_8b_instruct::trivia_qa_2_60k::base::main::30277,0
ministral_8b_instruct::trivia_qa_2_60k::base::main::27944,0
ministral_8b_instruct::trivia_qa_2_60k::base::main::11225,0
ministral_8b_instruct::trivia_qa_2_60k::base::main::13900,0
ministral_8b_instruct::trivia_qa_2_60k::base::main::48244,0
ministral_8b_instruct::trivia_qa_2_60k::base::main::54858,0
ministral_8b_instruct::trivia_qa_2_60k::base::main::51831,0
ministral_8b_instruct::trivia_qa_2_60k::base::main::12425,0
ministral_8b_instruct::trivia_qa_2_60k::base::main::38319,0
ministral_8b_instruct::trivia_qa_2_60k::base::main::6059,0
ministral_8b_instruct::trivia_qa_2_60k::base::main::2296,0
ministral_8b_instruct::trivia_qa_2_60k::base::main::57705,0
ministral_8b_instruct::trivia_qa_2_60k::base::main::54241,0
ministral_8b_instruct::trivia_qa_2_60k::base::main::15965,0
ministral_8b_instruct::trivia_qa_2_60k::base::main::13660,0
ministral_8b_instruct::trivia_qa_2_60k::base::main::32298,0
ministral_8b_instruct::trivia_qa_2_60k::base::main::54190,0
ministral_8b_instruct::trivia_qa_2_60k::base::main::984,0
ministral_8b_instruct::trivia_qa_2_60k::base::main::16239,0
ministral_8b_instruct::trivia_qa_2_60k::base::main::31991,0
ministral_8b_instruct::trivia_qa_2_60k::base::main::31504,0
ministral_8b_instruct::trivia_qa_2_60k::base::main::20412,0
ministral_8b_instruct::trivia_qa_2_60k::base::main::3876,0
ministral_8b_instruct::trivia_qa_2_60k::base::main::1491,0
ministral_8b_instruct::trivia_qa_2_60k::base::main::21915,0
ministral_8b_instruct::trivia_qa_2_60k::base::main::17756,0
ministral_8b_instruct::trivia_qa_2_60k::base::main::58271,0
ministral_8b_instruct::trivia_qa_2_60k::base::main::33992,0
ministral_8b_instruct::trivia_qa_2_60k::base::main::35411,0
ministral_8b_instruct::trivia_qa_2_60k::base::main::18998,0
ministral_8b_instruct::trivia_qa_2_60k::base::main::14802,0
ministral_8b_instruct::trivia_qa_2_60k::base::main::35921,0
ministral_8b_instruct::trivia_qa_2_60k::base::main::2644,0
ministral_8b_instruct::trivia_qa_2_60k::base::main::52221,0
ministral_8b_instruct::trivia_qa_2_60k::base::main::46643,0
ministral_8b_instruct::trivia_qa_2_60k::base::main::33756,0
ministral_8b_instruct::trivia_qa_2_60k::base::main::41735,0
ministral_8b_instruct::trivia_qa_2_60k::base::main::55312,0
ministral_8b_instruct::trivia_qa_2_60k::base::main::9156,0
ministral_8b_instruct::trivia_qa_2_60k::base::main::53376,0
ministral_8b_instruct::trivia_qa_2_60k::base::main::3565,0
ministral_8b_instruct::trivia_qa_2_60k::base::main::42921,0
ministral_8b_instruct::trivia_qa_2_60k::base::main::7432,0
ministral_8b_instruct::trivia_qa_2_60k::base::main::53642,0
ministral_8b_instruct::trivia_qa_2_60k::base::main::53542,0
ministral_8b_instruct::trivia_qa_2_60k::base::main::9206,0
ministral_8b_instruct::trivia_qa_2_60k::base::main::14594,0
ministral_8b_instruct::trivia_qa_2_60k::base::main::12183,0
ministral_8b_instruct::trivia_qa_2_60k::base::main::12301,0
ministral_8b_instruct::trivia_qa_2_60k::base::main::26477,0
ministral_8b_instruct::trivia_qa_2_60k::base::main::10343,0
ministral_8b_instruct::trivia_qa_2_60k::base::main::25486,0
ministral_8b_instruct::trivia_qa_2_60k::base::main::46239,0
ministral_8b_instruct::trivia_qa_2_60k::base::main::57694,0
ministral_8b_instruct::trivia_qa_2_60k::base::main::21954,0
ministral_8b_instruct::trivia_qa_2_60k::base::main::18887,0
ministral_8b_instruct::trivia_qa_2_60k::base::main::6329,0
ministral_8b_instruct::trivia_qa_2_60k::base::main::17823,0
ministral_8b_instruct::trivia_qa_2_60k::base::main::19752,0
ministral_8b_instruct::trivia_qa_2_60k::base::main::21366,0
ministral_8b_instruct::trivia_qa_2_60k::base::main::41465,0
ministral_8b_instruct::trivia_qa_2_60k::base::main::42974,0
ministral_8b_instruct::trivia_qa_2_60k::base::main::57667,0
ministral_8b_instruct::trivia_qa_2_60k::base::main::19462,0
ministral_8b_instruct::trivia_qa_2_60k::base::main::22384,0
ministral_8b_instruct::trivia_qa_2_60k::base::main::36454,0
ministral_8b_instruct::trivia_qa_2_60k::base::main::47958,0
ministral_8b_instruct::trivia_qa_2_60k::base::main::1978,0
ministral_8b_instruct::trivia_qa_2_60k::base::main::20759,0
ministral_8b_instruct::trivia_qa_2_60k::base::main::25325,0
ministral_8b_instruct::trivia_qa_2_60k::base::main::27693,0
ministral_8b_instruct::trivia_qa_2_60k::base::main::27271,0
ministral_8b_instruct::trivia_qa_2_60k::base::main::26560,0
ministral_8b_instruct::trivia_qa_2_60k::base::main::14857,0
ministral_8b_instruct::trivia_qa_2_60k::base::main::29313,0
ministral_8b_instruct::trivia_qa_2_60k::base::main::28128,0
ministral_8b_instruct::trivia_qa_2_60k::base::main::26866,0
ministral_8b_instruct::trivia_qa_2_60k::base::main::26103,0
ministral_8b_instruct::trivia_qa_2_60k::base::main::40060,0
ministral_8b_instruct::trivia_qa_2_60k::base::main::28141,0
ministral_8b_instruct::trivia_qa_2_60k::base::main::37197,0
ministral_8b_instruct::trivia_qa_2_60k::base::main::18855,0
ministral_8b_instruct::trivia_qa_2_60k::base::main::32886,0
ministral_8b_instruct::trivia_qa_2_60k::base::main::39207,0
ministral_8b_instruct::trivia_qa_2_60k::base::main::48216,0
ministral_8b_instruct::trivia_qa_2_60k::base::main::14132,0
ministral_8b_instruct::trivia_qa_2_60k::base::main::12346,0
ministral_8b_instruct::trivia_qa_2_60k::base::main::8179,0
ministral_8b_instruct::trivia_qa_2_60k::base::main::38609,0
ministral_8b_instruct::trivia_qa_2_60k::base::main::36724,0
ministral_8b_instruct::trivia_qa_2_60k::base::main::36737,0
ministral_8b_instruct::trivia_qa_2_60k::base::main::21325,0
ministral_8b_instruct::trivia_qa_2_60k::base::main::44212,0
ministral_8b_instruct::trivia_qa_2_60k::base::main::34043,0
ministral_8b_instruct::trivia_qa_2_60k::base::main::42056,0
ministral_8b_instruct::trivia_qa_2_60k::base::main::17227,0
ministral_8b_instruct::trivia_qa_2_60k::base::main::20388,0
ministral_8b_instruct::trivia_qa_2_60k::base::main::29054,0
ministral_8b_instruct::trivia_qa_2_60k::base::main::52918,0
ministral_8b_instruct::trivia_qa_2_60k::base::main::37495,0
ministral_8b_instruct::trivia_qa_2_60k::base::main::24943,0
ministral_8b_instruct::trivia_qa_2_60k::base::main::41323,0
ministral_8b_instruct::trivia_qa_2_60k::base::main::52948,0
ministral_8b_instruct::trivia_qa_2_60k::base::main::669,0
ministral_8b_instruct::trivia_qa_2_60k::base::main::1426,0
ministral_8b_instruct::trivia_qa_2_60k::base::main::31207,0
ministral_8b_instruct::trivia_qa_2_60k::base::main::27892,0
ministral_8b_instruct::trivia_qa_2_60k::base::main::18405,0
ministral_8b_instruct::trivia_qa_2_60k::base::main::39220,0
ministral_8b_instruct::trivia_qa_2_60k::base::main::55105,0
ministral_8b_instruct::trivia_qa_2_60k::base::main::22225,0
ministral_8b_instruct::trivia_qa_2_60k::base::main::18226,0
ministral_8b_instruct::trivia_qa_2_60k::base::main::17477,0
ministral_8b_instruct::trivia_qa_2_60k::base::main::9591,0
ministral_8b_instruct::trivia_qa_2_60k::base::main::16818,0
ministral_8b_instruct::trivia_qa_2_60k::base::main::45591,0
ministral_8b_instruct::trivia_qa_2_60k::base::main::40036,0
ministral_8b_instruct::trivia_qa_2_60k::base::main::52622,0
ministral_8b_instruct::trivia_qa_2_60k::base::main::38217,0
ministral_8b_instruct::trivia_qa_2_60k::base::main::52605,0
ministral_8b_instruct::trivia_qa_2_60k::base::main::7542,0
ministral_8b_instruct::trivia_qa_2_60k::base::main::32013,0
ministral_8b_instruct::trivia_qa_2_60k::base::main::55010,0
ministral_8b_instruct::trivia_qa_2_60k::base::main::26463,0
ministral_8b_instruct::trivia_qa_2_60k::base::main::8389,0
ministral_8b_instruct::trivia_qa_2_60k::base::main::52309,0
ministral_8b_instruct::trivia_qa_2_60k::base::main::35850,0
ministral_8b_instruct::trivia_qa_2_60k::base::main::17423,0
ministral_8b_instruct::trivia_qa_2_60k::base::main::16443,0
ministral_8b_instruct::trivia_qa_2_60k::base::main::12295,0
ministral_8b_instruct::trivia_qa_2_60k::base::main::7262,0
ministral_8b_instruct::trivia_qa_2_60k::base::main::1286,0
ministral_8b_instruct::trivia_qa_2_60k::base::main::35218,0
ministral_8b_instruct::trivia_qa_2_60k::base::main::36779,0
ministral_8b_instruct::trivia_qa_2_60k::base::main::753,0
ministral_8b_instruct::trivia_qa_2_60k::base::main::37568,0
ministral_8b_instruct::trivia_qa_2_60k::base::main::27389,0
ministral_8b_instruct::trivia_qa_2_60k::base::main::33709,0
ministral_8b_instruct::trivia_qa_2_60k::base::main::31250,0
ministral_8b_instruct::trivia_qa_2_60k::base::main::19615,0
ministral_8b_instruct::trivia_qa_2_60k::base::main::53399,0
ministral_8b_instruct::trivia_qa_2_60k::base::main::14597,0
ministral_8b_instruct::trivia_qa_2_60k::base::main::23646,0
ministral_8b_instruct::trivia_qa_2_60k::base::main::43365,0
ministral_8b_instruct::trivia_qa_2_60k::base::main::12554,0
ministral_8b_instruct::trivia_qa_2_60k::base::main::6979,0
ministral_8b_instruct::trivia_qa_2_60k::base::main::50773,0
ministral_8b_instruct::trivia_qa_2_60k::base::main::2747,0
ministral_8b_instruct::trivia_qa_2_60k::base::main::6632,0
ministral_8b_instruct::trivia_qa_2_60k::base::main::22283,0
ministral_8b_instruct::trivia_qa_2_60k::base::main::37972,0
ministral_8b_instruct::trivia_qa_2_60k::base::main::2033,0
ministral_8b_instruct::trivia_qa_2_60k::base::main::25728,0
ministral_8b_instruct::trivia_qa_2_60k::base::main::24932,0
ministral_8b_instruct::trivia_qa_2_60k::base::main::23819,0
ministral_8b_instruct::trivia_qa_2_60k::base::main::20194,0
ministral_8b_instruct::trivia_qa_2_60k::base::main::41832,0
ministral_8b_instruct::trivia_qa_2_60k::base::main::11723,0
ministral_8b_instruct::trivia_qa_2_60k::base::main::48150,0
ministral_8b_instruct::trivia_qa_2_60k::base::main::3481,0
ministral_8b_instruct::trivia_qa_2_60k::base::main::42805,0
ministral_8b_instruct::trivia_qa_2_60k::base::main::49143,0
ministral_8b_instruct::trivia_qa_2_60k::base::main::54056,0
ministral_8b_instruct::trivia_qa_2_60k::base::main::40904,0
ministral_8b_instruct::trivia_qa_2_60k::base::main::50308,0
ministral_8b_instruct::trivia_qa_2_60k::base::main::40213,0
ministral_8b_instruct::trivia_qa_2_60k::base::main::55801,0
ministral_8b_instruct::trivia_qa_2_60k::base::main::38108,0
ministral_8b_instruct::trivia_qa_2_60k::base::main::18067,0
ministral_8b_instruct::trivia_qa_2_60k::base::main::29835,0
ministral_8b_instruct::trivia_qa_2_60k::base::main::37161,0
ministral_8b_instruct::trivia_qa_2_60k::base::main::12936,0
ministral_8b_instruct::trivia_qa_2_60k::base::main::28237,0
ministral_8b_instruct::trivia_qa_2_60k::base::main::7876,0
ministral_8b_instruct::trivia_qa_2_60k::base::main::36736,0
ministral_8b_instruct::trivia_qa_2_60k::base::main::25356,0
ministral_8b_instruct::trivia_qa_2_60k::base::main::34797,0
ministral_8b_instruct::trivia_qa_2_60k::base::main::8710,0
ministral_8b_instruct::trivia_qa_2_60k::base::main::22958,0
ministral_8b_instruct::trivia_qa_2_60k::base::main::25300,0
ministral_8b_instruct::trivia_qa_2_60k::base::main::54057,0
ministral_8b_instruct::trivia_qa_2_60k::base::main::790,0
ministral_8b_instruct::trivia_qa_2_60k::base::main::28495,0
ministral_8b_instruct::trivia_qa_2_60k::base::main::33075,0
ministral_8b_instruct::trivia_qa_2_60k::base::main::5197,0
ministral_8b_instruct::trivia_qa_2_60k::base::main::27692,0
ministral_8b_instruct::trivia_qa_2_60k::base::main::32350,0
ministral_8b_instruct::trivia_qa_2_60k::base::main::28440,0
ministral_8b_instruct::trivia_qa_2_60k::base::main::28990,0
ministral_8b_instruct::trivia_qa_2_60k::base::main::49505,0
ministral_8b_instruct::trivia_qa_2_60k::base::main::10253,0
ministral_8b_instruct::trivia_qa_2_60k::base::main::42317,0
ministral_8b_instruct::trivia_qa_2_60k::base::main::51602,0
ministral_8b_instruct::trivia_qa_2_60k::base::main::26247,0
ministral_8b_instruct::trivia_qa_2_60k::base::main::28695,0
ministral_8b_instruct::trivia_qa_2_60k::base::main::38140,0
ministral_8b_instruct::trivia_qa_2_60k::base::main::52720,0
ministral_8b_instruct::trivia_qa_2_60k::base::main::49626,0
ministral_8b_instruct::trivia_qa_2_60k::base::main::19079,0
ministral_8b_instruct::trivia_qa_2_60k::base::main::56139,0
ministral_8b_instruct::trivia_qa_2_60k::base::main::12426,0
ministral_8b_instruct::trivia_qa_2_60k::base::main::26013,0
ministral_8b_instruct::trivia_qa_2_60k::base::main::43554,0
ministral_8b_instruct::trivia_qa_2_60k::base::main::16609,0
ministral_8b_instruct::trivia_qa_2_60k::base::main::45719,0
ministral_8b_instruct::trivia_qa_2_60k::base::main::55380,0
ministral_8b_instruct::trivia_qa_2_60k::base::main::105,0
ministral_8b_instruct::trivia_qa_2_60k::base::main::41716,0
ministral_8b_instruct::trivia_qa_2_60k::base::main::5150,0
ministral_8b_instruct::trivia_qa_2_60k::base::main::37764,0
ministral_8b_instruct::trivia_qa_2_60k::base::main::15887,0
ministral_8b_instruct::trivia_qa_2_60k::base::main::45363,0
ministral_8b_instruct::trivia_qa_2_60k::base::main::42228,0
ministral_8b_instruct::trivia_qa_2_60k::base::main::37054,0
ministral_8b_instruct::trivia_qa_2_60k::base::main::13882,0
ministral_8b_instruct::trivia_qa_2_60k::base::main::41865,0
ministral_8b_instruct::trivia_qa_2_60k::base::main::46753,0
ministral_8b_instruct::trivia_qa_2_60k::base::main::46141,0
ministral_8b_instruct::trivia_qa_2_60k::base::main::34487,0
ministral_8b_instruct::trivia_qa_2_60k::base::main::15341,0
ministral_8b_instruct::trivia_qa_2_60k::base::main::43718,0
ministral_8b_instruct::trivia_qa_2_60k::base::main::56938,0
ministral_8b_instruct::trivia_qa_2_60k::base::main::22218,0
ministral_8b_instruct::trivia_qa_2_60k::base::main::3449,0
ministral_8b_instruct::trivia_qa_2_60k::base::main::36137,0
ministral_8b_instruct::trivia_qa_2_60k::base::main::21320,0
ministral_8b_instruct::trivia_qa_2_60k::base::main::13992,0
ministral_8b_instruct::trivia_qa_2_60k::base::main::40002,0
ministral_8b_instruct::trivia_qa_2_60k::base::main::23360,0
ministral_8b_instruct::trivia_qa_2_60k::base::main::22142,0
ministral_8b_instruct::trivia_qa_2_60k::base::main::31962,0
ministral_8b_instruct::trivia_qa_2_60k::base::main::2334,0
ministral_8b_instruct::trivia_qa_2_60k::base::main::19695,0
ministral_8b_instruct::trivia_qa_2_60k::base::main::36812,0
ministral_8b_instruct::trivia_qa_2_60k::base::main::3214,0
ministral_8b_instruct::trivia_qa_2_60k::base::main::2929,0
ministral_8b_instruct::trivia_qa_2_60k::base::main::35961,0
ministral_8b_instruct::trivia_qa_2_60k::base::main::17956,0
ministral_8b_instruct::trivia_qa_2_60k::base::main::33913,0
ministral_8b_instruct::trivia_qa_2_60k::base::main::52084,0
ministral_8b_instruct::trivia_qa_2_60k::base::main::44699,0
ministral_8b_instruct::trivia_qa_2_60k::base::main::21089,0
ministral_8b_instruct::trivia_qa_2_60k::base::main::6042,0
ministral_8b_instruct::trivia_qa_2_60k::base::main::10569,0
ministral_8b_instruct::trivia_qa_2_60k::base::main::47619,0
ministral_8b_instruct::trivia_qa_2_60k::base::main::30060,0
ministral_8b_instruct::trivia_qa_2_60k::base::main::54404,0
ministral_8b_instruct::trivia_qa_2_60k::base::main::21051,0
ministral_8b_instruct::trivia_qa_2_60k::base::main::7168,0
ministral_8b_instruct::trivia_qa_2_60k::base::main::1062,0
ministral_8b_instruct::trivia_qa_2_60k::base::main::26231,0
ministral_8b_instruct::trivia_qa_2_60k::base::main::16562,0
ministral_8b_instruct::trivia_qa_2_60k::base::main::56320,0
ministral_8b_instruct::trivia_qa_2_60k::base::main::37942,0
ministral_8b_instruct::trivia_qa_2_60k::base::main::14683,0
ministral_8b_instruct::trivia_qa_2_60k::base::main::46943,0
ministral_8b_instruct::trivia_qa_2_60k::base::main::26636,0
ministral_8b_instruct::trivia_qa_2_60k::base::main::28602,0
ministral_8b_instruct::trivia_qa_2_60k::base::main::29128,0
ministral_8b_instruct::trivia_qa_2_60k::base::main::6953,0
ministral_8b_instruct::trivia_qa_2_60k::base::main::55418,0
ministral_8b_instruct::trivia_qa_2_60k::base::main::21905,0
ministral_8b_instruct::trivia_qa_2_60k::base::main::52245,0
ministral_8b_instruct::trivia_qa_2_60k::base::main::31878,0
ministral_8b_instruct::trivia_qa_2_60k::base::main::21373,0
ministral_8b_instruct::trivia_qa_2_60k::base::main::26629,0
ministral_8b_instruct::trivia_qa_2_60k::base::main::4708,0
ministral_8b_instruct::trivia_qa_2_60k::base::main::29327,0
ministral_8b_instruct::trivia_qa_2_60k::base::main::31242,0
ministral_8b_instruct::trivia_qa_2_60k::base::main::21280,0
ministral_8b_instruct::trivia_qa_2_60k::base::main::2129,0
ministral_8b_instruct::trivia_qa_2_60k::base::main::33799,0
ministral_8b_instruct::trivia_qa_2_60k::base::main::53302,0
ministral_8b_instruct::trivia_qa_2_60k::base::main::54582,0
ministral_8b_instruct::trivia_qa_2_60k::base::main::4148,0
ministral_8b_instruct::trivia_qa_2_60k::base::main::17131,0
ministral_8b_instruct::trivia_qa_2_60k::base::main::23590,0
ministral_8b_instruct::trivia_qa_2_60k::base::main::17923,0
ministral_8b_instruct::trivia_qa_2_60k::base::main::40804,0
ministral_8b_instruct::trivia_qa_2_60k::base::main::12640,0
ministral_8b_instruct::trivia_qa_2_60k::base::main::50445,0
ministral_8b_instruct::trivia_qa_2_60k::base::main::56506,0
ministral_8b_instruct::trivia_qa_2_60k::base::main::22990,0
ministral_8b_instruct::trivia_qa_2_60k::base::main::12510,0
ministral_8b_instruct::trivia_qa_2_60k::base::main::13664,0
ministral_8b_instruct::trivia_qa_2_60k::base::main::49527,0
ministral_8b_instruct::trivia_qa_2_60k::base::main::45731,0
ministral_8b_instruct::trivia_qa_2_60k::base::main::12888,0
ministral_8b_instruct::trivia_qa_2_60k::base::main::3892,0
ministral_8b_instruct::trivia_qa_2_60k::base::main::28123,0
ministral_8b_instruct::trivia_qa_2_60k::base::main::23678,0
ministral_8b_instruct::trivia_qa_2_60k::base::main::56381,0
ministral_8b_instruct::trivia_qa_2_60k::base::main::37602,0
ministral_8b_instruct::trivia_qa_2_60k::base::main::19473,0
ministral_8b_instruct::trivia_qa_2_60k::base::main::3510,0
ministral_8b_instruct::trivia_qa_2_60k::base::main::4574,0
ministral_8b_instruct::trivia_qa_2_60k::base::main::17329,0
ministral_8b_instruct::trivia_qa_2_60k::base::main::37036,0
ministral_8b_instruct::trivia_qa_2_60k::base::main::36720,0
ministral_8b_instruct::trivia_qa_2_60k::base::main::8610,0
ministral_8b_instruct::trivia_qa_2_60k::base::main::4617,0
ministral_8b_instruct::trivia_qa_2_60k::base::main::52996,0
ministral_8b_instruct::trivia_qa_2_60k::base::main::12140,0
ministral_8b_instruct::trivia_qa_2_60k::base::main::10512,0
ministral_8b_instruct::trivia_qa_2_60k::base::main::9271,0
ministral_8b_instruct::trivia_qa_2_60k::base::main::3512,0
ministral_8b_instruct::trivia_qa_2_60k::base::main::252,0
ministral_8b_instruct::trivia_qa_2_60k::base::main::53145,0
ministral_8b_instruct::trivia_qa_2_60k::base::main::33519,0
ministral_8b_instruct::trivia_qa_2_60k::base::main::28959,0
ministral_8b_instruct::trivia_qa_2_60k::base::main::9059,0
ministral_8b_instruct::trivia_qa_2_60k::base::main::6243,0
ministral_8b_instruct::trivia_qa_2_60k::base::main::16796,0
ministral_8b_instruct::trivia_qa_2_60k::base::main::24285,0
ministral_8b_instruct::trivia_qa_2_60k::base::main::53338,0
ministral_8b_instruct::trivia_qa_2_60k::base::main::15453,0
ministral_8b_instruct::trivia_qa_2_60k::base::main::29638,0
ministral_8b_instruct::trivia_qa_2_60k::base::main::52597,0
ministral_8b_instruct::trivia_qa_2_60k::base::main::27501,0
ministral_8b_instruct::trivia_qa_2_60k::base::main::22421,0
ministral_8b_instruct::trivia_qa_2_60k::base::main::4353,0
ministral_8b_instruct::trivia_qa_2_60k::base::main::50063,0
ministral_8b_instruct::trivia_qa_2_60k::base::main::25706,0
ministral_8b_instruct::trivia_qa_2_60k::base::main::42686,0
ministral_8b_instruct::trivia_qa_2_60k::base::main::5118,0
ministral_8b_instruct::trivia_qa_2_60k::base::main::53214,0
ministral_8b_instruct::trivia_qa_2_60k::base::main::1007,0
ministral_8b_instruct::trivia_qa_2_60k::base::main::46957,0
ministral_8b_instruct::trivia_qa_2_60k::base::main::58054,0
ministral_8b_instruct::trivia_qa_2_60k::base::main::44684,0
ministral_8b_instruct::trivia_qa_2_60k::base::main::26864,0
ministral_8b_instruct::trivia_qa_2_60k::base::main::43429,0
ministral_8b_instruct::trivia_qa_2_60k::base::main::173,0
ministral_8b_instruct::trivia_qa_2_60k::base::main::29543,0
ministral_8b_instruct::trivia_qa_2_60k::base::main::31432,0
ministral_8b_instruct::trivia_qa_2_60k::base::main::20351,0
ministral_8b_instruct::trivia_qa_2_60k::base::main::5164,0
ministral_8b_instruct::trivia_qa_2_60k::base::main::45696,0
ministral_8b_instruct::trivia_qa_2_60k::base::main::38749,0
ministral_8b_instruct::trivia_qa_2_60k::base::main::28597,0
ministral_8b_instruct::trivia_qa_2_60k::base::main::12630,0
ministral_8b_instruct::trivia_qa_2_60k::base::main::45653,0
ministral_8b_instruct::trivia_qa_2_60k::base::main::32771,0
ministral_8b_instruct::trivia_qa_2_60k::base::main::25731,0
ministral_8b_instruct::trivia_qa_2_60k::base::main::50837,0
ministral_8b_instruct::trivia_qa_2_60k::base::main::32592,0
ministral_8b_instruct::trivia_qa_2_60k::base::main::7617,0
ministral_8b_instruct::trivia_qa_2_60k::base::main::31506,0
ministral_8b_instruct::trivia_qa_2_60k::base::main::15222,0
ministral_8b_instruct::trivia_qa_2_60k::base::main::18134,0
ministral_8b_instruct::trivia_qa_2_60k::base::main::5184,0
ministral_8b_instruct::trivia_qa_2_60k::base::main::48928,0
ministral_8b_instruct::trivia_qa_2_60k::base::main::17043,0
ministral_8b_instruct::trivia_qa_2_60k::base::main::31134,0
ministral_8b_instruct::trivia_qa_2_60k::base::main::41974,0
ministral_8b_instruct::trivia_qa_2_60k::base::main::29900,0
ministral_8b_instruct::trivia_qa_2_60k::base::main::13614,0
ministral_8b_instruct::trivia_qa_2_60k::base::main::32990,0
ministral_8b_instruct::trivia_qa_2_60k::base::main::10068,0
ministral_8b_instruct::trivia_qa_2_60k::base::main::12230,0
ministral_8b_instruct::trivia_qa_2_60k::base::main::14240,0
ministral_8b_instruct::trivia_qa_2_60k::base::main::2258,0
ministral_8b_instruct::trivia_qa_2_60k::base::main::49145,0
ministral_8b_instruct::trivia_qa_2_60k::base::main::58263,0
ministral_8b_instruct::trivia_qa_2_60k::base::main::32612,0
ministral_8b_instruct::trivia_qa_2_60k::base::main::26566,0
ministral_8b_instruct::trivia_qa_2_60k::base::main::54105,0
ministral_8b_instruct::trivia_qa_2_60k::base::main::21343,0
ministral_8b_instruct::trivia_qa_2_60k::base::main::47242,0
ministral_8b_instruct::trivia_qa_2_60k::base::main::21350,0
ministral_8b_instruct::trivia_qa_2_60k::base::main::37917,0
ministral_8b_instruct::trivia_qa_2_60k::base::main::35329,0
ministral_8b_instruct::trivia_qa_2_60k::base::main::31298,0
ministral_8b_instruct::trivia_qa_2_60k::base::main::15923,0
ministral_8b_instruct::trivia_qa_2_60k::base::main::33366,0
ministral_8b_instruct::trivia_qa_2_60k::base::main::2332,0
ministral_8b_instruct::trivia_qa_2_60k::base::main::43264,0
ministral_8b_instruct::trivia_qa_2_60k::base::main::44398,0
ministral_8b_instruct::trivia_qa_2_60k::base::main::30281,0
ministral_8b_instruct::trivia_qa_2_60k::base::main::16791,0
ministral_8b_instruct::trivia_qa_2_60k::base::main::11576,0
ministral_8b_instruct::trivia_qa_2_60k::base::main::16315,0
ministral_8b_instruct::trivia_qa_2_60k::base::main::50237,0
ministral_8b_instruct::trivia_qa_2_60k::base::main::11407,0
ministral_8b_instruct::trivia_qa_2_60k::base::main::47994,0
ministral_8b_instruct::trivia_qa_2_60k::base::main::34199,0
ministral_8b_instruct::trivia_qa_2_60k::base::main::57981,0
ministral_8b_instruct::trivia_qa_2_60k::base::main::2617,0
ministral_8b_instruct::trivia_qa_2_60k::base::main::47822,0
ministral_8b_instruct::trivia_qa_2_60k::base::main::23436,0
ministral_8b_instruct::trivia_qa_2_60k::base::main::3033,0
ministral_8b_instruct::trivia_qa_2_60k::base::main::3337,0
ministral_8b_instruct::trivia_qa_2_60k::base::main::49482,0
ministral_8b_instruct::trivia_qa_2_60k::base::main::16585,0
ministral_8b_instruct::trivia_qa_2_60k::base::main::44201,0
ministral_8b_instruct::trivia_qa_2_60k::base::main::12280,0
ministral_8b_instruct::trivia_qa_2_60k::base::main::10265,0
ministral_8b_instruct::trivia_qa_2_60k::base::main::12323,0
ministral_8b_instruct::trivia_qa_2_60k::base::main::53923,0
ministral_8b_instruct::trivia_qa_2_60k::base::main::28503,0
ministral_8b_instruct::trivia_qa_2_60k::base::main::12299,0
ministral_8b_instruct::trivia_qa_2_60k::base::main::9442,0
ministral_8b_instruct::trivia_qa_2_60k::base::main::16930,0
ministral_8b_instruct::trivia_qa_2_60k::base::main::27083,0
ministral_8b_instruct::trivia_qa_2_60k::base::main::26106,0
ministral_8b_instruct::trivia_qa_2_60k::base::main::4674,0
ministral_8b_instruct::trivia_qa_2_60k::base::main::33510,0
ministral_8b_instruct::trivia_qa_2_60k::base::main::14678,0
ministral_8b_instruct::trivia_qa_2_60k::base::main::4835,0
ministral_8b_instruct::trivia_qa_2_60k::base::main::55987,0
ministral_8b_instruct::trivia_qa_2_60k::base::main::12255,0
ministral_8b_instruct::trivia_qa_2_60k::base::main::13204,0
ministral_8b_instruct::trivia_qa_2_60k::base::main::54318,0
ministral_8b_instruct::trivia_qa_2_60k::base::main::36873,0
ministral_8b_instruct::trivia_qa_2_60k::base::main::37622,0
ministral_8b_instruct::trivia_qa_2_60k::base::main::12662,0
ministral_8b_instruct::trivia_qa_2_60k::base::main::41359,0
ministral_8b_instruct::trivia_qa_2_60k::base::main::1620,0
ministral_8b_instruct::trivia_qa_2_60k::base::main::36907,0
ministral_8b_instruct::trivia_qa_2_60k::base::main::42257,0
ministral_8b_instruct::trivia_qa_2_60k::base::main::40042,0
ministral_8b_instruct::trivia_qa_2_60k::base::main::51061,0
ministral_8b_instruct::trivia_qa_2_60k::base::main::48975,0
ministral_8b_instruct::trivia_qa_2_60k::base::main::25358,0
ministral_8b_instruct::trivia_qa_2_60k::base::main::3248,0
ministral_8b_instruct::trivia_qa_2_60k::base::main::13418,0
ministral_8b_instruct::trivia_qa_2_60k::base::main::49803,0
ministral_8b_instruct::trivia_qa_2_60k::base::main::3566,0
ministral_8b_instruct::trivia_qa_2_60k::base::main::38157,0
ministral_8b_instruct::trivia_qa_2_60k::base::main::48838,0
ministral_8b_instruct::trivia_qa_2_60k::base::main::17933,0
ministral_8b_instruct::trivia_qa_2_60k::base::main::1917,0
