sample_id,label
ministral_8b_instruct::trivia_qa_2_60k::base::main::52884,1
ministral_8b_instruct::trivia_qa_2_60k::base::main::55315,1
ministral_8b_instruct::trivia_qa_2_60k::base::main::22186,1
ministral_8b_instruct::trivia_qa_2_60k::base::main::35340,1
ministral_8b_instruct::trivia_qa_2_60k::base::main::25911,1
ministral_8b_instruct::trivia_qa_2_60k::base::main::13056,1
ministral_8b_instruct::trivia_qa_2_60k::base::main::52354,1
ministral_8b_instruct::trivia_qa_2_60k::base::main::30106,1
ministral_8b_instruct::trivia_qa_2_60k::base::main::38199,1
ministral_8b_instruct::trivia_qa_2_60k::base::main::57996,1
ministral_8b_instruct::trivia_qa_2_60k::base::main::10560,1
ministral_8b_instruct::trivia_qa_2_60k::base::main::25322,1
ministral_8b_instruct::trivia_qa_2_60k::base::main::17760,1
ministral_8b_instruct::trivia_qa_2_60k::base::main::22923,1
ministral_8b_instruct::trivia_qa_2_60k::base::main::56210,1
ministral_8b_instruct::trivia_qa_2_60k::base::main::57016,1
ministral_8b_instruct::trivia_qa_2_60k::base::main::44887,1
ministral_8b_instruct::trivia_qa_2_60k::base::main::32037,1
ministral_8b_instruct::trivia_qa_2_60k::base::main::36622,1
ministral_8b_instruct::trivia_qa_2_60k::base::main::28207,1
ministral_8b_instruct::trivia_qa_2_60k::base::main::30740,1
ministral_8b_instruct::trivia_qa_2_60k::base::main::35696,1
ministral_8b_instruct::trivia_qa_2_60k::base::main::42681,1
ministral_8b_instruct::trivia_qa_2_60k::base::main::15348,1
ministral_8b_instruct::trivia_qa_2_60k::base::main::2147,1
ministral_8b_instruct::trivia_qa_2_60k::base::main::54802,1
ministral_8b_instruct::trivia_qa_2_60k::base::main::53474,1
ministral_8b_instruct::trivia_qa_2_60k::base::main::5849,1
ministral_8b_instruct::trivia_qa_2_60k::base::main::52133,1
ministral_8b_instruct::trivia_qa_2_60k::base::main::14936,1
ministral_8b_instruct::trivia_qa_2_60k::base::main::51882,1
ministral_8b_instruct::trivia_qa_2_60k::base::main::56387,1
ministral_8b_instruct::trivia_qa_2_60k::base::main::46797,1
ministral_8b_instruct::trivia_qa_2_60k::base::main::15040,1
ministral_8b_instruct::trivia_qa_2_60k::base::main::27719,1
ministral_8b_instruct::trivia_qa_2_60k::base::main::55256,1
ministral_8b_instruct::trivia_qa_2_60k::base::main::8784,1
ministral_8b_instruct::trivia_qa_2_60k::base::main::31850,1
ministral_8b_instruct::trivia_qa_2_60k::base::main::34704,1
ministral_8b_instruct::trivia_qa_2_60k::base::main::7971,1
ministral_8b_instruct::trivia_qa_2_60k::base::main::13546,1
ministral_8b_instruct::trivia_qa_2_60k::base::main::22785,1
ministral_8b_instruct::trivia_qa_2_60k::base::main::56754,1
ministral_8b_instruct::trivia_qa_2_60k::base::main::26972,1
ministral_8b_instruct::trivia_qa_2_60k::base::main::4481,1
ministral_8b_instruct::trivia_qa_2_60k::base::main::2475,1
ministral_8b_instruct::trivia_qa_2_60k::base::main::9449,1
ministral_8b_instruct::trivia_qa_2_60k::base::main::3691,1
ministral_8b_instruct::trivia_qa_2_60k::base::main::53025,1
ministral_8b_instruct::trivia_qa_2_60k::base::main::20131,1
ministral_8b_instruct::trivia_qa_2_60k::base::main::32569,1
ministral_8b_instruct::trivia_qa_2_60k::base::main::9421,1
ministral_8b_instruct::trivia_qa_2_60k::base::main::34174,1
ministral_8b_instruct::trivia_qa_2_60k::base::main::19350,1
ministral_8b_instruct::trivia_qa_2_60k::base::main::1138,1
ministral_8b_instruct::trivia_qa_2_60k::base::main::31791,1
ministral_8b_instruct::trivia_qa_2_60k::base::main::29174,1
ministral_8b_instruct::trivia_qa_2_60k::base::main::17540,1
ministral_8b_instruct::trivia_qa_2_60k::base::main::1974,1
ministral_8b_instruct::trivia_qa_2_60k::base::main::15554,1
ministral_8b_instruct::trivia_qa_2_60k::base::main::38072,1
ministral_8b_instruct::trivia_qa_2_60k::base::main::21275,1
ministral_8b_instruct::trivia_qa_2_60k::base::main::48149,1
ministral_8b_instruct::trivia_qa_2_60k::base::main::41943,1
ministral_8b_instruct::trivia_qa_2_60k::base::main::54718,1
ministral_8b_instruct::trivia_qa_2_60k::base::main::40283,1
ministral_8b_instruct::trivia_qa_2_60k::base::main::34811,1
ministral_8b_instruct::trivia_qa_2_60k::base::main::11926,1
ministral_8b_instruct::trivia_qa_2_60k::base::main::22031,1
ministral_8b_instruct::trivia_qa_2_60k::base::main::10682,1
ministral_8b_instruct::trivia_qa_2_60k::base::main::28570,1
ministral_8b_instruct::trivia_qa_2_60k::base::main::17081,1
ministral_8b_instruct::trivia_qa_2_60k::base::main::2275,1
ministral_8b_instruct::trivia_qa_2_60k::base::main::16738,1
ministral_8b_instruct::trivia_qa_2_60k::base::main::10337,1
ministral_8b_instruct::trivia_qa_2_60k::base::main::40321,1
ministral_8b_instruct::trivia_qa_2_60k::base::main::1233,1
ministral_8b_instruct::trivia_qa_2_60k::base::main::58349,1
ministral_8b_instruct::trivia_qa_2_60k::base::main::39832,1
ministral_8b_instruct::trivia_qa_2_60k::base::main::37479,1
ministral_8b_instruct::trivia_qa_2_60k::base::main::53137,1
ministral_8b_instruct::trivia_qa_2_60k::base::main::41034,1
ministral_8b_instruct::trivia_qa_2_60k::base::main::6191,1
ministral_8b_instruct::trivia_qa_2_60k::base::main::3639,1
ministral_8b_instruct::trivia_qa_2_60k::base::main::41948,1
ministral_8b_instruct::trivia_qa_2_60k::base::main::10914,1
ministral_8b_instruct::trivia_qa_2_60k::base::main::39493,1
ministral_8b_instruct::trivia_qa_2_60k::base::main::131,1
ministral_8b_instruct::trivia_qa_2_60k::base::main::15885,1
ministral_8b_instruct::trivia_qa_2_60k::base::main::20865,1
ministral_8b_instruct::trivia_qa_2_60k::base::main::24273,1
ministral_8b_instruct::trivia_qa_2_60k::base::main::24582,1
ministral_8b_instruct::trivia_qa_2_60k::base::main::519,1
ministral_8b_instruct::trivia_qa_2_60k::base::main::36775,1
ministral_8b_instruct::trivia_qa_2_60k::base::main::34340,1
ministral_8b_instruct::trivia_qa_2_60k::base::main::18413,1
ministral_8b_instruct::trivia_qa_2_60k::base::main::51594,1
ministral_8b_instruct::trivia_qa_2_60k::base::main::49494,1
ministral_8b_instruct::trivia_qa_2_60k::base::main::45969,1
ministral_8b_instruct::trivia_qa_2_60k::base::main::43204,1
ministral_8b_instruct::trivia_qa_2_60k::base::main::40795,1
ministral_8b_instruct::trivia_qa_2_60k::base::main::40306,1
ministral_8b_instruct::trivia_qa_2_60k::base::main::24667,1
ministral_8b_instruct::trivia_qa_2_60k::base::main::18314,1
ministral_8b_instruct::trivia_qa_2_60k::base::main::15698,1
ministral_8b_instruct::trivia_qa_2_60k::base::main::1849,1
ministral_8b_instruct::trivia_qa_2_60k::base::main::111,1
ministral_8b_instruct::trivia_qa_2_60k::base::main::58407,1
ministral_8b_instruct::trivia_qa_2_60k::base::main::21829,1
ministral_8b_instruct::trivia_qa_2_60k::base::main::24882,1
ministral_8b_instruct::trivia_qa_2_60k::base::main::20685,1
ministral_8b_instruct::trivia_qa_2_60k::base::main::2321,1
ministral_8b_instruct::trivia_qa_2_60k::base::main::33972,1
ministral_8b_instruct::trivia_qa_2_60k::base::main::49026,1
ministral_8b_instruct::trivia_qa_2_60k::base::main::26603,1
ministral_8b_instruct::trivia_qa_2_60k::base::main::27356,1
ministral_8b_instruct::trivia_qa_2_60k::base::main::3578,1
ministral_8b_instruct::trivia_qa_2_60k::base::main::20442,1
ministral_8b_instruct::trivia_qa_2_60k::base::main::35547,1
ministral_8b_instruct::trivia_qa_2_60k::base::main::44726,1
ministral_8b_instruct::trivia_qa_2_60k::base::main::58079,1
ministral_8b_instruct::trivia_qa_2_60k::base::main::39257,1
ministral_8b_instruct::trivia_qa_2_60k::base::main::29964,1
ministral_8b_instruct::trivia_qa_2_60k::base::main::22338,1
ministral_8b_instruct::trivia_qa_2_60k::base::main::38586,1
ministral_8b_instruct::trivia_qa_2_60k::base::main::26767,1
ministral_8b_instruct::trivia_qa_2_60k::base::main::48674,1
ministral_8b_instruct::trivia_qa_2_60k::base::main::14746,1
ministral_8b_instruct::trivia_qa_2_60k::base::main::49424,1
ministral_8b_instruct::trivia_qa_2_60k::base::main::34899,1
ministral_8b_instruct::trivia_qa_2_60k::base::main::44521,1
ministral_8b_instruct::trivia_qa_2_60k::base::main::10681,1
ministral_8b_instruct::trivia_qa_2_60k::base::main::25209,1
ministral_8b_instruct::trivia_qa_2_60k::base::main::53931,1
ministral_8b_instruct::trivia_qa_2_60k::base::main::40001,1
ministral_8b_instruct::trivia_qa_2_60k::base::main::14671,1
ministral_8b_instruct::trivia_qa_2_60k::base::main::26147,1
ministral_8b_instruct::trivia_qa_2_60k::base::main::36683,1
ministral_8b_instruct::trivia_qa_2_60k::base::main::58465,1
ministral_8b_instruct::trivia_qa_2_60k::base::main::9516,1
ministral_8b_instruct::trivia_qa_2_60k::base::main::18928,1
ministral_8b_instruct::trivia_qa_2_60k::base::main::21528,1
ministral_8b_instruct::trivia_qa_2_60k::base::main::381,1
ministral_8b_instruct::trivia_qa_2_60k::base::main::12509,1
ministral_8b_instruct::trivia_qa_2_60k::base::main::33021,1
ministral_8b_instruct::trivia_qa_2_60k::base::main::32180,1
ministral_8b_instruct::trivia_qa_2_60k::base::main::9982,1
ministral_8b_instruct::trivia_qa_2_60k::base::main::55969,1
ministral_8b_instruct::trivia_qa_2_60k::base::main::24740,1
ministral_8b_instruct::trivia_qa_2_60k::base::main::55796,1
ministral_8b_instruct::trivia_qa_2_60k::base::main::41619,1
ministral_8b_instruct::trivia_qa_2_60k::base::main::6439,1
ministral_8b_instruct::trivia_qa_2_60k::base::main::2624,1
ministral_8b_instruct::trivia_qa_2_60k::base::main::13938,1
ministral_8b_instruct::trivia_qa_2_60k::base::main::53985,1
ministral_8b_instruct::trivia_qa_2_60k::base::main::29949,1
ministral_8b_instruct::trivia_qa_2_60k::base::main::35507,1
ministral_8b_instruct::trivia_qa_2_60k::base::main::22541,1
ministral_8b_instruct::trivia_qa_2_60k::base::main::11989,1
ministral_8b_instruct::trivia_qa_2_60k::base::main::10905,1
ministral_8b_instruct::trivia_qa_2_60k::base::main::13325,1
ministral_8b_instruct::trivia_qa_2_60k::base::main::42319,1
ministral_8b_instruct::trivia_qa_2_60k::base::main::35803,1
ministral_8b_instruct::trivia_qa_2_60k::base::main::36978,1
ministral_8b_instruct::trivia_qa_2_60k::base::main::55821,1
ministral_8b_instruct::trivia_qa_2_60k::base::main::10806,1
ministral_8b_instruct::trivia_qa_2_60k::base::main::19356,1
ministral_8b_instruct::trivia_qa_2_60k::base::main::40443,1
ministral_8b_instruct::trivia_qa_2_60k::base::main::3120,1
ministral_8b_instruct::trivia_qa_2_60k::base::main::14612,1
ministral_8b_instruct::trivia_qa_2_60k::base::main::57854,1
ministral_8b_instruct::trivia_qa_2_60k::base::main::55134,1
ministral_8b_instruct::trivia_qa_2_60k::base::main::30514,1
ministral_8b_instruct::trivia_qa_2_60k::base::main::50415,1
ministral_8b_instruct::trivia_qa_2_60k::base::main::11468,1
ministral_8b_instruct::trivia_qa_2_60k::base::main::53933,1
ministral_8b_instruct::trivia_qa_2_60k::base::main::56979,1
ministral_8b_instruct::trivia_qa_2_60k::base::main::36936,1
ministral_8b_instruct::trivia_qa_2_60k::base::main::5795,1
ministral_8b_instruct::trivia_qa_2_60k::base::main::49914,1
ministral_8b_instruct::trivia_qa_2_60k::base::main::10556,1
ministral_8b_instruct::trivia_qa_2_60k::base::main::9943,1
ministral_8b_instruct::trivia_qa_2_60k::base::main::1905,1
ministral_8b_instruct::trivia_qa_2_60k::base::main::10449,1
ministral_8b_instruct::trivia_qa_2_60k::base::main::52480,1
ministral_8b_instruct::trivia_qa_2_60k::base::main::5798,1
ministral_8b_instruct::trivia_qa_2_60k::base::main::56959,1
ministral_8b_instruct::trivia_qa_2_60k::base::main::55783,1
ministral_8b_instruct::trivia_qa_2_60k::base::main::23230,1
ministral_8b_instruct::trivia_qa_2_60k::base::main::58472,1
ministral_8b_instruct::trivia_qa_2_60k::base::main::1081,1
ministral_8b_instruct::trivia_qa_2_60k::base::main::25932,1
ministral_8b_instruct::trivia_qa_2_60k::base::main::25121,1
ministral_8b_instruct::trivia_qa_2_60k::base::main::12940,1
ministral_8b_instruct::trivia_qa_2_60k::base::main::23652,1
ministral_8b_instruct::trivia_qa_2_60k::base::main::4642,1
ministral_8b_instruct::trivia_qa_2_60k::base::main::15894,1
ministral_8b_instruct::trivia_qa_2_60k::base::main::4856,1
ministral_8b_instruct::trivia_qa_2_60k::base::main::50033,1
ministral_8b_instruct::trivia_qa_2_60k::base::main::54377,1
ministral_8b_instruct::trivia_qa_2_60k::base::main::14130,1
ministral_8b_instruct::trivia_qa_2_60k::base::main::10463,1
ministral_8b_instruct::trivia_qa_2_60k::base::main::14380,1
ministral_8b_instruct::trivia_qa_2_60k::base::main::27200,1
ministral_8b_instruct::trivia_qa_2_60k::base::main::7584,1
ministral_8b_instruct::trivia_qa_2_60k::base::main::49182,1
ministral_8b_instruct::trivia_qa_2_60k::base::main::11425,1
ministral_8b_instruct::trivia_qa_2_60k::base::main::18927,1
ministral_8b_instruct::trivia_qa_2_60k::base::main::10675,1
ministral_8b_instruct::trivia_qa_2_60k::base::main::11273,1
ministral_8b_instruct::trivia_qa_2_60k::base::main::28405,1
ministral_8b_instruct::trivia_qa_2_60k::base::main::2987,1
ministral_8b_instruct::trivia_qa_2_60k::base::main::37947,1
ministral_8b_instruct::trivia_qa_2_60k::base::main::43235,1
ministral_8b_instruct::trivia_qa_2_60k::base::main::6053,1
ministral_8b_instruct::trivia_qa_2_60k::base::main::58494,1
ministral_8b_instruct::trivia_qa_2_60k::base::main::58538,1
ministral_8b_instruct::trivia_qa_2_60k::base::main::14634,1
ministral_8b_instruct::trivia_qa_2_60k::base::main::22905,1
ministral_8b_instruct::trivia_qa_2_60k::base::main::19306,1
ministral_8b_instruct::trivia_qa_2_60k::base::main::36257,1
ministral_8b_instruct::trivia_qa_2_60k::base::main::15386,1
ministral_8b_instruct::trivia_qa_2_60k::base::main::27812,1
ministral_8b_instruct::trivia_qa_2_60k::base::main::27285,1
ministral_8b_instruct::trivia_qa_2_60k::base::main::53860,1
ministral_8b_instruct::trivia_qa_2_60k::base::main::22525,1
ministral_8b_instruct::trivia_qa_2_60k::base::main::47921,1
ministral_8b_instruct::trivia_qa_2_60k::base::main::57227,1
ministral_8b_instruct::trivia_qa_2_60k::base::main::7196,1
ministral_8b_instruct::trivia_qa_2_60k::base::main::45679,1
ministral_8b_instruct::trivia_qa_2_60k::base::main::36956,1
ministral_8b_instruct::trivia_qa_2_60k::base::main::11277,1
ministral_8b_instruct::trivia_qa_2_60k::base::main::2737,1
ministral_8b_instruct::trivia_qa_2_60k::base::main::32213,1
ministral_8b_instruct::trivia_qa_2_60k::base::main::49916,1
ministral_8b_instruct::trivia_qa_2_60k::base::main::50831,1
ministral_8b_instruct::trivia_qa_2_60k::base::main::15905,1
ministral_8b_instruct::trivia_qa_2_60k::base::main::20401,1
ministral_8b_instruct::trivia_qa_2_60k::base::main::49365,1
ministral_8b_instruct::trivia_qa_2_60k::base::main::22208,1
ministral_8b_instruct::trivia_qa_2_60k::base::main::54504,1
ministral_8b_instruct::trivia_qa_2_60k::base::main::13584,1
ministral_8b_instruct::trivia_qa_2_60k::base::main::32356,1
ministral_8b_instruct::trivia_qa_2_60k::base::main::22917,1
ministral_8b_instruct::trivia_qa_2_60k::base::main::47279,1
ministral_8b_instruct::trivia_qa_2_60k::base::main::5966,1
ministral_8b_instruct::trivia_qa_2_60k::base::main::32676,1
ministral_8b_instruct::trivia_qa_2_60k::base::main::4008,1
ministral_8b_instruct::trivia_qa_2_60k::base::main::2554,1
ministral_8b_instruct::trivia_qa_2_60k::base::main::48732,1
ministral_8b_instruct::trivia_qa_2_60k::base::main::9338,1
ministral_8b_instruct::trivia_qa_2_60k::base::main::24400,1
ministral_8b_instruct::trivia_qa_2_60k::base::main::45097,1
ministral_8b_instruct::trivia_qa_2_60k::base::main::8403,1
ministral_8b_instruct::trivia_qa_2_60k::base::main::39293,1
ministral_8b_instruct::trivia_qa_2_60k::base::main::40103,1
ministral_8b_instruct::trivia_qa_2_60k::base::main::44134,1
ministral_8b_instruct::trivia_qa_2_60k::base::main::15783,1
ministral_8b_instruct::trivia_qa_2_60k::base::main::49896,1
ministral_8b_instruct::trivia_qa_2_60k::base::main::40719,1
ministral_8b_instruct::trivia_qa_2_60k::base::main::25045,1
ministral_8b_instruct::trivia_qa_2_60k::base::main::43401,1
ministral_8b_instruct::trivia_qa_2_60k::base::main::30236,1
ministral_8b_instruct::trivia_qa_2_60k::base::main::28540,1
ministral_8b_instruct::trivia_qa_2_60k::base::main::55664,1
ministral_8b_instruct::trivia_qa_2_60k::base::main::2701,1
ministral_8b_instruct::trivia_qa_2_60k::base::main::15085,1
ministral_8b_instruct::trivia_qa_2_60k::base::main::13097,1
ministral_8b_instruct::trivia_qa_2_60k::base::main::45816,1
ministral_8b_instruct::trivia_qa_2_60k::base::main::15004,1
ministral_8b_instruct::trivia_qa_2_60k::base::main::1639,1
ministral_8b_instruct::trivia_qa_2_60k::base::main::7486,1
ministral_8b_instruct::trivia_qa_2_60k::base::main::46453,1
ministral_8b_instruct::trivia_qa_2_60k::base::main::25856,1
ministral_8b_instruct::trivia_qa_2_60k::base::main::27816,1
ministral_8b_instruct::trivia_qa_2_60k::base::main::11528,1
ministral_8b_instruct::trivia_qa_2_60k::base::main::13176,1
ministral_8b_instruct::trivia_qa_2_60k::base::main::37753,1
ministral_8b_instruct::trivia_qa_2_60k::base::main::24948,1
ministral_8b_instruct::trivia_qa_2_60k::base::main::19692,1
ministral_8b_instruct::trivia_qa_2_60k::base::main::23970,1
ministral_8b_instruct::trivia_qa_2_60k::base::main::33618,1
ministral_8b_instruct::trivia_qa_2_60k::base::main::49364,1
ministral_8b_instruct::trivia_qa_2_60k::base::main::1098,1
ministral_8b_instruct::trivia_qa_2_60k::base::main::24985,1
ministral_8b_instruct::trivia_qa_2_60k::base::main::8605,1
ministral_8b_instruct::trivia_qa_2_60k::base::main::7824,1
ministral_8b_instruct::trivia_qa_2_60k::base::main::11356,1
ministral_8b_instruct::trivia_qa_2_60k::base::main::54379,1
ministral_8b_instruct::trivia_qa_2_60k::base::main::13868,1
ministral_8b_instruct::trivia_qa_2_60k::base::main::10551,1
ministral_8b_instruct::trivia_qa_2_60k::base::main::30287,1
ministral_8b_instruct::trivia_qa_2_60k::base::main::46115,1
ministral_8b_instruct::trivia_qa_2_60k::base::main::22431,1
ministral_8b_instruct::trivia_qa_2_60k::base::main::30822,1
ministral_8b_instruct::trivia_qa_2_60k::base::main::7392,1
ministral_8b_instruct::trivia_qa_2_60k::base::main::12470,1
ministral_8b_instruct::trivia_qa_2_60k::base::main::7015,1
ministral_8b_instruct::trivia_qa_2_60k::base::main::56070,1
ministral_8b_instruct::trivia_qa_2_60k::base::main::46280,1
ministral_8b_instruct::trivia_qa_2_60k::base::main::40856,1
ministral_8b_instruct::trivia_qa_2_60k::base::main::35278,1
ministral_8b_instruct::trivia_qa_2_60k::base::main::45553,1
ministral_8b_instruct::trivia_qa_2_60k::base::main::17678,1
ministral_8b_instruct::trivia_qa_2_60k::base::main::42493,1
ministral_8b_instruct::trivia_qa_2_60k::base::main::14187,1
ministral_8b_instruct::trivia_qa_2_60k::base::main::54162,1
ministral_8b_instruct::trivia_qa_2_60k::base::main::55605,1
ministral_8b_instruct::trivia_qa_2_60k::base::main::7384,1
ministral_8b_instruct::trivia_qa_2_60k::base::main::19748,1
ministral_8b_instruct::trivia_qa_2_60k::base::main::20891,1
ministral_8b_instruct::trivia_qa_2_60k::base::main::7604,1
ministral_8b_instruct::trivia_qa_2_60k::base::main::8759,1
ministral_8b_instruct::trivia_qa_2_60k::base::main::20760,1
ministral_8b_instruct::trivia_qa_2_60k::base::main::1875,1
ministral_8b_instruct::trivia_qa_2_60k::base::main::51001,1
ministral_8b_instruct::trivia_qa_2_60k::base::main::33455,1
ministral_8b_instruct::trivia_qa_2_60k::base::main::31488,1
ministral_8b_instruct::trivia_qa_2_60k::base::main::29347,1
ministral_8b_instruct::trivia_qa_2_60k::base::main::52231,1
ministral_8b_instruct::trivia_qa_2_60k::base::main::19599,1
ministral_8b_instruct::trivia_qa_2_60k::base::main::51672,1
ministral_8b_instruct::trivia_qa_2_60k::base::main::57817,1
ministral_8b_instruct::trivia_qa_2_60k::base::main::51556,1
ministral_8b_instruct::trivia_qa_2_60k::base::main::35913,1
ministral_8b_instruct::trivia_qa_2_60k::base::main::30411,1
ministral_8b_instruct::trivia_qa_2_60k::base::main::18915,1
ministral_8b_instruct::trivia_qa_2_60k::base::main::2151,1
ministral_8b_instruct::trivia_qa_2_60k::base::main::56401,1
ministral_8b_instruct::trivia_qa_2_60k::base::main::15325,1
ministral_8b_instruct::trivia_qa_2_60k::base::main::6595,1
ministral_8b_instruct::trivia_qa_2_60k::base::main::51533,1
ministral_8b_instruct::trivia_qa_2_60k::base::main::23087,1
ministral_8b_instruct::trivia_qa_2_60k::base::main::27931,1
ministral_8b_instruct::trivia_qa_2_60k::base::main::14890,1
ministral_8b_instruct::trivia_qa_2_60k::base::main::18942,1
ministral_8b_instruct::trivia_qa_2_60k::base::main::55422,1
ministral_8b_instruct::trivia_qa_2_60k::base::main::11160,1
ministral_8b_instruct::trivia_qa_2_60k::base::main::38339,1
ministral_8b_instruct::trivia_qa_2_60k::base::main::36328,1
ministral_8b_instruct::trivia_qa_2_60k::base::main::29068,1
ministral_8b_instruct::trivia_qa_2_60k::base::main::47531,1
ministral_8b_instruct::trivia_qa_2_60k::base::main::55307,1
ministral_8b_instruct::trivia_qa_2_60k::base::main::15868,1
ministral_8b_instruct::trivia_qa_2_60k::base::main::4876,1
ministral_8b_instruct::trivia_qa_2_60k::base::main::30789,1
ministral_8b_instruct::trivia_qa_2_60k::base::main::42924,1
ministral_8b_instruct::trivia_qa_2_60k::base::main::27315,1
ministral_8b_instruct::trivia_qa_2_60k::base::main::4488,1
ministral_8b_instruct::trivia_qa_2_60k::base::main::44250,1
ministral_8b_instruct::trivia_qa_2_60k::base::main::49571,1
ministral_8b_instruct::trivia_qa_2_60k::base::main::30468,1
ministral_8b_instruct::trivia_qa_2_60k::base::main::42754,1
ministral_8b_instruct::trivia_qa_2_60k::base::main::35836,1
ministral_8b_instruct::trivia_qa_2_60k::base::main::11549,1
ministral_8b_instruct::trivia_qa_2_60k::base::main::57072,1
ministral_8b_instruct::trivia_qa_2_60k::base::main::9468,1
ministral_8b_instruct::trivia_qa_2_60k::base::main::37421,1
ministral_8b_instruct::trivia_qa_2_60k::base::main::43017,1
ministral_8b_instruct::trivia_qa_2_60k::base::main::43368,1
ministral_8b_instruct::trivia_qa_2_60k::base::main::7700,1
ministral_8b_instruct::trivia_qa_2_60k::base::main::50094,1
ministral_8b_instruct::trivia_qa_2_60k::base::main::21861,1
ministral_8b_instruct::trivia_qa_2_60k::base::main::3330,1
ministral_8b_instruct::trivia_qa_2_60k::base::main::22799,1
ministral_8b_instruct::trivia_qa_2_60k::base::main::28737,1
ministral_8b_instruct::trivia_qa_2_60k::base::main::3150,1
ministral_8b_instruct::trivia_qa_2_60k::base::main::34463,1
ministral_8b_instruct::trivia_qa_2_60k::base::main::37494,1
ministral_8b_instruct::trivia_qa_2_60k::base::main::7910,1
ministral_8b_instruct::trivia_qa_2_60k::base::main::45328,1
ministral_8b_instruct::trivia_qa_2_60k::base::main::57290,1
ministral_8b_instruct::trivia_qa_2_60k::base::main::35834,1
ministral_8b_instruct::trivia_qa_2_60k::base::main::26087,1
ministral_8b_instruct::trivia_qa_2_60k::base::main::21042,1
ministral_8b_instruct::trivia_qa_2_60k::base::main::9639,1
ministral_8b_instruct::trivia_qa_2_60k::base::main::20820,1
ministral_8b_instruct::trivia_qa_2_60k::base::main::49780,1
ministral_8b_instruct::trivia_qa_2_60k::base::main::11150,1
ministral_8b_instruct::trivia_qa_2_60k::base::main::47520,1
ministral_8b_instruct::trivia_qa_2_60k::base::main::57091,1
ministral_8b_instruct::trivia_qa_2_60k::base::main::10224,1
ministral_8b_instruct::trivia_qa_2_60k::base::main::48087,1
ministral_8b_instruct::trivia_qa_2_60k::base::main::35935,1
ministral_8b_instruct::trivia_qa_2_60k::base::main::33231,1
ministral_8b_instruct::trivia_qa_2_60k::base::main::32218,1
ministral_8b_instruct::trivia_qa_2_60k::base::main::58383,1
ministral_8b_instruct::trivia_qa_2_60k::base::main::1021,1
ministral_8b_instruct::trivia_qa_2_60k::base::main::3922,1
ministral_8b_instruct::trivia_qa_2_60k::base::main::25930,1
ministral_8b_instruct::trivia_qa_2_60k::base::main::34846,1
ministral_8b_instruct::trivia_qa_2_60k::base::main::23324,1
ministral_8b_instruct::trivia_qa_2_60k::base::main::39622,1
ministral_8b_instruct::trivia_qa_2_60k::base::main::42472,1
ministral_8b_instruct::trivia_qa_2_60k::base::main::45389,1
ministral_8b_instruct::trivia_qa_2_60k::base::main::40854,1
ministral_8b_instruct::trivia_qa_2_60k::base::main::37682,1
ministral_8b_instruct::trivia_qa_2_60k::base::main::34055,1
ministral_8b_instruct::trivia_qa_2_60k::base::main::14274,1
ministral_8b_instruct::trivia_qa_2_60k::base::main::45671,1
ministral_8b_instruct::trivia_qa_2_60k::base::main::58231,1
ministral_8b_instruct::trivia_qa_2_60k::base::main::42705,1
ministral_8b_instruct::trivia_qa_2_60k::base::main::27845,1
ministral_8b_instruct::trivia_qa_2_60k::base::main::29659,1
ministral_8b_instruct::trivia_qa_2_60k::base::main::54567,1
ministral_8b_instruct::trivia_qa_2_60k::base::main::27519,1
ministral_8b_instruct::trivia_qa_2_60k::base::main::28023,1
ministral_8b_instruct::trivia_qa_2_60k::base::main::40434,1
ministral_8b_instruct::trivia_qa_2_60k::base::main::31489,1
ministral_8b_instruct::trivia_qa_2_60k::base::main::15790,1
ministral_8b_instruct::trivia_qa_2_60k::base::main::10834,1
ministral_8b_instruct::trivia_qa_2_60k::base::main::40626,1
ministral_8b_instruct::trivia_qa_2_60k::base::main::30805,1
ministral_8b_instruct::trivia_qa_2_60k::base::main::6715,1
ministral_8b_instruct::trivia_qa_2_60k::base::main::22631,1
ministral_8b_instruct::trivia_qa_2_60k::base::main::57794,1
ministral_8b_instruct::trivia_qa_2_60k::base::main::4126,1
ministral_8b_instruct::trivia_qa_2_60k::base::main::26462,1
ministral_8b_instruct::trivia_qa_2_60k::base::main::45070,1
ministral_8b_instruct::trivia_qa_2_60k::base::main::3100,1
ministral_8b_instruct::trivia_qa_2_60k::base::main::22527,1
ministral_8b_instruct::trivia_qa_2_60k::base::main::34385,1
ministral_8b_instruct::trivia_qa_2_60k::base::main::50635,1
ministral_8b_instruct::trivia_qa_2_60k::base::main::36632,1
ministral_8b_instruct::trivia_qa_2_60k::base::main::42095,1
ministral_8b_instruct::trivia_qa_2_60k::base::main::49351,1
ministral_8b_instruct::trivia_qa_2_60k::base::main::44200,1
ministral_8b_instruct::trivia_qa_2_60k::base::main::42943,1
ministral_8b_instruct::trivia_qa_2_60k::base::main::56392,1
ministral_8b_instruct::trivia_qa_2_60k::base::main::45027,1
ministral_8b_instruct::trivia_qa_2_60k::base::main::36508,1
ministral_8b_instruct::trivia_qa_2_60k::base::main::36060,1
ministral_8b_instruct::trivia_qa_2_60k::base::main::43323,1
ministral_8b_instruct::trivia_qa_2_60k::base::main::544,1
ministral_8b_instruct::trivia_qa_2_60k::base::main::35283,1
ministral_8b_instruct::trivia_qa_2_60k::base::main::19517,1
ministral_8b_instruct::trivia_qa_2_60k::base::main::52834,1
ministral_8b_instruct::trivia_qa_2_60k::base::main::23344,1
ministral_8b_instruct::trivia_qa_2_60k::base::main::29819,1
ministral_8b_instruct::trivia_qa_2_60k::base::main::16686,1
ministral_8b_instruct::trivia_qa_2_60k::base::main::5491,1
ministral_8b_instruct::trivia_qa_2_60k::base::main::12807,1
ministral_8b_instruct::trivia_qa_2_60k::base::main::6781,1
ministral_8b_instruct::trivia_qa_2_60k::base::main::51956,1
ministral_8b_instruct::trivia_qa_2_60k::base::main::53864,1
ministral_8b_instruct::trivia_qa_2_60k::base::main::44851,1
ministral_8b_instruct::trivia_qa_2_60k::base::main::32728,1
ministral_8b_instruct::trivia_qa_2_60k::base::main::14615,1
ministral_8b_instruct::trivia_qa_2_60k::base::main::26238,1
ministral_8b_instruct::trivia_qa_2_60k::base::main::46176,1
ministral_8b_instruct::trivia_qa_2_60k::base::main::41120,1
ministral_8b_instruct::trivia_qa_2_60k::base::main::20763,1
ministral_8b_instruct::trivia_qa_2_60k::base::main::1686,1
ministral_8b_instruct::trivia_qa_2_60k::base::main::37209,1
ministral_8b_instruct::trivia_qa_2_60k::base::main::33359,1
ministral_8b_instruct::trivia_qa_2_60k::base::main::5551,1
ministral_8b_instruct::trivia_qa_2_60k::base::main::49158,1
ministral_8b_instruct::trivia_qa_2_60k::base::main::50812,1
ministral_8b_instruct::trivia_qa_2_60k::base::main::44674,1
ministral_8b_instruct::trivia_qa_2_60k::base::main::40230,1
ministral_8b_instruct::trivia_qa_2_60k::base::main::3700,1
ministral_8b_instruct::trivia_qa_2_60k::base::main::39020,1
ministral_8b_instruct::trivia_qa_2_60k::base::main::33805,1
ministral_8b_instruct::trivia_qa_2_60k::base::main::4351,1
ministral_8b_instruct::trivia_qa_2_60k::base::main::4052,1
ministral_8b_instruct::trivia_qa_2_60k::base::main::42813,1
ministral_8b_instruct::trivia_qa_2_60k::base::main::20450,1
ministral_8b_instruct::trivia_qa_2_60k::base::main::51543,1
ministral_8b_instruct::trivia_qa_2_60k::base::main::37538,1
ministral_8b_instruct::trivia_qa_2_60k::base::main::22327,1
ministral_8b_instruct::trivia_qa_2_60k::base::main::10812,1
ministral_8b_instruct::trivia_qa_2_60k::base::main::49655,1
ministral_8b_instruct::trivia_qa_2_60k::base::main::36864,1
ministral_8b_instruct::trivia_qa_2_60k::base::main::4006,1
ministral_8b_instruct::trivia_qa_2_60k::base::main::50646,1
ministral_8b_instruct::trivia_qa_2_60k::base::main::35781,1
ministral_8b_instruct::trivia_qa_2_60k::base::main::9169,1
ministral_8b_instruct::trivia_qa_2_60k::base::main::1122,1
ministral_8b_instruct::trivia_qa_2_60k::base::main::38476,1
ministral_8b_instruct::trivia_qa_2_60k::base::main::27336,1
ministral_8b_instruct::trivia_qa_2_60k::base::main::7304,1
ministral_8b_instruct::trivia_qa_2_60k::base::main::3169,1
ministral_8b_instruct::trivia_qa_2_60k::base::main::51470,1
ministral_8b_instruct::trivia_qa_2_60k::base::main::4588,1
ministral_8b_instruct::trivia_qa_2_60k::base::main::42200,1
ministral_8b_instruct::trivia_qa_2_60k::base::main::33688,1
ministral_8b_instruct::trivia_qa_2_60k::base::main::37096,1
ministral_8b_instruct::trivia_qa_2_60k::base::main::15388,1
ministral_8b_instruct::trivia_qa_2_60k::base::main::54192,1
ministral_8b_instruct::trivia_qa_2_60k::base::main::2161,1
ministral_8b_instruct::trivia_qa_2_60k::base::main::12525,1
ministral_8b_instruct::trivia_qa_2_60k::base::main::55098,1
ministral_8b_instruct::trivia_qa_2_60k::base::main::32685,1
ministral_8b_instruct::trivia_qa_2_60k::base::main::57351,1
ministral_8b_instruct::trivia_qa_2_60k::base::main::7715,1
ministral_8b_instruct::trivia_qa_2_60k::base::main::4506,1
ministral_8b_instruct::trivia_qa_2_60k::base::main::49019,1
ministral_8b_instruct::trivia_qa_2_60k::base::main::22205,1
ministral_8b_instruct::trivia_qa_2_60k::base::main::41158,1
ministral_8b_instruct::trivia_qa_2_60k::base::main::21561,1
ministral_8b_instruct::trivia_qa_2_60k::base::main::58152,1
ministral_8b_instruct::trivia_qa_2_60k::base::main::2045,1
ministral_8b_instruct::trivia_qa_2_60k::base::main::3273,1
ministral_8b_instruct::trivia_qa_2_60k::base::main::3539,1
ministral_8b_instruct::trivia_qa_2_60k::base::main::48828,1
ministral_8b_instruct::trivia_qa_2_60k::base::main::37660,1
ministral_8b_instruct::trivia_qa_2_60k::base::main::39625,1
ministral_8b_instruct::trivia_qa_2_60k::base::main::16066,1
ministral_8b_instruct::trivia_qa_2_60k::base::main::36371,1
ministral_8b_instruct::trivia_qa_2_60k::base::main::26294,1
ministral_8b_instruct::trivia_qa_2_60k::base::main::46971,1
ministral_8b_instruct::trivia_qa_2_60k::base::main::18327,1
ministral_8b_instruct::trivia_qa_2_60k::base::main::54849,1
ministral_8b_instruct::trivia_qa_2_60k::base::main::22921,1
ministral_8b_instruct::trivia_qa_2_60k::base::main::1238,1
ministral_8b_instruct::trivia_qa_2_60k::base::main::32463,1
ministral_8b_instruct::trivia_qa_2_60k::base::main::52525,1
ministral_8b_instruct::trivia_qa_2_60k::base::main::37866,1
ministral_8b_instruct::trivia_qa_2_60k::base::main::32925,1
ministral_8b_instruct::trivia_qa_2_60k::base::main::5659,1
ministral_8b_instruct::trivia_qa_2_60k::base::main::27998,1
ministral_8b_instruct::trivia_qa_2_60k::base::main::20341,1
ministral_8b_instruct::trivia_qa_2_60k::base::main::27658,1
ministral_8b_instruct::trivia_qa_2_60k::base::main::53243,1
ministral_8b_instruct::trivia_qa_2_60k::base::main::31732,1
ministral_8b_instruct::trivia_qa_2_60k::base::main::21967,1
ministral_8b_instruct::trivia_qa_2_60k::base::main::56262,1
ministral_8b_instruct::trivia_qa_2_60k::base::main::57677,1
ministral_8b_instruct::trivia_qa_2_60k::base::main::24066,1
ministral_8b_instruct::trivia_qa_2_60k::base::main::17059,1
ministral_8b_instruct::trivia_qa_2_60k::base::main::38623,1
ministral_8b_instruct::trivia_qa_2_60k::base::main::55620,1
ministral_8b_instruct::trivia_qa_2_60k::base::main::51680,1
ministral_8b_instruct::trivia_qa_2_60k::base::main::32050,1
ministral_8b_instruct::trivia_qa_2_60k::base::main::52636,1
ministral_8b_instruct::trivia_qa_2_60k::base::main::48325,1
ministral_8b_instruct::trivia_qa_2_60k::base::main::25460,1
ministral_8b_instruct::trivia_qa_2_60k::base::main::9638,1
ministral_8b_instruct::trivia_qa_2_60k::base::main::31145,1
ministral_8b_instruct::trivia_qa_2_60k::base::main::10072,1
ministral_8b_instruct::trivia_qa_2_60k::base::main::44242,1
ministral_8b_instruct::trivia_qa_2_60k::base::main::46210,1
ministral_8b_instruct::trivia_qa_2_60k::base::main::27465,1
ministral_8b_instruct::trivia_qa_2_60k::base::main::18111,1
ministral_8b_instruct::trivia_qa_2_60k::base::main::47498,1
ministral_8b_instruct::trivia_qa_2_60k::base::main::21590,1
ministral_8b_instruct::trivia_qa_2_60k::base::main::53722,1
ministral_8b_instruct::trivia_qa_2_60k::base::main::45360,1
ministral_8b_instruct::trivia_qa_2_60k::base::main::36011,1
ministral_8b_instruct::trivia_qa_2_60k::base::main::34192,1
ministral_8b_instruct::trivia_qa_2_60k::base::main::2887,1
ministral_8b_instruct::trivia_qa_2_60k::base::main::32167,1
ministral_8b_instruct::trivia_qa_2_60k::base::main::6415,1
ministral_8b_instruct::trivia_qa_2_60k::base::main::19553,1
ministral_8b_instruct::trivia_qa_2_60k::base::main::54494,1
ministral_8b_instruct::trivia_qa_2_60k::base::main::12930,1
ministral_8b_instruct::trivia_qa_2_60k::base::main::12917,1
ministral_8b_instruct::trivia_qa_2_60k::base::main::55021,1
ministral_8b_instruct::trivia_qa_2_60k::base::main::9479,1
ministral_8b_instruct::trivia_qa_2_60k::base::main::34880,1
ministral_8b_instruct::trivia_qa_2_60k::base::main::41566,1
ministral_8b_instruct::trivia_qa_2_60k::base::main::11977,1
ministral_8b_instruct::trivia_qa_2_60k::base::main::47283,1
ministral_8b_instruct::trivia_qa_2_60k::base::main::8919,1
ministral_8b_instruct::trivia_qa_2_60k::base::main::42743,1
ministral_8b_instruct::trivia_qa_2_60k::base::main::26214,1
ministral_8b_instruct::trivia_qa_2_60k::base::main::35170,1
ministral_8b_instruct::trivia_qa_2_60k::base::main::36792,1
ministral_8b_instruct::trivia_qa_2_60k::base::main::5362,1
ministral_8b_instruct::trivia_qa_2_60k::base::main::20553,1
ministral_8b_instruct::trivia_qa_2_60k::base::main::2443,1
ministral_8b_instruct::trivia_qa_2_60k::base::main::9384,1
ministral_8b_instruct::trivia_qa_2_60k::base::main::11917,1
ministral_8b_instruct::trivia_qa_2_60k::base::main::52142,1
ministral_8b_instruct::trivia_qa_2_60k::base::main::9282,1
ministral_8b_instruct::trivia_qa_2_60k::base::main::32841,1
ministral_8b_instruct::trivia_qa_2_60k::base::main::22253,1
ministral_8b_instruct::trivia_qa_2_60k::base::main::26168,1
ministral_8b_instruct::trivia_qa_2_60k::base::main::37540,1
ministral_8b_instruct::trivia_qa_2_60k::base::main::2390,1
ministral_8b_instruct::trivia_qa_2_60k::base::main::3469,1
ministral_8b_instruct::trivia_qa_2_60k::base::main::1335,1
ministral_8b_instruct::trivia_qa_2_60k::base::main::18579,1
ministral_8b_instruct::trivia_qa_2_60k::base::main::20304,1
ministral_8b_instruct::trivia_qa_2_60k::base::main::57084,1
ministral_8b_instruct::trivia_qa_2_60k::base::main::53631,1
ministral_8b_instruct::trivia_qa_2_60k::base::main::50482,1
ministral_8b_instruct::trivia_qa_2_60k::base::main::2926,1
ministral_8b_instruct::trivia_qa_2_60k::base::main::29098,1
ministral_8b_instruct::trivia_qa_2_60k::base::main::12618,1
ministral_8b_instruct::trivia_qa_2_60k::base::main::39452,1
ministral_8b_instruct::trivia_qa_2_60k::base::main::5756,1
ministral_8b_instruct::trivia_qa_2_60k::base::main::47861,1
ministral_8b_instruct::trivia_qa_2_60k::base::main::44735,1
ministral_8b_instruct::trivia_qa_2_60k::base::main::19989,1
ministral_8b_instruct::trivia_qa_2_60k::base::main::55382,1
ministral_8b_instruct::trivia_qa_2_60k::base::main::2773,1
ministral_8b_instruct::trivia_qa_2_60k::base::main::13747,1
ministral_8b_instruct::trivia_qa_2_60k::base::main::5322,1
ministral_8b_instruct::trivia_qa_2_60k::base::main::54586,1
ministral_8b_instruct::trivia_qa_2_60k::base::main::661,1
ministral_8b_instruct::trivia_qa_2_60k::base::main::54407,1
ministral_8b_instruct::trivia_qa_2_60k::base::main::5068,1
ministral_8b_instruct::trivia_qa_2_60k::base::main::15226,1
ministral_8b_instruct::trivia_qa_2_60k::base::main::26461,1
ministral_8b_instruct::trivia_qa_2_60k::base::main::39429,1
ministral_8b_instruct::trivia_qa_2_60k::base::main::1564,1
ministral_8b_instruct::trivia_qa_2_60k::base::main::608,1
ministral_8b_instruct::trivia_qa_2_60k::base::main::42709,1
ministral_8b_instruct::trivia_qa_2_60k::base::main::49166,1
ministral_8b_instruct::trivia_qa_2_60k::base::main::4608,1
ministral_8b_instruct::trivia_qa_2_60k::base::main::2270,1
ministral_8b_instruct::trivia_qa_2_60k::base::main::29283,1
ministral_8b_instruct::trivia_qa_2_60k::base::main::11194,1
ministral_8b_instruct::trivia_qa_2_60k::base::main::18503,1
ministral_8b_instruct::trivia_qa_2_60k::base::main::16776,1
ministral_8b_instruct::trivia_qa_2_60k::base::main::2497,1
ministral_8b_instruct::trivia_qa_2_60k::base::main::52682,1
ministral_8b_instruct::trivia_qa_2_60k::base::main::9704,1
ministral_8b_instruct::trivia_qa_2_60k::base::main::16656,1
ministral_8b_instruct::trivia_qa_2_60k::base::main::25717,1
ministral_8b_instruct::trivia_qa_2_60k::base::main::41945,1
ministral_8b_instruct::trivia_qa_2_60k::base::main::43305,1
ministral_8b_instruct::trivia_qa_2_60k::base::main::27075,1
ministral_8b_instruct::trivia_qa_2_60k::base::main::14215,1
ministral_8b_instruct::trivia_qa_2_60k::base::main::52933,1
ministral_8b_instruct::trivia_qa_2_60k::base::main::41079,1
ministral_8b_instruct::trivia_qa_2_60k::base::main::41649,1
ministral_8b_instruct::trivia_qa_2_60k::base::main::50145,1
ministral_8b_instruct::trivia_qa_2_60k::base::main::27173,1
ministral_8b_instruct::trivia_qa_2_60k::base::main::35648,1
ministral_8b_instruct::trivia_qa_2_60k::base::main::8708,1
ministral_8b_instruct::trivia_qa_2_60k::base::main::49602,1
ministral_8b_instruct::trivia_qa_2_60k::base::main::21173,1
ministral_8b_instruct::trivia_qa_2_60k::base::main::8523,1
ministral_8b_instruct::trivia_qa_2_60k::base::main::40030,1
ministral_8b_instruct::trivia_qa_2_60k::base::main::29779,1
ministral_8b_instruct::trivia_qa_2_60k::base::main::17745,1
ministral_8b_instruct::trivia_qa_2_60k::base::main::3858,1
ministral_8b_instruct::trivia_qa_2_60k::base::main::3426,1
ministral_8b_instruct::trivia_qa_2_60k::base::main::24728,1
ministral_8b_instruct::trivia_qa_2_60k::base::main::29067,1
ministral_8b_instruct::trivia_qa_2_60k::base::main::6896,1
ministral_8b_instruct::trivia_qa_2_60k::base::main::7055,1
ministral_8b_instruct::trivia_qa_2_60k::base::main::35400,1
ministral_8b_instruct::trivia_qa_2_60k::base::main::38258,1
ministral_8b_instruct::trivia_qa_2_60k::base::main::33260,1
ministral_8b_instruct::trivia_qa_2_60k::base::main::4685,1
ministral_8b_instruct::trivia_qa_2_60k::base::main::25274,1
ministral_8b_instruct::trivia_qa_2_60k::base::main::14385,1
ministral_8b_instruct::trivia_qa_2_60k::base::main::13125,1
ministral_8b_instruct::trivia_qa_2_60k::base::main::55430,1
ministral_8b_instruct::trivia_qa_2_60k::base::main::30629,1
ministral_8b_instruct::trivia_qa_2_60k::base::main::25549,1
ministral_8b_instruct::trivia_qa_2_60k::base::main::4102,1
ministral_8b_instruct::trivia_qa_2_60k::base::main::36658,1
ministral_8b_instruct::trivia_qa_2_60k::base::main::31052,1
ministral_8b_instruct::trivia_qa_2_60k::base::main::27636,1
ministral_8b_instruct::trivia_qa_2_60k::base::main::32211,1
ministral_8b_instruct::trivia_qa_2_60k::base::main::10417,1
ministral_8b_instruct::trivia_qa_2_60k::base::main::57863,1
ministral_8b_instruct::trivia_qa_2_60k::base::main::13073,1
ministral_8b_instruct::trivia_qa_2_60k::base::main::54660,1
ministral_8b_instruct::trivia_qa_2_60k::base::main::45567,1
ministral_8b_instruct::trivia_qa_2_60k::base::main::3786,1
ministral_8b_instruct::trivia_qa_2_60k::base::main::2376,1
ministral_8b_instruct::trivia_qa_2_60k::base::main::54593,1
ministral_8b_instruct::trivia_qa_2_60k::base::main::50870,1
ministral_8b_instruct::trivia_qa_2_60k::base::main::34945,1
ministral_8b_instruct::trivia_qa_2_60k::base::main::28509,1
ministral_8b_instruct::trivia_qa_2_60k::base::main::35011,1
ministral_8b_instruct::trivia_qa_2_60k::base::main::1822,1
ministral_8b_instruct::trivia_qa_2_60k::base::main::15053,1
ministral_8b_instruct::trivia_qa_2_60k::base::main::35315,1
ministral_8b_instruct::trivia_qa_2_60k::base::main::55671,1
ministral_8b_instruct::trivia_qa_2_60k::base::main::37003,1
ministral_8b_instruct::trivia_qa_2_60k::base::main::12431,1
ministral_8b_instruct::trivia_qa_2_60k::base::main::46237,1
ministral_8b_instruct::trivia_qa_2_60k::base::main::36710,1
ministral_8b_instruct::trivia_qa_2_60k::base::main::26110,1
ministral_8b_instruct::trivia_qa_2_60k::base::main::8078,1
ministral_8b_instruct::trivia_qa_2_60k::base::main::19845,1
ministral_8b_instruct::trivia_qa_2_60k::base::main::28294,1
ministral_8b_instruct::trivia_qa_2_60k::base::main::22460,1
ministral_8b_instruct::trivia_qa_2_60k::base::main::1144,1
ministral_8b_instruct::trivia_qa_2_60k::base::main::25679,1
ministral_8b_instruct::trivia_qa_2_60k::base::main::32369,1
ministral_8b_instruct::trivia_qa_2_60k::base::main::56822,1
ministral_8b_instruct::trivia_qa_2_60k::base::main::19444,1
ministral_8b_instruct::trivia_qa_2_60k::base::main::36606,1
ministral_8b_instruct::trivia_qa_2_60k::base::main::33085,1
ministral_8b_instruct::trivia_qa_2_60k::base::main::18866,1
ministral_8b_instruct::trivia_qa_2_60k::base::main::942,1
ministral_8b_instruct::trivia_qa_2_60k::base::main::54115,1
ministral_8b_instruct::trivia_qa_2_60k::base::main::57704,1
ministral_8b_instruct::trivia_qa_2_60k::base::main::46642,1
ministral_8b_instruct::trivia_qa_2_60k::base::main::46985,1
ministral_8b_instruct::trivia_qa_2_60k::base::main::57064,1
ministral_8b_instruct::trivia_qa_2_60k::base::main::7064,1
ministral_8b_instruct::trivia_qa_2_60k::base::main::56676,1
ministral_8b_instruct::trivia_qa_2_60k::base::main::13493,1
ministral_8b_instruct::trivia_qa_2_60k::base::main::210,1
ministral_8b_instruct::trivia_qa_2_60k::base::main::38369,1
ministral_8b_instruct::trivia_qa_2_60k::base::main::10933,1
ministral_8b_instruct::trivia_qa_2_60k::base::main::42659,1
ministral_8b_instruct::trivia_qa_2_60k::base::main::620,1
ministral_8b_instruct::trivia_qa_2_60k::base::main::28417,1
ministral_8b_instruct::trivia_qa_2_60k::base::main::31863,1
ministral_8b_instruct::trivia_qa_2_60k::base::main::10530,1
ministral_8b_instruct::trivia_qa_2_60k::base::main::52278,1
ministral_8b_instruct::trivia_qa_2_60k::base::main::382,1
ministral_8b_instruct::trivia_qa_2_60k::base::main::18219,1
ministral_8b_instruct::trivia_qa_2_60k::base::main::9876,1
ministral_8b_instruct::trivia_qa_2_60k::base::main::29856,1
ministral_8b_instruct::trivia_qa_2_60k::base::main::40942,1
ministral_8b_instruct::trivia_qa_2_60k::base::main::3708,1
ministral_8b_instruct::trivia_qa_2_60k::base::main::7599,1
ministral_8b_instruct::trivia_qa_2_60k::base::main::32733,1
ministral_8b_instruct::trivia_qa_2_60k::base::main::4409,1
ministral_8b_instruct::trivia_qa_2_60k::base::main::37929,1
ministral_8b_instruct::trivia_qa_2_60k::base::main::5892,1
ministral_8b_instruct::trivia_qa_2_60k::base::main::380,1
ministral_8b_instruct::trivia_qa_2_60k::base::main::40548,1
ministral_8b_instruct::trivia_qa_2_60k::base::main::23388,1
ministral_8b_instruct::trivia_qa_2_60k::base::main::56422,1
ministral_8b_instruct::trivia_qa_2_60k::base::main::27493,1
ministral_8b_instruct::trivia_qa_2_60k::base::main::12780,1
ministral_8b_instruct::trivia_qa_2_60k::base::main::18195,1
ministral_8b_instruct::trivia_qa_2_60k::base::main::58508,1
ministral_8b_instruct::trivia_qa_2_60k::base::main::15712,1
ministral_8b_instruct::trivia_qa_2_60k::base::main::45643,1
ministral_8b_instruct::trivia_qa_2_60k::base::main::57739,1
ministral_8b_instruct::trivia_qa_2_60k::base::main::27924,1
ministral_8b_instruct::trivia_qa_2_60k::base::main::20020,1
ministral_8b_instruct::trivia_qa_2_60k::base::main::27662,1
ministral_8b_instruct::trivia_qa_2_60k::base::main::2850,1
ministral_8b_instruct::trivia_qa_2_60k::base::main::42790,1
ministral_8b_instruct::trivia_qa_2_60k::base::main::7241,1
ministral_8b_instruct::trivia_qa_2_60k::base::main::23964,1
ministral_8b_instruct::trivia_qa_2_60k::base::main::52267,1
ministral_8b_instruct::trivia_qa_2_60k::base::main::41154,1
ministral_8b_instruct::trivia_qa_2_60k::base::main::49316,1
ministral_8b_instruct::trivia_qa_2_60k::base::main::36016,1
ministral_8b_instruct::trivia_qa_2_60k::base::main::988,1
ministral_8b_instruct::trivia_qa_2_60k::base::main::46027,1
ministral_8b_instruct::trivia_qa_2_60k::base::main::1288,1
ministral_8b_instruct::trivia_qa_2_60k::base::main::2870,1
ministral_8b_instruct::trivia_qa_2_60k::base::main::17788,1
ministral_8b_instruct::trivia_qa_2_60k::base::main::46106,1
ministral_8b_instruct::trivia_qa_2_60k::base::main::56613,1
ministral_8b_instruct::trivia_qa_2_60k::base::main::36323,1
ministral_8b_instruct::trivia_qa_2_60k::base::main::35233,1
ministral_8b_instruct::trivia_qa_2_60k::base::main::4886,1
ministral_8b_instruct::trivia_qa_2_60k::base::main::46193,1
ministral_8b_instruct::trivia_qa_2_60k::base::main::42176,1
ministral_8b_instruct::trivia_qa_2_60k::base::main::7897,1
ministral_8b_instruct::trivia_qa_2_60k::base::main::576,1
ministral_8b_instruct::trivia_qa_2_60k::base::main::2464,1
ministral_8b_instruct::trivia_qa_2_60k::base::main::52013,1
ministral_8b_instruct::trivia_qa_2_60k::base::main::9659,1
ministral_8b_instruct::trivia_qa_2_60k::base::main::51963,1
ministral_8b_instruct::trivia_qa_2_60k::base::main::38837,1
ministral_8b_instruct::trivia_qa_2_60k::base::main::55863,1
ministral_8b_instruct::trivia_qa_2_60k::base::main::43703,1
ministral_8b_instruct::trivia_qa_2_60k::base::main::45613,1
ministral_8b_instruct::trivia_qa_2_60k::base::main::7473,1
ministral_8b_instruct::trivia_qa_2_60k::base::main::6121,1
ministral_8b_instruct::trivia_qa_2_60k::base::main::42837,1
ministral_8b_instruct::trivia_qa_2_60k::base::main::37435,1
ministral_8b_instruct::trivia_qa_2_60k::base::main::8199,1
ministral_8b_instruct::trivia_qa_2_60k::base::main::4654,1
ministral_8b_instruct::trivia_qa_2_60k::base::main::57045,1
ministral_8b_instruct::trivia_qa_2_60k::base::main::40351,1
ministral_8b_instruct::trivia_qa_2_60k::base::main::42773,1
ministral_8b_instruct::trivia_qa_2_60k::base::main::2278,1
ministral_8b_instruct::trivia_qa_2_60k::base::main::40420,1
ministral_8b_instruct::trivia_qa_2_60k::base::main::52364,1
ministral_8b_instruct::trivia_qa_2_60k::base::main::33757,1
ministral_8b_instruct::trivia_qa_2_60k::base::main::48107,1
ministral_8b_instruct::trivia_qa_2_60k::base::main::52681,1
ministral_8b_instruct::trivia_qa_2_60k::base::main::14391,1
ministral_8b_instruct::trivia_qa_2_60k::base::main::54994,1
ministral_8b_instruct::trivia_qa_2_60k::base::main::15866,1
ministral_8b_instruct::trivia_qa_2_60k::base::main::10790,1
ministral_8b_instruct::trivia_qa_2_60k::base::main::37047,1
ministral_8b_instruct::trivia_qa_2_60k::base::main::56414,1
ministral_8b_instruct::trivia_qa_2_60k::base::main::26252,1
ministral_8b_instruct::trivia_qa_2_60k::base::main::9873,1
ministral_8b_instruct::trivia_qa_2_60k::base::main::41610,1
ministral_8b_instruct::trivia_qa_2_60k::base::main::50480,1
ministral_8b_instruct::trivia_qa_2_60k::base::main::5229,1
ministral_8b_instruct::trivia_qa_2_60k::base::main::46644,1
ministral_8b_instruct::trivia_qa_2_60k::base::main::1726,1
ministral_8b_instruct::trivia_qa_2_60k::base::main::46572,1
ministral_8b_instruct::trivia_qa_2_60k::base::main::36725,1
ministral_8b_instruct::trivia_qa_2_60k::base::main::12169,1
ministral_8b_instruct::trivia_qa_2_60k::base::main::25370,1
ministral_8b_instruct::trivia_qa_2_60k::base::main::8300,1
ministral_8b_instruct::trivia_qa_2_60k::base::main::45468,1
ministral_8b_instruct::trivia_qa_2_60k::base::main::29682,1
ministral_8b_instruct::trivia_qa_2_60k::base::main::47117,1
ministral_8b_instruct::trivia_qa_2_60k::base::main::22680,1
ministral_8b_instruct::trivia_qa_2_60k::base::main::4168,1
ministral_8b_instruct::trivia_qa_2_60k::base::main::5189,1
ministral_8b_instruct::trivia_qa_2_60k::base::main::15464,1
ministral_8b_instruct::trivia_qa_2_60k::base::main::37838,1
ministral_8b_instruct::trivia_qa_2_60k::base::main::50295,1
ministral_8b_instruct::trivia_qa_2_60k::base::main::45819,1
ministral_8b_instruct::trivia_qa_2_60k::base::main::25809,1
ministral_8b_instruct::trivia_qa_2_60k::base::main::26026,1
ministral_8b_instruct::trivia_qa_2_60k::base::main::47454,1
ministral_8b_instruct::trivia_qa_2_60k::base::main::32362,1
ministral_8b_instruct::trivia_qa_2_60k::base::main::53267,1
ministral_8b_instruct::trivia_qa_2_60k::base::main::33209,1
ministral_8b_instruct::trivia_qa_2_60k::base::main::44709,1
ministral_8b_instruct::trivia_qa_2_60k::base::main::48313,1
ministral_8b_instruct::trivia_qa_2_60k::base::main::52572,1
ministral_8b_instruct::trivia_qa_2_60k::base::main::11864,1
ministral_8b_instruct::trivia_qa_2_60k::base::main::41693,1
ministral_8b_instruct::trivia_qa_2_60k::base::main::47911,1
ministral_8b_instruct::trivia_qa_2_60k::base::main::50726,1
ministral_8b_instruct::trivia_qa_2_60k::base::main::23483,1
ministral_8b_instruct::trivia_qa_2_60k::base::main::14283,1
ministral_8b_instruct::trivia_qa_2_60k::base::main::42259,1
ministral_8b_instruct::trivia_qa_2_60k::base::main::40044,1
ministral_8b_instruct::trivia_qa_2_60k::base::main::33755,1
ministral_8b_instruct::trivia_qa_2_60k::base::main::7998,1
ministral_8b_instruct::trivia_qa_2_60k::base::main::1785,1
ministral_8b_instruct::trivia_qa_2_60k::base::main::51068,1
ministral_8b_instruct::trivia_qa_2_60k::base::main::57616,1
ministral_8b_instruct::trivia_qa_2_60k::base::main::58432,1
ministral_8b_instruct::trivia_qa_2_60k::base::main::6259,1
ministral_8b_instruct::trivia_qa_2_60k::base::main::56699,1
ministral_8b_instruct::trivia_qa_2_60k::base::main::3957,1
ministral_8b_instruct::trivia_qa_2_60k::base::main::34225,1
ministral_8b_instruct::trivia_qa_2_60k::base::main::24347,1
ministral_8b_instruct::trivia_qa_2_60k::base::main::41276,1
ministral_8b_instruct::trivia_qa_2_60k::base::main::13716,1
ministral_8b_instruct::trivia_qa_2_60k::base::main::54937,1
ministral_8b_instruct::trivia_qa_2_60k::base::main::11820,1
ministral_8b_instruct::trivia_qa_2_60k::base::main::5422,1
ministral_8b_instruct::trivia_qa_2_60k::base::main::52413,1
ministral_8b_instruct::trivia_qa_2_60k::base::main::48631,1
ministral_8b_instruct::trivia_qa_2_60k::base::main::57143,1
ministral_8b_instruct::trivia_qa_2_60k::base::main::10307,1
ministral_8b_instruct::trivia_qa_2_60k::base::main::32605,1
ministral_8b_instruct::trivia_qa_2_60k::base::main::6221,1
ministral_8b_instruct::trivia_qa_2_60k::base::main::864,1
ministral_8b_instruct::trivia_qa_2_60k::base::main::58171,1
ministral_8b_instruct::trivia_qa_2_60k::base::main::5695,1
ministral_8b_instruct::trivia_qa_2_60k::base::main::54374,1
ministral_8b_instruct::trivia_qa_2_60k::base::main::48035,1
ministral_8b_instruct::trivia_qa_2_60k::base::main::40701,1
ministral_8b_instruct::trivia_qa_2_60k::base::main::45412,1
ministral_8b_instruct::trivia_qa_2_60k::base::main::45483,1
ministral_8b_instruct::trivia_qa_2_60k::base::main::25072,1
ministral_8b_instruct::trivia_qa_2_60k::base::main::57862,1
ministral_8b_instruct::trivia_qa_2_60k::base::main::26188,1
ministral_8b_instruct::trivia_qa_2_60k::base::main::7247,1
ministral_8b_instruct::trivia_qa_2_60k::base::main::35191,1
ministral_8b_instruct::trivia_qa_2_60k::base::main::34077,1
ministral_8b_instruct::trivia_qa_2_60k::base::main::38641,1
ministral_8b_instruct::trivia_qa_2_60k::base::main::2654,1
ministral_8b_instruct::trivia_qa_2_60k::base::main::2327,1
ministral_8b_instruct::trivia_qa_2_60k::base::main::58,1
ministral_8b_instruct::trivia_qa_2_60k::base::main::57545,1
ministral_8b_instruct::trivia_qa_2_60k::base::main::52851,1
ministral_8b_instruct::trivia_qa_2_60k::base::main::23832,1
ministral_8b_instruct::trivia_qa_2_60k::base::main::21802,1
ministral_8b_instruct::trivia_qa_2_60k::base::main::8246,1
ministral_8b_instruct::trivia_qa_2_60k::base::main::6411,1
ministral_8b_instruct::trivia_qa_2_60k::base::main::10200,1
ministral_8b_instruct::trivia_qa_2_60k::base::main::31113,1
ministral_8b_instruct::trivia_qa_2_60k::base::main::4416,1
ministral_8b_instruct::trivia_qa_2_60k::base::main::51383,1
ministral_8b_instruct::trivia_qa_2_60k::base::main::5373,1
ministral_8b_instruct::trivia_qa_2_60k::base::main::8374,1
ministral_8b_instruct::trivia_qa_2_60k::base::main::43187,1
ministral_8b_instruct::trivia_qa_2_60k::base::main::22745,1
ministral_8b_instruct::trivia_qa_2_60k::base::main::34145,1
ministral_8b_instruct::trivia_qa_2_60k::base::main::7702,1
ministral_8b_instruct::trivia_qa_2_60k::base::main::22367,1
ministral_8b_instruct::trivia_qa_2_60k::base::main::23957,1
ministral_8b_instruct::trivia_qa_2_60k::base::main::1056,1
ministral_8b_instruct::trivia_qa_2_60k::base::main::2176,1
ministral_8b_instruct::trivia_qa_2_60k::base::main::6393,1
ministral_8b_instruct::trivia_qa_2_60k::base::main::32639,1
ministral_8b_instruct::trivia_qa_2_60k::base::main::42115,1
ministral_8b_instruct::trivia_qa_2_60k::base::main::11881,1
ministral_8b_instruct::trivia_qa_2_60k::base::main::52887,1
ministral_8b_instruct::trivia_qa_2_60k::base::main::19019,1
ministral_8b_instruct::trivia_qa_2_60k::base::main::24154,1
ministral_8b_instruct::trivia_qa_2_60k::base::main::51211,1
ministral_8b_instruct::trivia_qa_2_60k::base::main::38304,1
ministral_8b_instruct::trivia_qa_2_60k::base::main::23611,1
ministral_8b_instruct::trivia_qa_2_60k::base::main::34855,1
ministral_8b_instruct::trivia_qa_2_60k::base::main::54142,1
ministral_8b_instruct::trivia_qa_2_60k::base::main::956,1
ministral_8b_instruct::trivia_qa_2_60k::base::main::37626,1
ministral_8b_instruct::trivia_qa_2_60k::base::main::24970,1
ministral_8b_instruct::trivia_qa_2_60k::base::main::28134,1
ministral_8b_instruct::trivia_qa_2_60k::base::main::7560,1
ministral_8b_instruct::trivia_qa_2_60k::base::main::33634,1
ministral_8b_instruct::trivia_qa_2_60k::base::main::47933,1
ministral_8b_instruct::trivia_qa_2_60k::base::main::26242,1
ministral_8b_instruct::trivia_qa_2_60k::base::main::1759,1
ministral_8b_instruct::trivia_qa_2_60k::base::main::44064,1
ministral_8b_instruct::trivia_qa_2_60k::base::main::10673,1
ministral_8b_instruct::trivia_qa_2_60k::base::main::46128,1
ministral_8b_instruct::trivia_qa_2_60k::base::main::43710,1
ministral_8b_instruct::trivia_qa_2_60k::base::main::1321,1
ministral_8b_instruct::trivia_qa_2_60k::base::main::44850,1
ministral_8b_instruct::trivia_qa_2_60k::base::main::17905,1
ministral_8b_instruct::trivia_qa_2_60k::base::main::57655,1
ministral_8b_instruct::trivia_qa_2_60k::base::main::52104,1
ministral_8b_instruct::trivia_qa_2_60k::base::main::31749,1
ministral_8b_instruct::trivia_qa_2_60k::base::main::41166,1
ministral_8b_instruct::trivia_qa_2_60k::base::main::33279,1
ministral_8b_instruct::trivia_qa_2_60k::base::main::30829,1
ministral_8b_instruct::trivia_qa_2_60k::base::main::7144,1
ministral_8b_instruct::trivia_qa_2_60k::base::main::20520,1
ministral_8b_instruct::trivia_qa_2_60k::base::main::49703,1
ministral_8b_instruct::trivia_qa_2_60k::base::main::39496,1
ministral_8b_instruct::trivia_qa_2_60k::base::main::1375,1
ministral_8b_instruct::trivia_qa_2_60k::base::main::4645,1
ministral_8b_instruct::trivia_qa_2_60k::base::main::39969,1
ministral_8b_instruct::trivia_qa_2_60k::base::main::624,1
ministral_8b_instruct::trivia_qa_2_60k::base::main::48752,1
ministral_8b_instruct::trivia_qa_2_60k::base::main::58116,1
ministral_8b_instruct::trivia_qa_2_60k::base::main::9712,1
ministral_8b_instruct::trivia_qa_2_60k::base::main::34658,1
ministral_8b_instruct::trivia_qa_2_60k::base::main::56617,1
ministral_8b_instruct::trivia_qa_2_60k::base::main::52031,1
ministral_8b_instruct::trivia_qa_2_60k::base::main::7672,1
ministral_8b_instruct::trivia_qa_2_60k::base::main::14142,1
ministral_8b_instruct::trivia_qa_2_60k::base::main::40808,1
ministral_8b_instruct::trivia_qa_2_60k::base::main::27541,1
ministral_8b_instruct::trivia_qa_2_60k::base::main::51367,1
ministral_8b_instruct::trivia_qa_2_60k::base::main::37815,1
ministral_8b_instruct::trivia_qa_2_60k::base::main::2467,1
ministral_8b_instruct::trivia_qa_2_60k::base::main::27366,1
ministral_8b_instruct::trivia_qa_2_60k::base::main::38553,1
ministral_8b_instruct::trivia_qa_2_60k::base::main::20476,1
ministral_8b_instruct::trivia_qa_2_60k::base::main::25860,1
ministral_8b_instruct::trivia_qa_2_60k::base::main::32145,1
ministral_8b_instruct::trivia_qa_2_60k::base::main::19056,1
ministral_8b_instruct::trivia_qa_2_60k::base::main::12031,1
ministral_8b_instruct::trivia_qa_2_60k::base::main::40278,1
ministral_8b_instruct::trivia_qa_2_60k::base::main::5953,1
ministral_8b_instruct::trivia_qa_2_60k::base::main::38504,1
ministral_8b_instruct::trivia_qa_2_60k::base::main::40877,1
ministral_8b_instruct::trivia_qa_2_60k::base::main::51113,1
ministral_8b_instruct::trivia_qa_2_60k::base::main::32651,1
ministral_8b_instruct::trivia_qa_2_60k::base::main::6605,1
ministral_8b_instruct::trivia_qa_2_60k::base::main::32148,1
ministral_8b_instruct::trivia_qa_2_60k::base::main::19650,1
ministral_8b_instruct::trivia_qa_2_60k::base::main::58487,1
ministral_8b_instruct::trivia_qa_2_60k::base::main::25985,1
ministral_8b_instruct::trivia_qa_2_60k::base::main::37610,1
ministral_8b_instruct::trivia_qa_2_60k::base::main::43156,1
ministral_8b_instruct::trivia_qa_2_60k::base::main::7664,1
ministral_8b_instruct::trivia_qa_2_60k::base::main::27372,1
ministral_8b_instruct::trivia_qa_2_60k::base::main::19362,1
ministral_8b_instruct::trivia_qa_2_60k::base::main::43779,1
ministral_8b_instruct::trivia_qa_2_60k::base::main::51158,1
ministral_8b_instruct::trivia_qa_2_60k::base::main::7646,1
ministral_8b_instruct::trivia_qa_2_60k::base::main::29851,1
ministral_8b_instruct::trivia_qa_2_60k::base::main::45723,1
ministral_8b_instruct::trivia_qa_2_60k::base::main::57782,1
ministral_8b_instruct::trivia_qa_2_60k::base::main::37577,1
ministral_8b_instruct::trivia_qa_2_60k::base::main::45191,1
ministral_8b_instruct::trivia_qa_2_60k::base::main::24354,1
ministral_8b_instruct::trivia_qa_2_60k::base::main::1493,1
ministral_8b_instruct::trivia_qa_2_60k::base::main::30258,1
ministral_8b_instruct::trivia_qa_2_60k::base::main::2696,1
ministral_8b_instruct::trivia_qa_2_60k::base::main::30670,1
ministral_8b_instruct::trivia_qa_2_60k::base::main::7769,1
ministral_8b_instruct::trivia_qa_2_60k::base::main::56846,1
ministral_8b_instruct::trivia_qa_2_60k::base::main::45656,1
ministral_8b_instruct::trivia_qa_2_60k::base::main::55697,1
ministral_8b_instruct::trivia_qa_2_60k::base::main::40975,1
ministral_8b_instruct::trivia_qa_2_60k::base::main::4753,1
ministral_8b_instruct::trivia_qa_2_60k::base::main::48874,1
ministral_8b_instruct::trivia_qa_2_60k::base::main::57105,1
ministral_8b_instruct::trivia_qa_2_60k::base::main::10037,1
ministral_8b_instruct::trivia_qa_2_60k::base::main::17696,1
ministral_8b_instruct::trivia_qa_2_60k::base::main::24873,1
ministral_8b_instruct::trivia_qa_2_60k::base::main::39024,1
ministral_8b_instruct::trivia_qa_2_60k::base::main::41921,1
ministral_8b_instruct::trivia_qa_2_60k::base::main::1824,1
ministral_8b_instruct::trivia_qa_2_60k::base::main::26638,1
ministral_8b_instruct::trivia_qa_2_60k::base::main::17052,1
ministral_8b_instruct::trivia_qa_2_60k::base::main::42675,1
ministral_8b_instruct::trivia_qa_2_60k::base::main::11299,1
ministral_8b_instruct::trivia_qa_2_60k::base::main::43613,1
ministral_8b_instruct::trivia_qa_2_60k::base::main::41733,1
ministral_8b_instruct::trivia_qa_2_60k::base::main::32936,1
ministral_8b_instruct::trivia_qa_2_60k::base::main::47544,1
ministral_8b_instruct::trivia_qa_2_60k::base::main::20864,1
ministral_8b_instruct::trivia_qa_2_60k::base::main::42310,1
ministral_8b_instruct::trivia_qa_2_60k::base::main::49718,0
ministral_8b_instruct::trivia_qa_2_60k::base::main::49445,0
ministral_8b_instruct::trivia_qa_2_60k::base::main::54785,0
ministral_8b_instruct::trivia_qa_2_60k::base::main::35777,0
ministral_8b_instruct::trivia_qa_2_60k::base::main::56548,0
ministral_8b_instruct::trivia_qa_2_60k::base::main::16774,0
ministral_8b_instruct::trivia_qa_2_60k::base::main::51628,0
ministral_8b_instruct::trivia_qa_2_60k::base::main::30862,0
ministral_8b_instruct::trivia_qa_2_60k::base::main::6960,0
ministral_8b_instruct::trivia_qa_2_60k::base::main::53863,0
ministral_8b_instruct::trivia_qa_2_60k::base::main::46490,0
ministral_8b_instruct::trivia_qa_2_60k::base::main::48405,0
ministral_8b_instruct::trivia_qa_2_60k::base::main::1942,0
ministral_8b_instruct::trivia_qa_2_60k::base::main::15161,0
ministral_8b_instruct::trivia_qa_2_60k::base::main::54951,0
ministral_8b_instruct::trivia_qa_2_60k::base::main::36905,0
ministral_8b_instruct::trivia_qa_2_60k::base::main::32101,0
ministral_8b_instruct::trivia_qa_2_60k::base::main::14872,0
ministral_8b_instruct::trivia_qa_2_60k::base::main::26901,0
ministral_8b_instruct::trivia_qa_2_60k::base::main::38191,0
ministral_8b_instruct::trivia_qa_2_60k::base::main::54750,0
ministral_8b_instruct::trivia_qa_2_60k::base::main::5820,0
ministral_8b_instruct::trivia_qa_2_60k::base::main::51501,0
ministral_8b_instruct::trivia_qa_2_60k::base::main::11944,0
ministral_8b_instruct::trivia_qa_2_60k::base::main::50918,0
ministral_8b_instruct::trivia_qa_2_60k::base::main::51368,0
ministral_8b_instruct::trivia_qa_2_60k::base::main::39359,0
ministral_8b_instruct::trivia_qa_2_60k::base::main::38387,0
ministral_8b_instruct::trivia_qa_2_60k::base::main::29027,0
ministral_8b_instruct::trivia_qa_2_60k::base::main::47306,0
ministral_8b_instruct::trivia_qa_2_60k::base::main::7698,0
ministral_8b_instruct::trivia_qa_2_60k::base::main::42880,0
ministral_8b_instruct::trivia_qa_2_60k::base::main::50453,0
ministral_8b_instruct::trivia_qa_2_60k::base::main::35455,0
ministral_8b_instruct::trivia_qa_2_60k::base::main::43288,0
ministral_8b_instruct::trivia_qa_2_60k::base::main::22985,0
ministral_8b_instruct::trivia_qa_2_60k::base::main::29645,0
ministral_8b_instruct::trivia_qa_2_60k::base::main::38458,0
ministral_8b_instruct::trivia_qa_2_60k::base::main::18127,0
ministral_8b_instruct::trivia_qa_2_60k::base::main::52689,0
ministral_8b_instruct::trivia_qa_2_60k::base::main::16290,0
ministral_8b_instruct::trivia_qa_2_60k::base::main::39137,0
ministral_8b_instruct::trivia_qa_2_60k::base::main::25436,0
ministral_8b_instruct::trivia_qa_2_60k::base::main::54587,0
ministral_8b_instruct::trivia_qa_2_60k::base::main::26519,0
ministral_8b_instruct::trivia_qa_2_60k::base::main::1443,0
ministral_8b_instruct::trivia_qa_2_60k::base::main::11524,0
ministral_8b_instruct::trivia_qa_2_60k::base::main::15862,0
ministral_8b_instruct::trivia_qa_2_60k::base::main::30843,0
ministral_8b_instruct::trivia_qa_2_60k::base::main::29403,0
ministral_8b_instruct::trivia_qa_2_60k::base::main::1695,0
ministral_8b_instruct::trivia_qa_2_60k::base::main::10385,0
ministral_8b_instruct::trivia_qa_2_60k::base::main::667,0
ministral_8b_instruct::trivia_qa_2_60k::base::main::39390,0
ministral_8b_instruct::trivia_qa_2_60k::base::main::57115,0
ministral_8b_instruct::trivia_qa_2_60k::base::main::4296,0
ministral_8b_instruct::trivia_qa_2_60k::base::main::43944,0
ministral_8b_instruct::trivia_qa_2_60k::base::main::29793,0
ministral_8b_instruct::trivia_qa_2_60k::base::main::18050,0
ministral_8b_instruct::trivia_qa_2_60k::base::main::33531,0
ministral_8b_instruct::trivia_qa_2_60k::base::main::10473,0
ministral_8b_instruct::trivia_qa_2_60k::base::main::36268,0
ministral_8b_instruct::trivia_qa_2_60k::base::main::42794,0
ministral_8b_instruct::trivia_qa_2_60k::base::main::6643,0
ministral_8b_instruct::trivia_qa_2_60k::base::main::56596,0
ministral_8b_instruct::trivia_qa_2_60k::base::main::19734,0
ministral_8b_instruct::trivia_qa_2_60k::base::main::32804,0
ministral_8b_instruct::trivia_qa_2_60k::base::main::17271,0
ministral_8b_instruct::trivia_qa_2_60k::base::main::11871,0
ministral_8b_instruct::trivia_qa_2_60k::base::main::1747,0
ministral_8b_instruct::trivia_qa_2_60k::base::main::1480,0
ministral_8b_instruct::trivia_qa_2_60k::base::main::20211,0
ministral_8b_instruct::trivia_qa_2_60k::base::main::15289,0
ministral_8b_instruct::trivia_qa_2_60k::base::main::36090,0
ministral_8b_instruct::trivia_qa_2_60k::base::main::56372,0
ministral_8b_instruct::trivia_qa_2_60k::base::main::39086,0
ministral_8b_instruct::trivia_qa_2_60k::base::main::19365,0
ministral_8b_instruct::trivia_qa_2_60k::base::main::53608,0
ministral_8b_instruct::trivia_qa_2_60k::base::main::25643,0
ministral_8b_instruct::trivia_qa_2_60k::base::main::2012,0
ministral_8b_instruct::trivia_qa_2_60k::base::main::3733,0
ministral_8b_instruct::trivia_qa_2_60k::base::main::45699,0
ministral_8b_instruct::trivia_qa_2_60k::base::main::38749,0
ministral_8b_instruct::trivia_qa_2_60k::base::main::15564,0
ministral_8b_instruct::trivia_qa_2_60k::base::main::4692,0
ministral_8b_instruct::trivia_qa_2_60k::base::main::54098,0
ministral_8b_instruct::trivia_qa_2_60k::base::main::48502,0
ministral_8b_instruct::trivia_qa_2_60k::base::main::7446,0
ministral_8b_instruct::trivia_qa_2_60k::base::main::17714,0
ministral_8b_instruct::trivia_qa_2_60k::base::main::53444,0
ministral_8b_instruct::trivia_qa_2_60k::base::main::33951,0
ministral_8b_instruct::trivia_qa_2_60k::base::main::44937,0
ministral_8b_instruct::trivia_qa_2_60k::base::main::45531,0
ministral_8b_instruct::trivia_qa_2_60k::base::main::42686,0
ministral_8b_instruct::trivia_qa_2_60k::base::main::56590,0
ministral_8b_instruct::trivia_qa_2_60k::base::main::12566,0
ministral_8b_instruct::trivia_qa_2_60k::base::main::19118,0
ministral_8b_instruct::trivia_qa_2_60k::base::main::46943,0
ministral_8b_instruct::trivia_qa_2_60k::base::main::34994,0
ministral_8b_instruct::trivia_qa_2_60k::base::main::56342,0
ministral_8b_instruct::trivia_qa_2_60k::base::main::40882,0
ministral_8b_instruct::trivia_qa_2_60k::base::main::54706,0
ministral_8b_instruct::trivia_qa_2_60k::base::main::39296,0
ministral_8b_instruct::trivia_qa_2_60k::base::main::20907,0
ministral_8b_instruct::trivia_qa_2_60k::base::main::10391,0
ministral_8b_instruct::trivia_qa_2_60k::base::main::56112,0
ministral_8b_instruct::trivia_qa_2_60k::base::main::16570,0
ministral_8b_instruct::trivia_qa_2_60k::base::main::26795,0
ministral_8b_instruct::trivia_qa_2_60k::base::main::6716,0
ministral_8b_instruct::trivia_qa_2_60k::base::main::39368,0
ministral_8b_instruct::trivia_qa_2_60k::base::main::2200,0
ministral_8b_instruct::trivia_qa_2_60k::base::main::16138,0
ministral_8b_instruct::trivia_qa_2_60k::base::main::17535,0
ministral_8b_instruct::trivia_qa_2_60k::base::main::33567,0
ministral_8b_instruct::trivia_qa_2_60k::base::main::30559,0
ministral_8b_instruct::trivia_qa_2_60k::base::main::47827,0
ministral_8b_instruct::trivia_qa_2_60k::base::main::12591,0
ministral_8b_instruct::trivia_qa_2_60k::base::main::47334,0
ministral_8b_instruct::trivia_qa_2_60k::base::main::56437,0
ministral_8b_instruct::trivia_qa_2_60k::base::main::49331,0
ministral_8b_instruct::trivia_qa_2_60k::base::main::56719,0
ministral_8b_instruct::trivia_qa_2_60k::base::main::30633,0
ministral_8b_instruct::trivia_qa_2_60k::base::main::868,0
ministral_8b_instruct::trivia_qa_2_60k::base::main::8643,0
ministral_8b_instruct::trivia_qa_2_60k::base::main::1405,0
ministral_8b_instruct::trivia_qa_2_60k::base::main::47640,0
ministral_8b_instruct::trivia_qa_2_60k::base::main::44062,0
ministral_8b_instruct::trivia_qa_2_60k::base::main::728,0
ministral_8b_instruct::trivia_qa_2_60k::base::main::49992,0
ministral_8b_instruct::trivia_qa_2_60k::base::main::10122,0
ministral_8b_instruct::trivia_qa_2_60k::base::main::20486,0
ministral_8b_instruct::trivia_qa_2_60k::base::main::50224,0
ministral_8b_instruct::trivia_qa_2_60k::base::main::51283,0
ministral_8b_instruct::trivia_qa_2_60k::base::main::46634,0
ministral_8b_instruct::trivia_qa_2_60k::base::main::29376,0
ministral_8b_instruct::trivia_qa_2_60k::base::main::41085,0
ministral_8b_instruct::trivia_qa_2_60k::base::main::31882,0
ministral_8b_instruct::trivia_qa_2_60k::base::main::10604,0
ministral_8b_instruct::trivia_qa_2_60k::base::main::19962,0
ministral_8b_instruct::trivia_qa_2_60k::base::main::474,0
ministral_8b_instruct::trivia_qa_2_60k::base::main::13855,0
ministral_8b_instruct::trivia_qa_2_60k::base::main::50401,0
ministral_8b_instruct::trivia_qa_2_60k::base::main::31930,0
ministral_8b_instruct::trivia_qa_2_60k::base::main::11880,0
ministral_8b_instruct::trivia_qa_2_60k::base::main::16873,0
ministral_8b_instruct::trivia_qa_2_60k::base::main::53235,0
ministral_8b_instruct::trivia_qa_2_60k::base::main::16930,0
ministral_8b_instruct::trivia_qa_2_60k::base::main::45035,0
ministral_8b_instruct::trivia_qa_2_60k::base::main::28131,0
ministral_8b_instruct::trivia_qa_2_60k::base::main::5841,0
ministral_8b_instruct::trivia_qa_2_60k::base::main::16561,0
ministral_8b_instruct::trivia_qa_2_60k::base::main::17105,0
ministral_8b_instruct::trivia_qa_2_60k::base::main::38401,0
ministral_8b_instruct::trivia_qa_2_60k::base::main::19375,0
ministral_8b_instruct::trivia_qa_2_60k::base::main::2799,0
ministral_8b_instruct::trivia_qa_2_60k::base::main::2990,0
ministral_8b_instruct::trivia_qa_2_60k::base::main::4142,0
ministral_8b_instruct::trivia_qa_2_60k::base::main::36822,0
ministral_8b_instruct::trivia_qa_2_60k::base::main::43367,0
ministral_8b_instruct::trivia_qa_2_60k::base::main::16899,0
ministral_8b_instruct::trivia_qa_2_60k::base::main::35542,0
ministral_8b_instruct::trivia_qa_2_60k::base::main::28123,0
ministral_8b_instruct::trivia_qa_2_60k::base::main::14597,0
ministral_8b_instruct::trivia_qa_2_60k::base::main::6277,0
ministral_8b_instruct::trivia_qa_2_60k::base::main::44071,0
ministral_8b_instruct::trivia_qa_2_60k::base::main::2296,0
ministral_8b_instruct::trivia_qa_2_60k::base::main::37852,0
ministral_8b_instruct::trivia_qa_2_60k::base::main::3220,0
ministral_8b_instruct::trivia_qa_2_60k::base::main::50350,0
ministral_8b_instruct::trivia_qa_2_60k::base::main::24205,0
ministral_8b_instruct::trivia_qa_2_60k::base::main::53176,0
ministral_8b_instruct::trivia_qa_2_60k::base::main::11579,0
ministral_8b_instruct::trivia_qa_2_60k::base::main::30275,0
ministral_8b_instruct::trivia_qa_2_60k::base::main::1108,0
ministral_8b_instruct::trivia_qa_2_60k::base::main::31743,0
ministral_8b_instruct::trivia_qa_2_60k::base::main::40607,0
ministral_8b_instruct::trivia_qa_2_60k::base::main::29504,0
ministral_8b_instruct::trivia_qa_2_60k::base::main::10689,0
ministral_8b_instruct::trivia_qa_2_60k::base::main::8594,0
ministral_8b_instruct::trivia_qa_2_60k::base::main::40508,0
ministral_8b_instruct::trivia_qa_2_60k::base::main::3696,0
ministral_8b_instruct::trivia_qa_2_60k::base::main::16293,0
ministral_8b_instruct::trivia_qa_2_60k::base::main::47006,0
ministral_8b_instruct::trivia_qa_2_60k::base::main::41577,0
ministral_8b_instruct::trivia_qa_2_60k::base::main::29150,0
ministral_8b_instruct::trivia_qa_2_60k::base::main::2254,0
ministral_8b_instruct::trivia_qa_2_60k::base::main::53016,0
ministral_8b_instruct::trivia_qa_2_60k::base::main::40520,0
ministral_8b_instruct::trivia_qa_2_60k::base::main::222,0
ministral_8b_instruct::trivia_qa_2_60k::base::main::7207,0
ministral_8b_instruct::trivia_qa_2_60k::base::main::25653,0
ministral_8b_instruct::trivia_qa_2_60k::base::main::13216,0
ministral_8b_instruct::trivia_qa_2_60k::base::main::41332,0
ministral_8b_instruct::trivia_qa_2_60k::base::main::53240,0
ministral_8b_instruct::trivia_qa_2_60k::base::main::42144,0
ministral_8b_instruct::trivia_qa_2_60k::base::main::37928,0
ministral_8b_instruct::trivia_qa_2_60k::base::main::30067,0
ministral_8b_instruct::trivia_qa_2_60k::base::main::54871,0
ministral_8b_instruct::trivia_qa_2_60k::base::main::18713,0
ministral_8b_instruct::trivia_qa_2_60k::base::main::10967,0
ministral_8b_instruct::trivia_qa_2_60k::base::main::38086,0
ministral_8b_instruct::trivia_qa_2_60k::base::main::8671,0
ministral_8b_instruct::trivia_qa_2_60k::base::main::36724,0
ministral_8b_instruct::trivia_qa_2_60k::base::main::43494,0
ministral_8b_instruct::trivia_qa_2_60k::base::main::49143,0
ministral_8b_instruct::trivia_qa_2_60k::base::main::22710,0
ministral_8b_instruct::trivia_qa_2_60k::base::main::29763,0
ministral_8b_instruct::trivia_qa_2_60k::base::main::31868,0
ministral_8b_instruct::trivia_qa_2_60k::base::main::25317,0
ministral_8b_instruct::trivia_qa_2_60k::base::main::20903,0
ministral_8b_instruct::trivia_qa_2_60k::base::main::23757,0
ministral_8b_instruct::trivia_qa_2_60k::base::main::56067,0
ministral_8b_instruct::trivia_qa_2_60k::base::main::47449,0
ministral_8b_instruct::trivia_qa_2_60k::base::main::38265,0
ministral_8b_instruct::trivia_qa_2_60k::base::main::54255,0
ministral_8b_instruct::trivia_qa_2_60k::base::main::40831,0
ministral_8b_instruct::trivia_qa_2_60k::base::main::35033,0
ministral_8b_instruct::trivia_qa_2_60k::base::main::7850,0
ministral_8b_instruct::trivia_qa_2_60k::base::main::26055,0
ministral_8b_instruct::trivia_qa_2_60k::base::main::37592,0
ministral_8b_instruct::trivia_qa_2_60k::base::main::38829,0
ministral_8b_instruct::trivia_qa_2_60k::base::main::3688,0
ministral_8b_instruct::trivia_qa_2_60k::base::main::2508,0
ministral_8b_instruct::trivia_qa_2_60k::base::main::14050,0
ministral_8b_instruct::trivia_qa_2_60k::base::main::11748,0
ministral_8b_instruct::trivia_qa_2_60k::base::main::25572,0
ministral_8b_instruct::trivia_qa_2_60k::base::main::45995,0
ministral_8b_instruct::trivia_qa_2_60k::base::main::39651,0
ministral_8b_instruct::trivia_qa_2_60k::base::main::9041,0
ministral_8b_instruct::trivia_qa_2_60k::base::main::49256,0
ministral_8b_instruct::trivia_qa_2_60k::base::main::3375,0
ministral_8b_instruct::trivia_qa_2_60k::base::main::35850,0
ministral_8b_instruct::trivia_qa_2_60k::base::main::54655,0
ministral_8b_instruct::trivia_qa_2_60k::base::main::7554,0
ministral_8b_instruct::trivia_qa_2_60k::base::main::53469,0
ministral_8b_instruct::trivia_qa_2_60k::base::main::34554,0
ministral_8b_instruct::trivia_qa_2_60k::base::main::28775,0
ministral_8b_instruct::trivia_qa_2_60k::base::main::16649,0
ministral_8b_instruct::trivia_qa_2_60k::base::main::40431,0
ministral_8b_instruct::trivia_qa_2_60k::base::main::37171,0
ministral_8b_instruct::trivia_qa_2_60k::base::main::18073,0
ministral_8b_instruct::trivia_qa_2_60k::base::main::4098,0
ministral_8b_instruct::trivia_qa_2_60k::base::main::18714,0
ministral_8b_instruct::trivia_qa_2_60k::base::main::34928,0
ministral_8b_instruct::trivia_qa_2_60k::base::main::45398,0
ministral_8b_instruct::trivia_qa_2_60k::base::main::16971,0
ministral_8b_instruct::trivia_qa_2_60k::base::main::2094,0
ministral_8b_instruct::trivia_qa_2_60k::base::main::9859,0
ministral_8b_instruct::trivia_qa_2_60k::base::main::3664,0
ministral_8b_instruct::trivia_qa_2_60k::base::main::7377,0
ministral_8b_instruct::trivia_qa_2_60k::base::main::3904,0
ministral_8b_instruct::trivia_qa_2_60k::base::main::17981,0
ministral_8b_instruct::trivia_qa_2_60k::base::main::40775,0
ministral_8b_instruct::trivia_qa_2_60k::base::main::38034,0
ministral_8b_instruct::trivia_qa_2_60k::base::main::16872,0
ministral_8b_instruct::trivia_qa_2_60k::base::main::38313,0
ministral_8b_instruct::trivia_qa_2_60k::base::main::41308,0
ministral_8b_instruct::trivia_qa_2_60k::base::main::6261,0
ministral_8b_instruct::trivia_qa_2_60k::base::main::48700,0
ministral_8b_instruct::trivia_qa_2_60k::base::main::53438,0
ministral_8b_instruct::trivia_qa_2_60k::base::main::13262,0
ministral_8b_instruct::trivia_qa_2_60k::base::main::17578,0
ministral_8b_instruct::trivia_qa_2_60k::base::main::5703,0
ministral_8b_instruct::trivia_qa_2_60k::base::main::14060,0
ministral_8b_instruct::trivia_qa_2_60k::base::main::38332,0
ministral_8b_instruct::trivia_qa_2_60k::base::main::24417,0
ministral_8b_instruct::trivia_qa_2_60k::base::main::35773,0
ministral_8b_instruct::trivia_qa_2_60k::base::main::45597,0
ministral_8b_instruct::trivia_qa_2_60k::base::main::40246,0
ministral_8b_instruct::trivia_qa_2_60k::base::main::27256,0
ministral_8b_instruct::trivia_qa_2_60k::base::main::9009,0
ministral_8b_instruct::trivia_qa_2_60k::base::main::14434,0
ministral_8b_instruct::trivia_qa_2_60k::base::main::49668,0
ministral_8b_instruct::trivia_qa_2_60k::base::main::13979,0
ministral_8b_instruct::trivia_qa_2_60k::base::main::30981,0
ministral_8b_instruct::trivia_qa_2_60k::base::main::21986,0
ministral_8b_instruct::trivia_qa_2_60k::base::main::22773,0
ministral_8b_instruct::trivia_qa_2_60k::base::main::54878,0
ministral_8b_instruct::trivia_qa_2_60k::base::main::26685,0
ministral_8b_instruct::trivia_qa_2_60k::base::main::48160,0
ministral_8b_instruct::trivia_qa_2_60k::base::main::34572,0
ministral_8b_instruct::trivia_qa_2_60k::base::main::17943,0
ministral_8b_instruct::trivia_qa_2_60k::base::main::25825,0
ministral_8b_instruct::trivia_qa_2_60k::base::main::8878,0
ministral_8b_instruct::trivia_qa_2_60k::base::main::13033,0
ministral_8b_instruct::trivia_qa_2_60k::base::main::11624,0
ministral_8b_instruct::trivia_qa_2_60k::base::main::13963,0
ministral_8b_instruct::trivia_qa_2_60k::base::main::17305,0
ministral_8b_instruct::trivia_qa_2_60k::base::main::11093,0
ministral_8b_instruct::trivia_qa_2_60k::base::main::31240,0
ministral_8b_instruct::trivia_qa_2_60k::base::main::38049,0
ministral_8b_instruct::trivia_qa_2_60k::base::main::12328,0
ministral_8b_instruct::trivia_qa_2_60k::base::main::21636,0
ministral_8b_instruct::trivia_qa_2_60k::base::main::26431,0
ministral_8b_instruct::trivia_qa_2_60k::base::main::39022,0
ministral_8b_instruct::trivia_qa_2_60k::base::main::44676,0
ministral_8b_instruct::trivia_qa_2_60k::base::main::51738,0
ministral_8b_instruct::trivia_qa_2_60k::base::main::49384,0
ministral_8b_instruct::trivia_qa_2_60k::base::main::12625,0
ministral_8b_instruct::trivia_qa_2_60k::base::main::28030,0
ministral_8b_instruct::trivia_qa_2_60k::base::main::6346,0
ministral_8b_instruct::trivia_qa_2_60k::base::main::39589,0
ministral_8b_instruct::trivia_qa_2_60k::base::main::8398,0
ministral_8b_instruct::trivia_qa_2_60k::base::main::27959,0
ministral_8b_instruct::trivia_qa_2_60k::base::main::50802,0
ministral_8b_instruct::trivia_qa_2_60k::base::main::3507,0
ministral_8b_instruct::trivia_qa_2_60k::base::main::30972,0
ministral_8b_instruct::trivia_qa_2_60k::base::main::16995,0
ministral_8b_instruct::trivia_qa_2_60k::base::main::39290,0
ministral_8b_instruct::trivia_qa_2_60k::base::main::28389,0
ministral_8b_instruct::trivia_qa_2_60k::base::main::1303,0
ministral_8b_instruct::trivia_qa_2_60k::base::main::29945,0
ministral_8b_instruct::trivia_qa_2_60k::base::main::36417,0
ministral_8b_instruct::trivia_qa_2_60k::base::main::28447,0
ministral_8b_instruct::trivia_qa_2_60k::base::main::12350,0
ministral_8b_instruct::trivia_qa_2_60k::base::main::35988,0
ministral_8b_instruct::trivia_qa_2_60k::base::main::37650,0
ministral_8b_instruct::trivia_qa_2_60k::base::main::299,0
ministral_8b_instruct::trivia_qa_2_60k::base::main::35349,0
ministral_8b_instruct::trivia_qa_2_60k::base::main::56527,0
ministral_8b_instruct::trivia_qa_2_60k::base::main::44311,0
ministral_8b_instruct::trivia_qa_2_60k::base::main::36799,0
ministral_8b_instruct::trivia_qa_2_60k::base::main::4080,0
ministral_8b_instruct::trivia_qa_2_60k::base::main::35702,0
ministral_8b_instruct::trivia_qa_2_60k::base::main::43648,0
ministral_8b_instruct::trivia_qa_2_60k::base::main::5836,0
ministral_8b_instruct::trivia_qa_2_60k::base::main::46203,0
ministral_8b_instruct::trivia_qa_2_60k::base::main::27440,0
ministral_8b_instruct::trivia_qa_2_60k::base::main::28738,0
ministral_8b_instruct::trivia_qa_2_60k::base::main::28785,0
ministral_8b_instruct::trivia_qa_2_60k::base::main::252,0
ministral_8b_instruct::trivia_qa_2_60k::base::main::9928,0
ministral_8b_instruct::trivia_qa_2_60k::base::main::48611,0
ministral_8b_instruct::trivia_qa_2_60k::base::main::28695,0
ministral_8b_instruct::trivia_qa_2_60k::base::main::25220,0
ministral_8b_instruct::trivia_qa_2_60k::base::main::19424,0
ministral_8b_instruct::trivia_qa_2_60k::base::main::19646,0
ministral_8b_instruct::trivia_qa_2_60k::base::main::42058,0
ministral_8b_instruct::trivia_qa_2_60k::base::main::29612,0
ministral_8b_instruct::trivia_qa_2_60k::base::main::31311,0
ministral_8b_instruct::trivia_qa_2_60k::base::main::2,0
ministral_8b_instruct::trivia_qa_2_60k::base::main::16323,0
ministral_8b_instruct::trivia_qa_2_60k::base::main::2966,0
ministral_8b_instruct::trivia_qa_2_60k::base::main::2221,0
ministral_8b_instruct::trivia_qa_2_60k::base::main::43966,0
ministral_8b_instruct::trivia_qa_2_60k::base::main::2336,0
ministral_8b_instruct::trivia_qa_2_60k::base::main::29621,0
ministral_8b_instruct::trivia_qa_2_60k::base::main::36973,0
ministral_8b_instruct::trivia_qa_2_60k::base::main::17894,0
ministral_8b_instruct::trivia_qa_2_60k::base::main::3762,0
ministral_8b_instruct::trivia_qa_2_60k::base::main::33845,0
ministral_8b_instruct::trivia_qa_2_60k::base::main::42603,0
ministral_8b_instruct::trivia_qa_2_60k::base::main::12787,0
ministral_8b_instruct::trivia_qa_2_60k::base::main::50037,0
ministral_8b_instruct::trivia_qa_2_60k::base::main::35048,0
ministral_8b_instruct::trivia_qa_2_60k::base::main::49555,0
ministral_8b_instruct::trivia_qa_2_60k::base::main::34599,0
ministral_8b_instruct::trivia_qa_2_60k::base::main::25665,0
ministral_8b_instruct::trivia_qa_2_60k::base::main::54299,0
ministral_8b_instruct::trivia_qa_2_60k::base::main::31637,0
ministral_8b_instruct::trivia_qa_2_60k::base::main::10027,0
ministral_8b_instruct::trivia_qa_2_60k::base::main::23720,0
ministral_8b_instruct::trivia_qa_2_60k::base::main::20882,0
ministral_8b_instruct::trivia_qa_2_60k::base::main::9300,0
ministral_8b_instruct::trivia_qa_2_60k::base::main::41266,0
ministral_8b_instruct::trivia_qa_2_60k::base::main::40369,0
ministral_8b_instruct::trivia_qa_2_60k::base::main::53548,0
ministral_8b_instruct::trivia_qa_2_60k::base::main::22856,0
ministral_8b_instruct::trivia_qa_2_60k::base::main::31667,0
ministral_8b_instruct::trivia_qa_2_60k::base::main::12779,0
ministral_8b_instruct::trivia_qa_2_60k::base::main::57654,0
ministral_8b_instruct::trivia_qa_2_60k::base::main::18475,0
ministral_8b_instruct::trivia_qa_2_60k::base::main::43716,0
ministral_8b_instruct::trivia_qa_2_60k::base::main::58217,0
ministral_8b_instruct::trivia_qa_2_60k::base::main::14074,0
ministral_8b_instruct::trivia_qa_2_60k::base::main::14585,0
ministral_8b_instruct::trivia_qa_2_60k::base::main::28027,0
ministral_8b_instruct::trivia_qa_2_60k::base::main::56740,0
ministral_8b_instruct::trivia_qa_2_60k::base::main::21313,0
ministral_8b_instruct::trivia_qa_2_60k::base::main::52575,0
ministral_8b_instruct::trivia_qa_2_60k::base::main::36969,0
ministral_8b_instruct::trivia_qa_2_60k::base::main::38632,0
ministral_8b_instruct::trivia_qa_2_60k::base::main::43778,0
ministral_8b_instruct::trivia_qa_2_60k::base::main::22352,0
ministral_8b_instruct::trivia_qa_2_60k::base::main::52064,0
ministral_8b_instruct::trivia_qa_2_60k::base::main::55781,0
ministral_8b_instruct::trivia_qa_2_60k::base::main::34484,0
ministral_8b_instruct::trivia_qa_2_60k::base::main::24008,0
ministral_8b_instruct::trivia_qa_2_60k::base::main::38666,0
ministral_8b_instruct::trivia_qa_2_60k::base::main::55254,0
ministral_8b_instruct::trivia_qa_2_60k::base::main::32935,0
ministral_8b_instruct::trivia_qa_2_60k::base::main::9892,0
ministral_8b_instruct::trivia_qa_2_60k::base::main::27509,0
ministral_8b_instruct::trivia_qa_2_60k::base::main::50796,0
ministral_8b_instruct::trivia_qa_2_60k::base::main::53409,0
ministral_8b_instruct::trivia_qa_2_60k::base::main::54820,0
ministral_8b_instruct::trivia_qa_2_60k::base::main::14696,0
ministral_8b_instruct::trivia_qa_2_60k::base::main::53293,0
ministral_8b_instruct::trivia_qa_2_60k::base::main::13986,0
ministral_8b_instruct::trivia_qa_2_60k::base::main::695,0
ministral_8b_instruct::trivia_qa_2_60k::base::main::12848,0
ministral_8b_instruct::trivia_qa_2_60k::base::main::51629,0
ministral_8b_instruct::trivia_qa_2_60k::base::main::17843,0
ministral_8b_instruct::trivia_qa_2_60k::base::main::22790,0
ministral_8b_instruct::trivia_qa_2_60k::base::main::3281,0
ministral_8b_instruct::trivia_qa_2_60k::base::main::21508,0
ministral_8b_instruct::trivia_qa_2_60k::base::main::15469,0
ministral_8b_instruct::trivia_qa_2_60k::base::main::55001,0
ministral_8b_instruct::trivia_qa_2_60k::base::main::20005,0
ministral_8b_instruct::trivia_qa_2_60k::base::main::29264,0
ministral_8b_instruct::trivia_qa_2_60k::base::main::46141,0
ministral_8b_instruct::trivia_qa_2_60k::base::main::57283,0
ministral_8b_instruct::trivia_qa_2_60k::base::main::42954,0
ministral_8b_instruct::trivia_qa_2_60k::base::main::37575,0
ministral_8b_instruct::trivia_qa_2_60k::base::main::13888,0
ministral_8b_instruct::trivia_qa_2_60k::base::main::43627,0
ministral_8b_instruct::trivia_qa_2_60k::base::main::34215,0
ministral_8b_instruct::trivia_qa_2_60k::base::main::1736,0
ministral_8b_instruct::trivia_qa_2_60k::base::main::45213,0
ministral_8b_instruct::trivia_qa_2_60k::base::main::40896,0
ministral_8b_instruct::trivia_qa_2_60k::base::main::57178,0
ministral_8b_instruct::trivia_qa_2_60k::base::main::37035,0
ministral_8b_instruct::trivia_qa_2_60k::base::main::1863,0
ministral_8b_instruct::trivia_qa_2_60k::base::main::20424,0
ministral_8b_instruct::trivia_qa_2_60k::base::main::33101,0
ministral_8b_instruct::trivia_qa_2_60k::base::main::28342,0
ministral_8b_instruct::trivia_qa_2_60k::base::main::19966,0
ministral_8b_instruct::trivia_qa_2_60k::base::main::31424,0
ministral_8b_instruct::trivia_qa_2_60k::base::main::9692,0
ministral_8b_instruct::trivia_qa_2_60k::base::main::56734,0
ministral_8b_instruct::trivia_qa_2_60k::base::main::55703,0
ministral_8b_instruct::trivia_qa_2_60k::base::main::12164,0
ministral_8b_instruct::trivia_qa_2_60k::base::main::38268,0
ministral_8b_instruct::trivia_qa_2_60k::base::main::21497,0
ministral_8b_instruct::trivia_qa_2_60k::base::main::8387,0
ministral_8b_instruct::trivia_qa_2_60k::base::main::36246,0
ministral_8b_instruct::trivia_qa_2_60k::base::main::31701,0
ministral_8b_instruct::trivia_qa_2_60k::base::main::48802,0
ministral_8b_instruct::trivia_qa_2_60k::base::main::17206,0
ministral_8b_instruct::trivia_qa_2_60k::base::main::57667,0
ministral_8b_instruct::trivia_qa_2_60k::base::main::21325,0
ministral_8b_instruct::trivia_qa_2_60k::base::main::40483,0
ministral_8b_instruct::trivia_qa_2_60k::base::main::53486,0
ministral_8b_instruct::trivia_qa_2_60k::base::main::42374,0
ministral_8b_instruct::trivia_qa_2_60k::base::main::38901,0
ministral_8b_instruct::trivia_qa_2_60k::base::main::50160,0
ministral_8b_instruct::trivia_qa_2_60k::base::main::57963,0
ministral_8b_instruct::trivia_qa_2_60k::base::main::52826,0
ministral_8b_instruct::trivia_qa_2_60k::base::main::8244,0
ministral_8b_instruct::trivia_qa_2_60k::base::main::43246,0
ministral_8b_instruct::trivia_qa_2_60k::base::main::43447,0
ministral_8b_instruct::trivia_qa_2_60k::base::main::9252,0
ministral_8b_instruct::trivia_qa_2_60k::base::main::50459,0
ministral_8b_instruct::trivia_qa_2_60k::base::main::52943,0
ministral_8b_instruct::trivia_qa_2_60k::base::main::15915,0
ministral_8b_instruct::trivia_qa_2_60k::base::main::36771,0
ministral_8b_instruct::trivia_qa_2_60k::base::main::47694,0
ministral_8b_instruct::trivia_qa_2_60k::base::main::23001,0
ministral_8b_instruct::trivia_qa_2_60k::base::main::4851,0
ministral_8b_instruct::trivia_qa_2_60k::base::main::49378,0
ministral_8b_instruct::trivia_qa_2_60k::base::main::25135,0
ministral_8b_instruct::trivia_qa_2_60k::base::main::54081,0
ministral_8b_instruct::trivia_qa_2_60k::base::main::30308,0
ministral_8b_instruct::trivia_qa_2_60k::base::main::45192,0
ministral_8b_instruct::trivia_qa_2_60k::base::main::44086,0
ministral_8b_instruct::trivia_qa_2_60k::base::main::53540,0
ministral_8b_instruct::trivia_qa_2_60k::base::main::31954,0
ministral_8b_instruct::trivia_qa_2_60k::base::main::36409,0
ministral_8b_instruct::trivia_qa_2_60k::base::main::47012,0
ministral_8b_instruct::trivia_qa_2_60k::base::main::45808,0
ministral_8b_instruct::trivia_qa_2_60k::base::main::53039,0
ministral_8b_instruct::trivia_qa_2_60k::base::main::1449,0
ministral_8b_instruct::trivia_qa_2_60k::base::main::41849,0
ministral_8b_instruct::trivia_qa_2_60k::base::main::31810,0
ministral_8b_instruct::trivia_qa_2_60k::base::main::48739,0
ministral_8b_instruct::trivia_qa_2_60k::base::main::36046,0
ministral_8b_instruct::trivia_qa_2_60k::base::main::22415,0
ministral_8b_instruct::trivia_qa_2_60k::base::main::41069,0
ministral_8b_instruct::trivia_qa_2_60k::base::main::23109,0
ministral_8b_instruct::trivia_qa_2_60k::base::main::15433,0
ministral_8b_instruct::trivia_qa_2_60k::base::main::38877,0
ministral_8b_instruct::trivia_qa_2_60k::base::main::52567,0
ministral_8b_instruct::trivia_qa_2_60k::base::main::26799,0
ministral_8b_instruct::trivia_qa_2_60k::base::main::7572,0
ministral_8b_instruct::trivia_qa_2_60k::base::main::39155,0
ministral_8b_instruct::trivia_qa_2_60k::base::main::16588,0
ministral_8b_instruct::trivia_qa_2_60k::base::main::45526,0
ministral_8b_instruct::trivia_qa_2_60k::base::main::21123,0
ministral_8b_instruct::trivia_qa_2_60k::base::main::45077,0
ministral_8b_instruct::trivia_qa_2_60k::base::main::48,0
ministral_8b_instruct::trivia_qa_2_60k::base::main::10959,0
ministral_8b_instruct::trivia_qa_2_60k::base::main::45536,0
ministral_8b_instruct::trivia_qa_2_60k::base::main::10146,0
ministral_8b_instruct::trivia_qa_2_60k::base::main::19073,0
ministral_8b_instruct::trivia_qa_2_60k::base::main::48995,0
ministral_8b_instruct::trivia_qa_2_60k::base::main::5196,0
ministral_8b_instruct::trivia_qa_2_60k::base::main::15456,0
ministral_8b_instruct::trivia_qa_2_60k::base::main::6953,0
ministral_8b_instruct::trivia_qa_2_60k::base::main::25368,0
ministral_8b_instruct::trivia_qa_2_60k::base::main::17431,0
ministral_8b_instruct::trivia_qa_2_60k::base::main::1149,0
ministral_8b_instruct::trivia_qa_2_60k::base::main::25456,0
ministral_8b_instruct::trivia_qa_2_60k::base::main::35554,0
ministral_8b_instruct::trivia_qa_2_60k::base::main::38054,0
ministral_8b_instruct::trivia_qa_2_60k::base::main::46923,0
ministral_8b_instruct::trivia_qa_2_60k::base::main::26161,0
ministral_8b_instruct::trivia_qa_2_60k::base::main::4697,0
ministral_8b_instruct::trivia_qa_2_60k::base::main::16453,0
ministral_8b_instruct::trivia_qa_2_60k::base::main::3088,0
ministral_8b_instruct::trivia_qa_2_60k::base::main::54014,0
ministral_8b_instruct::trivia_qa_2_60k::base::main::36831,0
ministral_8b_instruct::trivia_qa_2_60k::base::main::6636,0
ministral_8b_instruct::trivia_qa_2_60k::base::main::41765,0
ministral_8b_instruct::trivia_qa_2_60k::base::main::43468,0
ministral_8b_instruct::trivia_qa_2_60k::base::main::29245,0
ministral_8b_instruct::trivia_qa_2_60k::base::main::56763,0
ministral_8b_instruct::trivia_qa_2_60k::base::main::13131,0
ministral_8b_instruct::trivia_qa_2_60k::base::main::3510,0
ministral_8b_instruct::trivia_qa_2_60k::base::main::10640,0
ministral_8b_instruct::trivia_qa_2_60k::base::main::11170,0
ministral_8b_instruct::trivia_qa_2_60k::base::main::373,0
ministral_8b_instruct::trivia_qa_2_60k::base::main::17106,0
ministral_8b_instruct::trivia_qa_2_60k::base::main::27257,0
ministral_8b_instruct::trivia_qa_2_60k::base::main::12178,0
ministral_8b_instruct::trivia_qa_2_60k::base::main::6924,0
ministral_8b_instruct::trivia_qa_2_60k::base::main::57692,0
ministral_8b_instruct::trivia_qa_2_60k::base::main::49574,0
ministral_8b_instruct::trivia_qa_2_60k::base::main::41791,0
ministral_8b_instruct::trivia_qa_2_60k::base::main::14512,0
ministral_8b_instruct::trivia_qa_2_60k::base::main::42564,0
ministral_8b_instruct::trivia_qa_2_60k::base::main::27214,0
ministral_8b_instruct::trivia_qa_2_60k::base::main::33659,0
ministral_8b_instruct::trivia_qa_2_60k::base::main::40144,0
ministral_8b_instruct::trivia_qa_2_60k::base::main::53572,0
ministral_8b_instruct::trivia_qa_2_60k::base::main::37678,0
ministral_8b_instruct::trivia_qa_2_60k::base::main::12903,0
ministral_8b_instruct::trivia_qa_2_60k::base::main::22830,0
ministral_8b_instruct::trivia_qa_2_60k::base::main::31101,0
ministral_8b_instruct::trivia_qa_2_60k::base::main::53287,0
ministral_8b_instruct::trivia_qa_2_60k::base::main::34018,0
ministral_8b_instruct::trivia_qa_2_60k::base::main::32666,0
ministral_8b_instruct::trivia_qa_2_60k::base::main::38896,0
ministral_8b_instruct::trivia_qa_2_60k::base::main::4945,0
ministral_8b_instruct::trivia_qa_2_60k::base::main::44236,0
ministral_8b_instruct::trivia_qa_2_60k::base::main::27618,0
ministral_8b_instruct::trivia_qa_2_60k::base::main::9673,0
ministral_8b_instruct::trivia_qa_2_60k::base::main::35503,0
ministral_8b_instruct::trivia_qa_2_60k::base::main::48138,0
ministral_8b_instruct::trivia_qa_2_60k::base::main::7127,0
ministral_8b_instruct::trivia_qa_2_60k::base::main::47386,0
ministral_8b_instruct::trivia_qa_2_60k::base::main::52532,0
ministral_8b_instruct::trivia_qa_2_60k::base::main::55122,0
ministral_8b_instruct::trivia_qa_2_60k::base::main::6740,0
ministral_8b_instruct::trivia_qa_2_60k::base::main::21471,0
ministral_8b_instruct::trivia_qa_2_60k::base::main::38432,0
ministral_8b_instruct::trivia_qa_2_60k::base::main::16808,0
ministral_8b_instruct::trivia_qa_2_60k::base::main::26343,0
ministral_8b_instruct::trivia_qa_2_60k::base::main::22963,0
ministral_8b_instruct::trivia_qa_2_60k::base::main::22570,0
ministral_8b_instruct::trivia_qa_2_60k::base::main::36881,0
ministral_8b_instruct::trivia_qa_2_60k::base::main::49100,0
ministral_8b_instruct::trivia_qa_2_60k::base::main::56050,0
ministral_8b_instruct::trivia_qa_2_60k::base::main::40561,0
ministral_8b_instruct::trivia_qa_2_60k::base::main::50309,0
ministral_8b_instruct::trivia_qa_2_60k::base::main::43650,0
ministral_8b_instruct::trivia_qa_2_60k::base::main::19101,0
ministral_8b_instruct::trivia_qa_2_60k::base::main::53087,0
ministral_8b_instruct::trivia_qa_2_60k::base::main::9197,0
ministral_8b_instruct::trivia_qa_2_60k::base::main::46996,0
ministral_8b_instruct::trivia_qa_2_60k::base::main::44948,0
ministral_8b_instruct::trivia_qa_2_60k::base::main::1795,0
ministral_8b_instruct::trivia_qa_2_60k::base::main::18526,0
ministral_8b_instruct::trivia_qa_2_60k::base::main::2320,0
ministral_8b_instruct::trivia_qa_2_60k::base::main::50212,0
ministral_8b_instruct::trivia_qa_2_60k::base::main::47356,0
ministral_8b_instruct::trivia_qa_2_60k::base::main::32734,0
ministral_8b_instruct::trivia_qa_2_60k::base::main::41096,0
ministral_8b_instruct::trivia_qa_2_60k::base::main::37059,0
ministral_8b_instruct::trivia_qa_2_60k::base::main::8572,0
ministral_8b_instruct::trivia_qa_2_60k::base::main::29875,0
ministral_8b_instruct::trivia_qa_2_60k::base::main::36301,0
ministral_8b_instruct::trivia_qa_2_60k::base::main::22861,0
ministral_8b_instruct::trivia_qa_2_60k::base::main::5215,0
ministral_8b_instruct::trivia_qa_2_60k::base::main::37657,0
ministral_8b_instruct::trivia_qa_2_60k::base::main::43220,0
ministral_8b_instruct::trivia_qa_2_60k::base::main::25390,0
ministral_8b_instruct::trivia_qa_2_60k::base::main::24014,0
ministral_8b_instruct::trivia_qa_2_60k::base::main::55576,0
ministral_8b_instruct::trivia_qa_2_60k::base::main::32001,0
ministral_8b_instruct::trivia_qa_2_60k::base::main::15382,0
ministral_8b_instruct::trivia_qa_2_60k::base::main::6547,0
ministral_8b_instruct::trivia_qa_2_60k::base::main::51131,0
ministral_8b_instruct::trivia_qa_2_60k::base::main::15797,0
ministral_8b_instruct::trivia_qa_2_60k::base::main::16572,0
ministral_8b_instruct::trivia_qa_2_60k::base::main::49477,0
ministral_8b_instruct::trivia_qa_2_60k::base::main::25949,0
ministral_8b_instruct::trivia_qa_2_60k::base::main::56312,0
ministral_8b_instruct::trivia_qa_2_60k::base::main::13828,0
ministral_8b_instruct::trivia_qa_2_60k::base::main::51993,0
ministral_8b_instruct::trivia_qa_2_60k::base::main::17906,0
ministral_8b_instruct::trivia_qa_2_60k::base::main::40002,0
ministral_8b_instruct::trivia_qa_2_60k::base::main::17184,0
ministral_8b_instruct::trivia_qa_2_60k::base::main::46290,0
ministral_8b_instruct::trivia_qa_2_60k::base::main::2910,0
ministral_8b_instruct::trivia_qa_2_60k::base::main::30833,0
ministral_8b_instruct::trivia_qa_2_60k::base::main::23072,0
ministral_8b_instruct::trivia_qa_2_60k::base::main::15391,0
ministral_8b_instruct::trivia_qa_2_60k::base::main::55247,0
ministral_8b_instruct::trivia_qa_2_60k::base::main::30919,0
ministral_8b_instruct::trivia_qa_2_60k::base::main::46323,0
ministral_8b_instruct::trivia_qa_2_60k::base::main::52069,0
ministral_8b_instruct::trivia_qa_2_60k::base::main::56209,0
ministral_8b_instruct::trivia_qa_2_60k::base::main::36106,0
ministral_8b_instruct::trivia_qa_2_60k::base::main::51136,0
ministral_8b_instruct::trivia_qa_2_60k::base::main::42456,0
ministral_8b_instruct::trivia_qa_2_60k::base::main::5829,0
ministral_8b_instruct::trivia_qa_2_60k::base::main::53574,0
ministral_8b_instruct::trivia_qa_2_60k::base::main::48016,0
ministral_8b_instruct::trivia_qa_2_60k::base::main::14370,0
ministral_8b_instruct::trivia_qa_2_60k::base::main::32176,0
ministral_8b_instruct::trivia_qa_2_60k::base::main::12340,0
ministral_8b_instruct::trivia_qa_2_60k::base::main::31299,0
ministral_8b_instruct::trivia_qa_2_60k::base::main::38605,0
ministral_8b_instruct::trivia_qa_2_60k::base::main::44682,0
ministral_8b_instruct::trivia_qa_2_60k::base::main::27694,0
ministral_8b_instruct::trivia_qa_2_60k::base::main::52393,0
ministral_8b_instruct::trivia_qa_2_60k::base::main::43261,0
ministral_8b_instruct::trivia_qa_2_60k::base::main::33756,0
ministral_8b_instruct::trivia_qa_2_60k::base::main::18463,0
ministral_8b_instruct::trivia_qa_2_60k::base::main::3860,0
ministral_8b_instruct::trivia_qa_2_60k::base::main::18874,0
ministral_8b_instruct::trivia_qa_2_60k::base::main::52712,0
ministral_8b_instruct::trivia_qa_2_60k::base::main::18881,0
ministral_8b_instruct::trivia_qa_2_60k::base::main::9033,0
ministral_8b_instruct::trivia_qa_2_60k::base::main::46637,0
ministral_8b_instruct::trivia_qa_2_60k::base::main::39377,0
ministral_8b_instruct::trivia_qa_2_60k::base::main::43950,0
ministral_8b_instruct::trivia_qa_2_60k::base::main::7558,0
ministral_8b_instruct::trivia_qa_2_60k::base::main::23946,0
ministral_8b_instruct::trivia_qa_2_60k::base::main::13449,0
ministral_8b_instruct::trivia_qa_2_60k::base::main::19452,0
ministral_8b_instruct::trivia_qa_2_60k::base::main::13900,0
ministral_8b_instruct::trivia_qa_2_60k::base::main::50902,0
ministral_8b_instruct::trivia_qa_2_60k::base::main::1923,0
ministral_8b_instruct::trivia_qa_2_60k::base::main::23228,0
ministral_8b_instruct::trivia_qa_2_60k::base::main::19796,0
ministral_8b_instruct::trivia_qa_2_60k::base::main::37848,0
ministral_8b_instruct::trivia_qa_2_60k::base::main::27707,0
ministral_8b_instruct::trivia_qa_2_60k::base::main::22822,0
ministral_8b_instruct::trivia_qa_2_60k::base::main::1512,0
ministral_8b_instruct::trivia_qa_2_60k::base::main::48297,0
ministral_8b_instruct::trivia_qa_2_60k::base::main::12050,0
ministral_8b_instruct::trivia_qa_2_60k::base::main::45875,0
ministral_8b_instruct::trivia_qa_2_60k::base::main::32265,0
ministral_8b_instruct::trivia_qa_2_60k::base::main::34952,0
ministral_8b_instruct::trivia_qa_2_60k::base::main::55756,0
ministral_8b_instruct::trivia_qa_2_60k::base::main::50692,0
ministral_8b_instruct::trivia_qa_2_60k::base::main::25435,0
ministral_8b_instruct::trivia_qa_2_60k::base::main::43163,0
ministral_8b_instruct::trivia_qa_2_60k::base::main::38043,0
ministral_8b_instruct::trivia_qa_2_60k::base::main::46012,0
ministral_8b_instruct::trivia_qa_2_60k::base::main::14014,0
ministral_8b_instruct::trivia_qa_2_60k::base::main::43304,0
ministral_8b_instruct::trivia_qa_2_60k::base::main::325,0
ministral_8b_instruct::trivia_qa_2_60k::base::main::1244,0
ministral_8b_instruct::trivia_qa_2_60k::base::main::18879,0
ministral_8b_instruct::trivia_qa_2_60k::base::main::2547,0
ministral_8b_instruct::trivia_qa_2_60k::base::main::3702,0
ministral_8b_instruct::trivia_qa_2_60k::base::main::29598,0
ministral_8b_instruct::trivia_qa_2_60k::base::main::1438,0
ministral_8b_instruct::trivia_qa_2_60k::base::main::44210,0
ministral_8b_instruct::trivia_qa_2_60k::base::main::53357,0
ministral_8b_instruct::trivia_qa_2_60k::base::main::40713,0
ministral_8b_instruct::trivia_qa_2_60k::base::main::40305,0
ministral_8b_instruct::trivia_qa_2_60k::base::main::46096,0
ministral_8b_instruct::trivia_qa_2_60k::base::main::30097,0
ministral_8b_instruct::trivia_qa_2_60k::base::main::463,0
ministral_8b_instruct::trivia_qa_2_60k::base::main::34884,0
ministral_8b_instruct::trivia_qa_2_60k::base::main::15538,0
ministral_8b_instruct::trivia_qa_2_60k::base::main::13675,0
ministral_8b_instruct::trivia_qa_2_60k::base::main::41355,0
ministral_8b_instruct::trivia_qa_2_60k::base::main::42974,0
ministral_8b_instruct::trivia_qa_2_60k::base::main::25763,0
ministral_8b_instruct::trivia_qa_2_60k::base::main::31947,0
ministral_8b_instruct::trivia_qa_2_60k::base::main::29077,0
ministral_8b_instruct::trivia_qa_2_60k::base::main::880,0
ministral_8b_instruct::trivia_qa_2_60k::base::main::29950,0
ministral_8b_instruct::trivia_qa_2_60k::base::main::18446,0
ministral_8b_instruct::trivia_qa_2_60k::base::main::13402,0
ministral_8b_instruct::trivia_qa_2_60k::base::main::41404,0
ministral_8b_instruct::trivia_qa_2_60k::base::main::34256,0
ministral_8b_instruct::trivia_qa_2_60k::base::main::14164,0
ministral_8b_instruct::trivia_qa_2_60k::base::main::2694,0
ministral_8b_instruct::trivia_qa_2_60k::base::main::50837,0
ministral_8b_instruct::trivia_qa_2_60k::base::main::33171,0
ministral_8b_instruct::trivia_qa_2_60k::base::main::42308,0
ministral_8b_instruct::trivia_qa_2_60k::base::main::55618,0
ministral_8b_instruct::trivia_qa_2_60k::base::main::42418,0
ministral_8b_instruct::trivia_qa_2_60k::base::main::46767,0
ministral_8b_instruct::trivia_qa_2_60k::base::main::21883,0
ministral_8b_instruct::trivia_qa_2_60k::base::main::39499,0
ministral_8b_instruct::trivia_qa_2_60k::base::main::2483,0
ministral_8b_instruct::trivia_qa_2_60k::base::main::9313,0
ministral_8b_instruct::trivia_qa_2_60k::base::main::1068,0
ministral_8b_instruct::trivia_qa_2_60k::base::main::32271,0
ministral_8b_instruct::trivia_qa_2_60k::base::main::641,0
ministral_8b_instruct::trivia_qa_2_60k::base::main::47519,0
ministral_8b_instruct::trivia_qa_2_60k::base::main::19111,0
ministral_8b_instruct::trivia_qa_2_60k::base::main::55721,0
ministral_8b_instruct::trivia_qa_2_60k::base::main::35331,0
ministral_8b_instruct::trivia_qa_2_60k::base::main::22067,0
ministral_8b_instruct::trivia_qa_2_60k::base::main::33646,0
ministral_8b_instruct::trivia_qa_2_60k::base::main::9145,0
ministral_8b_instruct::trivia_qa_2_60k::base::main::1379,0
ministral_8b_instruct::trivia_qa_2_60k::base::main::7295,0
ministral_8b_instruct::trivia_qa_2_60k::base::main::23908,0
ministral_8b_instruct::trivia_qa_2_60k::base::main::10998,0
ministral_8b_instruct::trivia_qa_2_60k::base::main::13693,0
ministral_8b_instruct::trivia_qa_2_60k::base::main::55546,0
ministral_8b_instruct::trivia_qa_2_60k::base::main::21628,0
ministral_8b_instruct::trivia_qa_2_60k::base::main::52384,0
ministral_8b_instruct::trivia_qa_2_60k::base::main::7128,0
ministral_8b_instruct::trivia_qa_2_60k::base::main::18129,0
ministral_8b_instruct::trivia_qa_2_60k::base::main::31545,0
ministral_8b_instruct::trivia_qa_2_60k::base::main::3241,0
ministral_8b_instruct::trivia_qa_2_60k::base::main::37796,0
ministral_8b_instruct::trivia_qa_2_60k::base::main::5174,0
ministral_8b_instruct::trivia_qa_2_60k::base::main::16113,0
ministral_8b_instruct::trivia_qa_2_60k::base::main::44888,0
ministral_8b_instruct::trivia_qa_2_60k::base::main::56966,0
ministral_8b_instruct::trivia_qa_2_60k::base::main::32108,0
ministral_8b_instruct::trivia_qa_2_60k::base::main::36933,0
ministral_8b_instruct::trivia_qa_2_60k::base::main::19746,0
ministral_8b_instruct::trivia_qa_2_60k::base::main::9167,0
ministral_8b_instruct::trivia_qa_2_60k::base::main::49503,0
ministral_8b_instruct::trivia_qa_2_60k::base::main::25737,0
ministral_8b_instruct::trivia_qa_2_60k::base::main::14619,0
ministral_8b_instruct::trivia_qa_2_60k::base::main::473,0
ministral_8b_instruct::trivia_qa_2_60k::base::main::49993,0
ministral_8b_instruct::trivia_qa_2_60k::base::main::58263,0
ministral_8b_instruct::trivia_qa_2_60k::base::main::49078,0
ministral_8b_instruct::trivia_qa_2_60k::base::main::44634,0
ministral_8b_instruct::trivia_qa_2_60k::base::main::55826,0
ministral_8b_instruct::trivia_qa_2_60k::base::main::12341,0
ministral_8b_instruct::trivia_qa_2_60k::base::main::56981,0
ministral_8b_instruct::trivia_qa_2_60k::base::main::10198,0
ministral_8b_instruct::trivia_qa_2_60k::base::main::3308,0
ministral_8b_instruct::trivia_qa_2_60k::base::main::28375,0
ministral_8b_instruct::trivia_qa_2_60k::base::main::56468,0
ministral_8b_instruct::trivia_qa_2_60k::base::main::53325,0
ministral_8b_instruct::trivia_qa_2_60k::base::main::28400,0
ministral_8b_instruct::trivia_qa_2_60k::base::main::54470,0
ministral_8b_instruct::trivia_qa_2_60k::base::main::27038,0
ministral_8b_instruct::trivia_qa_2_60k::base::main::30574,0
ministral_8b_instruct::trivia_qa_2_60k::base::main::34716,0
ministral_8b_instruct::trivia_qa_2_60k::base::main::10670,0
ministral_8b_instruct::trivia_qa_2_60k::base::main::43896,0
ministral_8b_instruct::trivia_qa_2_60k::base::main::13836,0
ministral_8b_instruct::trivia_qa_2_60k::base::main::6267,0
ministral_8b_instruct::trivia_qa_2_60k::base::main::40974,0
ministral_8b_instruct::trivia_qa_2_60k::base::main::45707,0
ministral_8b_instruct::trivia_qa_2_60k::base::main::37359,0
ministral_8b_instruct::trivia_qa_2_60k::base::main::50715,0
ministral_8b_instruct::trivia_qa_2_60k::base::main::3968,0
ministral_8b_instruct::trivia_qa_2_60k::base::main::7390,0
ministral_8b_instruct::trivia_qa_2_60k::base::main::50282,0
ministral_8b_instruct::trivia_qa_2_60k::base::main::4888,0
ministral_8b_instruct::trivia_qa_2_60k::base::main::42002,0
ministral_8b_instruct::trivia_qa_2_60k::base::main::53756,0
ministral_8b_instruct::trivia_qa_2_60k::base::main::34024,0
ministral_8b_instruct::trivia_qa_2_60k::base::main::17675,0
ministral_8b_instruct::trivia_qa_2_60k::base::main::52239,0
ministral_8b_instruct::trivia_qa_2_60k::base::main::43568,0
ministral_8b_instruct::trivia_qa_2_60k::base::main::25960,0
ministral_8b_instruct::trivia_qa_2_60k::base::main::7406,0
ministral_8b_instruct::trivia_qa_2_60k::base::main::33219,0
ministral_8b_instruct::trivia_qa_2_60k::base::main::51059,0
ministral_8b_instruct::trivia_qa_2_60k::base::main::25266,0
ministral_8b_instruct::trivia_qa_2_60k::base::main::21682,0
ministral_8b_instruct::trivia_qa_2_60k::base::main::35159,0
ministral_8b_instruct::trivia_qa_2_60k::base::main::55321,0
ministral_8b_instruct::trivia_qa_2_60k::base::main::23633,0
ministral_8b_instruct::trivia_qa_2_60k::base::main::27715,0
ministral_8b_instruct::trivia_qa_2_60k::base::main::41978,0
ministral_8b_instruct::trivia_qa_2_60k::base::main::13224,0
ministral_8b_instruct::trivia_qa_2_60k::base::main::43389,0
ministral_8b_instruct::trivia_qa_2_60k::base::main::38080,0
ministral_8b_instruct::trivia_qa_2_60k::base::main::6581,0
ministral_8b_instruct::trivia_qa_2_60k::base::main::39417,0
ministral_8b_instruct::trivia_qa_2_60k::base::main::15236,0
ministral_8b_instruct::trivia_qa_2_60k::base::main::12289,0
ministral_8b_instruct::trivia_qa_2_60k::base::main::21903,0
ministral_8b_instruct::trivia_qa_2_60k::base::main::28180,0
ministral_8b_instruct::trivia_qa_2_60k::base::main::50809,0
ministral_8b_instruct::trivia_qa_2_60k::base::main::20108,0
ministral_8b_instruct::trivia_qa_2_60k::base::main::54545,0
ministral_8b_instruct::trivia_qa_2_60k::base::main::38346,0
ministral_8b_instruct::trivia_qa_2_60k::base::main::15776,0
ministral_8b_instruct::trivia_qa_2_60k::base::main::17529,0
ministral_8b_instruct::trivia_qa_2_60k::base::main::54310,0
ministral_8b_instruct::trivia_qa_2_60k::base::main::20004,0
ministral_8b_instruct::trivia_qa_2_60k::base::main::18356,0
ministral_8b_instruct::trivia_qa_2_60k::base::main::34326,0
ministral_8b_instruct::trivia_qa_2_60k::base::main::8006,0
ministral_8b_instruct::trivia_qa_2_60k::base::main::53870,0
ministral_8b_instruct::trivia_qa_2_60k::base::main::49,0
ministral_8b_instruct::trivia_qa_2_60k::base::main::16859,0
ministral_8b_instruct::trivia_qa_2_60k::base::main::27029,0
ministral_8b_instruct::trivia_qa_2_60k::base::main::32147,0
ministral_8b_instruct::trivia_qa_2_60k::base::main::180,0
ministral_8b_instruct::trivia_qa_2_60k::base::main::56069,0
ministral_8b_instruct::trivia_qa_2_60k::base::main::11727,0
ministral_8b_instruct::trivia_qa_2_60k::base::main::31079,0
ministral_8b_instruct::trivia_qa_2_60k::base::main::17856,0
ministral_8b_instruct::trivia_qa_2_60k::base::main::7619,0
ministral_8b_instruct::trivia_qa_2_60k::base::main::2955,0
ministral_8b_instruct::trivia_qa_2_60k::base::main::8321,0
ministral_8b_instruct::trivia_qa_2_60k::base::main::43768,0
ministral_8b_instruct::trivia_qa_2_60k::base::main::6534,0
ministral_8b_instruct::trivia_qa_2_60k::base::main::6212,0
ministral_8b_instruct::trivia_qa_2_60k::base::main::7212,0
ministral_8b_instruct::trivia_qa_2_60k::base::main::37521,0
ministral_8b_instruct::trivia_qa_2_60k::base::main::16325,0
ministral_8b_instruct::trivia_qa_2_60k::base::main::7175,0
ministral_8b_instruct::trivia_qa_2_60k::base::main::4919,0
ministral_8b_instruct::trivia_qa_2_60k::base::main::41232,0
ministral_8b_instruct::trivia_qa_2_60k::base::main::5095,0
ministral_8b_instruct::trivia_qa_2_60k::base::main::29974,0
ministral_8b_instruct::trivia_qa_2_60k::base::main::19431,0
ministral_8b_instruct::trivia_qa_2_60k::base::main::31921,0
ministral_8b_instruct::trivia_qa_2_60k::base::main::10952,0
ministral_8b_instruct::trivia_qa_2_60k::base::main::28678,0
ministral_8b_instruct::trivia_qa_2_60k::base::main::33888,0
ministral_8b_instruct::trivia_qa_2_60k::base::main::10277,0
ministral_8b_instruct::trivia_qa_2_60k::base::main::37655,0
ministral_8b_instruct::trivia_qa_2_60k::base::main::29777,0
ministral_8b_instruct::trivia_qa_2_60k::base::main::13370,0
ministral_8b_instruct::trivia_qa_2_60k::base::main::4708,0
ministral_8b_instruct::trivia_qa_2_60k::base::main::37566,0
ministral_8b_instruct::trivia_qa_2_60k::base::main::38565,0
ministral_8b_instruct::trivia_qa_2_60k::base::main::53390,0
ministral_8b_instruct::trivia_qa_2_60k::base::main::38846,0
ministral_8b_instruct::trivia_qa_2_60k::base::main::19721,0
ministral_8b_instruct::trivia_qa_2_60k::base::main::5672,0
ministral_8b_instruct::trivia_qa_2_60k::base::main::31319,0
ministral_8b_instruct::trivia_qa_2_60k::base::main::1270,0
ministral_8b_instruct::trivia_qa_2_60k::base::main::24747,0
ministral_8b_instruct::trivia_qa_2_60k::base::main::28730,0
ministral_8b_instruct::trivia_qa_2_60k::base::main::19520,0
ministral_8b_instruct::trivia_qa_2_60k::base::main::29172,0
ministral_8b_instruct::trivia_qa_2_60k::base::main::52464,0
ministral_8b_instruct::trivia_qa_2_60k::base::main::3001,0
ministral_8b_instruct::trivia_qa_2_60k::base::main::35864,0
ministral_8b_instruct::trivia_qa_2_60k::base::main::53853,0
ministral_8b_instruct::trivia_qa_2_60k::base::main::38897,0
ministral_8b_instruct::trivia_qa_2_60k::base::main::7352,0
ministral_8b_instruct::trivia_qa_2_60k::base::main::2517,0
ministral_8b_instruct::trivia_qa_2_60k::base::main::22216,0
ministral_8b_instruct::trivia_qa_2_60k::base::main::57567,0
ministral_8b_instruct::trivia_qa_2_60k::base::main::29508,0
ministral_8b_instruct::trivia_qa_2_60k::base::main::50917,0
ministral_8b_instruct::trivia_qa_2_60k::base::main::48233,0
ministral_8b_instruct::trivia_qa_2_60k::base::main::55316,0
ministral_8b_instruct::trivia_qa_2_60k::base::main::8283,0
ministral_8b_instruct::trivia_qa_2_60k::base::main::12916,0
ministral_8b_instruct::trivia_qa_2_60k::base::main::4726,0
ministral_8b_instruct::trivia_qa_2_60k::base::main::23464,0
ministral_8b_instruct::trivia_qa_2_60k::base::main::34596,0
ministral_8b_instruct::trivia_qa_2_60k::base::main::24231,0
ministral_8b_instruct::trivia_qa_2_60k::base::main::14655,0
ministral_8b_instruct::trivia_qa_2_60k::base::main::37201,0
ministral_8b_instruct::trivia_qa_2_60k::base::main::80,0
ministral_8b_instruct::trivia_qa_2_60k::base::main::41227,0
ministral_8b_instruct::trivia_qa_2_60k::base::main::21733,0
ministral_8b_instruct::trivia_qa_2_60k::base::main::22066,0
ministral_8b_instruct::trivia_qa_2_60k::base::main::53503,0
ministral_8b_instruct::trivia_qa_2_60k::base::main::14432,0
ministral_8b_instruct::trivia_qa_2_60k::base::main::45519,0
ministral_8b_instruct::trivia_qa_2_60k::base::main::31266,0
ministral_8b_instruct::trivia_qa_2_60k::base::main::31130,0
ministral_8b_instruct::trivia_qa_2_60k::base::main::642,0
ministral_8b_instruct::trivia_qa_2_60k::base::main::18448,0
ministral_8b_instruct::trivia_qa_2_60k::base::main::46625,0
ministral_8b_instruct::trivia_qa_2_60k::base::main::32481,0
ministral_8b_instruct::trivia_qa_2_60k::base::main::29359,0
ministral_8b_instruct::trivia_qa_2_60k::base::main::20205,0
ministral_8b_instruct::trivia_qa_2_60k::base::main::19724,0
ministral_8b_instruct::trivia_qa_2_60k::base::main::38980,0
ministral_8b_instruct::trivia_qa_2_60k::base::main::16954,0
ministral_8b_instruct::trivia_qa_2_60k::base::main::22042,0
ministral_8b_instruct::trivia_qa_2_60k::base::main::40912,0
ministral_8b_instruct::trivia_qa_2_60k::base::main::26392,0
ministral_8b_instruct::trivia_qa_2_60k::base::main::42315,0
ministral_8b_instruct::trivia_qa_2_60k::base::main::16862,0
ministral_8b_instruct::trivia_qa_2_60k::base::main::18855,0
ministral_8b_instruct::trivia_qa_2_60k::base::main::14121,0
ministral_8b_instruct::trivia_qa_2_60k::base::main::41541,0
ministral_8b_instruct::trivia_qa_2_60k::base::main::9578,0
ministral_8b_instruct::trivia_qa_2_60k::base::main::44047,0
ministral_8b_instruct::trivia_qa_2_60k::base::main::901,0
ministral_8b_instruct::trivia_qa_2_60k::base::main::56225,0
ministral_8b_instruct::trivia_qa_2_60k::base::main::27255,0
ministral_8b_instruct::trivia_qa_2_60k::base::main::46390,0
ministral_8b_instruct::trivia_qa_2_60k::base::main::4313,0
ministral_8b_instruct::trivia_qa_2_60k::base::main::42382,0
ministral_8b_instruct::trivia_qa_2_60k::base::main::57458,0
ministral_8b_instruct::trivia_qa_2_60k::base::main::48322,0
ministral_8b_instruct::trivia_qa_2_60k::base::main::2660,0
ministral_8b_instruct::trivia_qa_2_60k::base::main::20259,0
ministral_8b_instruct::trivia_qa_2_60k::base::main::6098,0
ministral_8b_instruct::trivia_qa_2_60k::base::main::24608,0
ministral_8b_instruct::trivia_qa_2_60k::base::main::285,0
ministral_8b_instruct::trivia_qa_2_60k::base::main::14770,0
ministral_8b_instruct::trivia_qa_2_60k::base::main::10116,0
ministral_8b_instruct::trivia_qa_2_60k::base::main::9401,0
ministral_8b_instruct::trivia_qa_2_60k::base::main::4815,0
ministral_8b_instruct::trivia_qa_2_60k::base::main::34053,0
ministral_8b_instruct::trivia_qa_2_60k::base::main::56038,0
ministral_8b_instruct::trivia_qa_2_60k::base::main::12154,0
ministral_8b_instruct::trivia_qa_2_60k::base::main::54313,0
ministral_8b_instruct::trivia_qa_2_60k::base::main::4512,0
ministral_8b_instruct::trivia_qa_2_60k::base::main::50436,0
ministral_8b_instruct::trivia_qa_2_60k::base::main::57006,0
ministral_8b_instruct::trivia_qa_2_60k::base::main::56261,0
ministral_8b_instruct::trivia_qa_2_60k::base::main::18558,0
ministral_8b_instruct::trivia_qa_2_60k::base::main::40238,0
ministral_8b_instruct::trivia_qa_2_60k::base::main::56160,0
ministral_8b_instruct::trivia_qa_2_60k::base::main::50842,0
ministral_8b_instruct::trivia_qa_2_60k::base::main::40302,0
ministral_8b_instruct::trivia_qa_2_60k::base::main::2930,0
ministral_8b_instruct::trivia_qa_2_60k::base::main::219,0
ministral_8b_instruct::trivia_qa_2_60k::base::main::55570,0
ministral_8b_instruct::trivia_qa_2_60k::base::main::23975,0
ministral_8b_instruct::trivia_qa_2_60k::base::main::17896,0
ministral_8b_instruct::trivia_qa_2_60k::base::main::9641,0
ministral_8b_instruct::trivia_qa_2_60k::base::main::24279,0
ministral_8b_instruct::trivia_qa_2_60k::base::main::23814,0
ministral_8b_instruct::trivia_qa_2_60k::base::main::53,0
ministral_8b_instruct::trivia_qa_2_60k::base::main::6811,0
ministral_8b_instruct::trivia_qa_2_60k::base::main::48980,0
ministral_8b_instruct::trivia_qa_2_60k::base::main::4518,0
ministral_8b_instruct::trivia_qa_2_60k::base::main::20162,0
ministral_8b_instruct::trivia_qa_2_60k::base::main::29337,0
ministral_8b_instruct::trivia_qa_2_60k::base::main::34894,0
ministral_8b_instruct::trivia_qa_2_60k::base::main::52410,0
ministral_8b_instruct::trivia_qa_2_60k::base::main::38306,0
ministral_8b_instruct::trivia_qa_2_60k::base::main::1131,0
ministral_8b_instruct::trivia_qa_2_60k::base::main::38205,0
ministral_8b_instruct::trivia_qa_2_60k::base::main::31843,0
ministral_8b_instruct::trivia_qa_2_60k::base::main::22238,0
ministral_8b_instruct::trivia_qa_2_60k::base::main::2632,0
ministral_8b_instruct::trivia_qa_2_60k::base::main::51817,0
ministral_8b_instruct::trivia_qa_2_60k::base::main::39474,0
ministral_8b_instruct::trivia_qa_2_60k::base::main::6514,0
ministral_8b_instruct::trivia_qa_2_60k::base::main::53963,0
ministral_8b_instruct::trivia_qa_2_60k::base::main::11287,0
ministral_8b_instruct::trivia_qa_2_60k::base::main::52311,0
ministral_8b_instruct::trivia_qa_2_60k::base::main::35426,0
ministral_8b_instruct::trivia_qa_2_60k::base::main::1980,0
ministral_8b_instruct::trivia_qa_2_60k::base::main::33146,0
ministral_8b_instruct::trivia_qa_2_60k::base::main::51464,0
ministral_8b_instruct::trivia_qa_2_60k::base::main::478,0
ministral_8b_instruct::trivia_qa_2_60k::base::main::6911,0
ministral_8b_instruct::trivia_qa_2_60k::base::main::48374,0
ministral_8b_instruct::trivia_qa_2_60k::base::main::44802,0
ministral_8b_instruct::trivia_qa_2_60k::base::main::25966,0
ministral_8b_instruct::trivia_qa_2_60k::base::main::13221,0
ministral_8b_instruct::trivia_qa_2_60k::base::main::30660,0
ministral_8b_instruct::trivia_qa_2_60k::base::main::6043,0
ministral_8b_instruct::trivia_qa_2_60k::base::main::2803,0
ministral_8b_instruct::trivia_qa_2_60k::base::main::3344,0
ministral_8b_instruct::trivia_qa_2_60k::base::main::24394,0
ministral_8b_instruct::trivia_qa_2_60k::base::main::40269,0
ministral_8b_instruct::trivia_qa_2_60k::base::main::11103,0
ministral_8b_instruct::trivia_qa_2_60k::base::main::28789,0
ministral_8b_instruct::trivia_qa_2_60k::base::main::19739,0
ministral_8b_instruct::trivia_qa_2_60k::base::main::27216,0
ministral_8b_instruct::trivia_qa_2_60k::base::main::3556,0
ministral_8b_instruct::trivia_qa_2_60k::base::main::56125,0
ministral_8b_instruct::trivia_qa_2_60k::base::main::36171,0
ministral_8b_instruct::trivia_qa_2_60k::base::main::44158,0
ministral_8b_instruct::trivia_qa_2_60k::base::main::22889,0
ministral_8b_instruct::trivia_qa_2_60k::base::main::6466,0
ministral_8b_instruct::trivia_qa_2_60k::base::main::45732,0
ministral_8b_instruct::trivia_qa_2_60k::base::main::56971,0
ministral_8b_instruct::trivia_qa_2_60k::base::main::51026,0
ministral_8b_instruct::trivia_qa_2_60k::base::main::48506,0
ministral_8b_instruct::trivia_qa_2_60k::base::main::51866,0
ministral_8b_instruct::trivia_qa_2_60k::base::main::28563,0
ministral_8b_instruct::trivia_qa_2_60k::base::main::49068,0
ministral_8b_instruct::trivia_qa_2_60k::base::main::53516,0
ministral_8b_instruct::trivia_qa_2_60k::base::main::43812,0
ministral_8b_instruct::trivia_qa_2_60k::base::main::20015,0
ministral_8b_instruct::trivia_qa_2_60k::base::main::42120,0
ministral_8b_instruct::trivia_qa_2_60k::base::main::31242,0
ministral_8b_instruct::trivia_qa_2_60k::base::main::52827,0
ministral_8b_instruct::trivia_qa_2_60k::base::main::40271,0
ministral_8b_instruct::trivia_qa_2_60k::base::main::31298,0
ministral_8b_instruct::trivia_qa_2_60k::base::main::21189,0
ministral_8b_instruct::trivia_qa_2_60k::base::main::15926,0
