sample_id,label
qwen_2.5_7b_instruct::trivia_qa_2_60k::base::main::31869,1
qwen_2.5_7b_instruct::trivia_qa_2_60k::base::main::49452,1
qwen_2.5_7b_instruct::trivia_qa_2_60k::base::main::27088,1
qwen_2.5_7b_instruct::trivia_qa_2_60k::base::main::19274,1
qwen_2.5_7b_instruct::trivia_qa_2_60k::base::main::10745,1
qwen_2.5_7b_instruct::trivia_qa_2_60k::base::main::42490,1
qwen_2.5_7b_instruct::trivia_qa_2_60k::base::main::58379,1
qwen_2.5_7b_instruct::trivia_qa_2_60k::base::main::47522,1
qwen_2.5_7b_instruct::trivia_qa_2_60k::base::main::12300,1
qwen_2.5_7b_instruct::trivia_qa_2_60k::base::main::13820,1
qwen_2.5_7b_instruct::trivia_qa_2_60k::base::main::3844,1
qwen_2.5_7b_instruct::trivia_qa_2_60k::base::main::6199,1
qwen_2.5_7b_instruct::trivia_qa_2_60k::base::main::7312,1
qwen_2.5_7b_instruct::trivia_qa_2_60k::base::main::28571,1
qwen_2.5_7b_instruct::trivia_qa_2_60k::base::main::23522,1
qwen_2.5_7b_instruct::trivia_qa_2_60k::base::main::51383,1
qwen_2.5_7b_instruct::trivia_qa_2_60k::base::main::235,1
qwen_2.5_7b_instruct::trivia_qa_2_60k::base::main::46357,1
qwen_2.5_7b_instruct::trivia_qa_2_60k::base::main::10376,1
qwen_2.5_7b_instruct::trivia_qa_2_60k::base::main::19824,1
qwen_2.5_7b_instruct::trivia_qa_2_60k::base::main::20361,1
qwen_2.5_7b_instruct::trivia_qa_2_60k::base::main::9106,1
qwen_2.5_7b_instruct::trivia_qa_2_60k::base::main::8123,1
qwen_2.5_7b_instruct::trivia_qa_2_60k::base::main::26445,1
qwen_2.5_7b_instruct::trivia_qa_2_60k::base::main::47232,1
qwen_2.5_7b_instruct::trivia_qa_2_60k::base::main::30740,1
qwen_2.5_7b_instruct::trivia_qa_2_60k::base::main::338,1
qwen_2.5_7b_instruct::trivia_qa_2_60k::base::main::34313,1
qwen_2.5_7b_instruct::trivia_qa_2_60k::base::main::31321,1
qwen_2.5_7b_instruct::trivia_qa_2_60k::base::main::55590,1
qwen_2.5_7b_instruct::trivia_qa_2_60k::base::main::24519,1
qwen_2.5_7b_instruct::trivia_qa_2_60k::base::main::21129,1
qwen_2.5_7b_instruct::trivia_qa_2_60k::base::main::42197,1
qwen_2.5_7b_instruct::trivia_qa_2_60k::base::main::48591,1
qwen_2.5_7b_instruct::trivia_qa_2_60k::base::main::57209,1
qwen_2.5_7b_instruct::trivia_qa_2_60k::base::main::53821,1
qwen_2.5_7b_instruct::trivia_qa_2_60k::base::main::29311,1
qwen_2.5_7b_instruct::trivia_qa_2_60k::base::main::36226,1
qwen_2.5_7b_instruct::trivia_qa_2_60k::base::main::49462,1
qwen_2.5_7b_instruct::trivia_qa_2_60k::base::main::4565,1
qwen_2.5_7b_instruct::trivia_qa_2_60k::base::main::50169,1
qwen_2.5_7b_instruct::trivia_qa_2_60k::base::main::49549,1
qwen_2.5_7b_instruct::trivia_qa_2_60k::base::main::36195,1
qwen_2.5_7b_instruct::trivia_qa_2_60k::base::main::33274,1
qwen_2.5_7b_instruct::trivia_qa_2_60k::base::main::51,1
qwen_2.5_7b_instruct::trivia_qa_2_60k::base::main::56483,1
qwen_2.5_7b_instruct::trivia_qa_2_60k::base::main::57369,1
qwen_2.5_7b_instruct::trivia_qa_2_60k::base::main::9907,1
qwen_2.5_7b_instruct::trivia_qa_2_60k::base::main::11252,1
qwen_2.5_7b_instruct::trivia_qa_2_60k::base::main::4913,1
qwen_2.5_7b_instruct::trivia_qa_2_60k::base::main::28542,1
qwen_2.5_7b_instruct::trivia_qa_2_60k::base::main::34263,1
qwen_2.5_7b_instruct::trivia_qa_2_60k::base::main::10009,1
qwen_2.5_7b_instruct::trivia_qa_2_60k::base::main::28550,1
qwen_2.5_7b_instruct::trivia_qa_2_60k::base::main::49914,1
qwen_2.5_7b_instruct::trivia_qa_2_60k::base::main::22523,1
qwen_2.5_7b_instruct::trivia_qa_2_60k::base::main::26210,1
qwen_2.5_7b_instruct::trivia_qa_2_60k::base::main::6050,1
qwen_2.5_7b_instruct::trivia_qa_2_60k::base::main::30483,1
qwen_2.5_7b_instruct::trivia_qa_2_60k::base::main::58083,1
qwen_2.5_7b_instruct::trivia_qa_2_60k::base::main::53942,1
qwen_2.5_7b_instruct::trivia_qa_2_60k::base::main::12805,1
qwen_2.5_7b_instruct::trivia_qa_2_60k::base::main::53367,1
qwen_2.5_7b_instruct::trivia_qa_2_60k::base::main::42696,1
qwen_2.5_7b_instruct::trivia_qa_2_60k::base::main::54508,1
qwen_2.5_7b_instruct::trivia_qa_2_60k::base::main::37677,1
qwen_2.5_7b_instruct::trivia_qa_2_60k::base::main::10879,1
qwen_2.5_7b_instruct::trivia_qa_2_60k::base::main::31635,1
qwen_2.5_7b_instruct::trivia_qa_2_60k::base::main::40242,1
qwen_2.5_7b_instruct::trivia_qa_2_60k::base::main::47197,1
qwen_2.5_7b_instruct::trivia_qa_2_60k::base::main::12629,1
qwen_2.5_7b_instruct::trivia_qa_2_60k::base::main::15113,1
qwen_2.5_7b_instruct::trivia_qa_2_60k::base::main::53537,1
qwen_2.5_7b_instruct::trivia_qa_2_60k::base::main::19119,1
qwen_2.5_7b_instruct::trivia_qa_2_60k::base::main::56123,1
qwen_2.5_7b_instruct::trivia_qa_2_60k::base::main::20701,1
qwen_2.5_7b_instruct::trivia_qa_2_60k::base::main::38471,1
qwen_2.5_7b_instruct::trivia_qa_2_60k::base::main::51827,1
qwen_2.5_7b_instruct::trivia_qa_2_60k::base::main::15914,1
qwen_2.5_7b_instruct::trivia_qa_2_60k::base::main::13381,1
qwen_2.5_7b_instruct::trivia_qa_2_60k::base::main::45782,1
qwen_2.5_7b_instruct::trivia_qa_2_60k::base::main::6023,1
qwen_2.5_7b_instruct::trivia_qa_2_60k::base::main::21432,1
qwen_2.5_7b_instruct::trivia_qa_2_60k::base::main::32700,1
qwen_2.5_7b_instruct::trivia_qa_2_60k::base::main::57473,1
qwen_2.5_7b_instruct::trivia_qa_2_60k::base::main::14290,1
qwen_2.5_7b_instruct::trivia_qa_2_60k::base::main::36794,1
qwen_2.5_7b_instruct::trivia_qa_2_60k::base::main::21127,1
qwen_2.5_7b_instruct::trivia_qa_2_60k::base::main::40024,1
qwen_2.5_7b_instruct::trivia_qa_2_60k::base::main::19401,1
qwen_2.5_7b_instruct::trivia_qa_2_60k::base::main::53234,1
qwen_2.5_7b_instruct::trivia_qa_2_60k::base::main::21873,1
qwen_2.5_7b_instruct::trivia_qa_2_60k::base::main::24831,1
qwen_2.5_7b_instruct::trivia_qa_2_60k::base::main::52504,1
qwen_2.5_7b_instruct::trivia_qa_2_60k::base::main::6,1
qwen_2.5_7b_instruct::trivia_qa_2_60k::base::main::28301,1
qwen_2.5_7b_instruct::trivia_qa_2_60k::base::main::57021,1
qwen_2.5_7b_instruct::trivia_qa_2_60k::base::main::43241,1
qwen_2.5_7b_instruct::trivia_qa_2_60k::base::main::53990,1
qwen_2.5_7b_instruct::trivia_qa_2_60k::base::main::26764,1
qwen_2.5_7b_instruct::trivia_qa_2_60k::base::main::26709,1
qwen_2.5_7b_instruct::trivia_qa_2_60k::base::main::40053,1
qwen_2.5_7b_instruct::trivia_qa_2_60k::base::main::10403,1
qwen_2.5_7b_instruct::trivia_qa_2_60k::base::main::32587,1
qwen_2.5_7b_instruct::trivia_qa_2_60k::base::main::29078,1
qwen_2.5_7b_instruct::trivia_qa_2_60k::base::main::2484,1
qwen_2.5_7b_instruct::trivia_qa_2_60k::base::main::38564,1
qwen_2.5_7b_instruct::trivia_qa_2_60k::base::main::11211,1
qwen_2.5_7b_instruct::trivia_qa_2_60k::base::main::26622,1
qwen_2.5_7b_instruct::trivia_qa_2_60k::base::main::50569,1
qwen_2.5_7b_instruct::trivia_qa_2_60k::base::main::20619,1
qwen_2.5_7b_instruct::trivia_qa_2_60k::base::main::395,1
qwen_2.5_7b_instruct::trivia_qa_2_60k::base::main::33360,1
qwen_2.5_7b_instruct::trivia_qa_2_60k::base::main::5209,1
qwen_2.5_7b_instruct::trivia_qa_2_60k::base::main::46903,1
qwen_2.5_7b_instruct::trivia_qa_2_60k::base::main::30565,1
qwen_2.5_7b_instruct::trivia_qa_2_60k::base::main::14703,1
qwen_2.5_7b_instruct::trivia_qa_2_60k::base::main::3511,1
qwen_2.5_7b_instruct::trivia_qa_2_60k::base::main::33756,1
qwen_2.5_7b_instruct::trivia_qa_2_60k::base::main::11487,1
qwen_2.5_7b_instruct::trivia_qa_2_60k::base::main::51300,1
qwen_2.5_7b_instruct::trivia_qa_2_60k::base::main::13525,1
qwen_2.5_7b_instruct::trivia_qa_2_60k::base::main::4821,1
qwen_2.5_7b_instruct::trivia_qa_2_60k::base::main::40610,1
qwen_2.5_7b_instruct::trivia_qa_2_60k::base::main::56572,1
qwen_2.5_7b_instruct::trivia_qa_2_60k::base::main::20519,1
qwen_2.5_7b_instruct::trivia_qa_2_60k::base::main::40766,1
qwen_2.5_7b_instruct::trivia_qa_2_60k::base::main::13467,1
qwen_2.5_7b_instruct::trivia_qa_2_60k::base::main::18671,1
qwen_2.5_7b_instruct::trivia_qa_2_60k::base::main::17203,1
qwen_2.5_7b_instruct::trivia_qa_2_60k::base::main::54819,1
qwen_2.5_7b_instruct::trivia_qa_2_60k::base::main::48297,1
qwen_2.5_7b_instruct::trivia_qa_2_60k::base::main::20433,1
qwen_2.5_7b_instruct::trivia_qa_2_60k::base::main::33282,1
qwen_2.5_7b_instruct::trivia_qa_2_60k::base::main::43499,1
qwen_2.5_7b_instruct::trivia_qa_2_60k::base::main::15295,1
qwen_2.5_7b_instruct::trivia_qa_2_60k::base::main::8154,1
qwen_2.5_7b_instruct::trivia_qa_2_60k::base::main::18202,1
qwen_2.5_7b_instruct::trivia_qa_2_60k::base::main::21044,1
qwen_2.5_7b_instruct::trivia_qa_2_60k::base::main::28333,1
qwen_2.5_7b_instruct::trivia_qa_2_60k::base::main::58206,1
qwen_2.5_7b_instruct::trivia_qa_2_60k::base::main::36112,1
qwen_2.5_7b_instruct::trivia_qa_2_60k::base::main::57746,1
qwen_2.5_7b_instruct::trivia_qa_2_60k::base::main::18436,1
qwen_2.5_7b_instruct::trivia_qa_2_60k::base::main::9568,1
qwen_2.5_7b_instruct::trivia_qa_2_60k::base::main::24424,1
qwen_2.5_7b_instruct::trivia_qa_2_60k::base::main::5933,1
qwen_2.5_7b_instruct::trivia_qa_2_60k::base::main::54704,1
qwen_2.5_7b_instruct::trivia_qa_2_60k::base::main::50811,1
qwen_2.5_7b_instruct::trivia_qa_2_60k::base::main::47901,1
qwen_2.5_7b_instruct::trivia_qa_2_60k::base::main::41018,1
qwen_2.5_7b_instruct::trivia_qa_2_60k::base::main::47396,1
qwen_2.5_7b_instruct::trivia_qa_2_60k::base::main::39083,1
qwen_2.5_7b_instruct::trivia_qa_2_60k::base::main::29361,1
qwen_2.5_7b_instruct::trivia_qa_2_60k::base::main::13733,1
qwen_2.5_7b_instruct::trivia_qa_2_60k::base::main::4527,1
qwen_2.5_7b_instruct::trivia_qa_2_60k::base::main::5147,1
qwen_2.5_7b_instruct::trivia_qa_2_60k::base::main::28941,1
qwen_2.5_7b_instruct::trivia_qa_2_60k::base::main::41298,1
qwen_2.5_7b_instruct::trivia_qa_2_60k::base::main::36373,1
qwen_2.5_7b_instruct::trivia_qa_2_60k::base::main::18077,1
qwen_2.5_7b_instruct::trivia_qa_2_60k::base::main::46524,1
qwen_2.5_7b_instruct::trivia_qa_2_60k::base::main::44848,1
qwen_2.5_7b_instruct::trivia_qa_2_60k::base::main::50891,1
qwen_2.5_7b_instruct::trivia_qa_2_60k::base::main::14382,1
qwen_2.5_7b_instruct::trivia_qa_2_60k::base::main::47674,1
qwen_2.5_7b_instruct::trivia_qa_2_60k::base::main::32454,1
qwen_2.5_7b_instruct::trivia_qa_2_60k::base::main::54430,1
qwen_2.5_7b_instruct::trivia_qa_2_60k::base::main::27863,1
qwen_2.5_7b_instruct::trivia_qa_2_60k::base::main::23540,1
qwen_2.5_7b_instruct::trivia_qa_2_60k::base::main::32212,1
qwen_2.5_7b_instruct::trivia_qa_2_60k::base::main::33841,1
qwen_2.5_7b_instruct::trivia_qa_2_60k::base::main::33298,1
qwen_2.5_7b_instruct::trivia_qa_2_60k::base::main::27188,1
qwen_2.5_7b_instruct::trivia_qa_2_60k::base::main::35891,1
qwen_2.5_7b_instruct::trivia_qa_2_60k::base::main::8887,1
qwen_2.5_7b_instruct::trivia_qa_2_60k::base::main::47616,1
qwen_2.5_7b_instruct::trivia_qa_2_60k::base::main::31369,1
qwen_2.5_7b_instruct::trivia_qa_2_60k::base::main::21145,1
qwen_2.5_7b_instruct::trivia_qa_2_60k::base::main::11877,1
qwen_2.5_7b_instruct::trivia_qa_2_60k::base::main::13681,1
qwen_2.5_7b_instruct::trivia_qa_2_60k::base::main::38044,1
qwen_2.5_7b_instruct::trivia_qa_2_60k::base::main::15778,1
qwen_2.5_7b_instruct::trivia_qa_2_60k::base::main::48446,1
qwen_2.5_7b_instruct::trivia_qa_2_60k::base::main::5303,1
qwen_2.5_7b_instruct::trivia_qa_2_60k::base::main::26328,1
qwen_2.5_7b_instruct::trivia_qa_2_60k::base::main::45892,1
qwen_2.5_7b_instruct::trivia_qa_2_60k::base::main::32720,1
qwen_2.5_7b_instruct::trivia_qa_2_60k::base::main::56090,1
qwen_2.5_7b_instruct::trivia_qa_2_60k::base::main::55108,1
qwen_2.5_7b_instruct::trivia_qa_2_60k::base::main::42445,1
qwen_2.5_7b_instruct::trivia_qa_2_60k::base::main::18304,1
qwen_2.5_7b_instruct::trivia_qa_2_60k::base::main::46336,1
qwen_2.5_7b_instruct::trivia_qa_2_60k::base::main::2488,1
qwen_2.5_7b_instruct::trivia_qa_2_60k::base::main::8489,1
qwen_2.5_7b_instruct::trivia_qa_2_60k::base::main::5976,1
qwen_2.5_7b_instruct::trivia_qa_2_60k::base::main::10261,1
qwen_2.5_7b_instruct::trivia_qa_2_60k::base::main::50225,1
qwen_2.5_7b_instruct::trivia_qa_2_60k::base::main::51251,1
qwen_2.5_7b_instruct::trivia_qa_2_60k::base::main::45142,1
qwen_2.5_7b_instruct::trivia_qa_2_60k::base::main::22755,1
qwen_2.5_7b_instruct::trivia_qa_2_60k::base::main::46820,1
qwen_2.5_7b_instruct::trivia_qa_2_60k::base::main::16832,1
qwen_2.5_7b_instruct::trivia_qa_2_60k::base::main::44465,1
qwen_2.5_7b_instruct::trivia_qa_2_60k::base::main::4124,1
qwen_2.5_7b_instruct::trivia_qa_2_60k::base::main::3853,1
qwen_2.5_7b_instruct::trivia_qa_2_60k::base::main::45570,1
qwen_2.5_7b_instruct::trivia_qa_2_60k::base::main::1543,1
qwen_2.5_7b_instruct::trivia_qa_2_60k::base::main::34495,1
qwen_2.5_7b_instruct::trivia_qa_2_60k::base::main::28958,1
qwen_2.5_7b_instruct::trivia_qa_2_60k::base::main::26466,1
qwen_2.5_7b_instruct::trivia_qa_2_60k::base::main::52703,1
qwen_2.5_7b_instruct::trivia_qa_2_60k::base::main::20199,1
qwen_2.5_7b_instruct::trivia_qa_2_60k::base::main::52192,1
qwen_2.5_7b_instruct::trivia_qa_2_60k::base::main::26058,1
qwen_2.5_7b_instruct::trivia_qa_2_60k::base::main::51134,1
qwen_2.5_7b_instruct::trivia_qa_2_60k::base::main::9464,1
qwen_2.5_7b_instruct::trivia_qa_2_60k::base::main::17231,1
qwen_2.5_7b_instruct::trivia_qa_2_60k::base::main::18702,1
qwen_2.5_7b_instruct::trivia_qa_2_60k::base::main::42605,1
qwen_2.5_7b_instruct::trivia_qa_2_60k::base::main::14239,1
qwen_2.5_7b_instruct::trivia_qa_2_60k::base::main::55175,1
qwen_2.5_7b_instruct::trivia_qa_2_60k::base::main::11869,1
qwen_2.5_7b_instruct::trivia_qa_2_60k::base::main::2368,1
qwen_2.5_7b_instruct::trivia_qa_2_60k::base::main::58517,1
qwen_2.5_7b_instruct::trivia_qa_2_60k::base::main::29020,1
qwen_2.5_7b_instruct::trivia_qa_2_60k::base::main::49024,1
qwen_2.5_7b_instruct::trivia_qa_2_60k::base::main::16974,1
qwen_2.5_7b_instruct::trivia_qa_2_60k::base::main::20749,1
qwen_2.5_7b_instruct::trivia_qa_2_60k::base::main::38711,1
qwen_2.5_7b_instruct::trivia_qa_2_60k::base::main::52819,1
qwen_2.5_7b_instruct::trivia_qa_2_60k::base::main::12874,1
qwen_2.5_7b_instruct::trivia_qa_2_60k::base::main::26708,1
qwen_2.5_7b_instruct::trivia_qa_2_60k::base::main::46230,1
qwen_2.5_7b_instruct::trivia_qa_2_60k::base::main::12890,1
qwen_2.5_7b_instruct::trivia_qa_2_60k::base::main::31006,1
qwen_2.5_7b_instruct::trivia_qa_2_60k::base::main::21230,1
qwen_2.5_7b_instruct::trivia_qa_2_60k::base::main::4893,1
qwen_2.5_7b_instruct::trivia_qa_2_60k::base::main::9304,1
qwen_2.5_7b_instruct::trivia_qa_2_60k::base::main::23468,1
qwen_2.5_7b_instruct::trivia_qa_2_60k::base::main::24585,1
qwen_2.5_7b_instruct::trivia_qa_2_60k::base::main::26932,1
qwen_2.5_7b_instruct::trivia_qa_2_60k::base::main::42705,1
qwen_2.5_7b_instruct::trivia_qa_2_60k::base::main::28553,1
qwen_2.5_7b_instruct::trivia_qa_2_60k::base::main::2000,1
qwen_2.5_7b_instruct::trivia_qa_2_60k::base::main::14942,1
qwen_2.5_7b_instruct::trivia_qa_2_60k::base::main::12462,1
qwen_2.5_7b_instruct::trivia_qa_2_60k::base::main::19880,1
qwen_2.5_7b_instruct::trivia_qa_2_60k::base::main::53467,1
qwen_2.5_7b_instruct::trivia_qa_2_60k::base::main::10874,1
qwen_2.5_7b_instruct::trivia_qa_2_60k::base::main::36868,1
qwen_2.5_7b_instruct::trivia_qa_2_60k::base::main::56757,1
qwen_2.5_7b_instruct::trivia_qa_2_60k::base::main::42377,1
qwen_2.5_7b_instruct::trivia_qa_2_60k::base::main::10894,1
qwen_2.5_7b_instruct::trivia_qa_2_60k::base::main::52426,1
qwen_2.5_7b_instruct::trivia_qa_2_60k::base::main::11746,1
qwen_2.5_7b_instruct::trivia_qa_2_60k::base::main::35295,1
qwen_2.5_7b_instruct::trivia_qa_2_60k::base::main::36278,1
qwen_2.5_7b_instruct::trivia_qa_2_60k::base::main::25581,1
qwen_2.5_7b_instruct::trivia_qa_2_60k::base::main::48433,1
qwen_2.5_7b_instruct::trivia_qa_2_60k::base::main::46959,1
qwen_2.5_7b_instruct::trivia_qa_2_60k::base::main::52292,1
qwen_2.5_7b_instruct::trivia_qa_2_60k::base::main::28130,1
qwen_2.5_7b_instruct::trivia_qa_2_60k::base::main::1754,1
qwen_2.5_7b_instruct::trivia_qa_2_60k::base::main::19815,1
qwen_2.5_7b_instruct::trivia_qa_2_60k::base::main::57597,1
qwen_2.5_7b_instruct::trivia_qa_2_60k::base::main::56933,1
qwen_2.5_7b_instruct::trivia_qa_2_60k::base::main::11494,1
qwen_2.5_7b_instruct::trivia_qa_2_60k::base::main::36855,1
qwen_2.5_7b_instruct::trivia_qa_2_60k::base::main::44112,1
qwen_2.5_7b_instruct::trivia_qa_2_60k::base::main::5762,1
qwen_2.5_7b_instruct::trivia_qa_2_60k::base::main::19615,1
qwen_2.5_7b_instruct::trivia_qa_2_60k::base::main::13051,1
qwen_2.5_7b_instruct::trivia_qa_2_60k::base::main::3321,1
qwen_2.5_7b_instruct::trivia_qa_2_60k::base::main::52602,1
qwen_2.5_7b_instruct::trivia_qa_2_60k::base::main::29601,1
qwen_2.5_7b_instruct::trivia_qa_2_60k::base::main::935,1
qwen_2.5_7b_instruct::trivia_qa_2_60k::base::main::21233,1
qwen_2.5_7b_instruct::trivia_qa_2_60k::base::main::31961,1
qwen_2.5_7b_instruct::trivia_qa_2_60k::base::main::25554,1
qwen_2.5_7b_instruct::trivia_qa_2_60k::base::main::16288,1
qwen_2.5_7b_instruct::trivia_qa_2_60k::base::main::34426,1
qwen_2.5_7b_instruct::trivia_qa_2_60k::base::main::54001,1
qwen_2.5_7b_instruct::trivia_qa_2_60k::base::main::10866,1
qwen_2.5_7b_instruct::trivia_qa_2_60k::base::main::4515,1
qwen_2.5_7b_instruct::trivia_qa_2_60k::base::main::51241,1
qwen_2.5_7b_instruct::trivia_qa_2_60k::base::main::7217,1
qwen_2.5_7b_instruct::trivia_qa_2_60k::base::main::21556,1
qwen_2.5_7b_instruct::trivia_qa_2_60k::base::main::54240,1
qwen_2.5_7b_instruct::trivia_qa_2_60k::base::main::58272,1
qwen_2.5_7b_instruct::trivia_qa_2_60k::base::main::40421,1
qwen_2.5_7b_instruct::trivia_qa_2_60k::base::main::6683,1
qwen_2.5_7b_instruct::trivia_qa_2_60k::base::main::26167,1
qwen_2.5_7b_instruct::trivia_qa_2_60k::base::main::49127,1
qwen_2.5_7b_instruct::trivia_qa_2_60k::base::main::14588,1
qwen_2.5_7b_instruct::trivia_qa_2_60k::base::main::14087,1
qwen_2.5_7b_instruct::trivia_qa_2_60k::base::main::8750,1
qwen_2.5_7b_instruct::trivia_qa_2_60k::base::main::12335,1
qwen_2.5_7b_instruct::trivia_qa_2_60k::base::main::48641,1
qwen_2.5_7b_instruct::trivia_qa_2_60k::base::main::57058,1
qwen_2.5_7b_instruct::trivia_qa_2_60k::base::main::38173,1
qwen_2.5_7b_instruct::trivia_qa_2_60k::base::main::46922,1
qwen_2.5_7b_instruct::trivia_qa_2_60k::base::main::55988,1
qwen_2.5_7b_instruct::trivia_qa_2_60k::base::main::488,1
qwen_2.5_7b_instruct::trivia_qa_2_60k::base::main::9730,1
qwen_2.5_7b_instruct::trivia_qa_2_60k::base::main::26403,1
qwen_2.5_7b_instruct::trivia_qa_2_60k::base::main::26509,1
qwen_2.5_7b_instruct::trivia_qa_2_60k::base::main::25693,1
qwen_2.5_7b_instruct::trivia_qa_2_60k::base::main::2286,1
qwen_2.5_7b_instruct::trivia_qa_2_60k::base::main::40079,1
qwen_2.5_7b_instruct::trivia_qa_2_60k::base::main::54657,1
qwen_2.5_7b_instruct::trivia_qa_2_60k::base::main::43397,1
qwen_2.5_7b_instruct::trivia_qa_2_60k::base::main::44569,1
qwen_2.5_7b_instruct::trivia_qa_2_60k::base::main::22125,1
qwen_2.5_7b_instruct::trivia_qa_2_60k::base::main::57261,1
qwen_2.5_7b_instruct::trivia_qa_2_60k::base::main::3256,1
qwen_2.5_7b_instruct::trivia_qa_2_60k::base::main::35352,1
qwen_2.5_7b_instruct::trivia_qa_2_60k::base::main::39549,1
qwen_2.5_7b_instruct::trivia_qa_2_60k::base::main::2248,1
qwen_2.5_7b_instruct::trivia_qa_2_60k::base::main::38423,1
qwen_2.5_7b_instruct::trivia_qa_2_60k::base::main::12010,1
qwen_2.5_7b_instruct::trivia_qa_2_60k::base::main::33982,1
qwen_2.5_7b_instruct::trivia_qa_2_60k::base::main::23152,1
qwen_2.5_7b_instruct::trivia_qa_2_60k::base::main::26977,1
qwen_2.5_7b_instruct::trivia_qa_2_60k::base::main::7224,1
qwen_2.5_7b_instruct::trivia_qa_2_60k::base::main::37110,1
qwen_2.5_7b_instruct::trivia_qa_2_60k::base::main::32137,1
qwen_2.5_7b_instruct::trivia_qa_2_60k::base::main::57024,1
qwen_2.5_7b_instruct::trivia_qa_2_60k::base::main::27850,1
qwen_2.5_7b_instruct::trivia_qa_2_60k::base::main::10887,1
qwen_2.5_7b_instruct::trivia_qa_2_60k::base::main::43479,1
qwen_2.5_7b_instruct::trivia_qa_2_60k::base::main::47593,1
qwen_2.5_7b_instruct::trivia_qa_2_60k::base::main::24039,1
qwen_2.5_7b_instruct::trivia_qa_2_60k::base::main::24381,1
qwen_2.5_7b_instruct::trivia_qa_2_60k::base::main::51312,1
qwen_2.5_7b_instruct::trivia_qa_2_60k::base::main::30440,1
qwen_2.5_7b_instruct::trivia_qa_2_60k::base::main::18161,1
qwen_2.5_7b_instruct::trivia_qa_2_60k::base::main::52542,1
qwen_2.5_7b_instruct::trivia_qa_2_60k::base::main::14460,1
qwen_2.5_7b_instruct::trivia_qa_2_60k::base::main::34849,1
qwen_2.5_7b_instruct::trivia_qa_2_60k::base::main::13171,1
qwen_2.5_7b_instruct::trivia_qa_2_60k::base::main::32892,1
qwen_2.5_7b_instruct::trivia_qa_2_60k::base::main::44643,1
qwen_2.5_7b_instruct::trivia_qa_2_60k::base::main::30786,1
qwen_2.5_7b_instruct::trivia_qa_2_60k::base::main::32992,1
qwen_2.5_7b_instruct::trivia_qa_2_60k::base::main::56623,1
qwen_2.5_7b_instruct::trivia_qa_2_60k::base::main::32483,1
qwen_2.5_7b_instruct::trivia_qa_2_60k::base::main::574,1
qwen_2.5_7b_instruct::trivia_qa_2_60k::base::main::14700,1
qwen_2.5_7b_instruct::trivia_qa_2_60k::base::main::54748,1
qwen_2.5_7b_instruct::trivia_qa_2_60k::base::main::21144,1
qwen_2.5_7b_instruct::trivia_qa_2_60k::base::main::20738,1
qwen_2.5_7b_instruct::trivia_qa_2_60k::base::main::57384,1
qwen_2.5_7b_instruct::trivia_qa_2_60k::base::main::36380,1
qwen_2.5_7b_instruct::trivia_qa_2_60k::base::main::30668,1
qwen_2.5_7b_instruct::trivia_qa_2_60k::base::main::27034,1
qwen_2.5_7b_instruct::trivia_qa_2_60k::base::main::51341,1
qwen_2.5_7b_instruct::trivia_qa_2_60k::base::main::41876,1
qwen_2.5_7b_instruct::trivia_qa_2_60k::base::main::12887,1
qwen_2.5_7b_instruct::trivia_qa_2_60k::base::main::32400,1
qwen_2.5_7b_instruct::trivia_qa_2_60k::base::main::43319,1
qwen_2.5_7b_instruct::trivia_qa_2_60k::base::main::24830,1
qwen_2.5_7b_instruct::trivia_qa_2_60k::base::main::33007,1
qwen_2.5_7b_instruct::trivia_qa_2_60k::base::main::46543,1
qwen_2.5_7b_instruct::trivia_qa_2_60k::base::main::39147,1
qwen_2.5_7b_instruct::trivia_qa_2_60k::base::main::24659,1
qwen_2.5_7b_instruct::trivia_qa_2_60k::base::main::44062,1
qwen_2.5_7b_instruct::trivia_qa_2_60k::base::main::13562,1
qwen_2.5_7b_instruct::trivia_qa_2_60k::base::main::53202,1
qwen_2.5_7b_instruct::trivia_qa_2_60k::base::main::40247,1
qwen_2.5_7b_instruct::trivia_qa_2_60k::base::main::20450,1
qwen_2.5_7b_instruct::trivia_qa_2_60k::base::main::40129,1
qwen_2.5_7b_instruct::trivia_qa_2_60k::base::main::53765,1
qwen_2.5_7b_instruct::trivia_qa_2_60k::base::main::51499,1
qwen_2.5_7b_instruct::trivia_qa_2_60k::base::main::46353,1
qwen_2.5_7b_instruct::trivia_qa_2_60k::base::main::17544,1
qwen_2.5_7b_instruct::trivia_qa_2_60k::base::main::30998,1
qwen_2.5_7b_instruct::trivia_qa_2_60k::base::main::40389,1
qwen_2.5_7b_instruct::trivia_qa_2_60k::base::main::57104,1
qwen_2.5_7b_instruct::trivia_qa_2_60k::base::main::39839,1
qwen_2.5_7b_instruct::trivia_qa_2_60k::base::main::20221,1
qwen_2.5_7b_instruct::trivia_qa_2_60k::base::main::758,1
qwen_2.5_7b_instruct::trivia_qa_2_60k::base::main::5969,1
qwen_2.5_7b_instruct::trivia_qa_2_60k::base::main::25735,1
qwen_2.5_7b_instruct::trivia_qa_2_60k::base::main::22522,1
qwen_2.5_7b_instruct::trivia_qa_2_60k::base::main::3970,1
qwen_2.5_7b_instruct::trivia_qa_2_60k::base::main::23417,1
qwen_2.5_7b_instruct::trivia_qa_2_60k::base::main::27906,1
qwen_2.5_7b_instruct::trivia_qa_2_60k::base::main::24972,1
qwen_2.5_7b_instruct::trivia_qa_2_60k::base::main::8422,1
qwen_2.5_7b_instruct::trivia_qa_2_60k::base::main::4941,1
qwen_2.5_7b_instruct::trivia_qa_2_60k::base::main::16867,1
qwen_2.5_7b_instruct::trivia_qa_2_60k::base::main::33054,1
qwen_2.5_7b_instruct::trivia_qa_2_60k::base::main::32428,1
qwen_2.5_7b_instruct::trivia_qa_2_60k::base::main::29859,1
qwen_2.5_7b_instruct::trivia_qa_2_60k::base::main::10951,1
qwen_2.5_7b_instruct::trivia_qa_2_60k::base::main::15327,1
qwen_2.5_7b_instruct::trivia_qa_2_60k::base::main::56027,1
qwen_2.5_7b_instruct::trivia_qa_2_60k::base::main::9346,1
qwen_2.5_7b_instruct::trivia_qa_2_60k::base::main::8933,1
qwen_2.5_7b_instruct::trivia_qa_2_60k::base::main::43816,1
qwen_2.5_7b_instruct::trivia_qa_2_60k::base::main::50465,1
qwen_2.5_7b_instruct::trivia_qa_2_60k::base::main::186,1
qwen_2.5_7b_instruct::trivia_qa_2_60k::base::main::48207,1
qwen_2.5_7b_instruct::trivia_qa_2_60k::base::main::21736,1
qwen_2.5_7b_instruct::trivia_qa_2_60k::base::main::28835,1
qwen_2.5_7b_instruct::trivia_qa_2_60k::base::main::11652,1
qwen_2.5_7b_instruct::trivia_qa_2_60k::base::main::52935,1
qwen_2.5_7b_instruct::trivia_qa_2_60k::base::main::33645,1
qwen_2.5_7b_instruct::trivia_qa_2_60k::base::main::56732,1
qwen_2.5_7b_instruct::trivia_qa_2_60k::base::main::46797,1
qwen_2.5_7b_instruct::trivia_qa_2_60k::base::main::39523,1
qwen_2.5_7b_instruct::trivia_qa_2_60k::base::main::33556,1
qwen_2.5_7b_instruct::trivia_qa_2_60k::base::main::55111,1
qwen_2.5_7b_instruct::trivia_qa_2_60k::base::main::47729,1
qwen_2.5_7b_instruct::trivia_qa_2_60k::base::main::18948,1
qwen_2.5_7b_instruct::trivia_qa_2_60k::base::main::55761,1
qwen_2.5_7b_instruct::trivia_qa_2_60k::base::main::48312,1
qwen_2.5_7b_instruct::trivia_qa_2_60k::base::main::56964,1
qwen_2.5_7b_instruct::trivia_qa_2_60k::base::main::14206,1
qwen_2.5_7b_instruct::trivia_qa_2_60k::base::main::15864,1
qwen_2.5_7b_instruct::trivia_qa_2_60k::base::main::57956,1
qwen_2.5_7b_instruct::trivia_qa_2_60k::base::main::51840,1
qwen_2.5_7b_instruct::trivia_qa_2_60k::base::main::32941,1
qwen_2.5_7b_instruct::trivia_qa_2_60k::base::main::10036,1
qwen_2.5_7b_instruct::trivia_qa_2_60k::base::main::22621,1
qwen_2.5_7b_instruct::trivia_qa_2_60k::base::main::11046,1
qwen_2.5_7b_instruct::trivia_qa_2_60k::base::main::28036,1
qwen_2.5_7b_instruct::trivia_qa_2_60k::base::main::2295,1
qwen_2.5_7b_instruct::trivia_qa_2_60k::base::main::26930,1
qwen_2.5_7b_instruct::trivia_qa_2_60k::base::main::37476,1
qwen_2.5_7b_instruct::trivia_qa_2_60k::base::main::57073,1
qwen_2.5_7b_instruct::trivia_qa_2_60k::base::main::22111,1
qwen_2.5_7b_instruct::trivia_qa_2_60k::base::main::23366,1
qwen_2.5_7b_instruct::trivia_qa_2_60k::base::main::30161,1
qwen_2.5_7b_instruct::trivia_qa_2_60k::base::main::472,1
qwen_2.5_7b_instruct::trivia_qa_2_60k::base::main::10990,1
qwen_2.5_7b_instruct::trivia_qa_2_60k::base::main::18717,1
qwen_2.5_7b_instruct::trivia_qa_2_60k::base::main::2306,1
qwen_2.5_7b_instruct::trivia_qa_2_60k::base::main::44898,1
qwen_2.5_7b_instruct::trivia_qa_2_60k::base::main::7283,1
qwen_2.5_7b_instruct::trivia_qa_2_60k::base::main::32882,1
qwen_2.5_7b_instruct::trivia_qa_2_60k::base::main::2252,1
qwen_2.5_7b_instruct::trivia_qa_2_60k::base::main::53371,1
qwen_2.5_7b_instruct::trivia_qa_2_60k::base::main::19949,1
qwen_2.5_7b_instruct::trivia_qa_2_60k::base::main::50597,1
qwen_2.5_7b_instruct::trivia_qa_2_60k::base::main::32991,1
qwen_2.5_7b_instruct::trivia_qa_2_60k::base::main::16274,1
qwen_2.5_7b_instruct::trivia_qa_2_60k::base::main::10851,1
qwen_2.5_7b_instruct::trivia_qa_2_60k::base::main::51613,1
qwen_2.5_7b_instruct::trivia_qa_2_60k::base::main::10521,1
qwen_2.5_7b_instruct::trivia_qa_2_60k::base::main::47701,1
qwen_2.5_7b_instruct::trivia_qa_2_60k::base::main::20045,1
qwen_2.5_7b_instruct::trivia_qa_2_60k::base::main::23011,1
qwen_2.5_7b_instruct::trivia_qa_2_60k::base::main::905,1
qwen_2.5_7b_instruct::trivia_qa_2_60k::base::main::46388,1
qwen_2.5_7b_instruct::trivia_qa_2_60k::base::main::48357,1
qwen_2.5_7b_instruct::trivia_qa_2_60k::base::main::58225,1
qwen_2.5_7b_instruct::trivia_qa_2_60k::base::main::10651,1
qwen_2.5_7b_instruct::trivia_qa_2_60k::base::main::45067,1
qwen_2.5_7b_instruct::trivia_qa_2_60k::base::main::42604,1
qwen_2.5_7b_instruct::trivia_qa_2_60k::base::main::11274,1
qwen_2.5_7b_instruct::trivia_qa_2_60k::base::main::30804,1
qwen_2.5_7b_instruct::trivia_qa_2_60k::base::main::12084,1
qwen_2.5_7b_instruct::trivia_qa_2_60k::base::main::29668,1
qwen_2.5_7b_instruct::trivia_qa_2_60k::base::main::44546,1
qwen_2.5_7b_instruct::trivia_qa_2_60k::base::main::10793,1
qwen_2.5_7b_instruct::trivia_qa_2_60k::base::main::58237,1
qwen_2.5_7b_instruct::trivia_qa_2_60k::base::main::10247,1
qwen_2.5_7b_instruct::trivia_qa_2_60k::base::main::44103,1
qwen_2.5_7b_instruct::trivia_qa_2_60k::base::main::26701,1
qwen_2.5_7b_instruct::trivia_qa_2_60k::base::main::30554,1
qwen_2.5_7b_instruct::trivia_qa_2_60k::base::main::58352,1
qwen_2.5_7b_instruct::trivia_qa_2_60k::base::main::55456,1
qwen_2.5_7b_instruct::trivia_qa_2_60k::base::main::6638,1
qwen_2.5_7b_instruct::trivia_qa_2_60k::base::main::52825,1
qwen_2.5_7b_instruct::trivia_qa_2_60k::base::main::6742,1
qwen_2.5_7b_instruct::trivia_qa_2_60k::base::main::26757,1
qwen_2.5_7b_instruct::trivia_qa_2_60k::base::main::57143,1
qwen_2.5_7b_instruct::trivia_qa_2_60k::base::main::56397,1
qwen_2.5_7b_instruct::trivia_qa_2_60k::base::main::6309,1
qwen_2.5_7b_instruct::trivia_qa_2_60k::base::main::52078,1
qwen_2.5_7b_instruct::trivia_qa_2_60k::base::main::21668,1
qwen_2.5_7b_instruct::trivia_qa_2_60k::base::main::9851,1
qwen_2.5_7b_instruct::trivia_qa_2_60k::base::main::46838,1
qwen_2.5_7b_instruct::trivia_qa_2_60k::base::main::39607,1
qwen_2.5_7b_instruct::trivia_qa_2_60k::base::main::41797,1
qwen_2.5_7b_instruct::trivia_qa_2_60k::base::main::4595,1
qwen_2.5_7b_instruct::trivia_qa_2_60k::base::main::21048,1
qwen_2.5_7b_instruct::trivia_qa_2_60k::base::main::6482,1
qwen_2.5_7b_instruct::trivia_qa_2_60k::base::main::40433,1
qwen_2.5_7b_instruct::trivia_qa_2_60k::base::main::54083,1
qwen_2.5_7b_instruct::trivia_qa_2_60k::base::main::47940,1
qwen_2.5_7b_instruct::trivia_qa_2_60k::base::main::12684,1
qwen_2.5_7b_instruct::trivia_qa_2_60k::base::main::56479,1
qwen_2.5_7b_instruct::trivia_qa_2_60k::base::main::3333,1
qwen_2.5_7b_instruct::trivia_qa_2_60k::base::main::15348,1
qwen_2.5_7b_instruct::trivia_qa_2_60k::base::main::8153,1
qwen_2.5_7b_instruct::trivia_qa_2_60k::base::main::22780,1
qwen_2.5_7b_instruct::trivia_qa_2_60k::base::main::36083,1
qwen_2.5_7b_instruct::trivia_qa_2_60k::base::main::36301,1
qwen_2.5_7b_instruct::trivia_qa_2_60k::base::main::57535,1
qwen_2.5_7b_instruct::trivia_qa_2_60k::base::main::54764,1
qwen_2.5_7b_instruct::trivia_qa_2_60k::base::main::36476,1
qwen_2.5_7b_instruct::trivia_qa_2_60k::base::main::40465,1
qwen_2.5_7b_instruct::trivia_qa_2_60k::base::main::23722,1
qwen_2.5_7b_instruct::trivia_qa_2_60k::base::main::43080,1
qwen_2.5_7b_instruct::trivia_qa_2_60k::base::main::38512,1
qwen_2.5_7b_instruct::trivia_qa_2_60k::base::main::52496,1
qwen_2.5_7b_instruct::trivia_qa_2_60k::base::main::50346,1
qwen_2.5_7b_instruct::trivia_qa_2_60k::base::main::15388,1
qwen_2.5_7b_instruct::trivia_qa_2_60k::base::main::39089,1
qwen_2.5_7b_instruct::trivia_qa_2_60k::base::main::18849,1
qwen_2.5_7b_instruct::trivia_qa_2_60k::base::main::33609,1
qwen_2.5_7b_instruct::trivia_qa_2_60k::base::main::40164,1
qwen_2.5_7b_instruct::trivia_qa_2_60k::base::main::14406,1
qwen_2.5_7b_instruct::trivia_qa_2_60k::base::main::24335,1
qwen_2.5_7b_instruct::trivia_qa_2_60k::base::main::52572,1
qwen_2.5_7b_instruct::trivia_qa_2_60k::base::main::58532,1
qwen_2.5_7b_instruct::trivia_qa_2_60k::base::main::54758,1
qwen_2.5_7b_instruct::trivia_qa_2_60k::base::main::21072,1
qwen_2.5_7b_instruct::trivia_qa_2_60k::base::main::9367,1
qwen_2.5_7b_instruct::trivia_qa_2_60k::base::main::26903,1
qwen_2.5_7b_instruct::trivia_qa_2_60k::base::main::46615,1
qwen_2.5_7b_instruct::trivia_qa_2_60k::base::main::26662,1
qwen_2.5_7b_instruct::trivia_qa_2_60k::base::main::31574,1
qwen_2.5_7b_instruct::trivia_qa_2_60k::base::main::15159,1
qwen_2.5_7b_instruct::trivia_qa_2_60k::base::main::22144,1
qwen_2.5_7b_instruct::trivia_qa_2_60k::base::main::15899,1
qwen_2.5_7b_instruct::trivia_qa_2_60k::base::main::41214,1
qwen_2.5_7b_instruct::trivia_qa_2_60k::base::main::10699,1
qwen_2.5_7b_instruct::trivia_qa_2_60k::base::main::5578,1
qwen_2.5_7b_instruct::trivia_qa_2_60k::base::main::12620,1
qwen_2.5_7b_instruct::trivia_qa_2_60k::base::main::50412,1
qwen_2.5_7b_instruct::trivia_qa_2_60k::base::main::38650,1
qwen_2.5_7b_instruct::trivia_qa_2_60k::base::main::46716,1
qwen_2.5_7b_instruct::trivia_qa_2_60k::base::main::5558,1
qwen_2.5_7b_instruct::trivia_qa_2_60k::base::main::53739,1
qwen_2.5_7b_instruct::trivia_qa_2_60k::base::main::33361,1
qwen_2.5_7b_instruct::trivia_qa_2_60k::base::main::51655,1
qwen_2.5_7b_instruct::trivia_qa_2_60k::base::main::18455,1
qwen_2.5_7b_instruct::trivia_qa_2_60k::base::main::42003,1
qwen_2.5_7b_instruct::trivia_qa_2_60k::base::main::20911,1
qwen_2.5_7b_instruct::trivia_qa_2_60k::base::main::1788,1
qwen_2.5_7b_instruct::trivia_qa_2_60k::base::main::50022,1
qwen_2.5_7b_instruct::trivia_qa_2_60k::base::main::42028,1
qwen_2.5_7b_instruct::trivia_qa_2_60k::base::main::4764,1
qwen_2.5_7b_instruct::trivia_qa_2_60k::base::main::37953,1
qwen_2.5_7b_instruct::trivia_qa_2_60k::base::main::44473,1
qwen_2.5_7b_instruct::trivia_qa_2_60k::base::main::41302,1
qwen_2.5_7b_instruct::trivia_qa_2_60k::base::main::32005,1
qwen_2.5_7b_instruct::trivia_qa_2_60k::base::main::26743,1
qwen_2.5_7b_instruct::trivia_qa_2_60k::base::main::57901,1
qwen_2.5_7b_instruct::trivia_qa_2_60k::base::main::42613,1
qwen_2.5_7b_instruct::trivia_qa_2_60k::base::main::50428,1
qwen_2.5_7b_instruct::trivia_qa_2_60k::base::main::27199,1
qwen_2.5_7b_instruct::trivia_qa_2_60k::base::main::19492,1
qwen_2.5_7b_instruct::trivia_qa_2_60k::base::main::14495,1
qwen_2.5_7b_instruct::trivia_qa_2_60k::base::main::7438,1
qwen_2.5_7b_instruct::trivia_qa_2_60k::base::main::25467,1
qwen_2.5_7b_instruct::trivia_qa_2_60k::base::main::38484,1
qwen_2.5_7b_instruct::trivia_qa_2_60k::base::main::45163,1
qwen_2.5_7b_instruct::trivia_qa_2_60k::base::main::58208,1
qwen_2.5_7b_instruct::trivia_qa_2_60k::base::main::9140,1
qwen_2.5_7b_instruct::trivia_qa_2_60k::base::main::7984,1
qwen_2.5_7b_instruct::trivia_qa_2_60k::base::main::48525,1
qwen_2.5_7b_instruct::trivia_qa_2_60k::base::main::26333,1
qwen_2.5_7b_instruct::trivia_qa_2_60k::base::main::40150,1
qwen_2.5_7b_instruct::trivia_qa_2_60k::base::main::24475,1
qwen_2.5_7b_instruct::trivia_qa_2_60k::base::main::6336,1
qwen_2.5_7b_instruct::trivia_qa_2_60k::base::main::25700,1
qwen_2.5_7b_instruct::trivia_qa_2_60k::base::main::19648,1
qwen_2.5_7b_instruct::trivia_qa_2_60k::base::main::29574,1
qwen_2.5_7b_instruct::trivia_qa_2_60k::base::main::47273,1
qwen_2.5_7b_instruct::trivia_qa_2_60k::base::main::2922,1
qwen_2.5_7b_instruct::trivia_qa_2_60k::base::main::54167,1
qwen_2.5_7b_instruct::trivia_qa_2_60k::base::main::15682,1
qwen_2.5_7b_instruct::trivia_qa_2_60k::base::main::34507,1
qwen_2.5_7b_instruct::trivia_qa_2_60k::base::main::8791,1
qwen_2.5_7b_instruct::trivia_qa_2_60k::base::main::21323,1
qwen_2.5_7b_instruct::trivia_qa_2_60k::base::main::20072,1
qwen_2.5_7b_instruct::trivia_qa_2_60k::base::main::50602,1
qwen_2.5_7b_instruct::trivia_qa_2_60k::base::main::10718,1
qwen_2.5_7b_instruct::trivia_qa_2_60k::base::main::18270,1
qwen_2.5_7b_instruct::trivia_qa_2_60k::base::main::26150,1
qwen_2.5_7b_instruct::trivia_qa_2_60k::base::main::13301,1
qwen_2.5_7b_instruct::trivia_qa_2_60k::base::main::31403,1
qwen_2.5_7b_instruct::trivia_qa_2_60k::base::main::16111,1
qwen_2.5_7b_instruct::trivia_qa_2_60k::base::main::25743,1
qwen_2.5_7b_instruct::trivia_qa_2_60k::base::main::38234,1
qwen_2.5_7b_instruct::trivia_qa_2_60k::base::main::27910,1
qwen_2.5_7b_instruct::trivia_qa_2_60k::base::main::49122,1
qwen_2.5_7b_instruct::trivia_qa_2_60k::base::main::20436,1
qwen_2.5_7b_instruct::trivia_qa_2_60k::base::main::17613,1
qwen_2.5_7b_instruct::trivia_qa_2_60k::base::main::44222,1
qwen_2.5_7b_instruct::trivia_qa_2_60k::base::main::25790,1
qwen_2.5_7b_instruct::trivia_qa_2_60k::base::main::23969,1
qwen_2.5_7b_instruct::trivia_qa_2_60k::base::main::43755,1
qwen_2.5_7b_instruct::trivia_qa_2_60k::base::main::54195,1
qwen_2.5_7b_instruct::trivia_qa_2_60k::base::main::38976,1
qwen_2.5_7b_instruct::trivia_qa_2_60k::base::main::50508,1
qwen_2.5_7b_instruct::trivia_qa_2_60k::base::main::1503,1
qwen_2.5_7b_instruct::trivia_qa_2_60k::base::main::19180,1
qwen_2.5_7b_instruct::trivia_qa_2_60k::base::main::56042,1
qwen_2.5_7b_instruct::trivia_qa_2_60k::base::main::27401,1
qwen_2.5_7b_instruct::trivia_qa_2_60k::base::main::55447,1
qwen_2.5_7b_instruct::trivia_qa_2_60k::base::main::18665,1
qwen_2.5_7b_instruct::trivia_qa_2_60k::base::main::30416,1
qwen_2.5_7b_instruct::trivia_qa_2_60k::base::main::14260,1
qwen_2.5_7b_instruct::trivia_qa_2_60k::base::main::3360,1
qwen_2.5_7b_instruct::trivia_qa_2_60k::base::main::8463,1
qwen_2.5_7b_instruct::trivia_qa_2_60k::base::main::7059,1
qwen_2.5_7b_instruct::trivia_qa_2_60k::base::main::2852,1
qwen_2.5_7b_instruct::trivia_qa_2_60k::base::main::24320,1
qwen_2.5_7b_instruct::trivia_qa_2_60k::base::main::42748,1
qwen_2.5_7b_instruct::trivia_qa_2_60k::base::main::42386,1
qwen_2.5_7b_instruct::trivia_qa_2_60k::base::main::22736,1
qwen_2.5_7b_instruct::trivia_qa_2_60k::base::main::15459,1
qwen_2.5_7b_instruct::trivia_qa_2_60k::base::main::49359,1
qwen_2.5_7b_instruct::trivia_qa_2_60k::base::main::18148,1
qwen_2.5_7b_instruct::trivia_qa_2_60k::base::main::37936,1
qwen_2.5_7b_instruct::trivia_qa_2_60k::base::main::35984,1
qwen_2.5_7b_instruct::trivia_qa_2_60k::base::main::57811,1
qwen_2.5_7b_instruct::trivia_qa_2_60k::base::main::24920,1
qwen_2.5_7b_instruct::trivia_qa_2_60k::base::main::1373,1
qwen_2.5_7b_instruct::trivia_qa_2_60k::base::main::451,1
qwen_2.5_7b_instruct::trivia_qa_2_60k::base::main::27359,1
qwen_2.5_7b_instruct::trivia_qa_2_60k::base::main::34682,1
qwen_2.5_7b_instruct::trivia_qa_2_60k::base::main::23448,1
qwen_2.5_7b_instruct::trivia_qa_2_60k::base::main::22940,1
qwen_2.5_7b_instruct::trivia_qa_2_60k::base::main::1578,1
qwen_2.5_7b_instruct::trivia_qa_2_60k::base::main::47148,1
qwen_2.5_7b_instruct::trivia_qa_2_60k::base::main::34255,1
qwen_2.5_7b_instruct::trivia_qa_2_60k::base::main::19864,1
qwen_2.5_7b_instruct::trivia_qa_2_60k::base::main::52413,1
qwen_2.5_7b_instruct::trivia_qa_2_60k::base::main::5492,1
qwen_2.5_7b_instruct::trivia_qa_2_60k::base::main::47812,1
qwen_2.5_7b_instruct::trivia_qa_2_60k::base::main::7854,1
qwen_2.5_7b_instruct::trivia_qa_2_60k::base::main::14525,1
qwen_2.5_7b_instruct::trivia_qa_2_60k::base::main::48792,1
qwen_2.5_7b_instruct::trivia_qa_2_60k::base::main::38075,1
qwen_2.5_7b_instruct::trivia_qa_2_60k::base::main::41446,1
qwen_2.5_7b_instruct::trivia_qa_2_60k::base::main::29381,1
qwen_2.5_7b_instruct::trivia_qa_2_60k::base::main::10710,1
qwen_2.5_7b_instruct::trivia_qa_2_60k::base::main::2243,1
qwen_2.5_7b_instruct::trivia_qa_2_60k::base::main::51306,1
qwen_2.5_7b_instruct::trivia_qa_2_60k::base::main::32055,1
qwen_2.5_7b_instruct::trivia_qa_2_60k::base::main::44278,1
qwen_2.5_7b_instruct::trivia_qa_2_60k::base::main::51316,1
qwen_2.5_7b_instruct::trivia_qa_2_60k::base::main::50288,1
qwen_2.5_7b_instruct::trivia_qa_2_60k::base::main::27306,1
qwen_2.5_7b_instruct::trivia_qa_2_60k::base::main::13672,1
qwen_2.5_7b_instruct::trivia_qa_2_60k::base::main::15608,1
qwen_2.5_7b_instruct::trivia_qa_2_60k::base::main::50081,1
qwen_2.5_7b_instruct::trivia_qa_2_60k::base::main::15836,1
qwen_2.5_7b_instruct::trivia_qa_2_60k::base::main::2573,1
qwen_2.5_7b_instruct::trivia_qa_2_60k::base::main::1967,1
qwen_2.5_7b_instruct::trivia_qa_2_60k::base::main::48256,1
qwen_2.5_7b_instruct::trivia_qa_2_60k::base::main::16753,1
qwen_2.5_7b_instruct::trivia_qa_2_60k::base::main::1332,1
qwen_2.5_7b_instruct::trivia_qa_2_60k::base::main::20175,1
qwen_2.5_7b_instruct::trivia_qa_2_60k::base::main::43123,1
qwen_2.5_7b_instruct::trivia_qa_2_60k::base::main::39373,1
qwen_2.5_7b_instruct::trivia_qa_2_60k::base::main::37555,1
qwen_2.5_7b_instruct::trivia_qa_2_60k::base::main::32535,1
qwen_2.5_7b_instruct::trivia_qa_2_60k::base::main::57728,1
qwen_2.5_7b_instruct::trivia_qa_2_60k::base::main::30345,1
qwen_2.5_7b_instruct::trivia_qa_2_60k::base::main::26313,1
qwen_2.5_7b_instruct::trivia_qa_2_60k::base::main::8317,1
qwen_2.5_7b_instruct::trivia_qa_2_60k::base::main::56949,1
qwen_2.5_7b_instruct::trivia_qa_2_60k::base::main::54845,1
qwen_2.5_7b_instruct::trivia_qa_2_60k::base::main::12064,1
qwen_2.5_7b_instruct::trivia_qa_2_60k::base::main::58246,1
qwen_2.5_7b_instruct::trivia_qa_2_60k::base::main::41982,1
qwen_2.5_7b_instruct::trivia_qa_2_60k::base::main::52521,1
qwen_2.5_7b_instruct::trivia_qa_2_60k::base::main::42746,1
qwen_2.5_7b_instruct::trivia_qa_2_60k::base::main::50759,1
qwen_2.5_7b_instruct::trivia_qa_2_60k::base::main::56860,1
qwen_2.5_7b_instruct::trivia_qa_2_60k::base::main::24038,1
qwen_2.5_7b_instruct::trivia_qa_2_60k::base::main::34027,1
qwen_2.5_7b_instruct::trivia_qa_2_60k::base::main::30245,1
qwen_2.5_7b_instruct::trivia_qa_2_60k::base::main::57440,1
qwen_2.5_7b_instruct::trivia_qa_2_60k::base::main::38760,1
qwen_2.5_7b_instruct::trivia_qa_2_60k::base::main::50843,1
qwen_2.5_7b_instruct::trivia_qa_2_60k::base::main::4448,1
qwen_2.5_7b_instruct::trivia_qa_2_60k::base::main::45924,1
qwen_2.5_7b_instruct::trivia_qa_2_60k::base::main::16972,1
qwen_2.5_7b_instruct::trivia_qa_2_60k::base::main::42841,1
qwen_2.5_7b_instruct::trivia_qa_2_60k::base::main::56555,1
qwen_2.5_7b_instruct::trivia_qa_2_60k::base::main::41284,1
qwen_2.5_7b_instruct::trivia_qa_2_60k::base::main::43892,1
qwen_2.5_7b_instruct::trivia_qa_2_60k::base::main::32345,1
qwen_2.5_7b_instruct::trivia_qa_2_60k::base::main::56958,1
qwen_2.5_7b_instruct::trivia_qa_2_60k::base::main::20369,1
qwen_2.5_7b_instruct::trivia_qa_2_60k::base::main::19538,1
qwen_2.5_7b_instruct::trivia_qa_2_60k::base::main::5383,1
qwen_2.5_7b_instruct::trivia_qa_2_60k::base::main::16590,1
qwen_2.5_7b_instruct::trivia_qa_2_60k::base::main::38712,1
qwen_2.5_7b_instruct::trivia_qa_2_60k::base::main::28899,1
qwen_2.5_7b_instruct::trivia_qa_2_60k::base::main::34449,1
qwen_2.5_7b_instruct::trivia_qa_2_60k::base::main::38609,1
qwen_2.5_7b_instruct::trivia_qa_2_60k::base::main::11498,1
qwen_2.5_7b_instruct::trivia_qa_2_60k::base::main::18928,1
qwen_2.5_7b_instruct::trivia_qa_2_60k::base::main::46292,1
qwen_2.5_7b_instruct::trivia_qa_2_60k::base::main::4412,1
qwen_2.5_7b_instruct::trivia_qa_2_60k::base::main::599,1
qwen_2.5_7b_instruct::trivia_qa_2_60k::base::main::1996,1
qwen_2.5_7b_instruct::trivia_qa_2_60k::base::main::30937,1
qwen_2.5_7b_instruct::trivia_qa_2_60k::base::main::54242,1
qwen_2.5_7b_instruct::trivia_qa_2_60k::base::main::7510,1
qwen_2.5_7b_instruct::trivia_qa_2_60k::base::main::2396,1
qwen_2.5_7b_instruct::trivia_qa_2_60k::base::main::6052,1
qwen_2.5_7b_instruct::trivia_qa_2_60k::base::main::27194,1
qwen_2.5_7b_instruct::trivia_qa_2_60k::base::main::6156,1
qwen_2.5_7b_instruct::trivia_qa_2_60k::base::main::2829,1
qwen_2.5_7b_instruct::trivia_qa_2_60k::base::main::48138,1
qwen_2.5_7b_instruct::trivia_qa_2_60k::base::main::28582,1
qwen_2.5_7b_instruct::trivia_qa_2_60k::base::main::5793,1
qwen_2.5_7b_instruct::trivia_qa_2_60k::base::main::5489,1
qwen_2.5_7b_instruct::trivia_qa_2_60k::base::main::18631,1
qwen_2.5_7b_instruct::trivia_qa_2_60k::base::main::37139,1
qwen_2.5_7b_instruct::trivia_qa_2_60k::base::main::34140,1
qwen_2.5_7b_instruct::trivia_qa_2_60k::base::main::26093,1
qwen_2.5_7b_instruct::trivia_qa_2_60k::base::main::50816,1
qwen_2.5_7b_instruct::trivia_qa_2_60k::base::main::8105,1
qwen_2.5_7b_instruct::trivia_qa_2_60k::base::main::37413,1
qwen_2.5_7b_instruct::trivia_qa_2_60k::base::main::41514,1
qwen_2.5_7b_instruct::trivia_qa_2_60k::base::main::38149,1
qwen_2.5_7b_instruct::trivia_qa_2_60k::base::main::48985,1
qwen_2.5_7b_instruct::trivia_qa_2_60k::base::main::27627,1
qwen_2.5_7b_instruct::trivia_qa_2_60k::base::main::57121,1
qwen_2.5_7b_instruct::trivia_qa_2_60k::base::main::5345,1
qwen_2.5_7b_instruct::trivia_qa_2_60k::base::main::55506,1
qwen_2.5_7b_instruct::trivia_qa_2_60k::base::main::53913,1
qwen_2.5_7b_instruct::trivia_qa_2_60k::base::main::36743,1
qwen_2.5_7b_instruct::trivia_qa_2_60k::base::main::54216,1
qwen_2.5_7b_instruct::trivia_qa_2_60k::base::main::57284,1
qwen_2.5_7b_instruct::trivia_qa_2_60k::base::main::21979,1
qwen_2.5_7b_instruct::trivia_qa_2_60k::base::main::22605,1
qwen_2.5_7b_instruct::trivia_qa_2_60k::base::main::19749,1
qwen_2.5_7b_instruct::trivia_qa_2_60k::base::main::1488,1
qwen_2.5_7b_instruct::trivia_qa_2_60k::base::main::2198,1
qwen_2.5_7b_instruct::trivia_qa_2_60k::base::main::8999,1
qwen_2.5_7b_instruct::trivia_qa_2_60k::base::main::29815,1
qwen_2.5_7b_instruct::trivia_qa_2_60k::base::main::40587,1
qwen_2.5_7b_instruct::trivia_qa_2_60k::base::main::38180,1
qwen_2.5_7b_instruct::trivia_qa_2_60k::base::main::29412,1
qwen_2.5_7b_instruct::trivia_qa_2_60k::base::main::44675,1
qwen_2.5_7b_instruct::trivia_qa_2_60k::base::main::33312,1
qwen_2.5_7b_instruct::trivia_qa_2_60k::base::main::36281,1
qwen_2.5_7b_instruct::trivia_qa_2_60k::base::main::5205,1
qwen_2.5_7b_instruct::trivia_qa_2_60k::base::main::53064,1
qwen_2.5_7b_instruct::trivia_qa_2_60k::base::main::48013,1
qwen_2.5_7b_instruct::trivia_qa_2_60k::base::main::49533,1
qwen_2.5_7b_instruct::trivia_qa_2_60k::base::main::19290,1
qwen_2.5_7b_instruct::trivia_qa_2_60k::base::main::31186,1
qwen_2.5_7b_instruct::trivia_qa_2_60k::base::main::19216,1
qwen_2.5_7b_instruct::trivia_qa_2_60k::base::main::3928,1
qwen_2.5_7b_instruct::trivia_qa_2_60k::base::main::23133,1
qwen_2.5_7b_instruct::trivia_qa_2_60k::base::main::8088,1
qwen_2.5_7b_instruct::trivia_qa_2_60k::base::main::30137,1
qwen_2.5_7b_instruct::trivia_qa_2_60k::base::main::43562,1
qwen_2.5_7b_instruct::trivia_qa_2_60k::base::main::7593,1
qwen_2.5_7b_instruct::trivia_qa_2_60k::base::main::20100,1
qwen_2.5_7b_instruct::trivia_qa_2_60k::base::main::51512,1
qwen_2.5_7b_instruct::trivia_qa_2_60k::base::main::35863,1
qwen_2.5_7b_instruct::trivia_qa_2_60k::base::main::42902,1
qwen_2.5_7b_instruct::trivia_qa_2_60k::base::main::2110,1
qwen_2.5_7b_instruct::trivia_qa_2_60k::base::main::26070,1
qwen_2.5_7b_instruct::trivia_qa_2_60k::base::main::25444,1
qwen_2.5_7b_instruct::trivia_qa_2_60k::base::main::34986,1
qwen_2.5_7b_instruct::trivia_qa_2_60k::base::main::50313,1
qwen_2.5_7b_instruct::trivia_qa_2_60k::base::main::39017,1
qwen_2.5_7b_instruct::trivia_qa_2_60k::base::main::1471,1
qwen_2.5_7b_instruct::trivia_qa_2_60k::base::main::3554,1
qwen_2.5_7b_instruct::trivia_qa_2_60k::base::main::5188,1
qwen_2.5_7b_instruct::trivia_qa_2_60k::base::main::2979,1
qwen_2.5_7b_instruct::trivia_qa_2_60k::base::main::8041,1
qwen_2.5_7b_instruct::trivia_qa_2_60k::base::main::3181,1
qwen_2.5_7b_instruct::trivia_qa_2_60k::base::main::15036,1
qwen_2.5_7b_instruct::trivia_qa_2_60k::base::main::3035,1
qwen_2.5_7b_instruct::trivia_qa_2_60k::base::main::56715,1
qwen_2.5_7b_instruct::trivia_qa_2_60k::base::main::24377,1
qwen_2.5_7b_instruct::trivia_qa_2_60k::base::main::43965,1
qwen_2.5_7b_instruct::trivia_qa_2_60k::base::main::3017,1
qwen_2.5_7b_instruct::trivia_qa_2_60k::base::main::56504,1
qwen_2.5_7b_instruct::trivia_qa_2_60k::base::main::7890,1
qwen_2.5_7b_instruct::trivia_qa_2_60k::base::main::58390,1
qwen_2.5_7b_instruct::trivia_qa_2_60k::base::main::52835,1
qwen_2.5_7b_instruct::trivia_qa_2_60k::base::main::51196,1
qwen_2.5_7b_instruct::trivia_qa_2_60k::base::main::30280,1
qwen_2.5_7b_instruct::trivia_qa_2_60k::base::main::33218,1
qwen_2.5_7b_instruct::trivia_qa_2_60k::base::main::32207,1
qwen_2.5_7b_instruct::trivia_qa_2_60k::base::main::50661,1
qwen_2.5_7b_instruct::trivia_qa_2_60k::base::main::40170,1
qwen_2.5_7b_instruct::trivia_qa_2_60k::base::main::51618,1
qwen_2.5_7b_instruct::trivia_qa_2_60k::base::main::5770,1
qwen_2.5_7b_instruct::trivia_qa_2_60k::base::main::10904,1
qwen_2.5_7b_instruct::trivia_qa_2_60k::base::main::3950,1
qwen_2.5_7b_instruct::trivia_qa_2_60k::base::main::52801,1
qwen_2.5_7b_instruct::trivia_qa_2_60k::base::main::23568,1
qwen_2.5_7b_instruct::trivia_qa_2_60k::base::main::15734,1
qwen_2.5_7b_instruct::trivia_qa_2_60k::base::main::42681,1
qwen_2.5_7b_instruct::trivia_qa_2_60k::base::main::14901,1
qwen_2.5_7b_instruct::trivia_qa_2_60k::base::main::31215,1
qwen_2.5_7b_instruct::trivia_qa_2_60k::base::main::10928,1
qwen_2.5_7b_instruct::trivia_qa_2_60k::base::main::30049,1
qwen_2.5_7b_instruct::trivia_qa_2_60k::base::main::34230,1
qwen_2.5_7b_instruct::trivia_qa_2_60k::base::main::39248,1
qwen_2.5_7b_instruct::trivia_qa_2_60k::base::main::11349,1
qwen_2.5_7b_instruct::trivia_qa_2_60k::base::main::29364,1
qwen_2.5_7b_instruct::trivia_qa_2_60k::base::main::31943,1
qwen_2.5_7b_instruct::trivia_qa_2_60k::base::main::47856,1
qwen_2.5_7b_instruct::trivia_qa_2_60k::base::main::41730,1
qwen_2.5_7b_instruct::trivia_qa_2_60k::base::main::55012,1
qwen_2.5_7b_instruct::trivia_qa_2_60k::base::main::23778,1
qwen_2.5_7b_instruct::trivia_qa_2_60k::base::main::31880,1
qwen_2.5_7b_instruct::trivia_qa_2_60k::base::main::8157,1
qwen_2.5_7b_instruct::trivia_qa_2_60k::base::main::10615,1
qwen_2.5_7b_instruct::trivia_qa_2_60k::base::main::47141,1
qwen_2.5_7b_instruct::trivia_qa_2_60k::base::main::38806,1
qwen_2.5_7b_instruct::trivia_qa_2_60k::base::main::34527,1
qwen_2.5_7b_instruct::trivia_qa_2_60k::base::main::38014,1
qwen_2.5_7b_instruct::trivia_qa_2_60k::base::main::57019,1
qwen_2.5_7b_instruct::trivia_qa_2_60k::base::main::4407,1
qwen_2.5_7b_instruct::trivia_qa_2_60k::base::main::32425,1
qwen_2.5_7b_instruct::trivia_qa_2_60k::base::main::49836,1
qwen_2.5_7b_instruct::trivia_qa_2_60k::base::main::26882,1
qwen_2.5_7b_instruct::trivia_qa_2_60k::base::main::37967,1
qwen_2.5_7b_instruct::trivia_qa_2_60k::base::main::39735,1
qwen_2.5_7b_instruct::trivia_qa_2_60k::base::main::34771,1
qwen_2.5_7b_instruct::trivia_qa_2_60k::base::main::44102,1
qwen_2.5_7b_instruct::trivia_qa_2_60k::base::main::27876,1
qwen_2.5_7b_instruct::trivia_qa_2_60k::base::main::55521,1
qwen_2.5_7b_instruct::trivia_qa_2_60k::base::main::40057,1
qwen_2.5_7b_instruct::trivia_qa_2_60k::base::main::33584,1
qwen_2.5_7b_instruct::trivia_qa_2_60k::base::main::3120,1
qwen_2.5_7b_instruct::trivia_qa_2_60k::base::main::58048,1
qwen_2.5_7b_instruct::trivia_qa_2_60k::base::main::11721,1
qwen_2.5_7b_instruct::trivia_qa_2_60k::base::main::35857,1
qwen_2.5_7b_instruct::trivia_qa_2_60k::base::main::22631,1
qwen_2.5_7b_instruct::trivia_qa_2_60k::base::main::2892,1
qwen_2.5_7b_instruct::trivia_qa_2_60k::base::main::50919,1
qwen_2.5_7b_instruct::trivia_qa_2_60k::base::main::56347,1
qwen_2.5_7b_instruct::trivia_qa_2_60k::base::main::30149,1
qwen_2.5_7b_instruct::trivia_qa_2_60k::base::main::9174,1
qwen_2.5_7b_instruct::trivia_qa_2_60k::base::main::21358,1
qwen_2.5_7b_instruct::trivia_qa_2_60k::base::main::11512,1
qwen_2.5_7b_instruct::trivia_qa_2_60k::base::main::36639,1
qwen_2.5_7b_instruct::trivia_qa_2_60k::base::main::45362,1
qwen_2.5_7b_instruct::trivia_qa_2_60k::base::main::3918,1
qwen_2.5_7b_instruct::trivia_qa_2_60k::base::main::6420,1
qwen_2.5_7b_instruct::trivia_qa_2_60k::base::main::11750,1
qwen_2.5_7b_instruct::trivia_qa_2_60k::base::main::47028,1
qwen_2.5_7b_instruct::trivia_qa_2_60k::base::main::30442,1
qwen_2.5_7b_instruct::trivia_qa_2_60k::base::main::31736,1
qwen_2.5_7b_instruct::trivia_qa_2_60k::base::main::28318,1
qwen_2.5_7b_instruct::trivia_qa_2_60k::base::main::23274,1
qwen_2.5_7b_instruct::trivia_qa_2_60k::base::main::5964,1
qwen_2.5_7b_instruct::trivia_qa_2_60k::base::main::24468,1
qwen_2.5_7b_instruct::trivia_qa_2_60k::base::main::27645,1
qwen_2.5_7b_instruct::trivia_qa_2_60k::base::main::1875,1
qwen_2.5_7b_instruct::trivia_qa_2_60k::base::main::19691,1
qwen_2.5_7b_instruct::trivia_qa_2_60k::base::main::24119,1
qwen_2.5_7b_instruct::trivia_qa_2_60k::base::main::53688,1
qwen_2.5_7b_instruct::trivia_qa_2_60k::base::main::7041,1
qwen_2.5_7b_instruct::trivia_qa_2_60k::base::main::15861,1
qwen_2.5_7b_instruct::trivia_qa_2_60k::base::main::54829,1
qwen_2.5_7b_instruct::trivia_qa_2_60k::base::main::13519,1
qwen_2.5_7b_instruct::trivia_qa_2_60k::base::main::2738,1
qwen_2.5_7b_instruct::trivia_qa_2_60k::base::main::12525,1
qwen_2.5_7b_instruct::trivia_qa_2_60k::base::main::13960,1
qwen_2.5_7b_instruct::trivia_qa_2_60k::base::main::36369,1
qwen_2.5_7b_instruct::trivia_qa_2_60k::base::main::48107,1
qwen_2.5_7b_instruct::trivia_qa_2_60k::base::main::55005,1
qwen_2.5_7b_instruct::trivia_qa_2_60k::base::main::25013,1
qwen_2.5_7b_instruct::trivia_qa_2_60k::base::main::48151,1
qwen_2.5_7b_instruct::trivia_qa_2_60k::base::main::49205,1
qwen_2.5_7b_instruct::trivia_qa_2_60k::base::main::57629,1
qwen_2.5_7b_instruct::trivia_qa_2_60k::base::main::30801,1
qwen_2.5_7b_instruct::trivia_qa_2_60k::base::main::47599,1
qwen_2.5_7b_instruct::trivia_qa_2_60k::base::main::54137,1
qwen_2.5_7b_instruct::trivia_qa_2_60k::base::main::50530,1
qwen_2.5_7b_instruct::trivia_qa_2_60k::base::main::19320,1
qwen_2.5_7b_instruct::trivia_qa_2_60k::base::main::2574,1
qwen_2.5_7b_instruct::trivia_qa_2_60k::base::main::22294,1
qwen_2.5_7b_instruct::trivia_qa_2_60k::base::main::56917,1
qwen_2.5_7b_instruct::trivia_qa_2_60k::base::main::22612,1
qwen_2.5_7b_instruct::trivia_qa_2_60k::base::main::31162,1
qwen_2.5_7b_instruct::trivia_qa_2_60k::base::main::49193,1
qwen_2.5_7b_instruct::trivia_qa_2_60k::base::main::6165,1
qwen_2.5_7b_instruct::trivia_qa_2_60k::base::main::50610,1
qwen_2.5_7b_instruct::trivia_qa_2_60k::base::main::5723,1
qwen_2.5_7b_instruct::trivia_qa_2_60k::base::main::21420,1
qwen_2.5_7b_instruct::trivia_qa_2_60k::base::main::5692,1
qwen_2.5_7b_instruct::trivia_qa_2_60k::base::main::8797,1
qwen_2.5_7b_instruct::trivia_qa_2_60k::base::main::53259,1
qwen_2.5_7b_instruct::trivia_qa_2_60k::base::main::7405,1
qwen_2.5_7b_instruct::trivia_qa_2_60k::base::main::37365,1
qwen_2.5_7b_instruct::trivia_qa_2_60k::base::main::27346,1
qwen_2.5_7b_instruct::trivia_qa_2_60k::base::main::28303,1
qwen_2.5_7b_instruct::trivia_qa_2_60k::base::main::24056,1
qwen_2.5_7b_instruct::trivia_qa_2_60k::base::main::56389,1
qwen_2.5_7b_instruct::trivia_qa_2_60k::base::main::4010,1
qwen_2.5_7b_instruct::trivia_qa_2_60k::base::main::50519,1
qwen_2.5_7b_instruct::trivia_qa_2_60k::base::main::32672,1
qwen_2.5_7b_instruct::trivia_qa_2_60k::base::main::41367,1
qwen_2.5_7b_instruct::trivia_qa_2_60k::base::main::49862,1
qwen_2.5_7b_instruct::trivia_qa_2_60k::base::main::45303,1
qwen_2.5_7b_instruct::trivia_qa_2_60k::base::main::50763,1
qwen_2.5_7b_instruct::trivia_qa_2_60k::base::main::2636,1
qwen_2.5_7b_instruct::trivia_qa_2_60k::base::main::58428,1
qwen_2.5_7b_instruct::trivia_qa_2_60k::base::main::44738,1
qwen_2.5_7b_instruct::trivia_qa_2_60k::base::main::13322,1
qwen_2.5_7b_instruct::trivia_qa_2_60k::base::main::2037,1
qwen_2.5_7b_instruct::trivia_qa_2_60k::base::main::44669,1
qwen_2.5_7b_instruct::trivia_qa_2_60k::base::main::46291,1
qwen_2.5_7b_instruct::trivia_qa_2_60k::base::main::4254,1
qwen_2.5_7b_instruct::trivia_qa_2_60k::base::main::32595,1
qwen_2.5_7b_instruct::trivia_qa_2_60k::base::main::4994,1
qwen_2.5_7b_instruct::trivia_qa_2_60k::base::main::48619,1
qwen_2.5_7b_instruct::trivia_qa_2_60k::base::main::18516,1
qwen_2.5_7b_instruct::trivia_qa_2_60k::base::main::46874,1
qwen_2.5_7b_instruct::trivia_qa_2_60k::base::main::26028,1
qwen_2.5_7b_instruct::trivia_qa_2_60k::base::main::50148,1
qwen_2.5_7b_instruct::trivia_qa_2_60k::base::main::48112,1
qwen_2.5_7b_instruct::trivia_qa_2_60k::base::main::50677,1
qwen_2.5_7b_instruct::trivia_qa_2_60k::base::main::4749,1
qwen_2.5_7b_instruct::trivia_qa_2_60k::base::main::54304,1
qwen_2.5_7b_instruct::trivia_qa_2_60k::base::main::27116,1
qwen_2.5_7b_instruct::trivia_qa_2_60k::base::main::46391,1
qwen_2.5_7b_instruct::trivia_qa_2_60k::base::main::52831,1
qwen_2.5_7b_instruct::trivia_qa_2_60k::base::main::1446,1
qwen_2.5_7b_instruct::trivia_qa_2_60k::base::main::49909,1
qwen_2.5_7b_instruct::trivia_qa_2_60k::base::main::24513,1
qwen_2.5_7b_instruct::trivia_qa_2_60k::base::main::40260,1
qwen_2.5_7b_instruct::trivia_qa_2_60k::base::main::54567,1
qwen_2.5_7b_instruct::trivia_qa_2_60k::base::main::29851,1
qwen_2.5_7b_instruct::trivia_qa_2_60k::base::main::7437,1
qwen_2.5_7b_instruct::trivia_qa_2_60k::base::main::42461,1
qwen_2.5_7b_instruct::trivia_qa_2_60k::base::main::51233,1
qwen_2.5_7b_instruct::trivia_qa_2_60k::base::main::15244,1
qwen_2.5_7b_instruct::trivia_qa_2_60k::base::main::52343,1
qwen_2.5_7b_instruct::trivia_qa_2_60k::base::main::10231,1
qwen_2.5_7b_instruct::trivia_qa_2_60k::base::main::36532,1
qwen_2.5_7b_instruct::trivia_qa_2_60k::base::main::15063,1
qwen_2.5_7b_instruct::trivia_qa_2_60k::base::main::48127,1
qwen_2.5_7b_instruct::trivia_qa_2_60k::base::main::36356,1
qwen_2.5_7b_instruct::trivia_qa_2_60k::base::main::31780,1
qwen_2.5_7b_instruct::trivia_qa_2_60k::base::main::53355,1
qwen_2.5_7b_instruct::trivia_qa_2_60k::base::main::33976,1
qwen_2.5_7b_instruct::trivia_qa_2_60k::base::main::23907,1
qwen_2.5_7b_instruct::trivia_qa_2_60k::base::main::12329,1
qwen_2.5_7b_instruct::trivia_qa_2_60k::base::main::44653,1
qwen_2.5_7b_instruct::trivia_qa_2_60k::base::main::29154,1
qwen_2.5_7b_instruct::trivia_qa_2_60k::base::main::32578,1
qwen_2.5_7b_instruct::trivia_qa_2_60k::base::main::16331,1
qwen_2.5_7b_instruct::trivia_qa_2_60k::base::main::27801,1
qwen_2.5_7b_instruct::trivia_qa_2_60k::base::main::44564,1
qwen_2.5_7b_instruct::trivia_qa_2_60k::base::main::39978,1
qwen_2.5_7b_instruct::trivia_qa_2_60k::base::main::9488,1
qwen_2.5_7b_instruct::trivia_qa_2_60k::base::main::44111,1
qwen_2.5_7b_instruct::trivia_qa_2_60k::base::main::30053,1
qwen_2.5_7b_instruct::trivia_qa_2_60k::base::main::34545,1
qwen_2.5_7b_instruct::trivia_qa_2_60k::base::main::21915,1
qwen_2.5_7b_instruct::trivia_qa_2_60k::base::main::42743,1
qwen_2.5_7b_instruct::trivia_qa_2_60k::base::main::33534,1
qwen_2.5_7b_instruct::trivia_qa_2_60k::base::main::40420,1
qwen_2.5_7b_instruct::trivia_qa_2_60k::base::main::15395,1
qwen_2.5_7b_instruct::trivia_qa_2_60k::base::main::23515,1
qwen_2.5_7b_instruct::trivia_qa_2_60k::base::main::38504,1
qwen_2.5_7b_instruct::trivia_qa_2_60k::base::main::31866,1
qwen_2.5_7b_instruct::trivia_qa_2_60k::base::main::55370,1
qwen_2.5_7b_instruct::trivia_qa_2_60k::base::main::40841,1
qwen_2.5_7b_instruct::trivia_qa_2_60k::base::main::723,1
qwen_2.5_7b_instruct::trivia_qa_2_60k::base::main::49308,1
qwen_2.5_7b_instruct::trivia_qa_2_60k::base::main::32286,1
qwen_2.5_7b_instruct::trivia_qa_2_60k::base::main::706,1
qwen_2.5_7b_instruct::trivia_qa_2_60k::base::main::21097,1
qwen_2.5_7b_instruct::trivia_qa_2_60k::base::main::11960,1
qwen_2.5_7b_instruct::trivia_qa_2_60k::base::main::4822,1
qwen_2.5_7b_instruct::trivia_qa_2_60k::base::main::5574,1
qwen_2.5_7b_instruct::trivia_qa_2_60k::base::main::30795,1
qwen_2.5_7b_instruct::trivia_qa_2_60k::base::main::23302,1
qwen_2.5_7b_instruct::trivia_qa_2_60k::base::main::26127,1
qwen_2.5_7b_instruct::trivia_qa_2_60k::base::main::35429,1
qwen_2.5_7b_instruct::trivia_qa_2_60k::base::main::28656,1
qwen_2.5_7b_instruct::trivia_qa_2_60k::base::main::49443,1
qwen_2.5_7b_instruct::trivia_qa_2_60k::base::main::37521,1
qwen_2.5_7b_instruct::trivia_qa_2_60k::base::main::49917,1
qwen_2.5_7b_instruct::trivia_qa_2_60k::base::main::29409,1
qwen_2.5_7b_instruct::trivia_qa_2_60k::base::main::40608,1
qwen_2.5_7b_instruct::trivia_qa_2_60k::base::main::53830,1
qwen_2.5_7b_instruct::trivia_qa_2_60k::base::main::49567,1
qwen_2.5_7b_instruct::trivia_qa_2_60k::base::main::18342,1
qwen_2.5_7b_instruct::trivia_qa_2_60k::base::main::55269,1
qwen_2.5_7b_instruct::trivia_qa_2_60k::base::main::35044,1
qwen_2.5_7b_instruct::trivia_qa_2_60k::base::main::46706,1
qwen_2.5_7b_instruct::trivia_qa_2_60k::base::main::18593,1
qwen_2.5_7b_instruct::trivia_qa_2_60k::base::main::33927,1
qwen_2.5_7b_instruct::trivia_qa_2_60k::base::main::23086,0
qwen_2.5_7b_instruct::trivia_qa_2_60k::base::main::31821,0
qwen_2.5_7b_instruct::trivia_qa_2_60k::base::main::28563,0
qwen_2.5_7b_instruct::trivia_qa_2_60k::base::main::13442,0
qwen_2.5_7b_instruct::trivia_qa_2_60k::base::main::12290,0
qwen_2.5_7b_instruct::trivia_qa_2_60k::base::main::9685,0
qwen_2.5_7b_instruct::trivia_qa_2_60k::base::main::38667,0
qwen_2.5_7b_instruct::trivia_qa_2_60k::base::main::22453,0
qwen_2.5_7b_instruct::trivia_qa_2_60k::base::main::1620,0
qwen_2.5_7b_instruct::trivia_qa_2_60k::base::main::51424,0
qwen_2.5_7b_instruct::trivia_qa_2_60k::base::main::15078,0
qwen_2.5_7b_instruct::trivia_qa_2_60k::base::main::6363,0
qwen_2.5_7b_instruct::trivia_qa_2_60k::base::main::16971,0
qwen_2.5_7b_instruct::trivia_qa_2_60k::base::main::38025,0
qwen_2.5_7b_instruct::trivia_qa_2_60k::base::main::46607,0
qwen_2.5_7b_instruct::trivia_qa_2_60k::base::main::2046,0
qwen_2.5_7b_instruct::trivia_qa_2_60k::base::main::42887,0
qwen_2.5_7b_instruct::trivia_qa_2_60k::base::main::16813,0
qwen_2.5_7b_instruct::trivia_qa_2_60k::base::main::18021,0
qwen_2.5_7b_instruct::trivia_qa_2_60k::base::main::45454,0
qwen_2.5_7b_instruct::trivia_qa_2_60k::base::main::46590,0
qwen_2.5_7b_instruct::trivia_qa_2_60k::base::main::37803,0
qwen_2.5_7b_instruct::trivia_qa_2_60k::base::main::12432,0
qwen_2.5_7b_instruct::trivia_qa_2_60k::base::main::4441,0
qwen_2.5_7b_instruct::trivia_qa_2_60k::base::main::16783,0
qwen_2.5_7b_instruct::trivia_qa_2_60k::base::main::11021,0
qwen_2.5_7b_instruct::trivia_qa_2_60k::base::main::24534,0
qwen_2.5_7b_instruct::trivia_qa_2_60k::base::main::22710,0
qwen_2.5_7b_instruct::trivia_qa_2_60k::base::main::32921,0
qwen_2.5_7b_instruct::trivia_qa_2_60k::base::main::39285,0
qwen_2.5_7b_instruct::trivia_qa_2_60k::base::main::54119,0
qwen_2.5_7b_instruct::trivia_qa_2_60k::base::main::35297,0
qwen_2.5_7b_instruct::trivia_qa_2_60k::base::main::1378,0
qwen_2.5_7b_instruct::trivia_qa_2_60k::base::main::54585,0
qwen_2.5_7b_instruct::trivia_qa_2_60k::base::main::48205,0
qwen_2.5_7b_instruct::trivia_qa_2_60k::base::main::50942,0
qwen_2.5_7b_instruct::trivia_qa_2_60k::base::main::14907,0
qwen_2.5_7b_instruct::trivia_qa_2_60k::base::main::22248,0
qwen_2.5_7b_instruct::trivia_qa_2_60k::base::main::11939,0
qwen_2.5_7b_instruct::trivia_qa_2_60k::base::main::38676,0
qwen_2.5_7b_instruct::trivia_qa_2_60k::base::main::50252,0
qwen_2.5_7b_instruct::trivia_qa_2_60k::base::main::15283,0
qwen_2.5_7b_instruct::trivia_qa_2_60k::base::main::2741,0
qwen_2.5_7b_instruct::trivia_qa_2_60k::base::main::42095,0
qwen_2.5_7b_instruct::trivia_qa_2_60k::base::main::25499,0
qwen_2.5_7b_instruct::trivia_qa_2_60k::base::main::24293,0
qwen_2.5_7b_instruct::trivia_qa_2_60k::base::main::38553,0
qwen_2.5_7b_instruct::trivia_qa_2_60k::base::main::35422,0
qwen_2.5_7b_instruct::trivia_qa_2_60k::base::main::40127,0
qwen_2.5_7b_instruct::trivia_qa_2_60k::base::main::28493,0
qwen_2.5_7b_instruct::trivia_qa_2_60k::base::main::58542,0
qwen_2.5_7b_instruct::trivia_qa_2_60k::base::main::36127,0
qwen_2.5_7b_instruct::trivia_qa_2_60k::base::main::9317,0
qwen_2.5_7b_instruct::trivia_qa_2_60k::base::main::41447,0
qwen_2.5_7b_instruct::trivia_qa_2_60k::base::main::44751,0
qwen_2.5_7b_instruct::trivia_qa_2_60k::base::main::13103,0
qwen_2.5_7b_instruct::trivia_qa_2_60k::base::main::32136,0
qwen_2.5_7b_instruct::trivia_qa_2_60k::base::main::18794,0
qwen_2.5_7b_instruct::trivia_qa_2_60k::base::main::7446,0
qwen_2.5_7b_instruct::trivia_qa_2_60k::base::main::12842,0
qwen_2.5_7b_instruct::trivia_qa_2_60k::base::main::43644,0
qwen_2.5_7b_instruct::trivia_qa_2_60k::base::main::19685,0
qwen_2.5_7b_instruct::trivia_qa_2_60k::base::main::55773,0
qwen_2.5_7b_instruct::trivia_qa_2_60k::base::main::10958,0
qwen_2.5_7b_instruct::trivia_qa_2_60k::base::main::22404,0
qwen_2.5_7b_instruct::trivia_qa_2_60k::base::main::14286,0
qwen_2.5_7b_instruct::trivia_qa_2_60k::base::main::43849,0
qwen_2.5_7b_instruct::trivia_qa_2_60k::base::main::39252,0
qwen_2.5_7b_instruct::trivia_qa_2_60k::base::main::1367,0
qwen_2.5_7b_instruct::trivia_qa_2_60k::base::main::37397,0
qwen_2.5_7b_instruct::trivia_qa_2_60k::base::main::43631,0
qwen_2.5_7b_instruct::trivia_qa_2_60k::base::main::18720,0
qwen_2.5_7b_instruct::trivia_qa_2_60k::base::main::47801,0
qwen_2.5_7b_instruct::trivia_qa_2_60k::base::main::50319,0
qwen_2.5_7b_instruct::trivia_qa_2_60k::base::main::8754,0
qwen_2.5_7b_instruct::trivia_qa_2_60k::base::main::52060,0
qwen_2.5_7b_instruct::trivia_qa_2_60k::base::main::5040,0
qwen_2.5_7b_instruct::trivia_qa_2_60k::base::main::42271,0
qwen_2.5_7b_instruct::trivia_qa_2_60k::base::main::29612,0
qwen_2.5_7b_instruct::trivia_qa_2_60k::base::main::44636,0
qwen_2.5_7b_instruct::trivia_qa_2_60k::base::main::9667,0
qwen_2.5_7b_instruct::trivia_qa_2_60k::base::main::53223,0
qwen_2.5_7b_instruct::trivia_qa_2_60k::base::main::9328,0
qwen_2.5_7b_instruct::trivia_qa_2_60k::base::main::11963,0
qwen_2.5_7b_instruct::trivia_qa_2_60k::base::main::44897,0
qwen_2.5_7b_instruct::trivia_qa_2_60k::base::main::20710,0
qwen_2.5_7b_instruct::trivia_qa_2_60k::base::main::32248,0
qwen_2.5_7b_instruct::trivia_qa_2_60k::base::main::34326,0
qwen_2.5_7b_instruct::trivia_qa_2_60k::base::main::1549,0
qwen_2.5_7b_instruct::trivia_qa_2_60k::base::main::41202,0
qwen_2.5_7b_instruct::trivia_qa_2_60k::base::main::38841,0
qwen_2.5_7b_instruct::trivia_qa_2_60k::base::main::29504,0
qwen_2.5_7b_instruct::trivia_qa_2_60k::base::main::57648,0
qwen_2.5_7b_instruct::trivia_qa_2_60k::base::main::18806,0
qwen_2.5_7b_instruct::trivia_qa_2_60k::base::main::55890,0
qwen_2.5_7b_instruct::trivia_qa_2_60k::base::main::16150,0
qwen_2.5_7b_instruct::trivia_qa_2_60k::base::main::24965,0
qwen_2.5_7b_instruct::trivia_qa_2_60k::base::main::39837,0
qwen_2.5_7b_instruct::trivia_qa_2_60k::base::main::29354,0
qwen_2.5_7b_instruct::trivia_qa_2_60k::base::main::33377,0
qwen_2.5_7b_instruct::trivia_qa_2_60k::base::main::43759,0
qwen_2.5_7b_instruct::trivia_qa_2_60k::base::main::54503,0
qwen_2.5_7b_instruct::trivia_qa_2_60k::base::main::30622,0
qwen_2.5_7b_instruct::trivia_qa_2_60k::base::main::20651,0
qwen_2.5_7b_instruct::trivia_qa_2_60k::base::main::20711,0
qwen_2.5_7b_instruct::trivia_qa_2_60k::base::main::19378,0
qwen_2.5_7b_instruct::trivia_qa_2_60k::base::main::16064,0
qwen_2.5_7b_instruct::trivia_qa_2_60k::base::main::38313,0
qwen_2.5_7b_instruct::trivia_qa_2_60k::base::main::13039,0
qwen_2.5_7b_instruct::trivia_qa_2_60k::base::main::38718,0
qwen_2.5_7b_instruct::trivia_qa_2_60k::base::main::28205,0
qwen_2.5_7b_instruct::trivia_qa_2_60k::base::main::52841,0
qwen_2.5_7b_instruct::trivia_qa_2_60k::base::main::48791,0
qwen_2.5_7b_instruct::trivia_qa_2_60k::base::main::48420,0
qwen_2.5_7b_instruct::trivia_qa_2_60k::base::main::7649,0
qwen_2.5_7b_instruct::trivia_qa_2_60k::base::main::1551,0
qwen_2.5_7b_instruct::trivia_qa_2_60k::base::main::14364,0
qwen_2.5_7b_instruct::trivia_qa_2_60k::base::main::7745,0
qwen_2.5_7b_instruct::trivia_qa_2_60k::base::main::48070,0
qwen_2.5_7b_instruct::trivia_qa_2_60k::base::main::51061,0
qwen_2.5_7b_instruct::trivia_qa_2_60k::base::main::41767,0
qwen_2.5_7b_instruct::trivia_qa_2_60k::base::main::53069,0
qwen_2.5_7b_instruct::trivia_qa_2_60k::base::main::14053,0
qwen_2.5_7b_instruct::trivia_qa_2_60k::base::main::41814,0
qwen_2.5_7b_instruct::trivia_qa_2_60k::base::main::42108,0
qwen_2.5_7b_instruct::trivia_qa_2_60k::base::main::55709,0
qwen_2.5_7b_instruct::trivia_qa_2_60k::base::main::7554,0
qwen_2.5_7b_instruct::trivia_qa_2_60k::base::main::8315,0
qwen_2.5_7b_instruct::trivia_qa_2_60k::base::main::4414,0
qwen_2.5_7b_instruct::trivia_qa_2_60k::base::main::30336,0
qwen_2.5_7b_instruct::trivia_qa_2_60k::base::main::50065,0
qwen_2.5_7b_instruct::trivia_qa_2_60k::base::main::50711,0
qwen_2.5_7b_instruct::trivia_qa_2_60k::base::main::44558,0
qwen_2.5_7b_instruct::trivia_qa_2_60k::base::main::4774,0
qwen_2.5_7b_instruct::trivia_qa_2_60k::base::main::16379,0
qwen_2.5_7b_instruct::trivia_qa_2_60k::base::main::45703,0
qwen_2.5_7b_instruct::trivia_qa_2_60k::base::main::49813,0
qwen_2.5_7b_instruct::trivia_qa_2_60k::base::main::33507,0
qwen_2.5_7b_instruct::trivia_qa_2_60k::base::main::22740,0
qwen_2.5_7b_instruct::trivia_qa_2_60k::base::main::28770,0
qwen_2.5_7b_instruct::trivia_qa_2_60k::base::main::29706,0
qwen_2.5_7b_instruct::trivia_qa_2_60k::base::main::28536,0
qwen_2.5_7b_instruct::trivia_qa_2_60k::base::main::22587,0
qwen_2.5_7b_instruct::trivia_qa_2_60k::base::main::22726,0
qwen_2.5_7b_instruct::trivia_qa_2_60k::base::main::25741,0
qwen_2.5_7b_instruct::trivia_qa_2_60k::base::main::13295,0
qwen_2.5_7b_instruct::trivia_qa_2_60k::base::main::901,0
qwen_2.5_7b_instruct::trivia_qa_2_60k::base::main::19012,0
qwen_2.5_7b_instruct::trivia_qa_2_60k::base::main::46390,0
qwen_2.5_7b_instruct::trivia_qa_2_60k::base::main::4306,0
qwen_2.5_7b_instruct::trivia_qa_2_60k::base::main::44771,0
qwen_2.5_7b_instruct::trivia_qa_2_60k::base::main::5096,0
qwen_2.5_7b_instruct::trivia_qa_2_60k::base::main::29719,0
qwen_2.5_7b_instruct::trivia_qa_2_60k::base::main::28742,0
qwen_2.5_7b_instruct::trivia_qa_2_60k::base::main::10155,0
qwen_2.5_7b_instruct::trivia_qa_2_60k::base::main::561,0
qwen_2.5_7b_instruct::trivia_qa_2_60k::base::main::12142,0
qwen_2.5_7b_instruct::trivia_qa_2_60k::base::main::23887,0
qwen_2.5_7b_instruct::trivia_qa_2_60k::base::main::10524,0
qwen_2.5_7b_instruct::trivia_qa_2_60k::base::main::29231,0
qwen_2.5_7b_instruct::trivia_qa_2_60k::base::main::4973,0
qwen_2.5_7b_instruct::trivia_qa_2_60k::base::main::12816,0
qwen_2.5_7b_instruct::trivia_qa_2_60k::base::main::56742,0
qwen_2.5_7b_instruct::trivia_qa_2_60k::base::main::35304,0
qwen_2.5_7b_instruct::trivia_qa_2_60k::base::main::44008,0
qwen_2.5_7b_instruct::trivia_qa_2_60k::base::main::44291,0
qwen_2.5_7b_instruct::trivia_qa_2_60k::base::main::25471,0
qwen_2.5_7b_instruct::trivia_qa_2_60k::base::main::25508,0
qwen_2.5_7b_instruct::trivia_qa_2_60k::base::main::44938,0
qwen_2.5_7b_instruct::trivia_qa_2_60k::base::main::29700,0
qwen_2.5_7b_instruct::trivia_qa_2_60k::base::main::16869,0
qwen_2.5_7b_instruct::trivia_qa_2_60k::base::main::48620,0
qwen_2.5_7b_instruct::trivia_qa_2_60k::base::main::17326,0
qwen_2.5_7b_instruct::trivia_qa_2_60k::base::main::46623,0
qwen_2.5_7b_instruct::trivia_qa_2_60k::base::main::57684,0
qwen_2.5_7b_instruct::trivia_qa_2_60k::base::main::2712,0
qwen_2.5_7b_instruct::trivia_qa_2_60k::base::main::42525,0
qwen_2.5_7b_instruct::trivia_qa_2_60k::base::main::57260,0
qwen_2.5_7b_instruct::trivia_qa_2_60k::base::main::17657,0
qwen_2.5_7b_instruct::trivia_qa_2_60k::base::main::56248,0
qwen_2.5_7b_instruct::trivia_qa_2_60k::base::main::54811,0
qwen_2.5_7b_instruct::trivia_qa_2_60k::base::main::8357,0
qwen_2.5_7b_instruct::trivia_qa_2_60k::base::main::33103,0
qwen_2.5_7b_instruct::trivia_qa_2_60k::base::main::8533,0
qwen_2.5_7b_instruct::trivia_qa_2_60k::base::main::2467,0
qwen_2.5_7b_instruct::trivia_qa_2_60k::base::main::33896,0
qwen_2.5_7b_instruct::trivia_qa_2_60k::base::main::54429,0
qwen_2.5_7b_instruct::trivia_qa_2_60k::base::main::11136,0
qwen_2.5_7b_instruct::trivia_qa_2_60k::base::main::39686,0
qwen_2.5_7b_instruct::trivia_qa_2_60k::base::main::3795,0
qwen_2.5_7b_instruct::trivia_qa_2_60k::base::main::29825,0
qwen_2.5_7b_instruct::trivia_qa_2_60k::base::main::7921,0
qwen_2.5_7b_instruct::trivia_qa_2_60k::base::main::57596,0
qwen_2.5_7b_instruct::trivia_qa_2_60k::base::main::35707,0
qwen_2.5_7b_instruct::trivia_qa_2_60k::base::main::9866,0
qwen_2.5_7b_instruct::trivia_qa_2_60k::base::main::34622,0
qwen_2.5_7b_instruct::trivia_qa_2_60k::base::main::29879,0
qwen_2.5_7b_instruct::trivia_qa_2_60k::base::main::7116,0
qwen_2.5_7b_instruct::trivia_qa_2_60k::base::main::5020,0
qwen_2.5_7b_instruct::trivia_qa_2_60k::base::main::1968,0
qwen_2.5_7b_instruct::trivia_qa_2_60k::base::main::39212,0
qwen_2.5_7b_instruct::trivia_qa_2_60k::base::main::57547,0
qwen_2.5_7b_instruct::trivia_qa_2_60k::base::main::19059,0
qwen_2.5_7b_instruct::trivia_qa_2_60k::base::main::39515,0
qwen_2.5_7b_instruct::trivia_qa_2_60k::base::main::24199,0
qwen_2.5_7b_instruct::trivia_qa_2_60k::base::main::20698,0
qwen_2.5_7b_instruct::trivia_qa_2_60k::base::main::20967,0
qwen_2.5_7b_instruct::trivia_qa_2_60k::base::main::3351,0
qwen_2.5_7b_instruct::trivia_qa_2_60k::base::main::23182,0
qwen_2.5_7b_instruct::trivia_qa_2_60k::base::main::10385,0
qwen_2.5_7b_instruct::trivia_qa_2_60k::base::main::13808,0
qwen_2.5_7b_instruct::trivia_qa_2_60k::base::main::54856,0
qwen_2.5_7b_instruct::trivia_qa_2_60k::base::main::25688,0
qwen_2.5_7b_instruct::trivia_qa_2_60k::base::main::23478,0
qwen_2.5_7b_instruct::trivia_qa_2_60k::base::main::48787,0
qwen_2.5_7b_instruct::trivia_qa_2_60k::base::main::21715,0
qwen_2.5_7b_instruct::trivia_qa_2_60k::base::main::36838,0
qwen_2.5_7b_instruct::trivia_qa_2_60k::base::main::25739,0
qwen_2.5_7b_instruct::trivia_qa_2_60k::base::main::2302,0
qwen_2.5_7b_instruct::trivia_qa_2_60k::base::main::48830,0
qwen_2.5_7b_instruct::trivia_qa_2_60k::base::main::31889,0
qwen_2.5_7b_instruct::trivia_qa_2_60k::base::main::37261,0
qwen_2.5_7b_instruct::trivia_qa_2_60k::base::main::28646,0
qwen_2.5_7b_instruct::trivia_qa_2_60k::base::main::34518,0
qwen_2.5_7b_instruct::trivia_qa_2_60k::base::main::25003,0
qwen_2.5_7b_instruct::trivia_qa_2_60k::base::main::39037,0
qwen_2.5_7b_instruct::trivia_qa_2_60k::base::main::56141,0
qwen_2.5_7b_instruct::trivia_qa_2_60k::base::main::23512,0
qwen_2.5_7b_instruct::trivia_qa_2_60k::base::main::37579,0
qwen_2.5_7b_instruct::trivia_qa_2_60k::base::main::58174,0
qwen_2.5_7b_instruct::trivia_qa_2_60k::base::main::40714,0
qwen_2.5_7b_instruct::trivia_qa_2_60k::base::main::13610,0
qwen_2.5_7b_instruct::trivia_qa_2_60k::base::main::49500,0
qwen_2.5_7b_instruct::trivia_qa_2_60k::base::main::45731,0
qwen_2.5_7b_instruct::trivia_qa_2_60k::base::main::36541,0
qwen_2.5_7b_instruct::trivia_qa_2_60k::base::main::4743,0
qwen_2.5_7b_instruct::trivia_qa_2_60k::base::main::26543,0
qwen_2.5_7b_instruct::trivia_qa_2_60k::base::main::49177,0
qwen_2.5_7b_instruct::trivia_qa_2_60k::base::main::12834,0
qwen_2.5_7b_instruct::trivia_qa_2_60k::base::main::13456,0
qwen_2.5_7b_instruct::trivia_qa_2_60k::base::main::43161,0
qwen_2.5_7b_instruct::trivia_qa_2_60k::base::main::35930,0
qwen_2.5_7b_instruct::trivia_qa_2_60k::base::main::2807,0
qwen_2.5_7b_instruct::trivia_qa_2_60k::base::main::13677,0
qwen_2.5_7b_instruct::trivia_qa_2_60k::base::main::32604,0
qwen_2.5_7b_instruct::trivia_qa_2_60k::base::main::2157,0
qwen_2.5_7b_instruct::trivia_qa_2_60k::base::main::15706,0
qwen_2.5_7b_instruct::trivia_qa_2_60k::base::main::37250,0
qwen_2.5_7b_instruct::trivia_qa_2_60k::base::main::25265,0
qwen_2.5_7b_instruct::trivia_qa_2_60k::base::main::9802,0
qwen_2.5_7b_instruct::trivia_qa_2_60k::base::main::24276,0
qwen_2.5_7b_instruct::trivia_qa_2_60k::base::main::57600,0
qwen_2.5_7b_instruct::trivia_qa_2_60k::base::main::7901,0
qwen_2.5_7b_instruct::trivia_qa_2_60k::base::main::45546,0
qwen_2.5_7b_instruct::trivia_qa_2_60k::base::main::1021,0
qwen_2.5_7b_instruct::trivia_qa_2_60k::base::main::4071,0
qwen_2.5_7b_instruct::trivia_qa_2_60k::base::main::10097,0
qwen_2.5_7b_instruct::trivia_qa_2_60k::base::main::19068,0
qwen_2.5_7b_instruct::trivia_qa_2_60k::base::main::24507,0
qwen_2.5_7b_instruct::trivia_qa_2_60k::base::main::12365,0
qwen_2.5_7b_instruct::trivia_qa_2_60k::base::main::25175,0
qwen_2.5_7b_instruct::trivia_qa_2_60k::base::main::9324,0
qwen_2.5_7b_instruct::trivia_qa_2_60k::base::main::17507,0
qwen_2.5_7b_instruct::trivia_qa_2_60k::base::main::22954,0
qwen_2.5_7b_instruct::trivia_qa_2_60k::base::main::12284,0
qwen_2.5_7b_instruct::trivia_qa_2_60k::base::main::38026,0
qwen_2.5_7b_instruct::trivia_qa_2_60k::base::main::28164,0
qwen_2.5_7b_instruct::trivia_qa_2_60k::base::main::41592,0
qwen_2.5_7b_instruct::trivia_qa_2_60k::base::main::51191,0
qwen_2.5_7b_instruct::trivia_qa_2_60k::base::main::41839,0
qwen_2.5_7b_instruct::trivia_qa_2_60k::base::main::45329,0
qwen_2.5_7b_instruct::trivia_qa_2_60k::base::main::35986,0
qwen_2.5_7b_instruct::trivia_qa_2_60k::base::main::52361,0
qwen_2.5_7b_instruct::trivia_qa_2_60k::base::main::18690,0
qwen_2.5_7b_instruct::trivia_qa_2_60k::base::main::13714,0
qwen_2.5_7b_instruct::trivia_qa_2_60k::base::main::43433,0
qwen_2.5_7b_instruct::trivia_qa_2_60k::base::main::35680,0
qwen_2.5_7b_instruct::trivia_qa_2_60k::base::main::38326,0
qwen_2.5_7b_instruct::trivia_qa_2_60k::base::main::18762,0
qwen_2.5_7b_instruct::trivia_qa_2_60k::base::main::31907,0
qwen_2.5_7b_instruct::trivia_qa_2_60k::base::main::51044,0
qwen_2.5_7b_instruct::trivia_qa_2_60k::base::main::10244,0
qwen_2.5_7b_instruct::trivia_qa_2_60k::base::main::21901,0
qwen_2.5_7b_instruct::trivia_qa_2_60k::base::main::56446,0
qwen_2.5_7b_instruct::trivia_qa_2_60k::base::main::25160,0
qwen_2.5_7b_instruct::trivia_qa_2_60k::base::main::18,0
qwen_2.5_7b_instruct::trivia_qa_2_60k::base::main::24838,0
qwen_2.5_7b_instruct::trivia_qa_2_60k::base::main::55775,0
qwen_2.5_7b_instruct::trivia_qa_2_60k::base::main::27056,0
qwen_2.5_7b_instruct::trivia_qa_2_60k::base::main::5317,0
qwen_2.5_7b_instruct::trivia_qa_2_60k::base::main::44027,0
qwen_2.5_7b_instruct::trivia_qa_2_60k::base::main::50173,0
qwen_2.5_7b_instruct::trivia_qa_2_60k::base::main::19288,0
qwen_2.5_7b_instruct::trivia_qa_2_60k::base::main::19665,0
qwen_2.5_7b_instruct::trivia_qa_2_60k::base::main::39841,0
qwen_2.5_7b_instruct::trivia_qa_2_60k::base::main::31259,0
qwen_2.5_7b_instruct::trivia_qa_2_60k::base::main::20528,0
qwen_2.5_7b_instruct::trivia_qa_2_60k::base::main::42052,0
qwen_2.5_7b_instruct::trivia_qa_2_60k::base::main::47904,0
qwen_2.5_7b_instruct::trivia_qa_2_60k::base::main::23096,0
qwen_2.5_7b_instruct::trivia_qa_2_60k::base::main::7387,0
qwen_2.5_7b_instruct::trivia_qa_2_60k::base::main::12227,0
qwen_2.5_7b_instruct::trivia_qa_2_60k::base::main::48134,0
qwen_2.5_7b_instruct::trivia_qa_2_60k::base::main::23913,0
qwen_2.5_7b_instruct::trivia_qa_2_60k::base::main::14074,0
qwen_2.5_7b_instruct::trivia_qa_2_60k::base::main::13130,0
qwen_2.5_7b_instruct::trivia_qa_2_60k::base::main::32292,0
qwen_2.5_7b_instruct::trivia_qa_2_60k::base::main::9586,0
qwen_2.5_7b_instruct::trivia_qa_2_60k::base::main::27412,0
qwen_2.5_7b_instruct::trivia_qa_2_60k::base::main::788,0
qwen_2.5_7b_instruct::trivia_qa_2_60k::base::main::48724,0
qwen_2.5_7b_instruct::trivia_qa_2_60k::base::main::416,0
qwen_2.5_7b_instruct::trivia_qa_2_60k::base::main::27969,0
qwen_2.5_7b_instruct::trivia_qa_2_60k::base::main::25015,0
qwen_2.5_7b_instruct::trivia_qa_2_60k::base::main::6822,0
qwen_2.5_7b_instruct::trivia_qa_2_60k::base::main::54968,0
qwen_2.5_7b_instruct::trivia_qa_2_60k::base::main::18335,0
qwen_2.5_7b_instruct::trivia_qa_2_60k::base::main::25099,0
qwen_2.5_7b_instruct::trivia_qa_2_60k::base::main::8495,0
qwen_2.5_7b_instruct::trivia_qa_2_60k::base::main::52079,0
qwen_2.5_7b_instruct::trivia_qa_2_60k::base::main::16902,0
qwen_2.5_7b_instruct::trivia_qa_2_60k::base::main::18006,0
qwen_2.5_7b_instruct::trivia_qa_2_60k::base::main::56632,0
qwen_2.5_7b_instruct::trivia_qa_2_60k::base::main::35490,0
qwen_2.5_7b_instruct::trivia_qa_2_60k::base::main::36189,0
qwen_2.5_7b_instruct::trivia_qa_2_60k::base::main::25782,0
qwen_2.5_7b_instruct::trivia_qa_2_60k::base::main::55075,0
qwen_2.5_7b_instruct::trivia_qa_2_60k::base::main::37185,0
qwen_2.5_7b_instruct::trivia_qa_2_60k::base::main::41014,0
qwen_2.5_7b_instruct::trivia_qa_2_60k::base::main::18815,0
qwen_2.5_7b_instruct::trivia_qa_2_60k::base::main::47190,0
qwen_2.5_7b_instruct::trivia_qa_2_60k::base::main::6607,0
qwen_2.5_7b_instruct::trivia_qa_2_60k::base::main::22575,0
qwen_2.5_7b_instruct::trivia_qa_2_60k::base::main::23018,0
qwen_2.5_7b_instruct::trivia_qa_2_60k::base::main::49697,0
qwen_2.5_7b_instruct::trivia_qa_2_60k::base::main::18401,0
qwen_2.5_7b_instruct::trivia_qa_2_60k::base::main::33783,0
qwen_2.5_7b_instruct::trivia_qa_2_60k::base::main::12317,0
qwen_2.5_7b_instruct::trivia_qa_2_60k::base::main::7668,0
qwen_2.5_7b_instruct::trivia_qa_2_60k::base::main::15004,0
qwen_2.5_7b_instruct::trivia_qa_2_60k::base::main::42397,0
qwen_2.5_7b_instruct::trivia_qa_2_60k::base::main::26777,0
qwen_2.5_7b_instruct::trivia_qa_2_60k::base::main::10873,0
qwen_2.5_7b_instruct::trivia_qa_2_60k::base::main::14921,0
qwen_2.5_7b_instruct::trivia_qa_2_60k::base::main::52210,0
qwen_2.5_7b_instruct::trivia_qa_2_60k::base::main::26173,0
qwen_2.5_7b_instruct::trivia_qa_2_60k::base::main::465,0
qwen_2.5_7b_instruct::trivia_qa_2_60k::base::main::54932,0
qwen_2.5_7b_instruct::trivia_qa_2_60k::base::main::46622,0
qwen_2.5_7b_instruct::trivia_qa_2_60k::base::main::36558,0
qwen_2.5_7b_instruct::trivia_qa_2_60k::base::main::12563,0
qwen_2.5_7b_instruct::trivia_qa_2_60k::base::main::28946,0
qwen_2.5_7b_instruct::trivia_qa_2_60k::base::main::24579,0
qwen_2.5_7b_instruct::trivia_qa_2_60k::base::main::8639,0
qwen_2.5_7b_instruct::trivia_qa_2_60k::base::main::19219,0
qwen_2.5_7b_instruct::trivia_qa_2_60k::base::main::5041,0
qwen_2.5_7b_instruct::trivia_qa_2_60k::base::main::4237,0
qwen_2.5_7b_instruct::trivia_qa_2_60k::base::main::25150,0
qwen_2.5_7b_instruct::trivia_qa_2_60k::base::main::33738,0
qwen_2.5_7b_instruct::trivia_qa_2_60k::base::main::8296,0
qwen_2.5_7b_instruct::trivia_qa_2_60k::base::main::42149,0
qwen_2.5_7b_instruct::trivia_qa_2_60k::base::main::26253,0
qwen_2.5_7b_instruct::trivia_qa_2_60k::base::main::37460,0
qwen_2.5_7b_instruct::trivia_qa_2_60k::base::main::36521,0
qwen_2.5_7b_instruct::trivia_qa_2_60k::base::main::43665,0
qwen_2.5_7b_instruct::trivia_qa_2_60k::base::main::8342,0
qwen_2.5_7b_instruct::trivia_qa_2_60k::base::main::26239,0
qwen_2.5_7b_instruct::trivia_qa_2_60k::base::main::30550,0
qwen_2.5_7b_instruct::trivia_qa_2_60k::base::main::3860,0
qwen_2.5_7b_instruct::trivia_qa_2_60k::base::main::1523,0
qwen_2.5_7b_instruct::trivia_qa_2_60k::base::main::310,0
qwen_2.5_7b_instruct::trivia_qa_2_60k::base::main::17688,0
qwen_2.5_7b_instruct::trivia_qa_2_60k::base::main::44245,0
qwen_2.5_7b_instruct::trivia_qa_2_60k::base::main::18603,0
qwen_2.5_7b_instruct::trivia_qa_2_60k::base::main::8305,0
qwen_2.5_7b_instruct::trivia_qa_2_60k::base::main::53535,0
qwen_2.5_7b_instruct::trivia_qa_2_60k::base::main::37301,0
qwen_2.5_7b_instruct::trivia_qa_2_60k::base::main::40062,0
qwen_2.5_7b_instruct::trivia_qa_2_60k::base::main::28249,0
qwen_2.5_7b_instruct::trivia_qa_2_60k::base::main::6502,0
qwen_2.5_7b_instruct::trivia_qa_2_60k::base::main::56875,0
qwen_2.5_7b_instruct::trivia_qa_2_60k::base::main::3881,0
qwen_2.5_7b_instruct::trivia_qa_2_60k::base::main::48777,0
qwen_2.5_7b_instruct::trivia_qa_2_60k::base::main::14885,0
qwen_2.5_7b_instruct::trivia_qa_2_60k::base::main::50752,0
qwen_2.5_7b_instruct::trivia_qa_2_60k::base::main::57472,0
qwen_2.5_7b_instruct::trivia_qa_2_60k::base::main::18045,0
qwen_2.5_7b_instruct::trivia_qa_2_60k::base::main::47201,0
qwen_2.5_7b_instruct::trivia_qa_2_60k::base::main::15409,0
qwen_2.5_7b_instruct::trivia_qa_2_60k::base::main::43640,0
qwen_2.5_7b_instruct::trivia_qa_2_60k::base::main::50299,0
qwen_2.5_7b_instruct::trivia_qa_2_60k::base::main::12725,0
qwen_2.5_7b_instruct::trivia_qa_2_60k::base::main::15188,0
qwen_2.5_7b_instruct::trivia_qa_2_60k::base::main::15190,0
qwen_2.5_7b_instruct::trivia_qa_2_60k::base::main::52765,0
qwen_2.5_7b_instruct::trivia_qa_2_60k::base::main::20918,0
qwen_2.5_7b_instruct::trivia_qa_2_60k::base::main::21480,0
qwen_2.5_7b_instruct::trivia_qa_2_60k::base::main::15788,0
qwen_2.5_7b_instruct::trivia_qa_2_60k::base::main::38726,0
qwen_2.5_7b_instruct::trivia_qa_2_60k::base::main::25250,0
qwen_2.5_7b_instruct::trivia_qa_2_60k::base::main::8024,0
qwen_2.5_7b_instruct::trivia_qa_2_60k::base::main::31336,0
qwen_2.5_7b_instruct::trivia_qa_2_60k::base::main::44121,0
qwen_2.5_7b_instruct::trivia_qa_2_60k::base::main::33847,0
qwen_2.5_7b_instruct::trivia_qa_2_60k::base::main::30597,0
qwen_2.5_7b_instruct::trivia_qa_2_60k::base::main::10668,0
qwen_2.5_7b_instruct::trivia_qa_2_60k::base::main::26347,0
qwen_2.5_7b_instruct::trivia_qa_2_60k::base::main::45985,0
qwen_2.5_7b_instruct::trivia_qa_2_60k::base::main::28890,0
qwen_2.5_7b_instruct::trivia_qa_2_60k::base::main::22625,0
qwen_2.5_7b_instruct::trivia_qa_2_60k::base::main::29215,0
qwen_2.5_7b_instruct::trivia_qa_2_60k::base::main::54479,0
qwen_2.5_7b_instruct::trivia_qa_2_60k::base::main::30267,0
qwen_2.5_7b_instruct::trivia_qa_2_60k::base::main::16217,0
qwen_2.5_7b_instruct::trivia_qa_2_60k::base::main::41555,0
qwen_2.5_7b_instruct::trivia_qa_2_60k::base::main::50598,0
qwen_2.5_7b_instruct::trivia_qa_2_60k::base::main::33432,0
qwen_2.5_7b_instruct::trivia_qa_2_60k::base::main::48160,0
qwen_2.5_7b_instruct::trivia_qa_2_60k::base::main::46181,0
qwen_2.5_7b_instruct::trivia_qa_2_60k::base::main::5145,0
qwen_2.5_7b_instruct::trivia_qa_2_60k::base::main::2402,0
qwen_2.5_7b_instruct::trivia_qa_2_60k::base::main::23172,0
qwen_2.5_7b_instruct::trivia_qa_2_60k::base::main::17297,0
qwen_2.5_7b_instruct::trivia_qa_2_60k::base::main::17108,0
qwen_2.5_7b_instruct::trivia_qa_2_60k::base::main::239,0
qwen_2.5_7b_instruct::trivia_qa_2_60k::base::main::53468,0
qwen_2.5_7b_instruct::trivia_qa_2_60k::base::main::6559,0
qwen_2.5_7b_instruct::trivia_qa_2_60k::base::main::29875,0
qwen_2.5_7b_instruct::trivia_qa_2_60k::base::main::43651,0
qwen_2.5_7b_instruct::trivia_qa_2_60k::base::main::38154,0
qwen_2.5_7b_instruct::trivia_qa_2_60k::base::main::43344,0
qwen_2.5_7b_instruct::trivia_qa_2_60k::base::main::3662,0
qwen_2.5_7b_instruct::trivia_qa_2_60k::base::main::22234,0
qwen_2.5_7b_instruct::trivia_qa_2_60k::base::main::23402,0
qwen_2.5_7b_instruct::trivia_qa_2_60k::base::main::38067,0
qwen_2.5_7b_instruct::trivia_qa_2_60k::base::main::47493,0
qwen_2.5_7b_instruct::trivia_qa_2_60k::base::main::36445,0
qwen_2.5_7b_instruct::trivia_qa_2_60k::base::main::32203,0
qwen_2.5_7b_instruct::trivia_qa_2_60k::base::main::26720,0
qwen_2.5_7b_instruct::trivia_qa_2_60k::base::main::23972,0
qwen_2.5_7b_instruct::trivia_qa_2_60k::base::main::56106,0
qwen_2.5_7b_instruct::trivia_qa_2_60k::base::main::13446,0
qwen_2.5_7b_instruct::trivia_qa_2_60k::base::main::30778,0
qwen_2.5_7b_instruct::trivia_qa_2_60k::base::main::29695,0
qwen_2.5_7b_instruct::trivia_qa_2_60k::base::main::42433,0
qwen_2.5_7b_instruct::trivia_qa_2_60k::base::main::56187,0
qwen_2.5_7b_instruct::trivia_qa_2_60k::base::main::4406,0
qwen_2.5_7b_instruct::trivia_qa_2_60k::base::main::55142,0
qwen_2.5_7b_instruct::trivia_qa_2_60k::base::main::43386,0
qwen_2.5_7b_instruct::trivia_qa_2_60k::base::main::56029,0
qwen_2.5_7b_instruct::trivia_qa_2_60k::base::main::386,0
qwen_2.5_7b_instruct::trivia_qa_2_60k::base::main::49989,0
qwen_2.5_7b_instruct::trivia_qa_2_60k::base::main::42466,0
qwen_2.5_7b_instruct::trivia_qa_2_60k::base::main::44552,0
qwen_2.5_7b_instruct::trivia_qa_2_60k::base::main::30130,0
qwen_2.5_7b_instruct::trivia_qa_2_60k::base::main::13212,0
qwen_2.5_7b_instruct::trivia_qa_2_60k::base::main::17601,0
qwen_2.5_7b_instruct::trivia_qa_2_60k::base::main::17050,0
qwen_2.5_7b_instruct::trivia_qa_2_60k::base::main::17887,0
qwen_2.5_7b_instruct::trivia_qa_2_60k::base::main::49816,0
qwen_2.5_7b_instruct::trivia_qa_2_60k::base::main::51870,0
qwen_2.5_7b_instruct::trivia_qa_2_60k::base::main::20194,0
qwen_2.5_7b_instruct::trivia_qa_2_60k::base::main::1950,0
qwen_2.5_7b_instruct::trivia_qa_2_60k::base::main::40895,0
qwen_2.5_7b_instruct::trivia_qa_2_60k::base::main::23407,0
qwen_2.5_7b_instruct::trivia_qa_2_60k::base::main::39098,0
qwen_2.5_7b_instruct::trivia_qa_2_60k::base::main::56065,0
qwen_2.5_7b_instruct::trivia_qa_2_60k::base::main::16105,0
qwen_2.5_7b_instruct::trivia_qa_2_60k::base::main::30173,0
qwen_2.5_7b_instruct::trivia_qa_2_60k::base::main::26363,0
qwen_2.5_7b_instruct::trivia_qa_2_60k::base::main::43365,0
qwen_2.5_7b_instruct::trivia_qa_2_60k::base::main::14599,0
qwen_2.5_7b_instruct::trivia_qa_2_60k::base::main::35703,0
qwen_2.5_7b_instruct::trivia_qa_2_60k::base::main::52715,0
qwen_2.5_7b_instruct::trivia_qa_2_60k::base::main::28401,0
qwen_2.5_7b_instruct::trivia_qa_2_60k::base::main::29641,0
qwen_2.5_7b_instruct::trivia_qa_2_60k::base::main::35956,0
qwen_2.5_7b_instruct::trivia_qa_2_60k::base::main::26788,0
qwen_2.5_7b_instruct::trivia_qa_2_60k::base::main::8776,0
qwen_2.5_7b_instruct::trivia_qa_2_60k::base::main::7139,0
qwen_2.5_7b_instruct::trivia_qa_2_60k::base::main::57489,0
qwen_2.5_7b_instruct::trivia_qa_2_60k::base::main::36686,0
qwen_2.5_7b_instruct::trivia_qa_2_60k::base::main::43691,0
qwen_2.5_7b_instruct::trivia_qa_2_60k::base::main::53639,0
qwen_2.5_7b_instruct::trivia_qa_2_60k::base::main::45781,0
qwen_2.5_7b_instruct::trivia_qa_2_60k::base::main::17039,0
qwen_2.5_7b_instruct::trivia_qa_2_60k::base::main::28097,0
qwen_2.5_7b_instruct::trivia_qa_2_60k::base::main::10027,0
qwen_2.5_7b_instruct::trivia_qa_2_60k::base::main::15111,0
qwen_2.5_7b_instruct::trivia_qa_2_60k::base::main::26404,0
qwen_2.5_7b_instruct::trivia_qa_2_60k::base::main::56281,0
qwen_2.5_7b_instruct::trivia_qa_2_60k::base::main::48382,0
qwen_2.5_7b_instruct::trivia_qa_2_60k::base::main::29236,0
qwen_2.5_7b_instruct::trivia_qa_2_60k::base::main::6434,0
qwen_2.5_7b_instruct::trivia_qa_2_60k::base::main::19021,0
qwen_2.5_7b_instruct::trivia_qa_2_60k::base::main::35648,0
qwen_2.5_7b_instruct::trivia_qa_2_60k::base::main::31788,0
qwen_2.5_7b_instruct::trivia_qa_2_60k::base::main::23227,0
qwen_2.5_7b_instruct::trivia_qa_2_60k::base::main::9833,0
qwen_2.5_7b_instruct::trivia_qa_2_60k::base::main::43416,0
qwen_2.5_7b_instruct::trivia_qa_2_60k::base::main::35291,0
qwen_2.5_7b_instruct::trivia_qa_2_60k::base::main::36068,0
qwen_2.5_7b_instruct::trivia_qa_2_60k::base::main::28006,0
qwen_2.5_7b_instruct::trivia_qa_2_60k::base::main::14160,0
qwen_2.5_7b_instruct::trivia_qa_2_60k::base::main::33885,0
qwen_2.5_7b_instruct::trivia_qa_2_60k::base::main::18054,0
qwen_2.5_7b_instruct::trivia_qa_2_60k::base::main::52606,0
qwen_2.5_7b_instruct::trivia_qa_2_60k::base::main::43477,0
qwen_2.5_7b_instruct::trivia_qa_2_60k::base::main::25557,0
qwen_2.5_7b_instruct::trivia_qa_2_60k::base::main::28429,0
qwen_2.5_7b_instruct::trivia_qa_2_60k::base::main::29041,0
qwen_2.5_7b_instruct::trivia_qa_2_60k::base::main::53020,0
qwen_2.5_7b_instruct::trivia_qa_2_60k::base::main::22968,0
qwen_2.5_7b_instruct::trivia_qa_2_60k::base::main::5572,0
qwen_2.5_7b_instruct::trivia_qa_2_60k::base::main::19752,0
qwen_2.5_7b_instruct::trivia_qa_2_60k::base::main::18933,0
qwen_2.5_7b_instruct::trivia_qa_2_60k::base::main::32419,0
qwen_2.5_7b_instruct::trivia_qa_2_60k::base::main::15363,0
qwen_2.5_7b_instruct::trivia_qa_2_60k::base::main::45812,0
qwen_2.5_7b_instruct::trivia_qa_2_60k::base::main::202,0
qwen_2.5_7b_instruct::trivia_qa_2_60k::base::main::9783,0
qwen_2.5_7b_instruct::trivia_qa_2_60k::base::main::42364,0
qwen_2.5_7b_instruct::trivia_qa_2_60k::base::main::10173,0
qwen_2.5_7b_instruct::trivia_qa_2_60k::base::main::52349,0
qwen_2.5_7b_instruct::trivia_qa_2_60k::base::main::15881,0
qwen_2.5_7b_instruct::trivia_qa_2_60k::base::main::36050,0
qwen_2.5_7b_instruct::trivia_qa_2_60k::base::main::26276,0
qwen_2.5_7b_instruct::trivia_qa_2_60k::base::main::16002,0
qwen_2.5_7b_instruct::trivia_qa_2_60k::base::main::57881,0
qwen_2.5_7b_instruct::trivia_qa_2_60k::base::main::1739,0
qwen_2.5_7b_instruct::trivia_qa_2_60k::base::main::14961,0
qwen_2.5_7b_instruct::trivia_qa_2_60k::base::main::49370,0
qwen_2.5_7b_instruct::trivia_qa_2_60k::base::main::57487,0
qwen_2.5_7b_instruct::trivia_qa_2_60k::base::main::55182,0
qwen_2.5_7b_instruct::trivia_qa_2_60k::base::main::14373,0
qwen_2.5_7b_instruct::trivia_qa_2_60k::base::main::19443,0
qwen_2.5_7b_instruct::trivia_qa_2_60k::base::main::3987,0
qwen_2.5_7b_instruct::trivia_qa_2_60k::base::main::24439,0
qwen_2.5_7b_instruct::trivia_qa_2_60k::base::main::38666,0
qwen_2.5_7b_instruct::trivia_qa_2_60k::base::main::40223,0
qwen_2.5_7b_instruct::trivia_qa_2_60k::base::main::25094,0
qwen_2.5_7b_instruct::trivia_qa_2_60k::base::main::11096,0
qwen_2.5_7b_instruct::trivia_qa_2_60k::base::main::37693,0
qwen_2.5_7b_instruct::trivia_qa_2_60k::base::main::40629,0
qwen_2.5_7b_instruct::trivia_qa_2_60k::base::main::39365,0
qwen_2.5_7b_instruct::trivia_qa_2_60k::base::main::36430,0
qwen_2.5_7b_instruct::trivia_qa_2_60k::base::main::30811,0
qwen_2.5_7b_instruct::trivia_qa_2_60k::base::main::2658,0
qwen_2.5_7b_instruct::trivia_qa_2_60k::base::main::54568,0
qwen_2.5_7b_instruct::trivia_qa_2_60k::base::main::1009,0
qwen_2.5_7b_instruct::trivia_qa_2_60k::base::main::27350,0
qwen_2.5_7b_instruct::trivia_qa_2_60k::base::main::48887,0
qwen_2.5_7b_instruct::trivia_qa_2_60k::base::main::4021,0
qwen_2.5_7b_instruct::trivia_qa_2_60k::base::main::35873,0
qwen_2.5_7b_instruct::trivia_qa_2_60k::base::main::16552,0
qwen_2.5_7b_instruct::trivia_qa_2_60k::base::main::39057,0
qwen_2.5_7b_instruct::trivia_qa_2_60k::base::main::19448,0
qwen_2.5_7b_instruct::trivia_qa_2_60k::base::main::40351,0
qwen_2.5_7b_instruct::trivia_qa_2_60k::base::main::4470,0
qwen_2.5_7b_instruct::trivia_qa_2_60k::base::main::39756,0
qwen_2.5_7b_instruct::trivia_qa_2_60k::base::main::3661,0
qwen_2.5_7b_instruct::trivia_qa_2_60k::base::main::48444,0
qwen_2.5_7b_instruct::trivia_qa_2_60k::base::main::52647,0
qwen_2.5_7b_instruct::trivia_qa_2_60k::base::main::20074,0
qwen_2.5_7b_instruct::trivia_qa_2_60k::base::main::52047,0
qwen_2.5_7b_instruct::trivia_qa_2_60k::base::main::22981,0
qwen_2.5_7b_instruct::trivia_qa_2_60k::base::main::17735,0
qwen_2.5_7b_instruct::trivia_qa_2_60k::base::main::24606,0
qwen_2.5_7b_instruct::trivia_qa_2_60k::base::main::25844,0
qwen_2.5_7b_instruct::trivia_qa_2_60k::base::main::9929,0
qwen_2.5_7b_instruct::trivia_qa_2_60k::base::main::44860,0
qwen_2.5_7b_instruct::trivia_qa_2_60k::base::main::7604,0
qwen_2.5_7b_instruct::trivia_qa_2_60k::base::main::52339,0
qwen_2.5_7b_instruct::trivia_qa_2_60k::base::main::39872,0
qwen_2.5_7b_instruct::trivia_qa_2_60k::base::main::664,0
qwen_2.5_7b_instruct::trivia_qa_2_60k::base::main::28175,0
qwen_2.5_7b_instruct::trivia_qa_2_60k::base::main::26580,0
qwen_2.5_7b_instruct::trivia_qa_2_60k::base::main::38054,0
qwen_2.5_7b_instruct::trivia_qa_2_60k::base::main::36771,0
qwen_2.5_7b_instruct::trivia_qa_2_60k::base::main::23995,0
qwen_2.5_7b_instruct::trivia_qa_2_60k::base::main::35287,0
qwen_2.5_7b_instruct::trivia_qa_2_60k::base::main::38124,0
qwen_2.5_7b_instruct::trivia_qa_2_60k::base::main::22578,0
qwen_2.5_7b_instruct::trivia_qa_2_60k::base::main::47841,0
qwen_2.5_7b_instruct::trivia_qa_2_60k::base::main::173,0
qwen_2.5_7b_instruct::trivia_qa_2_60k::base::main::33181,0
qwen_2.5_7b_instruct::trivia_qa_2_60k::base::main::25261,0
qwen_2.5_7b_instruct::trivia_qa_2_60k::base::main::10481,0
qwen_2.5_7b_instruct::trivia_qa_2_60k::base::main::43757,0
qwen_2.5_7b_instruct::trivia_qa_2_60k::base::main::23508,0
qwen_2.5_7b_instruct::trivia_qa_2_60k::base::main::30926,0
qwen_2.5_7b_instruct::trivia_qa_2_60k::base::main::1014,0
qwen_2.5_7b_instruct::trivia_qa_2_60k::base::main::26155,0
qwen_2.5_7b_instruct::trivia_qa_2_60k::base::main::47295,0
qwen_2.5_7b_instruct::trivia_qa_2_60k::base::main::31419,0
qwen_2.5_7b_instruct::trivia_qa_2_60k::base::main::17872,0
qwen_2.5_7b_instruct::trivia_qa_2_60k::base::main::17523,0
qwen_2.5_7b_instruct::trivia_qa_2_60k::base::main::18698,0
qwen_2.5_7b_instruct::trivia_qa_2_60k::base::main::55498,0
qwen_2.5_7b_instruct::trivia_qa_2_60k::base::main::4218,0
qwen_2.5_7b_instruct::trivia_qa_2_60k::base::main::46553,0
qwen_2.5_7b_instruct::trivia_qa_2_60k::base::main::32875,0
qwen_2.5_7b_instruct::trivia_qa_2_60k::base::main::12720,0
qwen_2.5_7b_instruct::trivia_qa_2_60k::base::main::48099,0
qwen_2.5_7b_instruct::trivia_qa_2_60k::base::main::15898,0
qwen_2.5_7b_instruct::trivia_qa_2_60k::base::main::18139,0
qwen_2.5_7b_instruct::trivia_qa_2_60k::base::main::39240,0
qwen_2.5_7b_instruct::trivia_qa_2_60k::base::main::26246,0
qwen_2.5_7b_instruct::trivia_qa_2_60k::base::main::2451,0
qwen_2.5_7b_instruct::trivia_qa_2_60k::base::main::16726,0
qwen_2.5_7b_instruct::trivia_qa_2_60k::base::main::17252,0
qwen_2.5_7b_instruct::trivia_qa_2_60k::base::main::54039,0
qwen_2.5_7b_instruct::trivia_qa_2_60k::base::main::48222,0
qwen_2.5_7b_instruct::trivia_qa_2_60k::base::main::25834,0
qwen_2.5_7b_instruct::trivia_qa_2_60k::base::main::908,0
qwen_2.5_7b_instruct::trivia_qa_2_60k::base::main::42869,0
qwen_2.5_7b_instruct::trivia_qa_2_60k::base::main::28889,0
qwen_2.5_7b_instruct::trivia_qa_2_60k::base::main::44684,0
qwen_2.5_7b_instruct::trivia_qa_2_60k::base::main::9545,0
qwen_2.5_7b_instruct::trivia_qa_2_60k::base::main::4790,0
qwen_2.5_7b_instruct::trivia_qa_2_60k::base::main::31092,0
qwen_2.5_7b_instruct::trivia_qa_2_60k::base::main::16254,0
qwen_2.5_7b_instruct::trivia_qa_2_60k::base::main::29582,0
qwen_2.5_7b_instruct::trivia_qa_2_60k::base::main::55646,0
qwen_2.5_7b_instruct::trivia_qa_2_60k::base::main::37481,0
qwen_2.5_7b_instruct::trivia_qa_2_60k::base::main::44482,0
qwen_2.5_7b_instruct::trivia_qa_2_60k::base::main::30420,0
qwen_2.5_7b_instruct::trivia_qa_2_60k::base::main::30379,0
qwen_2.5_7b_instruct::trivia_qa_2_60k::base::main::11215,0
qwen_2.5_7b_instruct::trivia_qa_2_60k::base::main::22004,0
qwen_2.5_7b_instruct::trivia_qa_2_60k::base::main::25223,0
qwen_2.5_7b_instruct::trivia_qa_2_60k::base::main::29462,0
qwen_2.5_7b_instruct::trivia_qa_2_60k::base::main::2610,0
qwen_2.5_7b_instruct::trivia_qa_2_60k::base::main::19254,0
qwen_2.5_7b_instruct::trivia_qa_2_60k::base::main::22362,0
qwen_2.5_7b_instruct::trivia_qa_2_60k::base::main::26963,0
qwen_2.5_7b_instruct::trivia_qa_2_60k::base::main::29758,0
qwen_2.5_7b_instruct::trivia_qa_2_60k::base::main::57159,0
qwen_2.5_7b_instruct::trivia_qa_2_60k::base::main::26423,0
qwen_2.5_7b_instruct::trivia_qa_2_60k::base::main::45507,0
qwen_2.5_7b_instruct::trivia_qa_2_60k::base::main::24702,0
qwen_2.5_7b_instruct::trivia_qa_2_60k::base::main::21310,0
qwen_2.5_7b_instruct::trivia_qa_2_60k::base::main::30209,0
qwen_2.5_7b_instruct::trivia_qa_2_60k::base::main::2630,0
qwen_2.5_7b_instruct::trivia_qa_2_60k::base::main::11095,0
qwen_2.5_7b_instruct::trivia_qa_2_60k::base::main::19429,0
qwen_2.5_7b_instruct::trivia_qa_2_60k::base::main::29136,0
qwen_2.5_7b_instruct::trivia_qa_2_60k::base::main::38374,0
qwen_2.5_7b_instruct::trivia_qa_2_60k::base::main::56327,0
qwen_2.5_7b_instruct::trivia_qa_2_60k::base::main::17994,0
qwen_2.5_7b_instruct::trivia_qa_2_60k::base::main::27003,0
qwen_2.5_7b_instruct::trivia_qa_2_60k::base::main::12865,0
qwen_2.5_7b_instruct::trivia_qa_2_60k::base::main::3242,0
qwen_2.5_7b_instruct::trivia_qa_2_60k::base::main::30574,0
qwen_2.5_7b_instruct::trivia_qa_2_60k::base::main::45285,0
qwen_2.5_7b_instruct::trivia_qa_2_60k::base::main::6104,0
qwen_2.5_7b_instruct::trivia_qa_2_60k::base::main::846,0
qwen_2.5_7b_instruct::trivia_qa_2_60k::base::main::14903,0
qwen_2.5_7b_instruct::trivia_qa_2_60k::base::main::55411,0
qwen_2.5_7b_instruct::trivia_qa_2_60k::base::main::47577,0
qwen_2.5_7b_instruct::trivia_qa_2_60k::base::main::4213,0
qwen_2.5_7b_instruct::trivia_qa_2_60k::base::main::20347,0
qwen_2.5_7b_instruct::trivia_qa_2_60k::base::main::2164,0
qwen_2.5_7b_instruct::trivia_qa_2_60k::base::main::7267,0
qwen_2.5_7b_instruct::trivia_qa_2_60k::base::main::39288,0
qwen_2.5_7b_instruct::trivia_qa_2_60k::base::main::19531,0
qwen_2.5_7b_instruct::trivia_qa_2_60k::base::main::12485,0
qwen_2.5_7b_instruct::trivia_qa_2_60k::base::main::7633,0
qwen_2.5_7b_instruct::trivia_qa_2_60k::base::main::22945,0
qwen_2.5_7b_instruct::trivia_qa_2_60k::base::main::28921,0
qwen_2.5_7b_instruct::trivia_qa_2_60k::base::main::9171,0
qwen_2.5_7b_instruct::trivia_qa_2_60k::base::main::44881,0
qwen_2.5_7b_instruct::trivia_qa_2_60k::base::main::37256,0
qwen_2.5_7b_instruct::trivia_qa_2_60k::base::main::41769,0
qwen_2.5_7b_instruct::trivia_qa_2_60k::base::main::47958,0
qwen_2.5_7b_instruct::trivia_qa_2_60k::base::main::56062,0
qwen_2.5_7b_instruct::trivia_qa_2_60k::base::main::44918,0
qwen_2.5_7b_instruct::trivia_qa_2_60k::base::main::42529,0
qwen_2.5_7b_instruct::trivia_qa_2_60k::base::main::36959,0
qwen_2.5_7b_instruct::trivia_qa_2_60k::base::main::55095,0
qwen_2.5_7b_instruct::trivia_qa_2_60k::base::main::49949,0
qwen_2.5_7b_instruct::trivia_qa_2_60k::base::main::15121,0
qwen_2.5_7b_instruct::trivia_qa_2_60k::base::main::40020,0
qwen_2.5_7b_instruct::trivia_qa_2_60k::base::main::40477,0
qwen_2.5_7b_instruct::trivia_qa_2_60k::base::main::54300,0
qwen_2.5_7b_instruct::trivia_qa_2_60k::base::main::29089,0
qwen_2.5_7b_instruct::trivia_qa_2_60k::base::main::44023,0
qwen_2.5_7b_instruct::trivia_qa_2_60k::base::main::12463,0
qwen_2.5_7b_instruct::trivia_qa_2_60k::base::main::24000,0
qwen_2.5_7b_instruct::trivia_qa_2_60k::base::main::19424,0
qwen_2.5_7b_instruct::trivia_qa_2_60k::base::main::39191,0
qwen_2.5_7b_instruct::trivia_qa_2_60k::base::main::53670,0
qwen_2.5_7b_instruct::trivia_qa_2_60k::base::main::54809,0
qwen_2.5_7b_instruct::trivia_qa_2_60k::base::main::1407,0
qwen_2.5_7b_instruct::trivia_qa_2_60k::base::main::3688,0
qwen_2.5_7b_instruct::trivia_qa_2_60k::base::main::3566,0
qwen_2.5_7b_instruct::trivia_qa_2_60k::base::main::53763,0
qwen_2.5_7b_instruct::trivia_qa_2_60k::base::main::5893,0
qwen_2.5_7b_instruct::trivia_qa_2_60k::base::main::22709,0
qwen_2.5_7b_instruct::trivia_qa_2_60k::base::main::44337,0
qwen_2.5_7b_instruct::trivia_qa_2_60k::base::main::49261,0
qwen_2.5_7b_instruct::trivia_qa_2_60k::base::main::48902,0
qwen_2.5_7b_instruct::trivia_qa_2_60k::base::main::50940,0
qwen_2.5_7b_instruct::trivia_qa_2_60k::base::main::10516,0
qwen_2.5_7b_instruct::trivia_qa_2_60k::base::main::21361,0
qwen_2.5_7b_instruct::trivia_qa_2_60k::base::main::43637,0
qwen_2.5_7b_instruct::trivia_qa_2_60k::base::main::53806,0
qwen_2.5_7b_instruct::trivia_qa_2_60k::base::main::30716,0
qwen_2.5_7b_instruct::trivia_qa_2_60k::base::main::46645,0
qwen_2.5_7b_instruct::trivia_qa_2_60k::base::main::25111,0
qwen_2.5_7b_instruct::trivia_qa_2_60k::base::main::1273,0
qwen_2.5_7b_instruct::trivia_qa_2_60k::base::main::49442,0
qwen_2.5_7b_instruct::trivia_qa_2_60k::base::main::25683,0
qwen_2.5_7b_instruct::trivia_qa_2_60k::base::main::4219,0
qwen_2.5_7b_instruct::trivia_qa_2_60k::base::main::30275,0
qwen_2.5_7b_instruct::trivia_qa_2_60k::base::main::33129,0
qwen_2.5_7b_instruct::trivia_qa_2_60k::base::main::44753,0
qwen_2.5_7b_instruct::trivia_qa_2_60k::base::main::29745,0
qwen_2.5_7b_instruct::trivia_qa_2_60k::base::main::57705,0
qwen_2.5_7b_instruct::trivia_qa_2_60k::base::main::2964,0
qwen_2.5_7b_instruct::trivia_qa_2_60k::base::main::19955,0
qwen_2.5_7b_instruct::trivia_qa_2_60k::base::main::55113,0
qwen_2.5_7b_instruct::trivia_qa_2_60k::base::main::11223,0
qwen_2.5_7b_instruct::trivia_qa_2_60k::base::main::45534,0
qwen_2.5_7b_instruct::trivia_qa_2_60k::base::main::40042,0
qwen_2.5_7b_instruct::trivia_qa_2_60k::base::main::2997,0
qwen_2.5_7b_instruct::trivia_qa_2_60k::base::main::41246,0
qwen_2.5_7b_instruct::trivia_qa_2_60k::base::main::55062,0
qwen_2.5_7b_instruct::trivia_qa_2_60k::base::main::42780,0
qwen_2.5_7b_instruct::trivia_qa_2_60k::base::main::52804,0
qwen_2.5_7b_instruct::trivia_qa_2_60k::base::main::43645,0
qwen_2.5_7b_instruct::trivia_qa_2_60k::base::main::35319,0
qwen_2.5_7b_instruct::trivia_qa_2_60k::base::main::203,0
qwen_2.5_7b_instruct::trivia_qa_2_60k::base::main::23897,0
qwen_2.5_7b_instruct::trivia_qa_2_60k::base::main::41333,0
qwen_2.5_7b_instruct::trivia_qa_2_60k::base::main::48521,0
qwen_2.5_7b_instruct::trivia_qa_2_60k::base::main::15137,0
qwen_2.5_7b_instruct::trivia_qa_2_60k::base::main::19856,0
qwen_2.5_7b_instruct::trivia_qa_2_60k::base::main::39811,0
qwen_2.5_7b_instruct::trivia_qa_2_60k::base::main::42100,0
qwen_2.5_7b_instruct::trivia_qa_2_60k::base::main::29642,0
qwen_2.5_7b_instruct::trivia_qa_2_60k::base::main::45195,0
qwen_2.5_7b_instruct::trivia_qa_2_60k::base::main::31234,0
qwen_2.5_7b_instruct::trivia_qa_2_60k::base::main::52568,0
qwen_2.5_7b_instruct::trivia_qa_2_60k::base::main::28875,0
qwen_2.5_7b_instruct::trivia_qa_2_60k::base::main::33900,0
qwen_2.5_7b_instruct::trivia_qa_2_60k::base::main::39443,0
qwen_2.5_7b_instruct::trivia_qa_2_60k::base::main::56500,0
qwen_2.5_7b_instruct::trivia_qa_2_60k::base::main::10067,0
qwen_2.5_7b_instruct::trivia_qa_2_60k::base::main::36303,0
qwen_2.5_7b_instruct::trivia_qa_2_60k::base::main::3153,0
qwen_2.5_7b_instruct::trivia_qa_2_60k::base::main::58492,0
qwen_2.5_7b_instruct::trivia_qa_2_60k::base::main::38200,0
qwen_2.5_7b_instruct::trivia_qa_2_60k::base::main::1090,0
qwen_2.5_7b_instruct::trivia_qa_2_60k::base::main::482,0
qwen_2.5_7b_instruct::trivia_qa_2_60k::base::main::39042,0
qwen_2.5_7b_instruct::trivia_qa_2_60k::base::main::26430,0
qwen_2.5_7b_instruct::trivia_qa_2_60k::base::main::52857,0
qwen_2.5_7b_instruct::trivia_qa_2_60k::base::main::25273,0
qwen_2.5_7b_instruct::trivia_qa_2_60k::base::main::5008,0
qwen_2.5_7b_instruct::trivia_qa_2_60k::base::main::41634,0
qwen_2.5_7b_instruct::trivia_qa_2_60k::base::main::16700,0
qwen_2.5_7b_instruct::trivia_qa_2_60k::base::main::23648,0
qwen_2.5_7b_instruct::trivia_qa_2_60k::base::main::45218,0
qwen_2.5_7b_instruct::trivia_qa_2_60k::base::main::40402,0
qwen_2.5_7b_instruct::trivia_qa_2_60k::base::main::3567,0
qwen_2.5_7b_instruct::trivia_qa_2_60k::base::main::43398,0
qwen_2.5_7b_instruct::trivia_qa_2_60k::base::main::55918,0
qwen_2.5_7b_instruct::trivia_qa_2_60k::base::main::17177,0
qwen_2.5_7b_instruct::trivia_qa_2_60k::base::main::6534,0
qwen_2.5_7b_instruct::trivia_qa_2_60k::base::main::17278,0
qwen_2.5_7b_instruct::trivia_qa_2_60k::base::main::10503,0
qwen_2.5_7b_instruct::trivia_qa_2_60k::base::main::21558,0
qwen_2.5_7b_instruct::trivia_qa_2_60k::base::main::38206,0
qwen_2.5_7b_instruct::trivia_qa_2_60k::base::main::3861,0
qwen_2.5_7b_instruct::trivia_qa_2_60k::base::main::19039,0
qwen_2.5_7b_instruct::trivia_qa_2_60k::base::main::808,0
qwen_2.5_7b_instruct::trivia_qa_2_60k::base::main::27213,0
qwen_2.5_7b_instruct::trivia_qa_2_60k::base::main::28608,0
qwen_2.5_7b_instruct::trivia_qa_2_60k::base::main::34107,0
qwen_2.5_7b_instruct::trivia_qa_2_60k::base::main::43854,0
qwen_2.5_7b_instruct::trivia_qa_2_60k::base::main::24385,0
qwen_2.5_7b_instruct::trivia_qa_2_60k::base::main::5244,0
qwen_2.5_7b_instruct::trivia_qa_2_60k::base::main::43308,0
qwen_2.5_7b_instruct::trivia_qa_2_60k::base::main::26517,0
qwen_2.5_7b_instruct::trivia_qa_2_60k::base::main::8,0
qwen_2.5_7b_instruct::trivia_qa_2_60k::base::main::50762,0
qwen_2.5_7b_instruct::trivia_qa_2_60k::base::main::36798,0
qwen_2.5_7b_instruct::trivia_qa_2_60k::base::main::9915,0
qwen_2.5_7b_instruct::trivia_qa_2_60k::base::main::37450,0
qwen_2.5_7b_instruct::trivia_qa_2_60k::base::main::36048,0
qwen_2.5_7b_instruct::trivia_qa_2_60k::base::main::55948,0
qwen_2.5_7b_instruct::trivia_qa_2_60k::base::main::37713,0
qwen_2.5_7b_instruct::trivia_qa_2_60k::base::main::16818,0
qwen_2.5_7b_instruct::trivia_qa_2_60k::base::main::52369,0
qwen_2.5_7b_instruct::trivia_qa_2_60k::base::main::47594,0
qwen_2.5_7b_instruct::trivia_qa_2_60k::base::main::1281,0
qwen_2.5_7b_instruct::trivia_qa_2_60k::base::main::51960,0
qwen_2.5_7b_instruct::trivia_qa_2_60k::base::main::37827,0
qwen_2.5_7b_instruct::trivia_qa_2_60k::base::main::35692,0
qwen_2.5_7b_instruct::trivia_qa_2_60k::base::main::35841,0
qwen_2.5_7b_instruct::trivia_qa_2_60k::base::main::51938,0
qwen_2.5_7b_instruct::trivia_qa_2_60k::base::main::42837,0
qwen_2.5_7b_instruct::trivia_qa_2_60k::base::main::37714,0
qwen_2.5_7b_instruct::trivia_qa_2_60k::base::main::30370,0
qwen_2.5_7b_instruct::trivia_qa_2_60k::base::main::48655,0
qwen_2.5_7b_instruct::trivia_qa_2_60k::base::main::53047,0
qwen_2.5_7b_instruct::trivia_qa_2_60k::base::main::35540,0
qwen_2.5_7b_instruct::trivia_qa_2_60k::base::main::50177,0
qwen_2.5_7b_instruct::trivia_qa_2_60k::base::main::18257,0
qwen_2.5_7b_instruct::trivia_qa_2_60k::base::main::16365,0
qwen_2.5_7b_instruct::trivia_qa_2_60k::base::main::25522,0
qwen_2.5_7b_instruct::trivia_qa_2_60k::base::main::24440,0
qwen_2.5_7b_instruct::trivia_qa_2_60k::base::main::16153,0
qwen_2.5_7b_instruct::trivia_qa_2_60k::base::main::12757,0
qwen_2.5_7b_instruct::trivia_qa_2_60k::base::main::56136,0
qwen_2.5_7b_instruct::trivia_qa_2_60k::base::main::12099,0
qwen_2.5_7b_instruct::trivia_qa_2_60k::base::main::27731,0
qwen_2.5_7b_instruct::trivia_qa_2_60k::base::main::36534,0
qwen_2.5_7b_instruct::trivia_qa_2_60k::base::main::47074,0
qwen_2.5_7b_instruct::trivia_qa_2_60k::base::main::29286,0
qwen_2.5_7b_instruct::trivia_qa_2_60k::base::main::31789,0
qwen_2.5_7b_instruct::trivia_qa_2_60k::base::main::27229,0
qwen_2.5_7b_instruct::trivia_qa_2_60k::base::main::17763,0
qwen_2.5_7b_instruct::trivia_qa_2_60k::base::main::50960,0
qwen_2.5_7b_instruct::trivia_qa_2_60k::base::main::22875,0
qwen_2.5_7b_instruct::trivia_qa_2_60k::base::main::55837,0
qwen_2.5_7b_instruct::trivia_qa_2_60k::base::main::7804,0
qwen_2.5_7b_instruct::trivia_qa_2_60k::base::main::32072,0
qwen_2.5_7b_instruct::trivia_qa_2_60k::base::main::34989,0
qwen_2.5_7b_instruct::trivia_qa_2_60k::base::main::57223,0
qwen_2.5_7b_instruct::trivia_qa_2_60k::base::main::6243,0
qwen_2.5_7b_instruct::trivia_qa_2_60k::base::main::24446,0
qwen_2.5_7b_instruct::trivia_qa_2_60k::base::main::55752,0
qwen_2.5_7b_instruct::trivia_qa_2_60k::base::main::44886,0
qwen_2.5_7b_instruct::trivia_qa_2_60k::base::main::8687,0
qwen_2.5_7b_instruct::trivia_qa_2_60k::base::main::49435,0
qwen_2.5_7b_instruct::trivia_qa_2_60k::base::main::53609,0
qwen_2.5_7b_instruct::trivia_qa_2_60k::base::main::43458,0
qwen_2.5_7b_instruct::trivia_qa_2_60k::base::main::25520,0
qwen_2.5_7b_instruct::trivia_qa_2_60k::base::main::12348,0
qwen_2.5_7b_instruct::trivia_qa_2_60k::base::main::14395,0
qwen_2.5_7b_instruct::trivia_qa_2_60k::base::main::28796,0
qwen_2.5_7b_instruct::trivia_qa_2_60k::base::main::31196,0
qwen_2.5_7b_instruct::trivia_qa_2_60k::base::main::10964,0
qwen_2.5_7b_instruct::trivia_qa_2_60k::base::main::22564,0
qwen_2.5_7b_instruct::trivia_qa_2_60k::base::main::43060,0
qwen_2.5_7b_instruct::trivia_qa_2_60k::base::main::42848,0
qwen_2.5_7b_instruct::trivia_qa_2_60k::base::main::16799,0
qwen_2.5_7b_instruct::trivia_qa_2_60k::base::main::29402,0
qwen_2.5_7b_instruct::trivia_qa_2_60k::base::main::35642,0
qwen_2.5_7b_instruct::trivia_qa_2_60k::base::main::6927,0
qwen_2.5_7b_instruct::trivia_qa_2_60k::base::main::8125,0
qwen_2.5_7b_instruct::trivia_qa_2_60k::base::main::16604,0
qwen_2.5_7b_instruct::trivia_qa_2_60k::base::main::2599,0
qwen_2.5_7b_instruct::trivia_qa_2_60k::base::main::57063,0
qwen_2.5_7b_instruct::trivia_qa_2_60k::base::main::9533,0
qwen_2.5_7b_instruct::trivia_qa_2_60k::base::main::14152,0
qwen_2.5_7b_instruct::trivia_qa_2_60k::base::main::13086,0
qwen_2.5_7b_instruct::trivia_qa_2_60k::base::main::29403,0
qwen_2.5_7b_instruct::trivia_qa_2_60k::base::main::43852,0
qwen_2.5_7b_instruct::trivia_qa_2_60k::base::main::47693,0
qwen_2.5_7b_instruct::trivia_qa_2_60k::base::main::32736,0
qwen_2.5_7b_instruct::trivia_qa_2_60k::base::main::17373,0
qwen_2.5_7b_instruct::trivia_qa_2_60k::base::main::21418,0
qwen_2.5_7b_instruct::trivia_qa_2_60k::base::main::38,0
qwen_2.5_7b_instruct::trivia_qa_2_60k::base::main::35338,0
qwen_2.5_7b_instruct::trivia_qa_2_60k::base::main::12557,0
qwen_2.5_7b_instruct::trivia_qa_2_60k::base::main::5834,0
qwen_2.5_7b_instruct::trivia_qa_2_60k::base::main::22050,0
qwen_2.5_7b_instruct::trivia_qa_2_60k::base::main::37720,0
qwen_2.5_7b_instruct::trivia_qa_2_60k::base::main::0,0
qwen_2.5_7b_instruct::trivia_qa_2_60k::base::main::24393,0
qwen_2.5_7b_instruct::trivia_qa_2_60k::base::main::41879,0
qwen_2.5_7b_instruct::trivia_qa_2_60k::base::main::30673,0
qwen_2.5_7b_instruct::trivia_qa_2_60k::base::main::5016,0
qwen_2.5_7b_instruct::trivia_qa_2_60k::base::main::49754,0
qwen_2.5_7b_instruct::trivia_qa_2_60k::base::main::7699,0
qwen_2.5_7b_instruct::trivia_qa_2_60k::base::main::9889,0
qwen_2.5_7b_instruct::trivia_qa_2_60k::base::main::28955,0
qwen_2.5_7b_instruct::trivia_qa_2_60k::base::main::12961,0
qwen_2.5_7b_instruct::trivia_qa_2_60k::base::main::12885,0
qwen_2.5_7b_instruct::trivia_qa_2_60k::base::main::30351,0
qwen_2.5_7b_instruct::trivia_qa_2_60k::base::main::56263,0
qwen_2.5_7b_instruct::trivia_qa_2_60k::base::main::17343,0
qwen_2.5_7b_instruct::trivia_qa_2_60k::base::main::25937,0
qwen_2.5_7b_instruct::trivia_qa_2_60k::base::main::49470,0
qwen_2.5_7b_instruct::trivia_qa_2_60k::base::main::46184,0
qwen_2.5_7b_instruct::trivia_qa_2_60k::base::main::51468,0
qwen_2.5_7b_instruct::trivia_qa_2_60k::base::main::4095,0
qwen_2.5_7b_instruct::trivia_qa_2_60k::base::main::39986,0
qwen_2.5_7b_instruct::trivia_qa_2_60k::base::main::28465,0
qwen_2.5_7b_instruct::trivia_qa_2_60k::base::main::27975,0
qwen_2.5_7b_instruct::trivia_qa_2_60k::base::main::53680,0
qwen_2.5_7b_instruct::trivia_qa_2_60k::base::main::45305,0
qwen_2.5_7b_instruct::trivia_qa_2_60k::base::main::30670,0
qwen_2.5_7b_instruct::trivia_qa_2_60k::base::main::41947,0
qwen_2.5_7b_instruct::trivia_qa_2_60k::base::main::26477,0
qwen_2.5_7b_instruct::trivia_qa_2_60k::base::main::32087,0
qwen_2.5_7b_instruct::trivia_qa_2_60k::base::main::7454,0
qwen_2.5_7b_instruct::trivia_qa_2_60k::base::main::24557,0
qwen_2.5_7b_instruct::trivia_qa_2_60k::base::main::58404,0
qwen_2.5_7b_instruct::trivia_qa_2_60k::base::main::34088,0
qwen_2.5_7b_instruct::trivia_qa_2_60k::base::main::42334,0
qwen_2.5_7b_instruct::trivia_qa_2_60k::base::main::47730,0
qwen_2.5_7b_instruct::trivia_qa_2_60k::base::main::37491,0
qwen_2.5_7b_instruct::trivia_qa_2_60k::base::main::47343,0
qwen_2.5_7b_instruct::trivia_qa_2_60k::base::main::56270,0
qwen_2.5_7b_instruct::trivia_qa_2_60k::base::main::23741,0
qwen_2.5_7b_instruct::trivia_qa_2_60k::base::main::35679,0
qwen_2.5_7b_instruct::trivia_qa_2_60k::base::main::44992,0
qwen_2.5_7b_instruct::trivia_qa_2_60k::base::main::45286,0
qwen_2.5_7b_instruct::trivia_qa_2_60k::base::main::7887,0
qwen_2.5_7b_instruct::trivia_qa_2_60k::base::main::49381,0
qwen_2.5_7b_instruct::trivia_qa_2_60k::base::main::596,0
qwen_2.5_7b_instruct::trivia_qa_2_60k::base::main::52515,0
qwen_2.5_7b_instruct::trivia_qa_2_60k::base::main::10547,0
qwen_2.5_7b_instruct::trivia_qa_2_60k::base::main::27236,0
qwen_2.5_7b_instruct::trivia_qa_2_60k::base::main::49352,0
qwen_2.5_7b_instruct::trivia_qa_2_60k::base::main::5261,0
qwen_2.5_7b_instruct::trivia_qa_2_60k::base::main::24682,0
qwen_2.5_7b_instruct::trivia_qa_2_60k::base::main::46052,0
qwen_2.5_7b_instruct::trivia_qa_2_60k::base::main::6407,0
qwen_2.5_7b_instruct::trivia_qa_2_60k::base::main::39113,0
qwen_2.5_7b_instruct::trivia_qa_2_60k::base::main::43486,0
qwen_2.5_7b_instruct::trivia_qa_2_60k::base::main::15587,0
qwen_2.5_7b_instruct::trivia_qa_2_60k::base::main::46555,0
qwen_2.5_7b_instruct::trivia_qa_2_60k::base::main::46695,0
qwen_2.5_7b_instruct::trivia_qa_2_60k::base::main::17099,0
qwen_2.5_7b_instruct::trivia_qa_2_60k::base::main::31940,0
qwen_2.5_7b_instruct::trivia_qa_2_60k::base::main::1970,0
qwen_2.5_7b_instruct::trivia_qa_2_60k::base::main::9794,0
qwen_2.5_7b_instruct::trivia_qa_2_60k::base::main::39877,0
qwen_2.5_7b_instruct::trivia_qa_2_60k::base::main::8747,0
qwen_2.5_7b_instruct::trivia_qa_2_60k::base::main::54784,0
qwen_2.5_7b_instruct::trivia_qa_2_60k::base::main::25259,0
qwen_2.5_7b_instruct::trivia_qa_2_60k::base::main::43184,0
qwen_2.5_7b_instruct::trivia_qa_2_60k::base::main::28107,0
qwen_2.5_7b_instruct::trivia_qa_2_60k::base::main::30943,0
qwen_2.5_7b_instruct::trivia_qa_2_60k::base::main::22577,0
qwen_2.5_7b_instruct::trivia_qa_2_60k::base::main::43331,0
qwen_2.5_7b_instruct::trivia_qa_2_60k::base::main::31640,0
qwen_2.5_7b_instruct::trivia_qa_2_60k::base::main::17357,0
qwen_2.5_7b_instruct::trivia_qa_2_60k::base::main::51711,0
qwen_2.5_7b_instruct::trivia_qa_2_60k::base::main::28436,0
qwen_2.5_7b_instruct::trivia_qa_2_60k::base::main::51698,0
qwen_2.5_7b_instruct::trivia_qa_2_60k::base::main::15849,0
qwen_2.5_7b_instruct::trivia_qa_2_60k::base::main::29278,0
qwen_2.5_7b_instruct::trivia_qa_2_60k::base::main::37869,0
qwen_2.5_7b_instruct::trivia_qa_2_60k::base::main::37739,0
qwen_2.5_7b_instruct::trivia_qa_2_60k::base::main::32205,0
qwen_2.5_7b_instruct::trivia_qa_2_60k::base::main::45260,0
qwen_2.5_7b_instruct::trivia_qa_2_60k::base::main::24853,0
qwen_2.5_7b_instruct::trivia_qa_2_60k::base::main::28087,0
qwen_2.5_7b_instruct::trivia_qa_2_60k::base::main::23679,0
qwen_2.5_7b_instruct::trivia_qa_2_60k::base::main::8441,0
qwen_2.5_7b_instruct::trivia_qa_2_60k::base::main::15755,0
qwen_2.5_7b_instruct::trivia_qa_2_60k::base::main::15717,0
qwen_2.5_7b_instruct::trivia_qa_2_60k::base::main::17265,0
qwen_2.5_7b_instruct::trivia_qa_2_60k::base::main::56437,0
qwen_2.5_7b_instruct::trivia_qa_2_60k::base::main::7266,0
qwen_2.5_7b_instruct::trivia_qa_2_60k::base::main::53418,0
qwen_2.5_7b_instruct::trivia_qa_2_60k::base::main::48490,0
qwen_2.5_7b_instruct::trivia_qa_2_60k::base::main::33693,0
qwen_2.5_7b_instruct::trivia_qa_2_60k::base::main::10622,0
qwen_2.5_7b_instruct::trivia_qa_2_60k::base::main::44409,0
qwen_2.5_7b_instruct::trivia_qa_2_60k::base::main::38311,0
qwen_2.5_7b_instruct::trivia_qa_2_60k::base::main::36623,0
qwen_2.5_7b_instruct::trivia_qa_2_60k::base::main::37750,0
qwen_2.5_7b_instruct::trivia_qa_2_60k::base::main::8364,0
qwen_2.5_7b_instruct::trivia_qa_2_60k::base::main::29225,0
qwen_2.5_7b_instruct::trivia_qa_2_60k::base::main::48424,0
qwen_2.5_7b_instruct::trivia_qa_2_60k::base::main::43902,0
qwen_2.5_7b_instruct::trivia_qa_2_60k::base::main::55577,0
qwen_2.5_7b_instruct::trivia_qa_2_60k::base::main::42761,0
qwen_2.5_7b_instruct::trivia_qa_2_60k::base::main::46010,0
qwen_2.5_7b_instruct::trivia_qa_2_60k::base::main::15209,0
qwen_2.5_7b_instruct::trivia_qa_2_60k::base::main::48293,0
qwen_2.5_7b_instruct::trivia_qa_2_60k::base::main::31101,0
qwen_2.5_7b_instruct::trivia_qa_2_60k::base::main::15083,0
qwen_2.5_7b_instruct::trivia_qa_2_60k::base::main::26040,0
qwen_2.5_7b_instruct::trivia_qa_2_60k::base::main::3108,0
qwen_2.5_7b_instruct::trivia_qa_2_60k::base::main::52981,0
qwen_2.5_7b_instruct::trivia_qa_2_60k::base::main::22602,0
qwen_2.5_7b_instruct::trivia_qa_2_60k::base::main::54600,0
qwen_2.5_7b_instruct::trivia_qa_2_60k::base::main::5051,0
qwen_2.5_7b_instruct::trivia_qa_2_60k::base::main::53494,0
qwen_2.5_7b_instruct::trivia_qa_2_60k::base::main::15671,0
qwen_2.5_7b_instruct::trivia_qa_2_60k::base::main::53713,0
qwen_2.5_7b_instruct::trivia_qa_2_60k::base::main::50019,0
qwen_2.5_7b_instruct::trivia_qa_2_60k::base::main::19458,0
qwen_2.5_7b_instruct::trivia_qa_2_60k::base::main::38635,0
qwen_2.5_7b_instruct::trivia_qa_2_60k::base::main::16219,0
qwen_2.5_7b_instruct::trivia_qa_2_60k::base::main::51710,0
qwen_2.5_7b_instruct::trivia_qa_2_60k::base::main::10720,0
qwen_2.5_7b_instruct::trivia_qa_2_60k::base::main::16408,0
qwen_2.5_7b_instruct::trivia_qa_2_60k::base::main::40010,0
qwen_2.5_7b_instruct::trivia_qa_2_60k::base::main::28538,0
qwen_2.5_7b_instruct::trivia_qa_2_60k::base::main::44313,0
qwen_2.5_7b_instruct::trivia_qa_2_60k::base::main::44384,0
