sample_id,label
qwen_2.5_7b_instruct::trivia_qa_2_60k::base::main::29381,1
qwen_2.5_7b_instruct::trivia_qa_2_60k::base::main::22666,1
qwen_2.5_7b_instruct::trivia_qa_2_60k::base::main::36611,1
qwen_2.5_7b_instruct::trivia_qa_2_60k::base::main::44605,1
qwen_2.5_7b_instruct::trivia_qa_2_60k::base::main::55883,1
qwen_2.5_7b_instruct::trivia_qa_2_60k::base::main::16943,1
qwen_2.5_7b_instruct::trivia_qa_2_60k::base::main::29325,1
qwen_2.5_7b_instruct::trivia_qa_2_60k::base::main::42028,1
qwen_2.5_7b_instruct::trivia_qa_2_60k::base::main::23891,1
qwen_2.5_7b_instruct::trivia_qa_2_60k::base::main::37254,1
qwen_2.5_7b_instruct::trivia_qa_2_60k::base::main::31628,1
qwen_2.5_7b_instruct::trivia_qa_2_60k::base::main::57977,1
qwen_2.5_7b_instruct::trivia_qa_2_60k::base::main::2372,1
qwen_2.5_7b_instruct::trivia_qa_2_60k::base::main::3349,1
qwen_2.5_7b_instruct::trivia_qa_2_60k::base::main::27598,1
qwen_2.5_7b_instruct::trivia_qa_2_60k::base::main::45368,1
qwen_2.5_7b_instruct::trivia_qa_2_60k::base::main::60,1
qwen_2.5_7b_instruct::trivia_qa_2_60k::base::main::53821,1
qwen_2.5_7b_instruct::trivia_qa_2_60k::base::main::14523,1
qwen_2.5_7b_instruct::trivia_qa_2_60k::base::main::53037,1
qwen_2.5_7b_instruct::trivia_qa_2_60k::base::main::18557,1
qwen_2.5_7b_instruct::trivia_qa_2_60k::base::main::50279,1
qwen_2.5_7b_instruct::trivia_qa_2_60k::base::main::57591,1
qwen_2.5_7b_instruct::trivia_qa_2_60k::base::main::9392,1
qwen_2.5_7b_instruct::trivia_qa_2_60k::base::main::40128,1
qwen_2.5_7b_instruct::trivia_qa_2_60k::base::main::31435,1
qwen_2.5_7b_instruct::trivia_qa_2_60k::base::main::9797,1
qwen_2.5_7b_instruct::trivia_qa_2_60k::base::main::16747,1
qwen_2.5_7b_instruct::trivia_qa_2_60k::base::main::45226,1
qwen_2.5_7b_instruct::trivia_qa_2_60k::base::main::1819,1
qwen_2.5_7b_instruct::trivia_qa_2_60k::base::main::2495,1
qwen_2.5_7b_instruct::trivia_qa_2_60k::base::main::17610,1
qwen_2.5_7b_instruct::trivia_qa_2_60k::base::main::30432,1
qwen_2.5_7b_instruct::trivia_qa_2_60k::base::main::16598,1
qwen_2.5_7b_instruct::trivia_qa_2_60k::base::main::49407,1
qwen_2.5_7b_instruct::trivia_qa_2_60k::base::main::24750,1
qwen_2.5_7b_instruct::trivia_qa_2_60k::base::main::24572,1
qwen_2.5_7b_instruct::trivia_qa_2_60k::base::main::46084,1
qwen_2.5_7b_instruct::trivia_qa_2_60k::base::main::5306,1
qwen_2.5_7b_instruct::trivia_qa_2_60k::base::main::32069,1
qwen_2.5_7b_instruct::trivia_qa_2_60k::base::main::57620,1
qwen_2.5_7b_instruct::trivia_qa_2_60k::base::main::38061,1
qwen_2.5_7b_instruct::trivia_qa_2_60k::base::main::57610,1
qwen_2.5_7b_instruct::trivia_qa_2_60k::base::main::4316,1
qwen_2.5_7b_instruct::trivia_qa_2_60k::base::main::14676,1
qwen_2.5_7b_instruct::trivia_qa_2_60k::base::main::49936,1
qwen_2.5_7b_instruct::trivia_qa_2_60k::base::main::46103,1
qwen_2.5_7b_instruct::trivia_qa_2_60k::base::main::57411,1
qwen_2.5_7b_instruct::trivia_qa_2_60k::base::main::14708,1
qwen_2.5_7b_instruct::trivia_qa_2_60k::base::main::8139,1
qwen_2.5_7b_instruct::trivia_qa_2_60k::base::main::12873,1
qwen_2.5_7b_instruct::trivia_qa_2_60k::base::main::3986,1
qwen_2.5_7b_instruct::trivia_qa_2_60k::base::main::57669,1
qwen_2.5_7b_instruct::trivia_qa_2_60k::base::main::3360,1
qwen_2.5_7b_instruct::trivia_qa_2_60k::base::main::18255,1
qwen_2.5_7b_instruct::trivia_qa_2_60k::base::main::14489,1
qwen_2.5_7b_instruct::trivia_qa_2_60k::base::main::21897,1
qwen_2.5_7b_instruct::trivia_qa_2_60k::base::main::39054,1
qwen_2.5_7b_instruct::trivia_qa_2_60k::base::main::36191,1
qwen_2.5_7b_instruct::trivia_qa_2_60k::base::main::53869,1
qwen_2.5_7b_instruct::trivia_qa_2_60k::base::main::39518,1
qwen_2.5_7b_instruct::trivia_qa_2_60k::base::main::26106,1
qwen_2.5_7b_instruct::trivia_qa_2_60k::base::main::37363,1
qwen_2.5_7b_instruct::trivia_qa_2_60k::base::main::2783,1
qwen_2.5_7b_instruct::trivia_qa_2_60k::base::main::2392,1
qwen_2.5_7b_instruct::trivia_qa_2_60k::base::main::44461,1
qwen_2.5_7b_instruct::trivia_qa_2_60k::base::main::7075,1
qwen_2.5_7b_instruct::trivia_qa_2_60k::base::main::27177,1
qwen_2.5_7b_instruct::trivia_qa_2_60k::base::main::33326,1
qwen_2.5_7b_instruct::trivia_qa_2_60k::base::main::14720,1
qwen_2.5_7b_instruct::trivia_qa_2_60k::base::main::46772,1
qwen_2.5_7b_instruct::trivia_qa_2_60k::base::main::54992,1
qwen_2.5_7b_instruct::trivia_qa_2_60k::base::main::33791,1
qwen_2.5_7b_instruct::trivia_qa_2_60k::base::main::30249,1
qwen_2.5_7b_instruct::trivia_qa_2_60k::base::main::41444,1
qwen_2.5_7b_instruct::trivia_qa_2_60k::base::main::27349,1
qwen_2.5_7b_instruct::trivia_qa_2_60k::base::main::10285,1
qwen_2.5_7b_instruct::trivia_qa_2_60k::base::main::22428,1
qwen_2.5_7b_instruct::trivia_qa_2_60k::base::main::20146,1
qwen_2.5_7b_instruct::trivia_qa_2_60k::base::main::10811,1
qwen_2.5_7b_instruct::trivia_qa_2_60k::base::main::45075,1
qwen_2.5_7b_instruct::trivia_qa_2_60k::base::main::28259,1
qwen_2.5_7b_instruct::trivia_qa_2_60k::base::main::50930,1
qwen_2.5_7b_instruct::trivia_qa_2_60k::base::main::12406,1
qwen_2.5_7b_instruct::trivia_qa_2_60k::base::main::51031,1
qwen_2.5_7b_instruct::trivia_qa_2_60k::base::main::30765,1
qwen_2.5_7b_instruct::trivia_qa_2_60k::base::main::15591,1
qwen_2.5_7b_instruct::trivia_qa_2_60k::base::main::23044,1
qwen_2.5_7b_instruct::trivia_qa_2_60k::base::main::52408,1
qwen_2.5_7b_instruct::trivia_qa_2_60k::base::main::23094,1
qwen_2.5_7b_instruct::trivia_qa_2_60k::base::main::35339,1
qwen_2.5_7b_instruct::trivia_qa_2_60k::base::main::15763,1
qwen_2.5_7b_instruct::trivia_qa_2_60k::base::main::40648,1
qwen_2.5_7b_instruct::trivia_qa_2_60k::base::main::33853,1
qwen_2.5_7b_instruct::trivia_qa_2_60k::base::main::38274,1
qwen_2.5_7b_instruct::trivia_qa_2_60k::base::main::12561,1
qwen_2.5_7b_instruct::trivia_qa_2_60k::base::main::22297,1
qwen_2.5_7b_instruct::trivia_qa_2_60k::base::main::12197,1
qwen_2.5_7b_instruct::trivia_qa_2_60k::base::main::37368,1
qwen_2.5_7b_instruct::trivia_qa_2_60k::base::main::15230,1
qwen_2.5_7b_instruct::trivia_qa_2_60k::base::main::10039,1
qwen_2.5_7b_instruct::trivia_qa_2_60k::base::main::9323,1
qwen_2.5_7b_instruct::trivia_qa_2_60k::base::main::42377,1
qwen_2.5_7b_instruct::trivia_qa_2_60k::base::main::24119,1
qwen_2.5_7b_instruct::trivia_qa_2_60k::base::main::17598,1
qwen_2.5_7b_instruct::trivia_qa_2_60k::base::main::12159,1
qwen_2.5_7b_instruct::trivia_qa_2_60k::base::main::17436,1
qwen_2.5_7b_instruct::trivia_qa_2_60k::base::main::46198,1
qwen_2.5_7b_instruct::trivia_qa_2_60k::base::main::1898,1
qwen_2.5_7b_instruct::trivia_qa_2_60k::base::main::4025,1
qwen_2.5_7b_instruct::trivia_qa_2_60k::base::main::32315,1
qwen_2.5_7b_instruct::trivia_qa_2_60k::base::main::54352,1
qwen_2.5_7b_instruct::trivia_qa_2_60k::base::main::32343,1
qwen_2.5_7b_instruct::trivia_qa_2_60k::base::main::42069,1
qwen_2.5_7b_instruct::trivia_qa_2_60k::base::main::40570,1
qwen_2.5_7b_instruct::trivia_qa_2_60k::base::main::10301,1
qwen_2.5_7b_instruct::trivia_qa_2_60k::base::main::35160,1
qwen_2.5_7b_instruct::trivia_qa_2_60k::base::main::50059,1
qwen_2.5_7b_instruct::trivia_qa_2_60k::base::main::45917,1
qwen_2.5_7b_instruct::trivia_qa_2_60k::base::main::26016,1
qwen_2.5_7b_instruct::trivia_qa_2_60k::base::main::55076,1
qwen_2.5_7b_instruct::trivia_qa_2_60k::base::main::23024,1
qwen_2.5_7b_instruct::trivia_qa_2_60k::base::main::47866,1
qwen_2.5_7b_instruct::trivia_qa_2_60k::base::main::50341,1
qwen_2.5_7b_instruct::trivia_qa_2_60k::base::main::40066,1
qwen_2.5_7b_instruct::trivia_qa_2_60k::base::main::19538,1
qwen_2.5_7b_instruct::trivia_qa_2_60k::base::main::30220,1
qwen_2.5_7b_instruct::trivia_qa_2_60k::base::main::7882,1
qwen_2.5_7b_instruct::trivia_qa_2_60k::base::main::38976,1
qwen_2.5_7b_instruct::trivia_qa_2_60k::base::main::9385,1
qwen_2.5_7b_instruct::trivia_qa_2_60k::base::main::1566,1
qwen_2.5_7b_instruct::trivia_qa_2_60k::base::main::12635,1
qwen_2.5_7b_instruct::trivia_qa_2_60k::base::main::3260,1
qwen_2.5_7b_instruct::trivia_qa_2_60k::base::main::14269,1
qwen_2.5_7b_instruct::trivia_qa_2_60k::base::main::6564,1
qwen_2.5_7b_instruct::trivia_qa_2_60k::base::main::49492,1
qwen_2.5_7b_instruct::trivia_qa_2_60k::base::main::2116,1
qwen_2.5_7b_instruct::trivia_qa_2_60k::base::main::29276,1
qwen_2.5_7b_instruct::trivia_qa_2_60k::base::main::50458,1
qwen_2.5_7b_instruct::trivia_qa_2_60k::base::main::32284,1
qwen_2.5_7b_instruct::trivia_qa_2_60k::base::main::14862,1
qwen_2.5_7b_instruct::trivia_qa_2_60k::base::main::32868,1
qwen_2.5_7b_instruct::trivia_qa_2_60k::base::main::15057,1
qwen_2.5_7b_instruct::trivia_qa_2_60k::base::main::21347,1
qwen_2.5_7b_instruct::trivia_qa_2_60k::base::main::53755,1
qwen_2.5_7b_instruct::trivia_qa_2_60k::base::main::46457,1
qwen_2.5_7b_instruct::trivia_qa_2_60k::base::main::16248,1
qwen_2.5_7b_instruct::trivia_qa_2_60k::base::main::4455,1
qwen_2.5_7b_instruct::trivia_qa_2_60k::base::main::25559,1
qwen_2.5_7b_instruct::trivia_qa_2_60k::base::main::55984,1
qwen_2.5_7b_instruct::trivia_qa_2_60k::base::main::44166,1
qwen_2.5_7b_instruct::trivia_qa_2_60k::base::main::24389,1
qwen_2.5_7b_instruct::trivia_qa_2_60k::base::main::52552,1
qwen_2.5_7b_instruct::trivia_qa_2_60k::base::main::12704,1
qwen_2.5_7b_instruct::trivia_qa_2_60k::base::main::55437,1
qwen_2.5_7b_instruct::trivia_qa_2_60k::base::main::10643,1
qwen_2.5_7b_instruct::trivia_qa_2_60k::base::main::55840,1
qwen_2.5_7b_instruct::trivia_qa_2_60k::base::main::51146,1
qwen_2.5_7b_instruct::trivia_qa_2_60k::base::main::56737,1
qwen_2.5_7b_instruct::trivia_qa_2_60k::base::main::15960,1
qwen_2.5_7b_instruct::trivia_qa_2_60k::base::main::45922,1
qwen_2.5_7b_instruct::trivia_qa_2_60k::base::main::5276,1
qwen_2.5_7b_instruct::trivia_qa_2_60k::base::main::505,1
qwen_2.5_7b_instruct::trivia_qa_2_60k::base::main::2895,1
qwen_2.5_7b_instruct::trivia_qa_2_60k::base::main::26506,1
qwen_2.5_7b_instruct::trivia_qa_2_60k::base::main::15493,1
qwen_2.5_7b_instruct::trivia_qa_2_60k::base::main::52548,1
qwen_2.5_7b_instruct::trivia_qa_2_60k::base::main::38730,1
qwen_2.5_7b_instruct::trivia_qa_2_60k::base::main::24067,1
qwen_2.5_7b_instruct::trivia_qa_2_60k::base::main::50169,1
qwen_2.5_7b_instruct::trivia_qa_2_60k::base::main::7278,1
qwen_2.5_7b_instruct::trivia_qa_2_60k::base::main::49359,1
qwen_2.5_7b_instruct::trivia_qa_2_60k::base::main::53694,1
qwen_2.5_7b_instruct::trivia_qa_2_60k::base::main::34983,1
qwen_2.5_7b_instruct::trivia_qa_2_60k::base::main::50179,1
qwen_2.5_7b_instruct::trivia_qa_2_60k::base::main::11089,1
qwen_2.5_7b_instruct::trivia_qa_2_60k::base::main::50959,1
qwen_2.5_7b_instruct::trivia_qa_2_60k::base::main::47821,1
qwen_2.5_7b_instruct::trivia_qa_2_60k::base::main::34516,1
qwen_2.5_7b_instruct::trivia_qa_2_60k::base::main::18295,1
qwen_2.5_7b_instruct::trivia_qa_2_60k::base::main::34852,1
qwen_2.5_7b_instruct::trivia_qa_2_60k::base::main::4568,1
qwen_2.5_7b_instruct::trivia_qa_2_60k::base::main::51122,1
qwen_2.5_7b_instruct::trivia_qa_2_60k::base::main::2018,1
qwen_2.5_7b_instruct::trivia_qa_2_60k::base::main::37649,1
qwen_2.5_7b_instruct::trivia_qa_2_60k::base::main::2867,1
qwen_2.5_7b_instruct::trivia_qa_2_60k::base::main::27241,1
qwen_2.5_7b_instruct::trivia_qa_2_60k::base::main::27865,1
qwen_2.5_7b_instruct::trivia_qa_2_60k::base::main::12206,1
qwen_2.5_7b_instruct::trivia_qa_2_60k::base::main::3756,1
qwen_2.5_7b_instruct::trivia_qa_2_60k::base::main::35306,1
qwen_2.5_7b_instruct::trivia_qa_2_60k::base::main::17476,1
qwen_2.5_7b_instruct::trivia_qa_2_60k::base::main::56499,1
qwen_2.5_7b_instruct::trivia_qa_2_60k::base::main::38012,1
qwen_2.5_7b_instruct::trivia_qa_2_60k::base::main::53635,1
qwen_2.5_7b_instruct::trivia_qa_2_60k::base::main::29011,1
qwen_2.5_7b_instruct::trivia_qa_2_60k::base::main::3156,1
qwen_2.5_7b_instruct::trivia_qa_2_60k::base::main::43066,1
qwen_2.5_7b_instruct::trivia_qa_2_60k::base::main::35723,1
qwen_2.5_7b_instruct::trivia_qa_2_60k::base::main::35580,1
qwen_2.5_7b_instruct::trivia_qa_2_60k::base::main::497,1
qwen_2.5_7b_instruct::trivia_qa_2_60k::base::main::49427,1
qwen_2.5_7b_instruct::trivia_qa_2_60k::base::main::38463,1
qwen_2.5_7b_instruct::trivia_qa_2_60k::base::main::8900,1
qwen_2.5_7b_instruct::trivia_qa_2_60k::base::main::44808,1
qwen_2.5_7b_instruct::trivia_qa_2_60k::base::main::25069,1
qwen_2.5_7b_instruct::trivia_qa_2_60k::base::main::18703,1
qwen_2.5_7b_instruct::trivia_qa_2_60k::base::main::20423,1
qwen_2.5_7b_instruct::trivia_qa_2_60k::base::main::13520,1
qwen_2.5_7b_instruct::trivia_qa_2_60k::base::main::18747,1
qwen_2.5_7b_instruct::trivia_qa_2_60k::base::main::29173,1
qwen_2.5_7b_instruct::trivia_qa_2_60k::base::main::24038,1
qwen_2.5_7b_instruct::trivia_qa_2_60k::base::main::36585,1
qwen_2.5_7b_instruct::trivia_qa_2_60k::base::main::28823,1
qwen_2.5_7b_instruct::trivia_qa_2_60k::base::main::56104,1
qwen_2.5_7b_instruct::trivia_qa_2_60k::base::main::48026,1
qwen_2.5_7b_instruct::trivia_qa_2_60k::base::main::56148,1
qwen_2.5_7b_instruct::trivia_qa_2_60k::base::main::6370,1
qwen_2.5_7b_instruct::trivia_qa_2_60k::base::main::3021,1
qwen_2.5_7b_instruct::trivia_qa_2_60k::base::main::40754,1
qwen_2.5_7b_instruct::trivia_qa_2_60k::base::main::44541,1
qwen_2.5_7b_instruct::trivia_qa_2_60k::base::main::31002,1
qwen_2.5_7b_instruct::trivia_qa_2_60k::base::main::30170,1
qwen_2.5_7b_instruct::trivia_qa_2_60k::base::main::34777,1
qwen_2.5_7b_instruct::trivia_qa_2_60k::base::main::20618,1
qwen_2.5_7b_instruct::trivia_qa_2_60k::base::main::41777,1
qwen_2.5_7b_instruct::trivia_qa_2_60k::base::main::46089,1
qwen_2.5_7b_instruct::trivia_qa_2_60k::base::main::16225,1
qwen_2.5_7b_instruct::trivia_qa_2_60k::base::main::36663,1
qwen_2.5_7b_instruct::trivia_qa_2_60k::base::main::4069,1
qwen_2.5_7b_instruct::trivia_qa_2_60k::base::main::26732,1
qwen_2.5_7b_instruct::trivia_qa_2_60k::base::main::42945,1
qwen_2.5_7b_instruct::trivia_qa_2_60k::base::main::52269,1
qwen_2.5_7b_instruct::trivia_qa_2_60k::base::main::16243,1
qwen_2.5_7b_instruct::trivia_qa_2_60k::base::main::29726,1
qwen_2.5_7b_instruct::trivia_qa_2_60k::base::main::29129,1
qwen_2.5_7b_instruct::trivia_qa_2_60k::base::main::50786,1
qwen_2.5_7b_instruct::trivia_qa_2_60k::base::main::4960,1
qwen_2.5_7b_instruct::trivia_qa_2_60k::base::main::35005,1
qwen_2.5_7b_instruct::trivia_qa_2_60k::base::main::20715,1
qwen_2.5_7b_instruct::trivia_qa_2_60k::base::main::48741,1
qwen_2.5_7b_instruct::trivia_qa_2_60k::base::main::38691,1
qwen_2.5_7b_instruct::trivia_qa_2_60k::base::main::42916,1
qwen_2.5_7b_instruct::trivia_qa_2_60k::base::main::41731,1
qwen_2.5_7b_instruct::trivia_qa_2_60k::base::main::44131,1
qwen_2.5_7b_instruct::trivia_qa_2_60k::base::main::52292,1
qwen_2.5_7b_instruct::trivia_qa_2_60k::base::main::18292,1
qwen_2.5_7b_instruct::trivia_qa_2_60k::base::main::27336,1
qwen_2.5_7b_instruct::trivia_qa_2_60k::base::main::23141,1
qwen_2.5_7b_instruct::trivia_qa_2_60k::base::main::32132,1
qwen_2.5_7b_instruct::trivia_qa_2_60k::base::main::14073,1
qwen_2.5_7b_instruct::trivia_qa_2_60k::base::main::21392,1
qwen_2.5_7b_instruct::trivia_qa_2_60k::base::main::52957,1
qwen_2.5_7b_instruct::trivia_qa_2_60k::base::main::10735,1
qwen_2.5_7b_instruct::trivia_qa_2_60k::base::main::9853,1
qwen_2.5_7b_instruct::trivia_qa_2_60k::base::main::35795,1
qwen_2.5_7b_instruct::trivia_qa_2_60k::base::main::2679,1
qwen_2.5_7b_instruct::trivia_qa_2_60k::base::main::22957,1
qwen_2.5_7b_instruct::trivia_qa_2_60k::base::main::14370,1
qwen_2.5_7b_instruct::trivia_qa_2_60k::base::main::10372,1
qwen_2.5_7b_instruct::trivia_qa_2_60k::base::main::9322,1
qwen_2.5_7b_instruct::trivia_qa_2_60k::base::main::4006,1
qwen_2.5_7b_instruct::trivia_qa_2_60k::base::main::52938,1
qwen_2.5_7b_instruct::trivia_qa_2_60k::base::main::57787,1
qwen_2.5_7b_instruct::trivia_qa_2_60k::base::main::48623,1
qwen_2.5_7b_instruct::trivia_qa_2_60k::base::main::53977,1
qwen_2.5_7b_instruct::trivia_qa_2_60k::base::main::9173,1
qwen_2.5_7b_instruct::trivia_qa_2_60k::base::main::7623,1
qwen_2.5_7b_instruct::trivia_qa_2_60k::base::main::47920,1
qwen_2.5_7b_instruct::trivia_qa_2_60k::base::main::25362,1
qwen_2.5_7b_instruct::trivia_qa_2_60k::base::main::22025,1
qwen_2.5_7b_instruct::trivia_qa_2_60k::base::main::14451,1
qwen_2.5_7b_instruct::trivia_qa_2_60k::base::main::28070,1
qwen_2.5_7b_instruct::trivia_qa_2_60k::base::main::32943,1
qwen_2.5_7b_instruct::trivia_qa_2_60k::base::main::29185,1
qwen_2.5_7b_instruct::trivia_qa_2_60k::base::main::2293,1
qwen_2.5_7b_instruct::trivia_qa_2_60k::base::main::30421,1
qwen_2.5_7b_instruct::trivia_qa_2_60k::base::main::50966,1
qwen_2.5_7b_instruct::trivia_qa_2_60k::base::main::49563,1
qwen_2.5_7b_instruct::trivia_qa_2_60k::base::main::14939,1
qwen_2.5_7b_instruct::trivia_qa_2_60k::base::main::28584,1
qwen_2.5_7b_instruct::trivia_qa_2_60k::base::main::51349,1
qwen_2.5_7b_instruct::trivia_qa_2_60k::base::main::33645,1
qwen_2.5_7b_instruct::trivia_qa_2_60k::base::main::28553,1
qwen_2.5_7b_instruct::trivia_qa_2_60k::base::main::35886,1
qwen_2.5_7b_instruct::trivia_qa_2_60k::base::main::48528,1
qwen_2.5_7b_instruct::trivia_qa_2_60k::base::main::16425,1
qwen_2.5_7b_instruct::trivia_qa_2_60k::base::main::28981,1
qwen_2.5_7b_instruct::trivia_qa_2_60k::base::main::4934,1
qwen_2.5_7b_instruct::trivia_qa_2_60k::base::main::24688,1
qwen_2.5_7b_instruct::trivia_qa_2_60k::base::main::58333,1
qwen_2.5_7b_instruct::trivia_qa_2_60k::base::main::2496,1
qwen_2.5_7b_instruct::trivia_qa_2_60k::base::main::56477,1
qwen_2.5_7b_instruct::trivia_qa_2_60k::base::main::34714,1
qwen_2.5_7b_instruct::trivia_qa_2_60k::base::main::6584,1
qwen_2.5_7b_instruct::trivia_qa_2_60k::base::main::56020,1
qwen_2.5_7b_instruct::trivia_qa_2_60k::base::main::30306,1
qwen_2.5_7b_instruct::trivia_qa_2_60k::base::main::50874,1
qwen_2.5_7b_instruct::trivia_qa_2_60k::base::main::52764,1
qwen_2.5_7b_instruct::trivia_qa_2_60k::base::main::23546,1
qwen_2.5_7b_instruct::trivia_qa_2_60k::base::main::27906,1
qwen_2.5_7b_instruct::trivia_qa_2_60k::base::main::34547,1
qwen_2.5_7b_instruct::trivia_qa_2_60k::base::main::6722,1
qwen_2.5_7b_instruct::trivia_qa_2_60k::base::main::35408,1
qwen_2.5_7b_instruct::trivia_qa_2_60k::base::main::6179,1
qwen_2.5_7b_instruct::trivia_qa_2_60k::base::main::11670,1
qwen_2.5_7b_instruct::trivia_qa_2_60k::base::main::32402,1
qwen_2.5_7b_instruct::trivia_qa_2_60k::base::main::24398,1
qwen_2.5_7b_instruct::trivia_qa_2_60k::base::main::51397,1
qwen_2.5_7b_instruct::trivia_qa_2_60k::base::main::47283,1
qwen_2.5_7b_instruct::trivia_qa_2_60k::base::main::22918,1
qwen_2.5_7b_instruct::trivia_qa_2_60k::base::main::28880,1
qwen_2.5_7b_instruct::trivia_qa_2_60k::base::main::38759,1
qwen_2.5_7b_instruct::trivia_qa_2_60k::base::main::25306,1
qwen_2.5_7b_instruct::trivia_qa_2_60k::base::main::39483,1
qwen_2.5_7b_instruct::trivia_qa_2_60k::base::main::42615,1
qwen_2.5_7b_instruct::trivia_qa_2_60k::base::main::4969,1
qwen_2.5_7b_instruct::trivia_qa_2_60k::base::main::1008,1
qwen_2.5_7b_instruct::trivia_qa_2_60k::base::main::42177,1
qwen_2.5_7b_instruct::trivia_qa_2_60k::base::main::19032,1
qwen_2.5_7b_instruct::trivia_qa_2_60k::base::main::31324,1
qwen_2.5_7b_instruct::trivia_qa_2_60k::base::main::44031,1
qwen_2.5_7b_instruct::trivia_qa_2_60k::base::main::5380,1
qwen_2.5_7b_instruct::trivia_qa_2_60k::base::main::9371,1
qwen_2.5_7b_instruct::trivia_qa_2_60k::base::main::13075,1
qwen_2.5_7b_instruct::trivia_qa_2_60k::base::main::24828,1
qwen_2.5_7b_instruct::trivia_qa_2_60k::base::main::58519,1
qwen_2.5_7b_instruct::trivia_qa_2_60k::base::main::50732,1
qwen_2.5_7b_instruct::trivia_qa_2_60k::base::main::40540,1
qwen_2.5_7b_instruct::trivia_qa_2_60k::base::main::28064,1
qwen_2.5_7b_instruct::trivia_qa_2_60k::base::main::10725,1
qwen_2.5_7b_instruct::trivia_qa_2_60k::base::main::25794,1
qwen_2.5_7b_instruct::trivia_qa_2_60k::base::main::22618,1
qwen_2.5_7b_instruct::trivia_qa_2_60k::base::main::4028,1
qwen_2.5_7b_instruct::trivia_qa_2_60k::base::main::10817,1
qwen_2.5_7b_instruct::trivia_qa_2_60k::base::main::3117,1
qwen_2.5_7b_instruct::trivia_qa_2_60k::base::main::23717,1
qwen_2.5_7b_instruct::trivia_qa_2_60k::base::main::18200,1
qwen_2.5_7b_instruct::trivia_qa_2_60k::base::main::24,1
qwen_2.5_7b_instruct::trivia_qa_2_60k::base::main::30024,1
qwen_2.5_7b_instruct::trivia_qa_2_60k::base::main::5198,1
qwen_2.5_7b_instruct::trivia_qa_2_60k::base::main::57075,1
qwen_2.5_7b_instruct::trivia_qa_2_60k::base::main::22667,1
qwen_2.5_7b_instruct::trivia_qa_2_60k::base::main::38956,1
qwen_2.5_7b_instruct::trivia_qa_2_60k::base::main::17474,1
qwen_2.5_7b_instruct::trivia_qa_2_60k::base::main::31997,1
qwen_2.5_7b_instruct::trivia_qa_2_60k::base::main::21861,1
qwen_2.5_7b_instruct::trivia_qa_2_60k::base::main::16711,1
qwen_2.5_7b_instruct::trivia_qa_2_60k::base::main::52383,1
qwen_2.5_7b_instruct::trivia_qa_2_60k::base::main::43744,1
qwen_2.5_7b_instruct::trivia_qa_2_60k::base::main::58490,1
qwen_2.5_7b_instruct::trivia_qa_2_60k::base::main::27642,1
qwen_2.5_7b_instruct::trivia_qa_2_60k::base::main::23060,1
qwen_2.5_7b_instruct::trivia_qa_2_60k::base::main::32727,1
qwen_2.5_7b_instruct::trivia_qa_2_60k::base::main::23479,1
qwen_2.5_7b_instruct::trivia_qa_2_60k::base::main::30768,1
qwen_2.5_7b_instruct::trivia_qa_2_60k::base::main::22940,1
qwen_2.5_7b_instruct::trivia_qa_2_60k::base::main::56604,1
qwen_2.5_7b_instruct::trivia_qa_2_60k::base::main::3764,1
qwen_2.5_7b_instruct::trivia_qa_2_60k::base::main::31080,1
qwen_2.5_7b_instruct::trivia_qa_2_60k::base::main::9918,1
qwen_2.5_7b_instruct::trivia_qa_2_60k::base::main::27267,1
qwen_2.5_7b_instruct::trivia_qa_2_60k::base::main::37392,1
qwen_2.5_7b_instruct::trivia_qa_2_60k::base::main::17486,1
qwen_2.5_7b_instruct::trivia_qa_2_60k::base::main::22796,1
qwen_2.5_7b_instruct::trivia_qa_2_60k::base::main::6,1
qwen_2.5_7b_instruct::trivia_qa_2_60k::base::main::34891,1
qwen_2.5_7b_instruct::trivia_qa_2_60k::base::main::16062,1
qwen_2.5_7b_instruct::trivia_qa_2_60k::base::main::38191,1
qwen_2.5_7b_instruct::trivia_qa_2_60k::base::main::14553,1
qwen_2.5_7b_instruct::trivia_qa_2_60k::base::main::34235,1
qwen_2.5_7b_instruct::trivia_qa_2_60k::base::main::36695,1
qwen_2.5_7b_instruct::trivia_qa_2_60k::base::main::43270,1
qwen_2.5_7b_instruct::trivia_qa_2_60k::base::main::7989,1
qwen_2.5_7b_instruct::trivia_qa_2_60k::base::main::19127,1
qwen_2.5_7b_instruct::trivia_qa_2_60k::base::main::10974,1
qwen_2.5_7b_instruct::trivia_qa_2_60k::base::main::41463,1
qwen_2.5_7b_instruct::trivia_qa_2_60k::base::main::45234,1
qwen_2.5_7b_instruct::trivia_qa_2_60k::base::main::43112,1
qwen_2.5_7b_instruct::trivia_qa_2_60k::base::main::5828,1
qwen_2.5_7b_instruct::trivia_qa_2_60k::base::main::9053,1
qwen_2.5_7b_instruct::trivia_qa_2_60k::base::main::24575,1
qwen_2.5_7b_instruct::trivia_qa_2_60k::base::main::13976,1
qwen_2.5_7b_instruct::trivia_qa_2_60k::base::main::19048,1
qwen_2.5_7b_instruct::trivia_qa_2_60k::base::main::30321,1
qwen_2.5_7b_instruct::trivia_qa_2_60k::base::main::58273,1
qwen_2.5_7b_instruct::trivia_qa_2_60k::base::main::16023,1
qwen_2.5_7b_instruct::trivia_qa_2_60k::base::main::38964,1
qwen_2.5_7b_instruct::trivia_qa_2_60k::base::main::55389,1
qwen_2.5_7b_instruct::trivia_qa_2_60k::base::main::45623,1
qwen_2.5_7b_instruct::trivia_qa_2_60k::base::main::39473,1
qwen_2.5_7b_instruct::trivia_qa_2_60k::base::main::25170,1
qwen_2.5_7b_instruct::trivia_qa_2_60k::base::main::36364,1
qwen_2.5_7b_instruct::trivia_qa_2_60k::base::main::10551,1
qwen_2.5_7b_instruct::trivia_qa_2_60k::base::main::1505,1
qwen_2.5_7b_instruct::trivia_qa_2_60k::base::main::47624,1
qwen_2.5_7b_instruct::trivia_qa_2_60k::base::main::23992,1
qwen_2.5_7b_instruct::trivia_qa_2_60k::base::main::15775,1
qwen_2.5_7b_instruct::trivia_qa_2_60k::base::main::49344,1
qwen_2.5_7b_instruct::trivia_qa_2_60k::base::main::36373,1
qwen_2.5_7b_instruct::trivia_qa_2_60k::base::main::47440,1
qwen_2.5_7b_instruct::trivia_qa_2_60k::base::main::30207,1
qwen_2.5_7b_instruct::trivia_qa_2_60k::base::main::14810,1
qwen_2.5_7b_instruct::trivia_qa_2_60k::base::main::27118,1
qwen_2.5_7b_instruct::trivia_qa_2_60k::base::main::760,1
qwen_2.5_7b_instruct::trivia_qa_2_60k::base::main::36877,1
qwen_2.5_7b_instruct::trivia_qa_2_60k::base::main::5949,1
qwen_2.5_7b_instruct::trivia_qa_2_60k::base::main::29924,1
qwen_2.5_7b_instruct::trivia_qa_2_60k::base::main::55772,1
qwen_2.5_7b_instruct::trivia_qa_2_60k::base::main::51348,1
qwen_2.5_7b_instruct::trivia_qa_2_60k::base::main::45523,1
qwen_2.5_7b_instruct::trivia_qa_2_60k::base::main::32047,1
qwen_2.5_7b_instruct::trivia_qa_2_60k::base::main::12114,1
qwen_2.5_7b_instruct::trivia_qa_2_60k::base::main::30017,1
qwen_2.5_7b_instruct::trivia_qa_2_60k::base::main::47725,1
qwen_2.5_7b_instruct::trivia_qa_2_60k::base::main::4746,1
qwen_2.5_7b_instruct::trivia_qa_2_60k::base::main::25155,1
qwen_2.5_7b_instruct::trivia_qa_2_60k::base::main::43853,1
qwen_2.5_7b_instruct::trivia_qa_2_60k::base::main::31029,1
qwen_2.5_7b_instruct::trivia_qa_2_60k::base::main::47461,1
qwen_2.5_7b_instruct::trivia_qa_2_60k::base::main::40219,1
qwen_2.5_7b_instruct::trivia_qa_2_60k::base::main::16590,1
qwen_2.5_7b_instruct::trivia_qa_2_60k::base::main::9481,1
qwen_2.5_7b_instruct::trivia_qa_2_60k::base::main::45690,1
qwen_2.5_7b_instruct::trivia_qa_2_60k::base::main::53033,1
qwen_2.5_7b_instruct::trivia_qa_2_60k::base::main::236,1
qwen_2.5_7b_instruct::trivia_qa_2_60k::base::main::55357,1
qwen_2.5_7b_instruct::trivia_qa_2_60k::base::main::33491,1
qwen_2.5_7b_instruct::trivia_qa_2_60k::base::main::31181,1
qwen_2.5_7b_instruct::trivia_qa_2_60k::base::main::13802,1
qwen_2.5_7b_instruct::trivia_qa_2_60k::base::main::41041,1
qwen_2.5_7b_instruct::trivia_qa_2_60k::base::main::16603,1
qwen_2.5_7b_instruct::trivia_qa_2_60k::base::main::12714,1
qwen_2.5_7b_instruct::trivia_qa_2_60k::base::main::8765,1
qwen_2.5_7b_instruct::trivia_qa_2_60k::base::main::22631,1
qwen_2.5_7b_instruct::trivia_qa_2_60k::base::main::30168,1
qwen_2.5_7b_instruct::trivia_qa_2_60k::base::main::13200,1
qwen_2.5_7b_instruct::trivia_qa_2_60k::base::main::47695,1
qwen_2.5_7b_instruct::trivia_qa_2_60k::base::main::31186,1
qwen_2.5_7b_instruct::trivia_qa_2_60k::base::main::42451,1
qwen_2.5_7b_instruct::trivia_qa_2_60k::base::main::36796,1
qwen_2.5_7b_instruct::trivia_qa_2_60k::base::main::55235,1
qwen_2.5_7b_instruct::trivia_qa_2_60k::base::main::47607,1
qwen_2.5_7b_instruct::trivia_qa_2_60k::base::main::1653,1
qwen_2.5_7b_instruct::trivia_qa_2_60k::base::main::16631,1
qwen_2.5_7b_instruct::trivia_qa_2_60k::base::main::11778,1
qwen_2.5_7b_instruct::trivia_qa_2_60k::base::main::39059,1
qwen_2.5_7b_instruct::trivia_qa_2_60k::base::main::10894,1
qwen_2.5_7b_instruct::trivia_qa_2_60k::base::main::47296,1
qwen_2.5_7b_instruct::trivia_qa_2_60k::base::main::20117,1
qwen_2.5_7b_instruct::trivia_qa_2_60k::base::main::46348,1
qwen_2.5_7b_instruct::trivia_qa_2_60k::base::main::18076,1
qwen_2.5_7b_instruct::trivia_qa_2_60k::base::main::2429,1
qwen_2.5_7b_instruct::trivia_qa_2_60k::base::main::21599,1
qwen_2.5_7b_instruct::trivia_qa_2_60k::base::main::6573,1
qwen_2.5_7b_instruct::trivia_qa_2_60k::base::main::49730,1
qwen_2.5_7b_instruct::trivia_qa_2_60k::base::main::53131,1
qwen_2.5_7b_instruct::trivia_qa_2_60k::base::main::15917,1
qwen_2.5_7b_instruct::trivia_qa_2_60k::base::main::56644,1
qwen_2.5_7b_instruct::trivia_qa_2_60k::base::main::21408,1
qwen_2.5_7b_instruct::trivia_qa_2_60k::base::main::21540,1
qwen_2.5_7b_instruct::trivia_qa_2_60k::base::main::16972,1
qwen_2.5_7b_instruct::trivia_qa_2_60k::base::main::19326,1
qwen_2.5_7b_instruct::trivia_qa_2_60k::base::main::40323,1
qwen_2.5_7b_instruct::trivia_qa_2_60k::base::main::12407,1
qwen_2.5_7b_instruct::trivia_qa_2_60k::base::main::9090,1
qwen_2.5_7b_instruct::trivia_qa_2_60k::base::main::28095,1
qwen_2.5_7b_instruct::trivia_qa_2_60k::base::main::53387,1
qwen_2.5_7b_instruct::trivia_qa_2_60k::base::main::42448,1
qwen_2.5_7b_instruct::trivia_qa_2_60k::base::main::23276,1
qwen_2.5_7b_instruct::trivia_qa_2_60k::base::main::24130,1
qwen_2.5_7b_instruct::trivia_qa_2_60k::base::main::40286,1
qwen_2.5_7b_instruct::trivia_qa_2_60k::base::main::5964,1
qwen_2.5_7b_instruct::trivia_qa_2_60k::base::main::39466,1
qwen_2.5_7b_instruct::trivia_qa_2_60k::base::main::48223,1
qwen_2.5_7b_instruct::trivia_qa_2_60k::base::main::42844,1
qwen_2.5_7b_instruct::trivia_qa_2_60k::base::main::17157,1
qwen_2.5_7b_instruct::trivia_qa_2_60k::base::main::14808,1
qwen_2.5_7b_instruct::trivia_qa_2_60k::base::main::34869,1
qwen_2.5_7b_instruct::trivia_qa_2_60k::base::main::30196,1
qwen_2.5_7b_instruct::trivia_qa_2_60k::base::main::25608,1
qwen_2.5_7b_instruct::trivia_qa_2_60k::base::main::46308,1
qwen_2.5_7b_instruct::trivia_qa_2_60k::base::main::42843,1
qwen_2.5_7b_instruct::trivia_qa_2_60k::base::main::39427,1
qwen_2.5_7b_instruct::trivia_qa_2_60k::base::main::40019,1
qwen_2.5_7b_instruct::trivia_qa_2_60k::base::main::24664,1
qwen_2.5_7b_instruct::trivia_qa_2_60k::base::main::9178,1
qwen_2.5_7b_instruct::trivia_qa_2_60k::base::main::9710,1
qwen_2.5_7b_instruct::trivia_qa_2_60k::base::main::15009,1
qwen_2.5_7b_instruct::trivia_qa_2_60k::base::main::53376,1
qwen_2.5_7b_instruct::trivia_qa_2_60k::base::main::12289,1
qwen_2.5_7b_instruct::trivia_qa_2_60k::base::main::4280,1
qwen_2.5_7b_instruct::trivia_qa_2_60k::base::main::32735,1
qwen_2.5_7b_instruct::trivia_qa_2_60k::base::main::43523,1
qwen_2.5_7b_instruct::trivia_qa_2_60k::base::main::47676,1
qwen_2.5_7b_instruct::trivia_qa_2_60k::base::main::18276,1
qwen_2.5_7b_instruct::trivia_qa_2_60k::base::main::18963,1
qwen_2.5_7b_instruct::trivia_qa_2_60k::base::main::57697,1
qwen_2.5_7b_instruct::trivia_qa_2_60k::base::main::10856,1
qwen_2.5_7b_instruct::trivia_qa_2_60k::base::main::57443,1
qwen_2.5_7b_instruct::trivia_qa_2_60k::base::main::56035,1
qwen_2.5_7b_instruct::trivia_qa_2_60k::base::main::24757,1
qwen_2.5_7b_instruct::trivia_qa_2_60k::base::main::24306,1
qwen_2.5_7b_instruct::trivia_qa_2_60k::base::main::13102,1
qwen_2.5_7b_instruct::trivia_qa_2_60k::base::main::52818,1
qwen_2.5_7b_instruct::trivia_qa_2_60k::base::main::9540,1
qwen_2.5_7b_instruct::trivia_qa_2_60k::base::main::51234,1
qwen_2.5_7b_instruct::trivia_qa_2_60k::base::main::19281,1
qwen_2.5_7b_instruct::trivia_qa_2_60k::base::main::44872,1
qwen_2.5_7b_instruct::trivia_qa_2_60k::base::main::1963,1
qwen_2.5_7b_instruct::trivia_qa_2_60k::base::main::43488,1
qwen_2.5_7b_instruct::trivia_qa_2_60k::base::main::42533,1
qwen_2.5_7b_instruct::trivia_qa_2_60k::base::main::9804,1
qwen_2.5_7b_instruct::trivia_qa_2_60k::base::main::21108,1
qwen_2.5_7b_instruct::trivia_qa_2_60k::base::main::34988,1
qwen_2.5_7b_instruct::trivia_qa_2_60k::base::main::18105,1
qwen_2.5_7b_instruct::trivia_qa_2_60k::base::main::32904,1
qwen_2.5_7b_instruct::trivia_qa_2_60k::base::main::50420,1
qwen_2.5_7b_instruct::trivia_qa_2_60k::base::main::2573,1
qwen_2.5_7b_instruct::trivia_qa_2_60k::base::main::39504,1
qwen_2.5_7b_instruct::trivia_qa_2_60k::base::main::57713,1
qwen_2.5_7b_instruct::trivia_qa_2_60k::base::main::31632,1
qwen_2.5_7b_instruct::trivia_qa_2_60k::base::main::57583,1
qwen_2.5_7b_instruct::trivia_qa_2_60k::base::main::12742,1
qwen_2.5_7b_instruct::trivia_qa_2_60k::base::main::36421,1
qwen_2.5_7b_instruct::trivia_qa_2_60k::base::main::24523,1
qwen_2.5_7b_instruct::trivia_qa_2_60k::base::main::228,1
qwen_2.5_7b_instruct::trivia_qa_2_60k::base::main::11839,1
qwen_2.5_7b_instruct::trivia_qa_2_60k::base::main::32951,1
qwen_2.5_7b_instruct::trivia_qa_2_60k::base::main::46882,1
qwen_2.5_7b_instruct::trivia_qa_2_60k::base::main::23184,1
qwen_2.5_7b_instruct::trivia_qa_2_60k::base::main::53962,1
qwen_2.5_7b_instruct::trivia_qa_2_60k::base::main::41163,1
qwen_2.5_7b_instruct::trivia_qa_2_60k::base::main::4424,1
qwen_2.5_7b_instruct::trivia_qa_2_60k::base::main::316,1
qwen_2.5_7b_instruct::trivia_qa_2_60k::base::main::47236,1
qwen_2.5_7b_instruct::trivia_qa_2_60k::base::main::50831,1
qwen_2.5_7b_instruct::trivia_qa_2_60k::base::main::46522,1
qwen_2.5_7b_instruct::trivia_qa_2_60k::base::main::4395,1
qwen_2.5_7b_instruct::trivia_qa_2_60k::base::main::15068,1
qwen_2.5_7b_instruct::trivia_qa_2_60k::base::main::29597,1
qwen_2.5_7b_instruct::trivia_qa_2_60k::base::main::47199,1
qwen_2.5_7b_instruct::trivia_qa_2_60k::base::main::30677,1
qwen_2.5_7b_instruct::trivia_qa_2_60k::base::main::11030,1
qwen_2.5_7b_instruct::trivia_qa_2_60k::base::main::41979,1
qwen_2.5_7b_instruct::trivia_qa_2_60k::base::main::51660,1
qwen_2.5_7b_instruct::trivia_qa_2_60k::base::main::3493,1
qwen_2.5_7b_instruct::trivia_qa_2_60k::base::main::14306,1
qwen_2.5_7b_instruct::trivia_qa_2_60k::base::main::48945,1
qwen_2.5_7b_instruct::trivia_qa_2_60k::base::main::17779,1
qwen_2.5_7b_instruct::trivia_qa_2_60k::base::main::3069,1
qwen_2.5_7b_instruct::trivia_qa_2_60k::base::main::11763,1
qwen_2.5_7b_instruct::trivia_qa_2_60k::base::main::24305,1
qwen_2.5_7b_instruct::trivia_qa_2_60k::base::main::2761,1
qwen_2.5_7b_instruct::trivia_qa_2_60k::base::main::41209,1
qwen_2.5_7b_instruct::trivia_qa_2_60k::base::main::27022,1
qwen_2.5_7b_instruct::trivia_qa_2_60k::base::main::36458,1
qwen_2.5_7b_instruct::trivia_qa_2_60k::base::main::39719,1
qwen_2.5_7b_instruct::trivia_qa_2_60k::base::main::34878,1
qwen_2.5_7b_instruct::trivia_qa_2_60k::base::main::54919,1
qwen_2.5_7b_instruct::trivia_qa_2_60k::base::main::49719,1
qwen_2.5_7b_instruct::trivia_qa_2_60k::base::main::40289,1
qwen_2.5_7b_instruct::trivia_qa_2_60k::base::main::704,1
qwen_2.5_7b_instruct::trivia_qa_2_60k::base::main::36587,1
qwen_2.5_7b_instruct::trivia_qa_2_60k::base::main::43265,1
qwen_2.5_7b_instruct::trivia_qa_2_60k::base::main::43317,1
qwen_2.5_7b_instruct::trivia_qa_2_60k::base::main::51383,1
qwen_2.5_7b_instruct::trivia_qa_2_60k::base::main::8746,1
qwen_2.5_7b_instruct::trivia_qa_2_60k::base::main::40282,1
qwen_2.5_7b_instruct::trivia_qa_2_60k::base::main::18840,1
qwen_2.5_7b_instruct::trivia_qa_2_60k::base::main::28640,1
qwen_2.5_7b_instruct::trivia_qa_2_60k::base::main::5623,1
qwen_2.5_7b_instruct::trivia_qa_2_60k::base::main::35587,1
qwen_2.5_7b_instruct::trivia_qa_2_60k::base::main::43676,1
qwen_2.5_7b_instruct::trivia_qa_2_60k::base::main::45506,1
qwen_2.5_7b_instruct::trivia_qa_2_60k::base::main::31351,1
qwen_2.5_7b_instruct::trivia_qa_2_60k::base::main::40196,1
qwen_2.5_7b_instruct::trivia_qa_2_60k::base::main::26705,1
qwen_2.5_7b_instruct::trivia_qa_2_60k::base::main::11480,1
qwen_2.5_7b_instruct::trivia_qa_2_60k::base::main::17797,1
qwen_2.5_7b_instruct::trivia_qa_2_60k::base::main::46091,1
qwen_2.5_7b_instruct::trivia_qa_2_60k::base::main::21223,1
qwen_2.5_7b_instruct::trivia_qa_2_60k::base::main::41681,1
qwen_2.5_7b_instruct::trivia_qa_2_60k::base::main::11350,1
qwen_2.5_7b_instruct::trivia_qa_2_60k::base::main::51107,1
qwen_2.5_7b_instruct::trivia_qa_2_60k::base::main::51164,1
qwen_2.5_7b_instruct::trivia_qa_2_60k::base::main::56186,1
qwen_2.5_7b_instruct::trivia_qa_2_60k::base::main::40112,1
qwen_2.5_7b_instruct::trivia_qa_2_60k::base::main::15119,1
qwen_2.5_7b_instruct::trivia_qa_2_60k::base::main::55767,1
qwen_2.5_7b_instruct::trivia_qa_2_60k::base::main::3839,1
qwen_2.5_7b_instruct::trivia_qa_2_60k::base::main::36709,1
qwen_2.5_7b_instruct::trivia_qa_2_60k::base::main::47962,1
qwen_2.5_7b_instruct::trivia_qa_2_60k::base::main::10506,1
qwen_2.5_7b_instruct::trivia_qa_2_60k::base::main::14460,1
qwen_2.5_7b_instruct::trivia_qa_2_60k::base::main::46152,1
qwen_2.5_7b_instruct::trivia_qa_2_60k::base::main::53848,1
qwen_2.5_7b_instruct::trivia_qa_2_60k::base::main::15064,1
qwen_2.5_7b_instruct::trivia_qa_2_60k::base::main::31280,1
qwen_2.5_7b_instruct::trivia_qa_2_60k::base::main::29746,1
qwen_2.5_7b_instruct::trivia_qa_2_60k::base::main::29605,1
qwen_2.5_7b_instruct::trivia_qa_2_60k::base::main::27753,1
qwen_2.5_7b_instruct::trivia_qa_2_60k::base::main::12880,1
qwen_2.5_7b_instruct::trivia_qa_2_60k::base::main::20025,1
qwen_2.5_7b_instruct::trivia_qa_2_60k::base::main::33234,1
qwen_2.5_7b_instruct::trivia_qa_2_60k::base::main::51561,1
qwen_2.5_7b_instruct::trivia_qa_2_60k::base::main::35013,1
qwen_2.5_7b_instruct::trivia_qa_2_60k::base::main::21567,1
qwen_2.5_7b_instruct::trivia_qa_2_60k::base::main::33135,1
qwen_2.5_7b_instruct::trivia_qa_2_60k::base::main::38529,1
qwen_2.5_7b_instruct::trivia_qa_2_60k::base::main::57590,1
qwen_2.5_7b_instruct::trivia_qa_2_60k::base::main::37300,1
qwen_2.5_7b_instruct::trivia_qa_2_60k::base::main::7364,1
qwen_2.5_7b_instruct::trivia_qa_2_60k::base::main::9130,1
qwen_2.5_7b_instruct::trivia_qa_2_60k::base::main::56514,1
qwen_2.5_7b_instruct::trivia_qa_2_60k::base::main::38473,1
qwen_2.5_7b_instruct::trivia_qa_2_60k::base::main::39138,1
qwen_2.5_7b_instruct::trivia_qa_2_60k::base::main::43833,1
qwen_2.5_7b_instruct::trivia_qa_2_60k::base::main::58398,1
qwen_2.5_7b_instruct::trivia_qa_2_60k::base::main::22858,1
qwen_2.5_7b_instruct::trivia_qa_2_60k::base::main::12575,1
qwen_2.5_7b_instruct::trivia_qa_2_60k::base::main::6151,1
qwen_2.5_7b_instruct::trivia_qa_2_60k::base::main::17289,1
qwen_2.5_7b_instruct::trivia_qa_2_60k::base::main::20706,1
qwen_2.5_7b_instruct::trivia_qa_2_60k::base::main::36726,1
qwen_2.5_7b_instruct::trivia_qa_2_60k::base::main::56771,1
qwen_2.5_7b_instruct::trivia_qa_2_60k::base::main::8666,1
qwen_2.5_7b_instruct::trivia_qa_2_60k::base::main::3614,1
qwen_2.5_7b_instruct::trivia_qa_2_60k::base::main::5597,1
qwen_2.5_7b_instruct::trivia_qa_2_60k::base::main::34606,1
qwen_2.5_7b_instruct::trivia_qa_2_60k::base::main::8720,1
qwen_2.5_7b_instruct::trivia_qa_2_60k::base::main::45730,1
qwen_2.5_7b_instruct::trivia_qa_2_60k::base::main::11384,1
qwen_2.5_7b_instruct::trivia_qa_2_60k::base::main::9424,1
qwen_2.5_7b_instruct::trivia_qa_2_60k::base::main::6726,1
qwen_2.5_7b_instruct::trivia_qa_2_60k::base::main::55256,1
qwen_2.5_7b_instruct::trivia_qa_2_60k::base::main::33087,1
qwen_2.5_7b_instruct::trivia_qa_2_60k::base::main::1694,1
qwen_2.5_7b_instruct::trivia_qa_2_60k::base::main::31680,1
qwen_2.5_7b_instruct::trivia_qa_2_60k::base::main::50165,1
qwen_2.5_7b_instruct::trivia_qa_2_60k::base::main::6543,1
qwen_2.5_7b_instruct::trivia_qa_2_60k::base::main::1213,1
qwen_2.5_7b_instruct::trivia_qa_2_60k::base::main::52068,1
qwen_2.5_7b_instruct::trivia_qa_2_60k::base::main::25053,1
qwen_2.5_7b_instruct::trivia_qa_2_60k::base::main::38385,1
qwen_2.5_7b_instruct::trivia_qa_2_60k::base::main::55622,1
qwen_2.5_7b_instruct::trivia_qa_2_60k::base::main::41966,1
qwen_2.5_7b_instruct::trivia_qa_2_60k::base::main::16399,1
qwen_2.5_7b_instruct::trivia_qa_2_60k::base::main::43096,1
qwen_2.5_7b_instruct::trivia_qa_2_60k::base::main::8089,1
qwen_2.5_7b_instruct::trivia_qa_2_60k::base::main::10507,1
qwen_2.5_7b_instruct::trivia_qa_2_60k::base::main::55511,1
qwen_2.5_7b_instruct::trivia_qa_2_60k::base::main::12040,1
qwen_2.5_7b_instruct::trivia_qa_2_60k::base::main::26448,1
qwen_2.5_7b_instruct::trivia_qa_2_60k::base::main::11636,1
qwen_2.5_7b_instruct::trivia_qa_2_60k::base::main::4405,1
qwen_2.5_7b_instruct::trivia_qa_2_60k::base::main::10798,1
qwen_2.5_7b_instruct::trivia_qa_2_60k::base::main::21498,1
qwen_2.5_7b_instruct::trivia_qa_2_60k::base::main::41236,1
qwen_2.5_7b_instruct::trivia_qa_2_60k::base::main::39046,1
qwen_2.5_7b_instruct::trivia_qa_2_60k::base::main::35208,1
qwen_2.5_7b_instruct::trivia_qa_2_60k::base::main::15014,1
qwen_2.5_7b_instruct::trivia_qa_2_60k::base::main::29940,1
qwen_2.5_7b_instruct::trivia_qa_2_60k::base::main::29487,1
qwen_2.5_7b_instruct::trivia_qa_2_60k::base::main::8858,1
qwen_2.5_7b_instruct::trivia_qa_2_60k::base::main::20375,1
qwen_2.5_7b_instruct::trivia_qa_2_60k::base::main::7932,1
qwen_2.5_7b_instruct::trivia_qa_2_60k::base::main::2732,1
qwen_2.5_7b_instruct::trivia_qa_2_60k::base::main::54448,1
qwen_2.5_7b_instruct::trivia_qa_2_60k::base::main::7636,1
qwen_2.5_7b_instruct::trivia_qa_2_60k::base::main::49033,1
qwen_2.5_7b_instruct::trivia_qa_2_60k::base::main::43879,1
qwen_2.5_7b_instruct::trivia_qa_2_60k::base::main::22342,1
qwen_2.5_7b_instruct::trivia_qa_2_60k::base::main::21019,1
qwen_2.5_7b_instruct::trivia_qa_2_60k::base::main::56838,1
qwen_2.5_7b_instruct::trivia_qa_2_60k::base::main::53560,1
qwen_2.5_7b_instruct::trivia_qa_2_60k::base::main::18419,1
qwen_2.5_7b_instruct::trivia_qa_2_60k::base::main::23078,1
qwen_2.5_7b_instruct::trivia_qa_2_60k::base::main::56996,1
qwen_2.5_7b_instruct::trivia_qa_2_60k::base::main::10866,1
qwen_2.5_7b_instruct::trivia_qa_2_60k::base::main::15707,1
qwen_2.5_7b_instruct::trivia_qa_2_60k::base::main::24964,1
qwen_2.5_7b_instruct::trivia_qa_2_60k::base::main::40731,1
qwen_2.5_7b_instruct::trivia_qa_2_60k::base::main::45846,1
qwen_2.5_7b_instruct::trivia_qa_2_60k::base::main::52259,1
qwen_2.5_7b_instruct::trivia_qa_2_60k::base::main::52673,1
qwen_2.5_7b_instruct::trivia_qa_2_60k::base::main::30774,1
qwen_2.5_7b_instruct::trivia_qa_2_60k::base::main::45484,1
qwen_2.5_7b_instruct::trivia_qa_2_60k::base::main::32473,1
qwen_2.5_7b_instruct::trivia_qa_2_60k::base::main::10710,1
qwen_2.5_7b_instruct::trivia_qa_2_60k::base::main::3798,1
qwen_2.5_7b_instruct::trivia_qa_2_60k::base::main::31713,1
qwen_2.5_7b_instruct::trivia_qa_2_60k::base::main::29226,1
qwen_2.5_7b_instruct::trivia_qa_2_60k::base::main::33928,1
qwen_2.5_7b_instruct::trivia_qa_2_60k::base::main::53097,1
qwen_2.5_7b_instruct::trivia_qa_2_60k::base::main::3333,1
qwen_2.5_7b_instruct::trivia_qa_2_60k::base::main::40997,1
qwen_2.5_7b_instruct::trivia_qa_2_60k::base::main::41053,1
qwen_2.5_7b_instruct::trivia_qa_2_60k::base::main::27527,1
qwen_2.5_7b_instruct::trivia_qa_2_60k::base::main::46037,1
qwen_2.5_7b_instruct::trivia_qa_2_60k::base::main::33597,1
qwen_2.5_7b_instruct::trivia_qa_2_60k::base::main::32676,1
qwen_2.5_7b_instruct::trivia_qa_2_60k::base::main::37911,1
qwen_2.5_7b_instruct::trivia_qa_2_60k::base::main::6202,1
qwen_2.5_7b_instruct::trivia_qa_2_60k::base::main::43244,1
qwen_2.5_7b_instruct::trivia_qa_2_60k::base::main::10243,1
qwen_2.5_7b_instruct::trivia_qa_2_60k::base::main::35746,1
qwen_2.5_7b_instruct::trivia_qa_2_60k::base::main::50475,1
qwen_2.5_7b_instruct::trivia_qa_2_60k::base::main::22846,1
qwen_2.5_7b_instruct::trivia_qa_2_60k::base::main::51428,1
qwen_2.5_7b_instruct::trivia_qa_2_60k::base::main::575,1
qwen_2.5_7b_instruct::trivia_qa_2_60k::base::main::53464,1
qwen_2.5_7b_instruct::trivia_qa_2_60k::base::main::53137,1
qwen_2.5_7b_instruct::trivia_qa_2_60k::base::main::32652,1
qwen_2.5_7b_instruct::trivia_qa_2_60k::base::main::37706,1
qwen_2.5_7b_instruct::trivia_qa_2_60k::base::main::3847,1
qwen_2.5_7b_instruct::trivia_qa_2_60k::base::main::28568,1
qwen_2.5_7b_instruct::trivia_qa_2_60k::base::main::30795,1
qwen_2.5_7b_instruct::trivia_qa_2_60k::base::main::41976,1
qwen_2.5_7b_instruct::trivia_qa_2_60k::base::main::19817,1
qwen_2.5_7b_instruct::trivia_qa_2_60k::base::main::36362,1
qwen_2.5_7b_instruct::trivia_qa_2_60k::base::main::8477,1
qwen_2.5_7b_instruct::trivia_qa_2_60k::base::main::57659,1
qwen_2.5_7b_instruct::trivia_qa_2_60k::base::main::13920,1
qwen_2.5_7b_instruct::trivia_qa_2_60k::base::main::49151,1
qwen_2.5_7b_instruct::trivia_qa_2_60k::base::main::36380,1
qwen_2.5_7b_instruct::trivia_qa_2_60k::base::main::57900,1
qwen_2.5_7b_instruct::trivia_qa_2_60k::base::main::25342,1
qwen_2.5_7b_instruct::trivia_qa_2_60k::base::main::35974,1
qwen_2.5_7b_instruct::trivia_qa_2_60k::base::main::8141,1
qwen_2.5_7b_instruct::trivia_qa_2_60k::base::main::13915,1
qwen_2.5_7b_instruct::trivia_qa_2_60k::base::main::7954,1
qwen_2.5_7b_instruct::trivia_qa_2_60k::base::main::51251,1
qwen_2.5_7b_instruct::trivia_qa_2_60k::base::main::6638,1
qwen_2.5_7b_instruct::trivia_qa_2_60k::base::main::8462,1
qwen_2.5_7b_instruct::trivia_qa_2_60k::base::main::29293,1
qwen_2.5_7b_instruct::trivia_qa_2_60k::base::main::42813,1
qwen_2.5_7b_instruct::trivia_qa_2_60k::base::main::27094,1
qwen_2.5_7b_instruct::trivia_qa_2_60k::base::main::10738,1
qwen_2.5_7b_instruct::trivia_qa_2_60k::base::main::43597,1
qwen_2.5_7b_instruct::trivia_qa_2_60k::base::main::30817,1
qwen_2.5_7b_instruct::trivia_qa_2_60k::base::main::50002,1
qwen_2.5_7b_instruct::trivia_qa_2_60k::base::main::25440,1
qwen_2.5_7b_instruct::trivia_qa_2_60k::base::main::8957,1
qwen_2.5_7b_instruct::trivia_qa_2_60k::base::main::14590,1
qwen_2.5_7b_instruct::trivia_qa_2_60k::base::main::42482,1
qwen_2.5_7b_instruct::trivia_qa_2_60k::base::main::11352,1
qwen_2.5_7b_instruct::trivia_qa_2_60k::base::main::38880,1
qwen_2.5_7b_instruct::trivia_qa_2_60k::base::main::48210,1
qwen_2.5_7b_instruct::trivia_qa_2_60k::base::main::58219,1
qwen_2.5_7b_instruct::trivia_qa_2_60k::base::main::5550,1
qwen_2.5_7b_instruct::trivia_qa_2_60k::base::main::2944,1
qwen_2.5_7b_instruct::trivia_qa_2_60k::base::main::27984,1
qwen_2.5_7b_instruct::trivia_qa_2_60k::base::main::33811,1
qwen_2.5_7b_instruct::trivia_qa_2_60k::base::main::36981,1
qwen_2.5_7b_instruct::trivia_qa_2_60k::base::main::52824,1
qwen_2.5_7b_instruct::trivia_qa_2_60k::base::main::36456,1
qwen_2.5_7b_instruct::trivia_qa_2_60k::base::main::21665,1
qwen_2.5_7b_instruct::trivia_qa_2_60k::base::main::29871,1
qwen_2.5_7b_instruct::trivia_qa_2_60k::base::main::27465,1
qwen_2.5_7b_instruct::trivia_qa_2_60k::base::main::34415,1
qwen_2.5_7b_instruct::trivia_qa_2_60k::base::main::47948,1
qwen_2.5_7b_instruct::trivia_qa_2_60k::base::main::40440,1
qwen_2.5_7b_instruct::trivia_qa_2_60k::base::main::56956,1
qwen_2.5_7b_instruct::trivia_qa_2_60k::base::main::44736,1
qwen_2.5_7b_instruct::trivia_qa_2_60k::base::main::30664,1
qwen_2.5_7b_instruct::trivia_qa_2_60k::base::main::57607,1
qwen_2.5_7b_instruct::trivia_qa_2_60k::base::main::38510,1
qwen_2.5_7b_instruct::trivia_qa_2_60k::base::main::15987,1
qwen_2.5_7b_instruct::trivia_qa_2_60k::base::main::40529,1
qwen_2.5_7b_instruct::trivia_qa_2_60k::base::main::57710,1
qwen_2.5_7b_instruct::trivia_qa_2_60k::base::main::33592,1
qwen_2.5_7b_instruct::trivia_qa_2_60k::base::main::20624,1
qwen_2.5_7b_instruct::trivia_qa_2_60k::base::main::6792,1
qwen_2.5_7b_instruct::trivia_qa_2_60k::base::main::26334,1
qwen_2.5_7b_instruct::trivia_qa_2_60k::base::main::30781,1
qwen_2.5_7b_instruct::trivia_qa_2_60k::base::main::26309,1
qwen_2.5_7b_instruct::trivia_qa_2_60k::base::main::8003,1
qwen_2.5_7b_instruct::trivia_qa_2_60k::base::main::38916,1
qwen_2.5_7b_instruct::trivia_qa_2_60k::base::main::53999,1
qwen_2.5_7b_instruct::trivia_qa_2_60k::base::main::50680,1
qwen_2.5_7b_instruct::trivia_qa_2_60k::base::main::14257,1
qwen_2.5_7b_instruct::trivia_qa_2_60k::base::main::2459,1
qwen_2.5_7b_instruct::trivia_qa_2_60k::base::main::56753,1
qwen_2.5_7b_instruct::trivia_qa_2_60k::base::main::27209,1
qwen_2.5_7b_instruct::trivia_qa_2_60k::base::main::26307,1
qwen_2.5_7b_instruct::trivia_qa_2_60k::base::main::33570,1
qwen_2.5_7b_instruct::trivia_qa_2_60k::base::main::57093,1
qwen_2.5_7b_instruct::trivia_qa_2_60k::base::main::46795,1
qwen_2.5_7b_instruct::trivia_qa_2_60k::base::main::58517,1
qwen_2.5_7b_instruct::trivia_qa_2_60k::base::main::48850,1
qwen_2.5_7b_instruct::trivia_qa_2_60k::base::main::29189,1
qwen_2.5_7b_instruct::trivia_qa_2_60k::base::main::44278,1
qwen_2.5_7b_instruct::trivia_qa_2_60k::base::main::28373,1
qwen_2.5_7b_instruct::trivia_qa_2_60k::base::main::11028,1
qwen_2.5_7b_instruct::trivia_qa_2_60k::base::main::28522,1
qwen_2.5_7b_instruct::trivia_qa_2_60k::base::main::17503,1
qwen_2.5_7b_instruct::trivia_qa_2_60k::base::main::53009,1
qwen_2.5_7b_instruct::trivia_qa_2_60k::base::main::10688,1
qwen_2.5_7b_instruct::trivia_qa_2_60k::base::main::37539,1
qwen_2.5_7b_instruct::trivia_qa_2_60k::base::main::12134,1
qwen_2.5_7b_instruct::trivia_qa_2_60k::base::main::16111,1
qwen_2.5_7b_instruct::trivia_qa_2_60k::base::main::39808,1
qwen_2.5_7b_instruct::trivia_qa_2_60k::base::main::50058,1
qwen_2.5_7b_instruct::trivia_qa_2_60k::base::main::57388,1
qwen_2.5_7b_instruct::trivia_qa_2_60k::base::main::53927,1
qwen_2.5_7b_instruct::trivia_qa_2_60k::base::main::19466,1
qwen_2.5_7b_instruct::trivia_qa_2_60k::base::main::28758,1
qwen_2.5_7b_instruct::trivia_qa_2_60k::base::main::4300,1
qwen_2.5_7b_instruct::trivia_qa_2_60k::base::main::10678,1
qwen_2.5_7b_instruct::trivia_qa_2_60k::base::main::51618,1
qwen_2.5_7b_instruct::trivia_qa_2_60k::base::main::5938,1
qwen_2.5_7b_instruct::trivia_qa_2_60k::base::main::35173,1
qwen_2.5_7b_instruct::trivia_qa_2_60k::base::main::8844,1
qwen_2.5_7b_instruct::trivia_qa_2_60k::base::main::11599,1
qwen_2.5_7b_instruct::trivia_qa_2_60k::base::main::13907,1
qwen_2.5_7b_instruct::trivia_qa_2_60k::base::main::2956,1
qwen_2.5_7b_instruct::trivia_qa_2_60k::base::main::16528,1
qwen_2.5_7b_instruct::trivia_qa_2_60k::base::main::37142,1
qwen_2.5_7b_instruct::trivia_qa_2_60k::base::main::43274,1
qwen_2.5_7b_instruct::trivia_qa_2_60k::base::main::31119,1
qwen_2.5_7b_instruct::trivia_qa_2_60k::base::main::43064,1
qwen_2.5_7b_instruct::trivia_qa_2_60k::base::main::1708,1
qwen_2.5_7b_instruct::trivia_qa_2_60k::base::main::51504,1
qwen_2.5_7b_instruct::trivia_qa_2_60k::base::main::43190,1
qwen_2.5_7b_instruct::trivia_qa_2_60k::base::main::8796,1
qwen_2.5_7b_instruct::trivia_qa_2_60k::base::main::20307,1
qwen_2.5_7b_instruct::trivia_qa_2_60k::base::main::18784,1
qwen_2.5_7b_instruct::trivia_qa_2_60k::base::main::45214,1
qwen_2.5_7b_instruct::trivia_qa_2_60k::base::main::4984,1
qwen_2.5_7b_instruct::trivia_qa_2_60k::base::main::56623,1
qwen_2.5_7b_instruct::trivia_qa_2_60k::base::main::29523,1
qwen_2.5_7b_instruct::trivia_qa_2_60k::base::main::30960,1
qwen_2.5_7b_instruct::trivia_qa_2_60k::base::main::36974,1
qwen_2.5_7b_instruct::trivia_qa_2_60k::base::main::25814,1
qwen_2.5_7b_instruct::trivia_qa_2_60k::base::main::12603,1
qwen_2.5_7b_instruct::trivia_qa_2_60k::base::main::28582,1
qwen_2.5_7b_instruct::trivia_qa_2_60k::base::main::50891,1
qwen_2.5_7b_instruct::trivia_qa_2_60k::base::main::51721,1
qwen_2.5_7b_instruct::trivia_qa_2_60k::base::main::11747,1
qwen_2.5_7b_instruct::trivia_qa_2_60k::base::main::28605,1
qwen_2.5_7b_instruct::trivia_qa_2_60k::base::main::37586,1
qwen_2.5_7b_instruct::trivia_qa_2_60k::base::main::19336,1
qwen_2.5_7b_instruct::trivia_qa_2_60k::base::main::7299,1
qwen_2.5_7b_instruct::trivia_qa_2_60k::base::main::654,1
qwen_2.5_7b_instruct::trivia_qa_2_60k::base::main::57575,1
qwen_2.5_7b_instruct::trivia_qa_2_60k::base::main::54579,1
qwen_2.5_7b_instruct::trivia_qa_2_60k::base::main::32295,1
qwen_2.5_7b_instruct::trivia_qa_2_60k::base::main::14228,1
qwen_2.5_7b_instruct::trivia_qa_2_60k::base::main::45751,1
qwen_2.5_7b_instruct::trivia_qa_2_60k::base::main::28028,1
qwen_2.5_7b_instruct::trivia_qa_2_60k::base::main::2984,1
qwen_2.5_7b_instruct::trivia_qa_2_60k::base::main::32285,1
qwen_2.5_7b_instruct::trivia_qa_2_60k::base::main::30354,1
qwen_2.5_7b_instruct::trivia_qa_2_60k::base::main::49974,1
qwen_2.5_7b_instruct::trivia_qa_2_60k::base::main::57994,1
qwen_2.5_7b_instruct::trivia_qa_2_60k::base::main::21694,1
qwen_2.5_7b_instruct::trivia_qa_2_60k::base::main::13753,1
qwen_2.5_7b_instruct::trivia_qa_2_60k::base::main::12454,1
qwen_2.5_7b_instruct::trivia_qa_2_60k::base::main::5425,1
qwen_2.5_7b_instruct::trivia_qa_2_60k::base::main::8399,1
qwen_2.5_7b_instruct::trivia_qa_2_60k::base::main::34942,1
qwen_2.5_7b_instruct::trivia_qa_2_60k::base::main::7136,1
qwen_2.5_7b_instruct::trivia_qa_2_60k::base::main::34950,1
qwen_2.5_7b_instruct::trivia_qa_2_60k::base::main::6622,1
qwen_2.5_7b_instruct::trivia_qa_2_60k::base::main::1082,1
qwen_2.5_7b_instruct::trivia_qa_2_60k::base::main::51744,1
qwen_2.5_7b_instruct::trivia_qa_2_60k::base::main::37018,1
qwen_2.5_7b_instruct::trivia_qa_2_60k::base::main::40242,1
qwen_2.5_7b_instruct::trivia_qa_2_60k::base::main::45435,1
qwen_2.5_7b_instruct::trivia_qa_2_60k::base::main::13226,1
qwen_2.5_7b_instruct::trivia_qa_2_60k::base::main::3208,1
qwen_2.5_7b_instruct::trivia_qa_2_60k::base::main::22048,1
qwen_2.5_7b_instruct::trivia_qa_2_60k::base::main::29302,1
qwen_2.5_7b_instruct::trivia_qa_2_60k::base::main::25554,1
qwen_2.5_7b_instruct::trivia_qa_2_60k::base::main::17777,1
qwen_2.5_7b_instruct::trivia_qa_2_60k::base::main::19340,1
qwen_2.5_7b_instruct::trivia_qa_2_60k::base::main::44418,1
qwen_2.5_7b_instruct::trivia_qa_2_60k::base::main::58148,1
qwen_2.5_7b_instruct::trivia_qa_2_60k::base::main::15232,1
qwen_2.5_7b_instruct::trivia_qa_2_60k::base::main::42490,1
qwen_2.5_7b_instruct::trivia_qa_2_60k::base::main::28617,1
qwen_2.5_7b_instruct::trivia_qa_2_60k::base::main::15176,1
qwen_2.5_7b_instruct::trivia_qa_2_60k::base::main::10162,1
qwen_2.5_7b_instruct::trivia_qa_2_60k::base::main::57128,1
qwen_2.5_7b_instruct::trivia_qa_2_60k::base::main::47271,1
qwen_2.5_7b_instruct::trivia_qa_2_60k::base::main::15172,1
qwen_2.5_7b_instruct::trivia_qa_2_60k::base::main::2698,1
qwen_2.5_7b_instruct::trivia_qa_2_60k::base::main::1477,1
qwen_2.5_7b_instruct::trivia_qa_2_60k::base::main::22305,1
qwen_2.5_7b_instruct::trivia_qa_2_60k::base::main::11857,1
qwen_2.5_7b_instruct::trivia_qa_2_60k::base::main::1219,1
qwen_2.5_7b_instruct::trivia_qa_2_60k::base::main::9396,1
qwen_2.5_7b_instruct::trivia_qa_2_60k::base::main::33877,1
qwen_2.5_7b_instruct::trivia_qa_2_60k::base::main::15778,1
qwen_2.5_7b_instruct::trivia_qa_2_60k::base::main::43115,1
qwen_2.5_7b_instruct::trivia_qa_2_60k::base::main::4386,1
qwen_2.5_7b_instruct::trivia_qa_2_60k::base::main::89,1
qwen_2.5_7b_instruct::trivia_qa_2_60k::base::main::21458,1
qwen_2.5_7b_instruct::trivia_qa_2_60k::base::main::42977,1
qwen_2.5_7b_instruct::trivia_qa_2_60k::base::main::19664,1
qwen_2.5_7b_instruct::trivia_qa_2_60k::base::main::50834,1
qwen_2.5_7b_instruct::trivia_qa_2_60k::base::main::49486,1
qwen_2.5_7b_instruct::trivia_qa_2_60k::base::main::3530,1
qwen_2.5_7b_instruct::trivia_qa_2_60k::base::main::33004,1
qwen_2.5_7b_instruct::trivia_qa_2_60k::base::main::30221,1
qwen_2.5_7b_instruct::trivia_qa_2_60k::base::main::26807,1
qwen_2.5_7b_instruct::trivia_qa_2_60k::base::main::33429,1
qwen_2.5_7b_instruct::trivia_qa_2_60k::base::main::8148,1
qwen_2.5_7b_instruct::trivia_qa_2_60k::base::main::42709,1
qwen_2.5_7b_instruct::trivia_qa_2_60k::base::main::32380,1
qwen_2.5_7b_instruct::trivia_qa_2_60k::base::main::30615,1
qwen_2.5_7b_instruct::trivia_qa_2_60k::base::main::31597,1
qwen_2.5_7b_instruct::trivia_qa_2_60k::base::main::53997,1
qwen_2.5_7b_instruct::trivia_qa_2_60k::base::main::38149,1
qwen_2.5_7b_instruct::trivia_qa_2_60k::base::main::13478,1
qwen_2.5_7b_instruct::trivia_qa_2_60k::base::main::46491,1
qwen_2.5_7b_instruct::trivia_qa_2_60k::base::main::39089,1
qwen_2.5_7b_instruct::trivia_qa_2_60k::base::main::7813,1
qwen_2.5_7b_instruct::trivia_qa_2_60k::base::main::9614,1
qwen_2.5_7b_instruct::trivia_qa_2_60k::base::main::2107,1
qwen_2.5_7b_instruct::trivia_qa_2_60k::base::main::46688,1
qwen_2.5_7b_instruct::trivia_qa_2_60k::base::main::2533,1
qwen_2.5_7b_instruct::trivia_qa_2_60k::base::main::5818,1
qwen_2.5_7b_instruct::trivia_qa_2_60k::base::main::43404,1
qwen_2.5_7b_instruct::trivia_qa_2_60k::base::main::12192,1
qwen_2.5_7b_instruct::trivia_qa_2_60k::base::main::44522,1
qwen_2.5_7b_instruct::trivia_qa_2_60k::base::main::58237,1
qwen_2.5_7b_instruct::trivia_qa_2_60k::base::main::28032,1
qwen_2.5_7b_instruct::trivia_qa_2_60k::base::main::11868,1
qwen_2.5_7b_instruct::trivia_qa_2_60k::base::main::16088,1
qwen_2.5_7b_instruct::trivia_qa_2_60k::base::main::50426,1
qwen_2.5_7b_instruct::trivia_qa_2_60k::base::main::12514,1
qwen_2.5_7b_instruct::trivia_qa_2_60k::base::main::42713,1
qwen_2.5_7b_instruct::trivia_qa_2_60k::base::main::57229,1
qwen_2.5_7b_instruct::trivia_qa_2_60k::base::main::22024,1
qwen_2.5_7b_instruct::trivia_qa_2_60k::base::main::1153,1
qwen_2.5_7b_instruct::trivia_qa_2_60k::base::main::36953,1
qwen_2.5_7b_instruct::trivia_qa_2_60k::base::main::9210,1
qwen_2.5_7b_instruct::trivia_qa_2_60k::base::main::53839,1
qwen_2.5_7b_instruct::trivia_qa_2_60k::base::main::8415,1
qwen_2.5_7b_instruct::trivia_qa_2_60k::base::main::35633,1
qwen_2.5_7b_instruct::trivia_qa_2_60k::base::main::51727,1
qwen_2.5_7b_instruct::trivia_qa_2_60k::base::main::29078,1
qwen_2.5_7b_instruct::trivia_qa_2_60k::base::main::34205,1
qwen_2.5_7b_instruct::trivia_qa_2_60k::base::main::54229,1
qwen_2.5_7b_instruct::trivia_qa_2_60k::base::main::19158,1
qwen_2.5_7b_instruct::trivia_qa_2_60k::base::main::3951,1
qwen_2.5_7b_instruct::trivia_qa_2_60k::base::main::52401,1
qwen_2.5_7b_instruct::trivia_qa_2_60k::base::main::6079,1
qwen_2.5_7b_instruct::trivia_qa_2_60k::base::main::41392,1
qwen_2.5_7b_instruct::trivia_qa_2_60k::base::main::40940,1
qwen_2.5_7b_instruct::trivia_qa_2_60k::base::main::38663,1
qwen_2.5_7b_instruct::trivia_qa_2_60k::base::main::20746,1
qwen_2.5_7b_instruct::trivia_qa_2_60k::base::main::47237,1
qwen_2.5_7b_instruct::trivia_qa_2_60k::base::main::30438,1
qwen_2.5_7b_instruct::trivia_qa_2_60k::base::main::57149,1
qwen_2.5_7b_instruct::trivia_qa_2_60k::base::main::56252,1
qwen_2.5_7b_instruct::trivia_qa_2_60k::base::main::52125,1
qwen_2.5_7b_instruct::trivia_qa_2_60k::base::main::31982,1
qwen_2.5_7b_instruct::trivia_qa_2_60k::base::main::36936,1
qwen_2.5_7b_instruct::trivia_qa_2_60k::base::main::7514,1
qwen_2.5_7b_instruct::trivia_qa_2_60k::base::main::5238,1
qwen_2.5_7b_instruct::trivia_qa_2_60k::base::main::53191,1
qwen_2.5_7b_instruct::trivia_qa_2_60k::base::main::6659,1
qwen_2.5_7b_instruct::trivia_qa_2_60k::base::main::52883,1
qwen_2.5_7b_instruct::trivia_qa_2_60k::base::main::58048,1
qwen_2.5_7b_instruct::trivia_qa_2_60k::base::main::49111,1
qwen_2.5_7b_instruct::trivia_qa_2_60k::base::main::52137,1
qwen_2.5_7b_instruct::trivia_qa_2_60k::base::main::52041,1
qwen_2.5_7b_instruct::trivia_qa_2_60k::base::main::57826,1
qwen_2.5_7b_instruct::trivia_qa_2_60k::base::main::48826,1
qwen_2.5_7b_instruct::trivia_qa_2_60k::base::main::24387,1
qwen_2.5_7b_instruct::trivia_qa_2_60k::base::main::44675,1
qwen_2.5_7b_instruct::trivia_qa_2_60k::base::main::16614,1
qwen_2.5_7b_instruct::trivia_qa_2_60k::base::main::41707,1
qwen_2.5_7b_instruct::trivia_qa_2_60k::base::main::8054,1
qwen_2.5_7b_instruct::trivia_qa_2_60k::base::main::47579,1
qwen_2.5_7b_instruct::trivia_qa_2_60k::base::main::55590,1
qwen_2.5_7b_instruct::trivia_qa_2_60k::base::main::4597,1
qwen_2.5_7b_instruct::trivia_qa_2_60k::base::main::19215,1
qwen_2.5_7b_instruct::trivia_qa_2_60k::base::main::45208,1
qwen_2.5_7b_instruct::trivia_qa_2_60k::base::main::49598,1
qwen_2.5_7b_instruct::trivia_qa_2_60k::base::main::45070,1
qwen_2.5_7b_instruct::trivia_qa_2_60k::base::main::149,1
qwen_2.5_7b_instruct::trivia_qa_2_60k::base::main::6744,1
qwen_2.5_7b_instruct::trivia_qa_2_60k::base::main::2556,1
qwen_2.5_7b_instruct::trivia_qa_2_60k::base::main::13355,1
qwen_2.5_7b_instruct::trivia_qa_2_60k::base::main::32782,1
qwen_2.5_7b_instruct::trivia_qa_2_60k::base::main::8276,1
qwen_2.5_7b_instruct::trivia_qa_2_60k::base::main::11260,1
qwen_2.5_7b_instruct::trivia_qa_2_60k::base::main::11779,1
qwen_2.5_7b_instruct::trivia_qa_2_60k::base::main::52698,1
qwen_2.5_7b_instruct::trivia_qa_2_60k::base::main::30680,1
qwen_2.5_7b_instruct::trivia_qa_2_60k::base::main::23689,1
qwen_2.5_7b_instruct::trivia_qa_2_60k::base::main::41376,1
qwen_2.5_7b_instruct::trivia_qa_2_60k::base::main::11827,1
qwen_2.5_7b_instruct::trivia_qa_2_60k::base::main::21415,1
qwen_2.5_7b_instruct::trivia_qa_2_60k::base::main::19323,1
qwen_2.5_7b_instruct::trivia_qa_2_60k::base::main::30010,1
qwen_2.5_7b_instruct::trivia_qa_2_60k::base::main::29532,0
qwen_2.5_7b_instruct::trivia_qa_2_60k::base::main::24916,0
qwen_2.5_7b_instruct::trivia_qa_2_60k::base::main::32598,0
qwen_2.5_7b_instruct::trivia_qa_2_60k::base::main::790,0
qwen_2.5_7b_instruct::trivia_qa_2_60k::base::main::5375,0
qwen_2.5_7b_instruct::trivia_qa_2_60k::base::main::15975,0
qwen_2.5_7b_instruct::trivia_qa_2_60k::base::main::47831,0
qwen_2.5_7b_instruct::trivia_qa_2_60k::base::main::44931,0
qwen_2.5_7b_instruct::trivia_qa_2_60k::base::main::25278,0
qwen_2.5_7b_instruct::trivia_qa_2_60k::base::main::2547,0
qwen_2.5_7b_instruct::trivia_qa_2_60k::base::main::30275,0
qwen_2.5_7b_instruct::trivia_qa_2_60k::base::main::52885,0
qwen_2.5_7b_instruct::trivia_qa_2_60k::base::main::10298,0
qwen_2.5_7b_instruct::trivia_qa_2_60k::base::main::15241,0
qwen_2.5_7b_instruct::trivia_qa_2_60k::base::main::45920,0
qwen_2.5_7b_instruct::trivia_qa_2_60k::base::main::51685,0
qwen_2.5_7b_instruct::trivia_qa_2_60k::base::main::55075,0
qwen_2.5_7b_instruct::trivia_qa_2_60k::base::main::54164,0
qwen_2.5_7b_instruct::trivia_qa_2_60k::base::main::54197,0
qwen_2.5_7b_instruct::trivia_qa_2_60k::base::main::16345,0
qwen_2.5_7b_instruct::trivia_qa_2_60k::base::main::45724,0
qwen_2.5_7b_instruct::trivia_qa_2_60k::base::main::16616,0
qwen_2.5_7b_instruct::trivia_qa_2_60k::base::main::50808,0
qwen_2.5_7b_instruct::trivia_qa_2_60k::base::main::56315,0
qwen_2.5_7b_instruct::trivia_qa_2_60k::base::main::18261,0
qwen_2.5_7b_instruct::trivia_qa_2_60k::base::main::37308,0
qwen_2.5_7b_instruct::trivia_qa_2_60k::base::main::6141,0
qwen_2.5_7b_instruct::trivia_qa_2_60k::base::main::47843,0
qwen_2.5_7b_instruct::trivia_qa_2_60k::base::main::41152,0
qwen_2.5_7b_instruct::trivia_qa_2_60k::base::main::26795,0
qwen_2.5_7b_instruct::trivia_qa_2_60k::base::main::14067,0
qwen_2.5_7b_instruct::trivia_qa_2_60k::base::main::39472,0
qwen_2.5_7b_instruct::trivia_qa_2_60k::base::main::446,0
qwen_2.5_7b_instruct::trivia_qa_2_60k::base::main::40447,0
qwen_2.5_7b_instruct::trivia_qa_2_60k::base::main::14930,0
qwen_2.5_7b_instruct::trivia_qa_2_60k::base::main::52675,0
qwen_2.5_7b_instruct::trivia_qa_2_60k::base::main::52210,0
qwen_2.5_7b_instruct::trivia_qa_2_60k::base::main::26301,0
qwen_2.5_7b_instruct::trivia_qa_2_60k::base::main::27260,0
qwen_2.5_7b_instruct::trivia_qa_2_60k::base::main::23735,0
qwen_2.5_7b_instruct::trivia_qa_2_60k::base::main::56457,0
qwen_2.5_7b_instruct::trivia_qa_2_60k::base::main::54066,0
qwen_2.5_7b_instruct::trivia_qa_2_60k::base::main::36438,0
qwen_2.5_7b_instruct::trivia_qa_2_60k::base::main::29383,0
qwen_2.5_7b_instruct::trivia_qa_2_60k::base::main::16995,0
qwen_2.5_7b_instruct::trivia_qa_2_60k::base::main::12004,0
qwen_2.5_7b_instruct::trivia_qa_2_60k::base::main::8439,0
qwen_2.5_7b_instruct::trivia_qa_2_60k::base::main::14095,0
qwen_2.5_7b_instruct::trivia_qa_2_60k::base::main::6517,0
qwen_2.5_7b_instruct::trivia_qa_2_60k::base::main::25599,0
qwen_2.5_7b_instruct::trivia_qa_2_60k::base::main::52779,0
qwen_2.5_7b_instruct::trivia_qa_2_60k::base::main::27256,0
qwen_2.5_7b_instruct::trivia_qa_2_60k::base::main::2194,0
qwen_2.5_7b_instruct::trivia_qa_2_60k::base::main::37622,0
qwen_2.5_7b_instruct::trivia_qa_2_60k::base::main::33935,0
qwen_2.5_7b_instruct::trivia_qa_2_60k::base::main::23285,0
qwen_2.5_7b_instruct::trivia_qa_2_60k::base::main::49042,0
qwen_2.5_7b_instruct::trivia_qa_2_60k::base::main::55936,0
qwen_2.5_7b_instruct::trivia_qa_2_60k::base::main::18040,0
qwen_2.5_7b_instruct::trivia_qa_2_60k::base::main::51858,0
qwen_2.5_7b_instruct::trivia_qa_2_60k::base::main::42834,0
qwen_2.5_7b_instruct::trivia_qa_2_60k::base::main::4480,0
qwen_2.5_7b_instruct::trivia_qa_2_60k::base::main::26082,0
qwen_2.5_7b_instruct::trivia_qa_2_60k::base::main::40986,0
qwen_2.5_7b_instruct::trivia_qa_2_60k::base::main::16414,0
qwen_2.5_7b_instruct::trivia_qa_2_60k::base::main::28843,0
qwen_2.5_7b_instruct::trivia_qa_2_60k::base::main::10113,0
qwen_2.5_7b_instruct::trivia_qa_2_60k::base::main::53440,0
qwen_2.5_7b_instruct::trivia_qa_2_60k::base::main::38043,0
qwen_2.5_7b_instruct::trivia_qa_2_60k::base::main::34747,0
qwen_2.5_7b_instruct::trivia_qa_2_60k::base::main::28796,0
qwen_2.5_7b_instruct::trivia_qa_2_60k::base::main::12734,0
qwen_2.5_7b_instruct::trivia_qa_2_60k::base::main::10669,0
qwen_2.5_7b_instruct::trivia_qa_2_60k::base::main::16342,0
qwen_2.5_7b_instruct::trivia_qa_2_60k::base::main::55670,0
qwen_2.5_7b_instruct::trivia_qa_2_60k::base::main::33107,0
qwen_2.5_7b_instruct::trivia_qa_2_60k::base::main::41196,0
qwen_2.5_7b_instruct::trivia_qa_2_60k::base::main::32704,0
qwen_2.5_7b_instruct::trivia_qa_2_60k::base::main::32905,0
qwen_2.5_7b_instruct::trivia_qa_2_60k::base::main::40852,0
qwen_2.5_7b_instruct::trivia_qa_2_60k::base::main::56547,0
qwen_2.5_7b_instruct::trivia_qa_2_60k::base::main::17534,0
qwen_2.5_7b_instruct::trivia_qa_2_60k::base::main::56327,0
qwen_2.5_7b_instruct::trivia_qa_2_60k::base::main::50576,0
qwen_2.5_7b_instruct::trivia_qa_2_60k::base::main::8574,0
qwen_2.5_7b_instruct::trivia_qa_2_60k::base::main::9796,0
qwen_2.5_7b_instruct::trivia_qa_2_60k::base::main::16889,0
qwen_2.5_7b_instruct::trivia_qa_2_60k::base::main::41474,0
qwen_2.5_7b_instruct::trivia_qa_2_60k::base::main::32086,0
qwen_2.5_7b_instruct::trivia_qa_2_60k::base::main::52275,0
qwen_2.5_7b_instruct::trivia_qa_2_60k::base::main::728,0
qwen_2.5_7b_instruct::trivia_qa_2_60k::base::main::14509,0
qwen_2.5_7b_instruct::trivia_qa_2_60k::base::main::55206,0
qwen_2.5_7b_instruct::trivia_qa_2_60k::base::main::47993,0
qwen_2.5_7b_instruct::trivia_qa_2_60k::base::main::27074,0
qwen_2.5_7b_instruct::trivia_qa_2_60k::base::main::16343,0
qwen_2.5_7b_instruct::trivia_qa_2_60k::base::main::41443,0
qwen_2.5_7b_instruct::trivia_qa_2_60k::base::main::19803,0
qwen_2.5_7b_instruct::trivia_qa_2_60k::base::main::13544,0
qwen_2.5_7b_instruct::trivia_qa_2_60k::base::main::23761,0
qwen_2.5_7b_instruct::trivia_qa_2_60k::base::main::31521,0
qwen_2.5_7b_instruct::trivia_qa_2_60k::base::main::22643,0
qwen_2.5_7b_instruct::trivia_qa_2_60k::base::main::23605,0
qwen_2.5_7b_instruct::trivia_qa_2_60k::base::main::13874,0
qwen_2.5_7b_instruct::trivia_qa_2_60k::base::main::24857,0
qwen_2.5_7b_instruct::trivia_qa_2_60k::base::main::29698,0
qwen_2.5_7b_instruct::trivia_qa_2_60k::base::main::39499,0
qwen_2.5_7b_instruct::trivia_qa_2_60k::base::main::31804,0
qwen_2.5_7b_instruct::trivia_qa_2_60k::base::main::55204,0
qwen_2.5_7b_instruct::trivia_qa_2_60k::base::main::16068,0
qwen_2.5_7b_instruct::trivia_qa_2_60k::base::main::1655,0
qwen_2.5_7b_instruct::trivia_qa_2_60k::base::main::29666,0
qwen_2.5_7b_instruct::trivia_qa_2_60k::base::main::28189,0
qwen_2.5_7b_instruct::trivia_qa_2_60k::base::main::10510,0
qwen_2.5_7b_instruct::trivia_qa_2_60k::base::main::25416,0
qwen_2.5_7b_instruct::trivia_qa_2_60k::base::main::13103,0
qwen_2.5_7b_instruct::trivia_qa_2_60k::base::main::56513,0
qwen_2.5_7b_instruct::trivia_qa_2_60k::base::main::56241,0
qwen_2.5_7b_instruct::trivia_qa_2_60k::base::main::8161,0
qwen_2.5_7b_instruct::trivia_qa_2_60k::base::main::32680,0
qwen_2.5_7b_instruct::trivia_qa_2_60k::base::main::4226,0
qwen_2.5_7b_instruct::trivia_qa_2_60k::base::main::13114,0
qwen_2.5_7b_instruct::trivia_qa_2_60k::base::main::23669,0
qwen_2.5_7b_instruct::trivia_qa_2_60k::base::main::3525,0
qwen_2.5_7b_instruct::trivia_qa_2_60k::base::main::18892,0
qwen_2.5_7b_instruct::trivia_qa_2_60k::base::main::34952,0
qwen_2.5_7b_instruct::trivia_qa_2_60k::base::main::31667,0
qwen_2.5_7b_instruct::trivia_qa_2_60k::base::main::16950,0
qwen_2.5_7b_instruct::trivia_qa_2_60k::base::main::1763,0
qwen_2.5_7b_instruct::trivia_qa_2_60k::base::main::10617,0
qwen_2.5_7b_instruct::trivia_qa_2_60k::base::main::8856,0
qwen_2.5_7b_instruct::trivia_qa_2_60k::base::main::52177,0
qwen_2.5_7b_instruct::trivia_qa_2_60k::base::main::7659,0
qwen_2.5_7b_instruct::trivia_qa_2_60k::base::main::48093,0
qwen_2.5_7b_instruct::trivia_qa_2_60k::base::main::18742,0
qwen_2.5_7b_instruct::trivia_qa_2_60k::base::main::27143,0
qwen_2.5_7b_instruct::trivia_qa_2_60k::base::main::40641,0
qwen_2.5_7b_instruct::trivia_qa_2_60k::base::main::45392,0
qwen_2.5_7b_instruct::trivia_qa_2_60k::base::main::13926,0
qwen_2.5_7b_instruct::trivia_qa_2_60k::base::main::20352,0
qwen_2.5_7b_instruct::trivia_qa_2_60k::base::main::8078,0
qwen_2.5_7b_instruct::trivia_qa_2_60k::base::main::31063,0
qwen_2.5_7b_instruct::trivia_qa_2_60k::base::main::14582,0
qwen_2.5_7b_instruct::trivia_qa_2_60k::base::main::29520,0
qwen_2.5_7b_instruct::trivia_qa_2_60k::base::main::56043,0
qwen_2.5_7b_instruct::trivia_qa_2_60k::base::main::48469,0
qwen_2.5_7b_instruct::trivia_qa_2_60k::base::main::7699,0
qwen_2.5_7b_instruct::trivia_qa_2_60k::base::main::1438,0
qwen_2.5_7b_instruct::trivia_qa_2_60k::base::main::38392,0
qwen_2.5_7b_instruct::trivia_qa_2_60k::base::main::28092,0
qwen_2.5_7b_instruct::trivia_qa_2_60k::base::main::3363,0
qwen_2.5_7b_instruct::trivia_qa_2_60k::base::main::2725,0
qwen_2.5_7b_instruct::trivia_qa_2_60k::base::main::30575,0
qwen_2.5_7b_instruct::trivia_qa_2_60k::base::main::14518,0
qwen_2.5_7b_instruct::trivia_qa_2_60k::base::main::27719,0
qwen_2.5_7b_instruct::trivia_qa_2_60k::base::main::17313,0
qwen_2.5_7b_instruct::trivia_qa_2_60k::base::main::15384,0
qwen_2.5_7b_instruct::trivia_qa_2_60k::base::main::14490,0
qwen_2.5_7b_instruct::trivia_qa_2_60k::base::main::44317,0
qwen_2.5_7b_instruct::trivia_qa_2_60k::base::main::1042,0
qwen_2.5_7b_instruct::trivia_qa_2_60k::base::main::51601,0
qwen_2.5_7b_instruct::trivia_qa_2_60k::base::main::7519,0
qwen_2.5_7b_instruct::trivia_qa_2_60k::base::main::6844,0
qwen_2.5_7b_instruct::trivia_qa_2_60k::base::main::25361,0
qwen_2.5_7b_instruct::trivia_qa_2_60k::base::main::16880,0
qwen_2.5_7b_instruct::trivia_qa_2_60k::base::main::148,0
qwen_2.5_7b_instruct::trivia_qa_2_60k::base::main::3142,0
qwen_2.5_7b_instruct::trivia_qa_2_60k::base::main::43918,0
qwen_2.5_7b_instruct::trivia_qa_2_60k::base::main::26827,0
qwen_2.5_7b_instruct::trivia_qa_2_60k::base::main::17628,0
qwen_2.5_7b_instruct::trivia_qa_2_60k::base::main::20730,0
qwen_2.5_7b_instruct::trivia_qa_2_60k::base::main::13396,0
qwen_2.5_7b_instruct::trivia_qa_2_60k::base::main::48761,0
qwen_2.5_7b_instruct::trivia_qa_2_60k::base::main::25564,0
qwen_2.5_7b_instruct::trivia_qa_2_60k::base::main::50793,0
qwen_2.5_7b_instruct::trivia_qa_2_60k::base::main::22453,0
qwen_2.5_7b_instruct::trivia_qa_2_60k::base::main::40906,0
qwen_2.5_7b_instruct::trivia_qa_2_60k::base::main::43201,0
qwen_2.5_7b_instruct::trivia_qa_2_60k::base::main::40877,0
qwen_2.5_7b_instruct::trivia_qa_2_60k::base::main::55491,0
qwen_2.5_7b_instruct::trivia_qa_2_60k::base::main::9820,0
qwen_2.5_7b_instruct::trivia_qa_2_60k::base::main::26699,0
qwen_2.5_7b_instruct::trivia_qa_2_60k::base::main::14971,0
qwen_2.5_7b_instruct::trivia_qa_2_60k::base::main::9176,0
qwen_2.5_7b_instruct::trivia_qa_2_60k::base::main::17667,0
qwen_2.5_7b_instruct::trivia_qa_2_60k::base::main::15049,0
qwen_2.5_7b_instruct::trivia_qa_2_60k::base::main::44227,0
qwen_2.5_7b_instruct::trivia_qa_2_60k::base::main::49653,0
qwen_2.5_7b_instruct::trivia_qa_2_60k::base::main::42528,0
qwen_2.5_7b_instruct::trivia_qa_2_60k::base::main::37385,0
qwen_2.5_7b_instruct::trivia_qa_2_60k::base::main::21822,0
qwen_2.5_7b_instruct::trivia_qa_2_60k::base::main::55968,0
qwen_2.5_7b_instruct::trivia_qa_2_60k::base::main::27111,0
qwen_2.5_7b_instruct::trivia_qa_2_60k::base::main::3367,0
qwen_2.5_7b_instruct::trivia_qa_2_60k::base::main::6315,0
qwen_2.5_7b_instruct::trivia_qa_2_60k::base::main::13816,0
qwen_2.5_7b_instruct::trivia_qa_2_60k::base::main::46607,0
qwen_2.5_7b_instruct::trivia_qa_2_60k::base::main::2890,0
qwen_2.5_7b_instruct::trivia_qa_2_60k::base::main::3700,0
qwen_2.5_7b_instruct::trivia_qa_2_60k::base::main::31651,0
qwen_2.5_7b_instruct::trivia_qa_2_60k::base::main::4790,0
qwen_2.5_7b_instruct::trivia_qa_2_60k::base::main::22716,0
qwen_2.5_7b_instruct::trivia_qa_2_60k::base::main::36149,0
qwen_2.5_7b_instruct::trivia_qa_2_60k::base::main::11220,0
qwen_2.5_7b_instruct::trivia_qa_2_60k::base::main::28809,0
qwen_2.5_7b_instruct::trivia_qa_2_60k::base::main::3305,0
qwen_2.5_7b_instruct::trivia_qa_2_60k::base::main::48051,0
qwen_2.5_7b_instruct::trivia_qa_2_60k::base::main::9574,0
qwen_2.5_7b_instruct::trivia_qa_2_60k::base::main::28290,0
qwen_2.5_7b_instruct::trivia_qa_2_60k::base::main::17230,0
qwen_2.5_7b_instruct::trivia_qa_2_60k::base::main::12189,0
qwen_2.5_7b_instruct::trivia_qa_2_60k::base::main::20536,0
qwen_2.5_7b_instruct::trivia_qa_2_60k::base::main::21255,0
qwen_2.5_7b_instruct::trivia_qa_2_60k::base::main::7625,0
qwen_2.5_7b_instruct::trivia_qa_2_60k::base::main::13632,0
qwen_2.5_7b_instruct::trivia_qa_2_60k::base::main::4949,0
qwen_2.5_7b_instruct::trivia_qa_2_60k::base::main::35162,0
qwen_2.5_7b_instruct::trivia_qa_2_60k::base::main::20062,0
qwen_2.5_7b_instruct::trivia_qa_2_60k::base::main::24981,0
qwen_2.5_7b_instruct::trivia_qa_2_60k::base::main::18332,0
qwen_2.5_7b_instruct::trivia_qa_2_60k::base::main::17968,0
qwen_2.5_7b_instruct::trivia_qa_2_60k::base::main::39163,0
qwen_2.5_7b_instruct::trivia_qa_2_60k::base::main::12044,0
qwen_2.5_7b_instruct::trivia_qa_2_60k::base::main::10707,0
qwen_2.5_7b_instruct::trivia_qa_2_60k::base::main::55481,0
qwen_2.5_7b_instruct::trivia_qa_2_60k::base::main::27295,0
qwen_2.5_7b_instruct::trivia_qa_2_60k::base::main::29537,0
qwen_2.5_7b_instruct::trivia_qa_2_60k::base::main::12311,0
qwen_2.5_7b_instruct::trivia_qa_2_60k::base::main::23348,0
qwen_2.5_7b_instruct::trivia_qa_2_60k::base::main::31711,0
qwen_2.5_7b_instruct::trivia_qa_2_60k::base::main::13602,0
qwen_2.5_7b_instruct::trivia_qa_2_60k::base::main::15723,0
qwen_2.5_7b_instruct::trivia_qa_2_60k::base::main::29147,0
qwen_2.5_7b_instruct::trivia_qa_2_60k::base::main::1188,0
qwen_2.5_7b_instruct::trivia_qa_2_60k::base::main::43422,0
qwen_2.5_7b_instruct::trivia_qa_2_60k::base::main::17216,0
qwen_2.5_7b_instruct::trivia_qa_2_60k::base::main::53626,0
qwen_2.5_7b_instruct::trivia_qa_2_60k::base::main::41711,0
qwen_2.5_7b_instruct::trivia_qa_2_60k::base::main::4253,0
qwen_2.5_7b_instruct::trivia_qa_2_60k::base::main::15472,0
qwen_2.5_7b_instruct::trivia_qa_2_60k::base::main::5257,0
qwen_2.5_7b_instruct::trivia_qa_2_60k::base::main::7449,0
qwen_2.5_7b_instruct::trivia_qa_2_60k::base::main::34814,0
qwen_2.5_7b_instruct::trivia_qa_2_60k::base::main::23111,0
qwen_2.5_7b_instruct::trivia_qa_2_60k::base::main::32095,0
qwen_2.5_7b_instruct::trivia_qa_2_60k::base::main::30754,0
qwen_2.5_7b_instruct::trivia_qa_2_60k::base::main::18864,0
qwen_2.5_7b_instruct::trivia_qa_2_60k::base::main::37032,0
qwen_2.5_7b_instruct::trivia_qa_2_60k::base::main::35107,0
qwen_2.5_7b_instruct::trivia_qa_2_60k::base::main::48003,0
qwen_2.5_7b_instruct::trivia_qa_2_60k::base::main::40213,0
qwen_2.5_7b_instruct::trivia_qa_2_60k::base::main::50098,0
qwen_2.5_7b_instruct::trivia_qa_2_60k::base::main::15261,0
qwen_2.5_7b_instruct::trivia_qa_2_60k::base::main::5866,0
qwen_2.5_7b_instruct::trivia_qa_2_60k::base::main::52425,0
qwen_2.5_7b_instruct::trivia_qa_2_60k::base::main::30894,0
qwen_2.5_7b_instruct::trivia_qa_2_60k::base::main::19331,0
qwen_2.5_7b_instruct::trivia_qa_2_60k::base::main::42525,0
qwen_2.5_7b_instruct::trivia_qa_2_60k::base::main::709,0
qwen_2.5_7b_instruct::trivia_qa_2_60k::base::main::34214,0
qwen_2.5_7b_instruct::trivia_qa_2_60k::base::main::51786,0
qwen_2.5_7b_instruct::trivia_qa_2_60k::base::main::28985,0
qwen_2.5_7b_instruct::trivia_qa_2_60k::base::main::43590,0
qwen_2.5_7b_instruct::trivia_qa_2_60k::base::main::2406,0
qwen_2.5_7b_instruct::trivia_qa_2_60k::base::main::42171,0
qwen_2.5_7b_instruct::trivia_qa_2_60k::base::main::28821,0
qwen_2.5_7b_instruct::trivia_qa_2_60k::base::main::55586,0
qwen_2.5_7b_instruct::trivia_qa_2_60k::base::main::34842,0
qwen_2.5_7b_instruct::trivia_qa_2_60k::base::main::39768,0
qwen_2.5_7b_instruct::trivia_qa_2_60k::base::main::22602,0
qwen_2.5_7b_instruct::trivia_qa_2_60k::base::main::44821,0
qwen_2.5_7b_instruct::trivia_qa_2_60k::base::main::26660,0
qwen_2.5_7b_instruct::trivia_qa_2_60k::base::main::43865,0
qwen_2.5_7b_instruct::trivia_qa_2_60k::base::main::14056,0
qwen_2.5_7b_instruct::trivia_qa_2_60k::base::main::45486,0
qwen_2.5_7b_instruct::trivia_qa_2_60k::base::main::43128,0
qwen_2.5_7b_instruct::trivia_qa_2_60k::base::main::27337,0
qwen_2.5_7b_instruct::trivia_qa_2_60k::base::main::45017,0
qwen_2.5_7b_instruct::trivia_qa_2_60k::base::main::14086,0
qwen_2.5_7b_instruct::trivia_qa_2_60k::base::main::42282,0
qwen_2.5_7b_instruct::trivia_qa_2_60k::base::main::57461,0
qwen_2.5_7b_instruct::trivia_qa_2_60k::base::main::52666,0
qwen_2.5_7b_instruct::trivia_qa_2_60k::base::main::24098,0
qwen_2.5_7b_instruct::trivia_qa_2_60k::base::main::14374,0
qwen_2.5_7b_instruct::trivia_qa_2_60k::base::main::44892,0
qwen_2.5_7b_instruct::trivia_qa_2_60k::base::main::41098,0
qwen_2.5_7b_instruct::trivia_qa_2_60k::base::main::34475,0
qwen_2.5_7b_instruct::trivia_qa_2_60k::base::main::47559,0
qwen_2.5_7b_instruct::trivia_qa_2_60k::base::main::3039,0
qwen_2.5_7b_instruct::trivia_qa_2_60k::base::main::17823,0
qwen_2.5_7b_instruct::trivia_qa_2_60k::base::main::16061,0
qwen_2.5_7b_instruct::trivia_qa_2_60k::base::main::27974,0
qwen_2.5_7b_instruct::trivia_qa_2_60k::base::main::51872,0
qwen_2.5_7b_instruct::trivia_qa_2_60k::base::main::44472,0
qwen_2.5_7b_instruct::trivia_qa_2_60k::base::main::52574,0
qwen_2.5_7b_instruct::trivia_qa_2_60k::base::main::53267,0
qwen_2.5_7b_instruct::trivia_qa_2_60k::base::main::9324,0
qwen_2.5_7b_instruct::trivia_qa_2_60k::base::main::6089,0
qwen_2.5_7b_instruct::trivia_qa_2_60k::base::main::20206,0
qwen_2.5_7b_instruct::trivia_qa_2_60k::base::main::17754,0
qwen_2.5_7b_instruct::trivia_qa_2_60k::base::main::16638,0
qwen_2.5_7b_instruct::trivia_qa_2_60k::base::main::2055,0
qwen_2.5_7b_instruct::trivia_qa_2_60k::base::main::19874,0
qwen_2.5_7b_instruct::trivia_qa_2_60k::base::main::27327,0
qwen_2.5_7b_instruct::trivia_qa_2_60k::base::main::48810,0
qwen_2.5_7b_instruct::trivia_qa_2_60k::base::main::36308,0
qwen_2.5_7b_instruct::trivia_qa_2_60k::base::main::2572,0
qwen_2.5_7b_instruct::trivia_qa_2_60k::base::main::41199,0
qwen_2.5_7b_instruct::trivia_qa_2_60k::base::main::41593,0
qwen_2.5_7b_instruct::trivia_qa_2_60k::base::main::40181,0
qwen_2.5_7b_instruct::trivia_qa_2_60k::base::main::32612,0
qwen_2.5_7b_instruct::trivia_qa_2_60k::base::main::25761,0
qwen_2.5_7b_instruct::trivia_qa_2_60k::base::main::18030,0
qwen_2.5_7b_instruct::trivia_qa_2_60k::base::main::1020,0
qwen_2.5_7b_instruct::trivia_qa_2_60k::base::main::18858,0
qwen_2.5_7b_instruct::trivia_qa_2_60k::base::main::39114,0
qwen_2.5_7b_instruct::trivia_qa_2_60k::base::main::3512,0
qwen_2.5_7b_instruct::trivia_qa_2_60k::base::main::14052,0
qwen_2.5_7b_instruct::trivia_qa_2_60k::base::main::46480,0
qwen_2.5_7b_instruct::trivia_qa_2_60k::base::main::12449,0
qwen_2.5_7b_instruct::trivia_qa_2_60k::base::main::34375,0
qwen_2.5_7b_instruct::trivia_qa_2_60k::base::main::21149,0
qwen_2.5_7b_instruct::trivia_qa_2_60k::base::main::19278,0
qwen_2.5_7b_instruct::trivia_qa_2_60k::base::main::53327,0
qwen_2.5_7b_instruct::trivia_qa_2_60k::base::main::14197,0
qwen_2.5_7b_instruct::trivia_qa_2_60k::base::main::56490,0
qwen_2.5_7b_instruct::trivia_qa_2_60k::base::main::15280,0
qwen_2.5_7b_instruct::trivia_qa_2_60k::base::main::40143,0
qwen_2.5_7b_instruct::trivia_qa_2_60k::base::main::53640,0
qwen_2.5_7b_instruct::trivia_qa_2_60k::base::main::1203,0
qwen_2.5_7b_instruct::trivia_qa_2_60k::base::main::53226,0
qwen_2.5_7b_instruct::trivia_qa_2_60k::base::main::43414,0
qwen_2.5_7b_instruct::trivia_qa_2_60k::base::main::27228,0
qwen_2.5_7b_instruct::trivia_qa_2_60k::base::main::18169,0
qwen_2.5_7b_instruct::trivia_qa_2_60k::base::main::28502,0
qwen_2.5_7b_instruct::trivia_qa_2_60k::base::main::933,0
qwen_2.5_7b_instruct::trivia_qa_2_60k::base::main::49217,0
qwen_2.5_7b_instruct::trivia_qa_2_60k::base::main::43890,0
qwen_2.5_7b_instruct::trivia_qa_2_60k::base::main::16551,0
qwen_2.5_7b_instruct::trivia_qa_2_60k::base::main::24109,0
qwen_2.5_7b_instruct::trivia_qa_2_60k::base::main::37408,0
qwen_2.5_7b_instruct::trivia_qa_2_60k::base::main::49145,0
qwen_2.5_7b_instruct::trivia_qa_2_60k::base::main::15678,0
qwen_2.5_7b_instruct::trivia_qa_2_60k::base::main::53420,0
qwen_2.5_7b_instruct::trivia_qa_2_60k::base::main::57752,0
qwen_2.5_7b_instruct::trivia_qa_2_60k::base::main::44553,0
qwen_2.5_7b_instruct::trivia_qa_2_60k::base::main::18031,0
qwen_2.5_7b_instruct::trivia_qa_2_60k::base::main::15084,0
qwen_2.5_7b_instruct::trivia_qa_2_60k::base::main::54684,0
qwen_2.5_7b_instruct::trivia_qa_2_60k::base::main::3319,0
qwen_2.5_7b_instruct::trivia_qa_2_60k::base::main::41021,0
qwen_2.5_7b_instruct::trivia_qa_2_60k::base::main::27888,0
qwen_2.5_7b_instruct::trivia_qa_2_60k::base::main::38458,0
qwen_2.5_7b_instruct::trivia_qa_2_60k::base::main::54056,0
qwen_2.5_7b_instruct::trivia_qa_2_60k::base::main::44337,0
qwen_2.5_7b_instruct::trivia_qa_2_60k::base::main::48965,0
qwen_2.5_7b_instruct::trivia_qa_2_60k::base::main::1631,0
qwen_2.5_7b_instruct::trivia_qa_2_60k::base::main::48746,0
qwen_2.5_7b_instruct::trivia_qa_2_60k::base::main::17460,0
qwen_2.5_7b_instruct::trivia_qa_2_60k::base::main::9629,0
qwen_2.5_7b_instruct::trivia_qa_2_60k::base::main::58021,0
qwen_2.5_7b_instruct::trivia_qa_2_60k::base::main::27505,0
qwen_2.5_7b_instruct::trivia_qa_2_60k::base::main::12092,0
qwen_2.5_7b_instruct::trivia_qa_2_60k::base::main::16579,0
qwen_2.5_7b_instruct::trivia_qa_2_60k::base::main::25279,0
qwen_2.5_7b_instruct::trivia_qa_2_60k::base::main::41276,0
qwen_2.5_7b_instruct::trivia_qa_2_60k::base::main::41431,0
qwen_2.5_7b_instruct::trivia_qa_2_60k::base::main::49025,0
qwen_2.5_7b_instruct::trivia_qa_2_60k::base::main::55322,0
qwen_2.5_7b_instruct::trivia_qa_2_60k::base::main::50414,0
qwen_2.5_7b_instruct::trivia_qa_2_60k::base::main::55384,0
qwen_2.5_7b_instruct::trivia_qa_2_60k::base::main::37861,0
qwen_2.5_7b_instruct::trivia_qa_2_60k::base::main::48175,0
qwen_2.5_7b_instruct::trivia_qa_2_60k::base::main::3146,0
qwen_2.5_7b_instruct::trivia_qa_2_60k::base::main::45639,0
qwen_2.5_7b_instruct::trivia_qa_2_60k::base::main::44741,0
qwen_2.5_7b_instruct::trivia_qa_2_60k::base::main::35124,0
qwen_2.5_7b_instruct::trivia_qa_2_60k::base::main::31302,0
qwen_2.5_7b_instruct::trivia_qa_2_60k::base::main::12490,0
qwen_2.5_7b_instruct::trivia_qa_2_60k::base::main::34688,0
qwen_2.5_7b_instruct::trivia_qa_2_60k::base::main::56586,0
qwen_2.5_7b_instruct::trivia_qa_2_60k::base::main::2129,0
qwen_2.5_7b_instruct::trivia_qa_2_60k::base::main::58210,0
qwen_2.5_7b_instruct::trivia_qa_2_60k::base::main::12551,0
qwen_2.5_7b_instruct::trivia_qa_2_60k::base::main::24322,0
qwen_2.5_7b_instruct::trivia_qa_2_60k::base::main::51958,0
qwen_2.5_7b_instruct::trivia_qa_2_60k::base::main::56643,0
qwen_2.5_7b_instruct::trivia_qa_2_60k::base::main::6215,0
qwen_2.5_7b_instruct::trivia_qa_2_60k::base::main::27575,0
qwen_2.5_7b_instruct::trivia_qa_2_60k::base::main::46791,0
qwen_2.5_7b_instruct::trivia_qa_2_60k::base::main::15556,0
qwen_2.5_7b_instruct::trivia_qa_2_60k::base::main::13028,0
qwen_2.5_7b_instruct::trivia_qa_2_60k::base::main::12452,0
qwen_2.5_7b_instruct::trivia_qa_2_60k::base::main::25436,0
qwen_2.5_7b_instruct::trivia_qa_2_60k::base::main::25936,0
qwen_2.5_7b_instruct::trivia_qa_2_60k::base::main::32299,0
qwen_2.5_7b_instruct::trivia_qa_2_60k::base::main::20560,0
qwen_2.5_7b_instruct::trivia_qa_2_60k::base::main::57332,0
qwen_2.5_7b_instruct::trivia_qa_2_60k::base::main::43929,0
qwen_2.5_7b_instruct::trivia_qa_2_60k::base::main::44254,0
qwen_2.5_7b_instruct::trivia_qa_2_60k::base::main::20778,0
qwen_2.5_7b_instruct::trivia_qa_2_60k::base::main::19287,0
qwen_2.5_7b_instruct::trivia_qa_2_60k::base::main::29847,0
qwen_2.5_7b_instruct::trivia_qa_2_60k::base::main::38646,0
qwen_2.5_7b_instruct::trivia_qa_2_60k::base::main::11898,0
qwen_2.5_7b_instruct::trivia_qa_2_60k::base::main::4552,0
qwen_2.5_7b_instruct::trivia_qa_2_60k::base::main::33228,0
qwen_2.5_7b_instruct::trivia_qa_2_60k::base::main::9858,0
qwen_2.5_7b_instruct::trivia_qa_2_60k::base::main::33818,0
qwen_2.5_7b_instruct::trivia_qa_2_60k::base::main::37650,0
qwen_2.5_7b_instruct::trivia_qa_2_60k::base::main::41887,0
qwen_2.5_7b_instruct::trivia_qa_2_60k::base::main::19106,0
qwen_2.5_7b_instruct::trivia_qa_2_60k::base::main::27233,0
qwen_2.5_7b_instruct::trivia_qa_2_60k::base::main::41528,0
qwen_2.5_7b_instruct::trivia_qa_2_60k::base::main::14809,0
qwen_2.5_7b_instruct::trivia_qa_2_60k::base::main::30591,0
qwen_2.5_7b_instruct::trivia_qa_2_60k::base::main::57351,0
qwen_2.5_7b_instruct::trivia_qa_2_60k::base::main::53530,0
qwen_2.5_7b_instruct::trivia_qa_2_60k::base::main::12683,0
qwen_2.5_7b_instruct::trivia_qa_2_60k::base::main::37714,0
qwen_2.5_7b_instruct::trivia_qa_2_60k::base::main::39332,0
qwen_2.5_7b_instruct::trivia_qa_2_60k::base::main::37501,0
qwen_2.5_7b_instruct::trivia_qa_2_60k::base::main::2272,0
qwen_2.5_7b_instruct::trivia_qa_2_60k::base::main::31139,0
qwen_2.5_7b_instruct::trivia_qa_2_60k::base::main::8070,0
qwen_2.5_7b_instruct::trivia_qa_2_60k::base::main::55275,0
qwen_2.5_7b_instruct::trivia_qa_2_60k::base::main::39353,0
qwen_2.5_7b_instruct::trivia_qa_2_60k::base::main::47457,0
qwen_2.5_7b_instruct::trivia_qa_2_60k::base::main::23187,0
qwen_2.5_7b_instruct::trivia_qa_2_60k::base::main::29021,0
qwen_2.5_7b_instruct::trivia_qa_2_60k::base::main::41552,0
qwen_2.5_7b_instruct::trivia_qa_2_60k::base::main::55738,0
qwen_2.5_7b_instruct::trivia_qa_2_60k::base::main::39695,0
qwen_2.5_7b_instruct::trivia_qa_2_60k::base::main::54792,0
qwen_2.5_7b_instruct::trivia_qa_2_60k::base::main::53556,0
qwen_2.5_7b_instruct::trivia_qa_2_60k::base::main::40187,0
qwen_2.5_7b_instruct::trivia_qa_2_60k::base::main::16310,0
qwen_2.5_7b_instruct::trivia_qa_2_60k::base::main::8735,0
qwen_2.5_7b_instruct::trivia_qa_2_60k::base::main::29111,0
qwen_2.5_7b_instruct::trivia_qa_2_60k::base::main::40858,0
qwen_2.5_7b_instruct::trivia_qa_2_60k::base::main::12358,0
qwen_2.5_7b_instruct::trivia_qa_2_60k::base::main::36032,0
qwen_2.5_7b_instruct::trivia_qa_2_60k::base::main::53156,0
qwen_2.5_7b_instruct::trivia_qa_2_60k::base::main::23707,0
qwen_2.5_7b_instruct::trivia_qa_2_60k::base::main::15768,0
qwen_2.5_7b_instruct::trivia_qa_2_60k::base::main::28647,0
qwen_2.5_7b_instruct::trivia_qa_2_60k::base::main::6513,0
qwen_2.5_7b_instruct::trivia_qa_2_60k::base::main::19373,0
qwen_2.5_7b_instruct::trivia_qa_2_60k::base::main::23282,0
qwen_2.5_7b_instruct::trivia_qa_2_60k::base::main::35338,0
qwen_2.5_7b_instruct::trivia_qa_2_60k::base::main::1417,0
qwen_2.5_7b_instruct::trivia_qa_2_60k::base::main::42597,0
qwen_2.5_7b_instruct::trivia_qa_2_60k::base::main::50910,0
qwen_2.5_7b_instruct::trivia_qa_2_60k::base::main::42062,0
qwen_2.5_7b_instruct::trivia_qa_2_60k::base::main::37053,0
qwen_2.5_7b_instruct::trivia_qa_2_60k::base::main::45164,0
qwen_2.5_7b_instruct::trivia_qa_2_60k::base::main::35902,0
qwen_2.5_7b_instruct::trivia_qa_2_60k::base::main::10464,0
qwen_2.5_7b_instruct::trivia_qa_2_60k::base::main::4767,0
qwen_2.5_7b_instruct::trivia_qa_2_60k::base::main::7887,0
qwen_2.5_7b_instruct::trivia_qa_2_60k::base::main::54996,0
qwen_2.5_7b_instruct::trivia_qa_2_60k::base::main::32513,0
qwen_2.5_7b_instruct::trivia_qa_2_60k::base::main::49109,0
qwen_2.5_7b_instruct::trivia_qa_2_60k::base::main::51204,0
qwen_2.5_7b_instruct::trivia_qa_2_60k::base::main::53865,0
qwen_2.5_7b_instruct::trivia_qa_2_60k::base::main::10358,0
qwen_2.5_7b_instruct::trivia_qa_2_60k::base::main::36682,0
qwen_2.5_7b_instruct::trivia_qa_2_60k::base::main::16916,0
qwen_2.5_7b_instruct::trivia_qa_2_60k::base::main::29073,0
qwen_2.5_7b_instruct::trivia_qa_2_60k::base::main::19309,0
qwen_2.5_7b_instruct::trivia_qa_2_60k::base::main::58346,0
qwen_2.5_7b_instruct::trivia_qa_2_60k::base::main::26039,0
qwen_2.5_7b_instruct::trivia_qa_2_60k::base::main::24808,0
qwen_2.5_7b_instruct::trivia_qa_2_60k::base::main::27578,0
qwen_2.5_7b_instruct::trivia_qa_2_60k::base::main::27717,0
qwen_2.5_7b_instruct::trivia_qa_2_60k::base::main::46052,0
qwen_2.5_7b_instruct::trivia_qa_2_60k::base::main::52040,0
qwen_2.5_7b_instruct::trivia_qa_2_60k::base::main::10295,0
qwen_2.5_7b_instruct::trivia_qa_2_60k::base::main::15534,0
qwen_2.5_7b_instruct::trivia_qa_2_60k::base::main::46627,0
qwen_2.5_7b_instruct::trivia_qa_2_60k::base::main::20196,0
qwen_2.5_7b_instruct::trivia_qa_2_60k::base::main::39021,0
qwen_2.5_7b_instruct::trivia_qa_2_60k::base::main::19133,0
qwen_2.5_7b_instruct::trivia_qa_2_60k::base::main::49278,0
qwen_2.5_7b_instruct::trivia_qa_2_60k::base::main::4711,0
qwen_2.5_7b_instruct::trivia_qa_2_60k::base::main::8645,0
qwen_2.5_7b_instruct::trivia_qa_2_60k::base::main::3747,0
qwen_2.5_7b_instruct::trivia_qa_2_60k::base::main::16083,0
qwen_2.5_7b_instruct::trivia_qa_2_60k::base::main::8904,0
qwen_2.5_7b_instruct::trivia_qa_2_60k::base::main::54820,0
qwen_2.5_7b_instruct::trivia_qa_2_60k::base::main::12724,0
qwen_2.5_7b_instruct::trivia_qa_2_60k::base::main::33923,0
qwen_2.5_7b_instruct::trivia_qa_2_60k::base::main::10103,0
qwen_2.5_7b_instruct::trivia_qa_2_60k::base::main::18505,0
qwen_2.5_7b_instruct::trivia_qa_2_60k::base::main::23176,0
qwen_2.5_7b_instruct::trivia_qa_2_60k::base::main::39192,0
qwen_2.5_7b_instruct::trivia_qa_2_60k::base::main::53468,0
qwen_2.5_7b_instruct::trivia_qa_2_60k::base::main::38991,0
qwen_2.5_7b_instruct::trivia_qa_2_60k::base::main::19686,0
qwen_2.5_7b_instruct::trivia_qa_2_60k::base::main::52356,0
qwen_2.5_7b_instruct::trivia_qa_2_60k::base::main::31788,0
qwen_2.5_7b_instruct::trivia_qa_2_60k::base::main::27264,0
qwen_2.5_7b_instruct::trivia_qa_2_60k::base::main::1040,0
qwen_2.5_7b_instruct::trivia_qa_2_60k::base::main::40058,0
qwen_2.5_7b_instruct::trivia_qa_2_60k::base::main::54747,0
qwen_2.5_7b_instruct::trivia_qa_2_60k::base::main::17924,0
qwen_2.5_7b_instruct::trivia_qa_2_60k::base::main::3251,0
qwen_2.5_7b_instruct::trivia_qa_2_60k::base::main::35774,0
qwen_2.5_7b_instruct::trivia_qa_2_60k::base::main::49646,0
qwen_2.5_7b_instruct::trivia_qa_2_60k::base::main::50718,0
qwen_2.5_7b_instruct::trivia_qa_2_60k::base::main::37997,0
qwen_2.5_7b_instruct::trivia_qa_2_60k::base::main::4420,0
qwen_2.5_7b_instruct::trivia_qa_2_60k::base::main::57598,0
qwen_2.5_7b_instruct::trivia_qa_2_60k::base::main::47513,0
qwen_2.5_7b_instruct::trivia_qa_2_60k::base::main::29505,0
qwen_2.5_7b_instruct::trivia_qa_2_60k::base::main::7525,0
qwen_2.5_7b_instruct::trivia_qa_2_60k::base::main::10392,0
qwen_2.5_7b_instruct::trivia_qa_2_60k::base::main::15358,0
qwen_2.5_7b_instruct::trivia_qa_2_60k::base::main::52924,0
qwen_2.5_7b_instruct::trivia_qa_2_60k::base::main::25142,0
qwen_2.5_7b_instruct::trivia_qa_2_60k::base::main::27623,0
qwen_2.5_7b_instruct::trivia_qa_2_60k::base::main::24027,0
qwen_2.5_7b_instruct::trivia_qa_2_60k::base::main::5355,0
qwen_2.5_7b_instruct::trivia_qa_2_60k::base::main::56451,0
qwen_2.5_7b_instruct::trivia_qa_2_60k::base::main::30060,0
qwen_2.5_7b_instruct::trivia_qa_2_60k::base::main::54733,0
qwen_2.5_7b_instruct::trivia_qa_2_60k::base::main::32514,0
qwen_2.5_7b_instruct::trivia_qa_2_60k::base::main::4076,0
qwen_2.5_7b_instruct::trivia_qa_2_60k::base::main::49714,0
qwen_2.5_7b_instruct::trivia_qa_2_60k::base::main::24805,0
qwen_2.5_7b_instruct::trivia_qa_2_60k::base::main::45575,0
qwen_2.5_7b_instruct::trivia_qa_2_60k::base::main::23055,0
qwen_2.5_7b_instruct::trivia_qa_2_60k::base::main::7464,0
qwen_2.5_7b_instruct::trivia_qa_2_60k::base::main::6530,0
qwen_2.5_7b_instruct::trivia_qa_2_60k::base::main::48584,0
qwen_2.5_7b_instruct::trivia_qa_2_60k::base::main::2101,0
qwen_2.5_7b_instruct::trivia_qa_2_60k::base::main::2315,0
qwen_2.5_7b_instruct::trivia_qa_2_60k::base::main::33994,0
qwen_2.5_7b_instruct::trivia_qa_2_60k::base::main::45898,0
qwen_2.5_7b_instruct::trivia_qa_2_60k::base::main::45621,0
qwen_2.5_7b_instruct::trivia_qa_2_60k::base::main::11610,0
qwen_2.5_7b_instruct::trivia_qa_2_60k::base::main::4576,0
qwen_2.5_7b_instruct::trivia_qa_2_60k::base::main::20687,0
qwen_2.5_7b_instruct::trivia_qa_2_60k::base::main::31271,0
qwen_2.5_7b_instruct::trivia_qa_2_60k::base::main::4451,0
qwen_2.5_7b_instruct::trivia_qa_2_60k::base::main::22211,0
qwen_2.5_7b_instruct::trivia_qa_2_60k::base::main::18407,0
qwen_2.5_7b_instruct::trivia_qa_2_60k::base::main::15379,0
qwen_2.5_7b_instruct::trivia_qa_2_60k::base::main::32004,0
qwen_2.5_7b_instruct::trivia_qa_2_60k::base::main::44245,0
qwen_2.5_7b_instruct::trivia_qa_2_60k::base::main::48990,0
qwen_2.5_7b_instruct::trivia_qa_2_60k::base::main::20802,0
qwen_2.5_7b_instruct::trivia_qa_2_60k::base::main::31017,0
qwen_2.5_7b_instruct::trivia_qa_2_60k::base::main::45882,0
qwen_2.5_7b_instruct::trivia_qa_2_60k::base::main::56649,0
qwen_2.5_7b_instruct::trivia_qa_2_60k::base::main::33626,0
qwen_2.5_7b_instruct::trivia_qa_2_60k::base::main::20509,0
qwen_2.5_7b_instruct::trivia_qa_2_60k::base::main::3645,0
qwen_2.5_7b_instruct::trivia_qa_2_60k::base::main::50761,0
qwen_2.5_7b_instruct::trivia_qa_2_60k::base::main::26220,0
qwen_2.5_7b_instruct::trivia_qa_2_60k::base::main::19805,0
qwen_2.5_7b_instruct::trivia_qa_2_60k::base::main::26651,0
qwen_2.5_7b_instruct::trivia_qa_2_60k::base::main::23266,0
qwen_2.5_7b_instruct::trivia_qa_2_60k::base::main::18373,0
qwen_2.5_7b_instruct::trivia_qa_2_60k::base::main::29849,0
qwen_2.5_7b_instruct::trivia_qa_2_60k::base::main::46733,0
qwen_2.5_7b_instruct::trivia_qa_2_60k::base::main::18045,0
qwen_2.5_7b_instruct::trivia_qa_2_60k::base::main::46162,0
qwen_2.5_7b_instruct::trivia_qa_2_60k::base::main::18138,0
qwen_2.5_7b_instruct::trivia_qa_2_60k::base::main::1315,0
qwen_2.5_7b_instruct::trivia_qa_2_60k::base::main::16441,0
qwen_2.5_7b_instruct::trivia_qa_2_60k::base::main::13426,0
qwen_2.5_7b_instruct::trivia_qa_2_60k::base::main::32310,0
qwen_2.5_7b_instruct::trivia_qa_2_60k::base::main::38,0
qwen_2.5_7b_instruct::trivia_qa_2_60k::base::main::49753,0
qwen_2.5_7b_instruct::trivia_qa_2_60k::base::main::14151,0
qwen_2.5_7b_instruct::trivia_qa_2_60k::base::main::46338,0
qwen_2.5_7b_instruct::trivia_qa_2_60k::base::main::39212,0
qwen_2.5_7b_instruct::trivia_qa_2_60k::base::main::7047,0
qwen_2.5_7b_instruct::trivia_qa_2_60k::base::main::16609,0
qwen_2.5_7b_instruct::trivia_qa_2_60k::base::main::9300,0
qwen_2.5_7b_instruct::trivia_qa_2_60k::base::main::36352,0
qwen_2.5_7b_instruct::trivia_qa_2_60k::base::main::51709,0
qwen_2.5_7b_instruct::trivia_qa_2_60k::base::main::17906,0
qwen_2.5_7b_instruct::trivia_qa_2_60k::base::main::20399,0
qwen_2.5_7b_instruct::trivia_qa_2_60k::base::main::18195,0
qwen_2.5_7b_instruct::trivia_qa_2_60k::base::main::56076,0
qwen_2.5_7b_instruct::trivia_qa_2_60k::base::main::15947,0
qwen_2.5_7b_instruct::trivia_qa_2_60k::base::main::52948,0
qwen_2.5_7b_instruct::trivia_qa_2_60k::base::main::837,0
qwen_2.5_7b_instruct::trivia_qa_2_60k::base::main::38742,0
qwen_2.5_7b_instruct::trivia_qa_2_60k::base::main::53806,0
qwen_2.5_7b_instruct::trivia_qa_2_60k::base::main::11711,0
qwen_2.5_7b_instruct::trivia_qa_2_60k::base::main::33957,0
qwen_2.5_7b_instruct::trivia_qa_2_60k::base::main::50674,0
qwen_2.5_7b_instruct::trivia_qa_2_60k::base::main::48273,0
qwen_2.5_7b_instruct::trivia_qa_2_60k::base::main::40827,0
qwen_2.5_7b_instruct::trivia_qa_2_60k::base::main::35300,0
qwen_2.5_7b_instruct::trivia_qa_2_60k::base::main::16439,0
qwen_2.5_7b_instruct::trivia_qa_2_60k::base::main::42680,0
qwen_2.5_7b_instruct::trivia_qa_2_60k::base::main::43841,0
qwen_2.5_7b_instruct::trivia_qa_2_60k::base::main::20426,0
qwen_2.5_7b_instruct::trivia_qa_2_60k::base::main::21045,0
qwen_2.5_7b_instruct::trivia_qa_2_60k::base::main::1536,0
qwen_2.5_7b_instruct::trivia_qa_2_60k::base::main::26226,0
qwen_2.5_7b_instruct::trivia_qa_2_60k::base::main::38204,0
qwen_2.5_7b_instruct::trivia_qa_2_60k::base::main::27715,0
qwen_2.5_7b_instruct::trivia_qa_2_60k::base::main::34381,0
qwen_2.5_7b_instruct::trivia_qa_2_60k::base::main::34712,0
qwen_2.5_7b_instruct::trivia_qa_2_60k::base::main::40203,0
qwen_2.5_7b_instruct::trivia_qa_2_60k::base::main::26213,0
qwen_2.5_7b_instruct::trivia_qa_2_60k::base::main::11441,0
qwen_2.5_7b_instruct::trivia_qa_2_60k::base::main::36576,0
qwen_2.5_7b_instruct::trivia_qa_2_60k::base::main::51669,0
qwen_2.5_7b_instruct::trivia_qa_2_60k::base::main::43060,0
qwen_2.5_7b_instruct::trivia_qa_2_60k::base::main::14392,0
qwen_2.5_7b_instruct::trivia_qa_2_60k::base::main::36206,0
qwen_2.5_7b_instruct::trivia_qa_2_60k::base::main::12718,0
qwen_2.5_7b_instruct::trivia_qa_2_60k::base::main::47380,0
qwen_2.5_7b_instruct::trivia_qa_2_60k::base::main::4620,0
qwen_2.5_7b_instruct::trivia_qa_2_60k::base::main::29380,0
qwen_2.5_7b_instruct::trivia_qa_2_60k::base::main::53027,0
qwen_2.5_7b_instruct::trivia_qa_2_60k::base::main::7173,0
qwen_2.5_7b_instruct::trivia_qa_2_60k::base::main::37213,0
qwen_2.5_7b_instruct::trivia_qa_2_60k::base::main::19176,0
qwen_2.5_7b_instruct::trivia_qa_2_60k::base::main::41720,0
qwen_2.5_7b_instruct::trivia_qa_2_60k::base::main::29217,0
qwen_2.5_7b_instruct::trivia_qa_2_60k::base::main::29676,0
qwen_2.5_7b_instruct::trivia_qa_2_60k::base::main::20189,0
qwen_2.5_7b_instruct::trivia_qa_2_60k::base::main::35777,0
qwen_2.5_7b_instruct::trivia_qa_2_60k::base::main::25,0
qwen_2.5_7b_instruct::trivia_qa_2_60k::base::main::38488,0
qwen_2.5_7b_instruct::trivia_qa_2_60k::base::main::56799,0
qwen_2.5_7b_instruct::trivia_qa_2_60k::base::main::17297,0
qwen_2.5_7b_instruct::trivia_qa_2_60k::base::main::26643,0
qwen_2.5_7b_instruct::trivia_qa_2_60k::base::main::11585,0
qwen_2.5_7b_instruct::trivia_qa_2_60k::base::main::24926,0
qwen_2.5_7b_instruct::trivia_qa_2_60k::base::main::52100,0
qwen_2.5_7b_instruct::trivia_qa_2_60k::base::main::6693,0
qwen_2.5_7b_instruct::trivia_qa_2_60k::base::main::42089,0
qwen_2.5_7b_instruct::trivia_qa_2_60k::base::main::22236,0
qwen_2.5_7b_instruct::trivia_qa_2_60k::base::main::40140,0
qwen_2.5_7b_instruct::trivia_qa_2_60k::base::main::24670,0
qwen_2.5_7b_instruct::trivia_qa_2_60k::base::main::53294,0
qwen_2.5_7b_instruct::trivia_qa_2_60k::base::main::36145,0
qwen_2.5_7b_instruct::trivia_qa_2_60k::base::main::868,0
qwen_2.5_7b_instruct::trivia_qa_2_60k::base::main::27162,0
qwen_2.5_7b_instruct::trivia_qa_2_60k::base::main::3669,0
qwen_2.5_7b_instruct::trivia_qa_2_60k::base::main::24749,0
qwen_2.5_7b_instruct::trivia_qa_2_60k::base::main::35477,0
qwen_2.5_7b_instruct::trivia_qa_2_60k::base::main::20406,0
qwen_2.5_7b_instruct::trivia_qa_2_60k::base::main::26347,0
qwen_2.5_7b_instruct::trivia_qa_2_60k::base::main::14864,0
qwen_2.5_7b_instruct::trivia_qa_2_60k::base::main::55619,0
qwen_2.5_7b_instruct::trivia_qa_2_60k::base::main::3678,0
qwen_2.5_7b_instruct::trivia_qa_2_60k::base::main::58051,0
qwen_2.5_7b_instruct::trivia_qa_2_60k::base::main::10271,0
qwen_2.5_7b_instruct::trivia_qa_2_60k::base::main::6609,0
qwen_2.5_7b_instruct::trivia_qa_2_60k::base::main::4659,0
qwen_2.5_7b_instruct::trivia_qa_2_60k::base::main::51698,0
qwen_2.5_7b_instruct::trivia_qa_2_60k::base::main::5110,0
qwen_2.5_7b_instruct::trivia_qa_2_60k::base::main::16850,0
qwen_2.5_7b_instruct::trivia_qa_2_60k::base::main::14365,0
qwen_2.5_7b_instruct::trivia_qa_2_60k::base::main::24037,0
qwen_2.5_7b_instruct::trivia_qa_2_60k::base::main::17944,0
qwen_2.5_7b_instruct::trivia_qa_2_60k::base::main::37149,0
qwen_2.5_7b_instruct::trivia_qa_2_60k::base::main::45997,0
qwen_2.5_7b_instruct::trivia_qa_2_60k::base::main::8218,0
qwen_2.5_7b_instruct::trivia_qa_2_60k::base::main::20127,0
qwen_2.5_7b_instruct::trivia_qa_2_60k::base::main::52462,0
qwen_2.5_7b_instruct::trivia_qa_2_60k::base::main::55101,0
qwen_2.5_7b_instruct::trivia_qa_2_60k::base::main::41935,0
qwen_2.5_7b_instruct::trivia_qa_2_60k::base::main::17259,0
qwen_2.5_7b_instruct::trivia_qa_2_60k::base::main::54153,0
qwen_2.5_7b_instruct::trivia_qa_2_60k::base::main::49047,0
qwen_2.5_7b_instruct::trivia_qa_2_60k::base::main::13308,0
qwen_2.5_7b_instruct::trivia_qa_2_60k::base::main::14786,0
qwen_2.5_7b_instruct::trivia_qa_2_60k::base::main::43614,0
qwen_2.5_7b_instruct::trivia_qa_2_60k::base::main::19781,0
qwen_2.5_7b_instruct::trivia_qa_2_60k::base::main::12260,0
qwen_2.5_7b_instruct::trivia_qa_2_60k::base::main::12722,0
qwen_2.5_7b_instruct::trivia_qa_2_60k::base::main::28315,0
qwen_2.5_7b_instruct::trivia_qa_2_60k::base::main::56840,0
qwen_2.5_7b_instruct::trivia_qa_2_60k::base::main::22260,0
qwen_2.5_7b_instruct::trivia_qa_2_60k::base::main::42255,0
qwen_2.5_7b_instruct::trivia_qa_2_60k::base::main::28814,0
qwen_2.5_7b_instruct::trivia_qa_2_60k::base::main::5552,0
qwen_2.5_7b_instruct::trivia_qa_2_60k::base::main::48849,0
qwen_2.5_7b_instruct::trivia_qa_2_60k::base::main::38326,0
qwen_2.5_7b_instruct::trivia_qa_2_60k::base::main::7140,0
qwen_2.5_7b_instruct::trivia_qa_2_60k::base::main::19403,0
qwen_2.5_7b_instruct::trivia_qa_2_60k::base::main::41600,0
qwen_2.5_7b_instruct::trivia_qa_2_60k::base::main::47099,0
qwen_2.5_7b_instruct::trivia_qa_2_60k::base::main::5096,0
qwen_2.5_7b_instruct::trivia_qa_2_60k::base::main::44371,0
qwen_2.5_7b_instruct::trivia_qa_2_60k::base::main::46877,0
qwen_2.5_7b_instruct::trivia_qa_2_60k::base::main::38836,0
qwen_2.5_7b_instruct::trivia_qa_2_60k::base::main::54871,0
qwen_2.5_7b_instruct::trivia_qa_2_60k::base::main::55190,0
qwen_2.5_7b_instruct::trivia_qa_2_60k::base::main::41803,0
qwen_2.5_7b_instruct::trivia_qa_2_60k::base::main::14432,0
qwen_2.5_7b_instruct::trivia_qa_2_60k::base::main::42529,0
qwen_2.5_7b_instruct::trivia_qa_2_60k::base::main::1946,0
qwen_2.5_7b_instruct::trivia_qa_2_60k::base::main::23029,0
qwen_2.5_7b_instruct::trivia_qa_2_60k::base::main::25083,0
qwen_2.5_7b_instruct::trivia_qa_2_60k::base::main::57037,0
qwen_2.5_7b_instruct::trivia_qa_2_60k::base::main::56659,0
qwen_2.5_7b_instruct::trivia_qa_2_60k::base::main::53081,0
qwen_2.5_7b_instruct::trivia_qa_2_60k::base::main::37762,0
qwen_2.5_7b_instruct::trivia_qa_2_60k::base::main::8096,0
qwen_2.5_7b_instruct::trivia_qa_2_60k::base::main::48213,0
qwen_2.5_7b_instruct::trivia_qa_2_60k::base::main::23570,0
qwen_2.5_7b_instruct::trivia_qa_2_60k::base::main::15551,0
qwen_2.5_7b_instruct::trivia_qa_2_60k::base::main::49976,0
qwen_2.5_7b_instruct::trivia_qa_2_60k::base::main::48506,0
qwen_2.5_7b_instruct::trivia_qa_2_60k::base::main::58542,0
qwen_2.5_7b_instruct::trivia_qa_2_60k::base::main::37846,0
qwen_2.5_7b_instruct::trivia_qa_2_60k::base::main::23569,0
qwen_2.5_7b_instruct::trivia_qa_2_60k::base::main::9049,0
qwen_2.5_7b_instruct::trivia_qa_2_60k::base::main::21518,0
qwen_2.5_7b_instruct::trivia_qa_2_60k::base::main::28830,0
qwen_2.5_7b_instruct::trivia_qa_2_60k::base::main::32554,0
qwen_2.5_7b_instruct::trivia_qa_2_60k::base::main::18193,0
qwen_2.5_7b_instruct::trivia_qa_2_60k::base::main::22559,0
qwen_2.5_7b_instruct::trivia_qa_2_60k::base::main::37566,0
qwen_2.5_7b_instruct::trivia_qa_2_60k::base::main::49140,0
qwen_2.5_7b_instruct::trivia_qa_2_60k::base::main::13468,0
qwen_2.5_7b_instruct::trivia_qa_2_60k::base::main::12350,0
qwen_2.5_7b_instruct::trivia_qa_2_60k::base::main::28614,0
qwen_2.5_7b_instruct::trivia_qa_2_60k::base::main::34568,0
qwen_2.5_7b_instruct::trivia_qa_2_60k::base::main::39393,0
qwen_2.5_7b_instruct::trivia_qa_2_60k::base::main::40459,0
qwen_2.5_7b_instruct::trivia_qa_2_60k::base::main::26433,0
qwen_2.5_7b_instruct::trivia_qa_2_60k::base::main::56344,0
qwen_2.5_7b_instruct::trivia_qa_2_60k::base::main::6251,0
qwen_2.5_7b_instruct::trivia_qa_2_60k::base::main::34778,0
qwen_2.5_7b_instruct::trivia_qa_2_60k::base::main::35578,0
qwen_2.5_7b_instruct::trivia_qa_2_60k::base::main::33284,0
qwen_2.5_7b_instruct::trivia_qa_2_60k::base::main::54185,0
qwen_2.5_7b_instruct::trivia_qa_2_60k::base::main::15576,0
qwen_2.5_7b_instruct::trivia_qa_2_60k::base::main::6779,0
qwen_2.5_7b_instruct::trivia_qa_2_60k::base::main::437,0
qwen_2.5_7b_instruct::trivia_qa_2_60k::base::main::4538,0
qwen_2.5_7b_instruct::trivia_qa_2_60k::base::main::40347,0
qwen_2.5_7b_instruct::trivia_qa_2_60k::base::main::29076,0
qwen_2.5_7b_instruct::trivia_qa_2_60k::base::main::31110,0
qwen_2.5_7b_instruct::trivia_qa_2_60k::base::main::1777,0
qwen_2.5_7b_instruct::trivia_qa_2_60k::base::main::41113,0
qwen_2.5_7b_instruct::trivia_qa_2_60k::base::main::44442,0
qwen_2.5_7b_instruct::trivia_qa_2_60k::base::main::9001,0
qwen_2.5_7b_instruct::trivia_qa_2_60k::base::main::42297,0
qwen_2.5_7b_instruct::trivia_qa_2_60k::base::main::16384,0
qwen_2.5_7b_instruct::trivia_qa_2_60k::base::main::1482,0
qwen_2.5_7b_instruct::trivia_qa_2_60k::base::main::20028,0
qwen_2.5_7b_instruct::trivia_qa_2_60k::base::main::52080,0
qwen_2.5_7b_instruct::trivia_qa_2_60k::base::main::54694,0
qwen_2.5_7b_instruct::trivia_qa_2_60k::base::main::40727,0
qwen_2.5_7b_instruct::trivia_qa_2_60k::base::main::43942,0
qwen_2.5_7b_instruct::trivia_qa_2_60k::base::main::29805,0
qwen_2.5_7b_instruct::trivia_qa_2_60k::base::main::43998,0
qwen_2.5_7b_instruct::trivia_qa_2_60k::base::main::11018,0
qwen_2.5_7b_instruct::trivia_qa_2_60k::base::main::9565,0
qwen_2.5_7b_instruct::trivia_qa_2_60k::base::main::44223,0
qwen_2.5_7b_instruct::trivia_qa_2_60k::base::main::52621,0
qwen_2.5_7b_instruct::trivia_qa_2_60k::base::main::10541,0
qwen_2.5_7b_instruct::trivia_qa_2_60k::base::main::16149,0
qwen_2.5_7b_instruct::trivia_qa_2_60k::base::main::45298,0
qwen_2.5_7b_instruct::trivia_qa_2_60k::base::main::19791,0
qwen_2.5_7b_instruct::trivia_qa_2_60k::base::main::36748,0
qwen_2.5_7b_instruct::trivia_qa_2_60k::base::main::42173,0
qwen_2.5_7b_instruct::trivia_qa_2_60k::base::main::17967,0
qwen_2.5_7b_instruct::trivia_qa_2_60k::base::main::54080,0
qwen_2.5_7b_instruct::trivia_qa_2_60k::base::main::48041,0
qwen_2.5_7b_instruct::trivia_qa_2_60k::base::main::30199,0
qwen_2.5_7b_instruct::trivia_qa_2_60k::base::main::11515,0
qwen_2.5_7b_instruct::trivia_qa_2_60k::base::main::40643,0
qwen_2.5_7b_instruct::trivia_qa_2_60k::base::main::26865,0
qwen_2.5_7b_instruct::trivia_qa_2_60k::base::main::16702,0
qwen_2.5_7b_instruct::trivia_qa_2_60k::base::main::3544,0
qwen_2.5_7b_instruct::trivia_qa_2_60k::base::main::52993,0
qwen_2.5_7b_instruct::trivia_qa_2_60k::base::main::34004,0
qwen_2.5_7b_instruct::trivia_qa_2_60k::base::main::4318,0
qwen_2.5_7b_instruct::trivia_qa_2_60k::base::main::29795,0
qwen_2.5_7b_instruct::trivia_qa_2_60k::base::main::46315,0
qwen_2.5_7b_instruct::trivia_qa_2_60k::base::main::6600,0
qwen_2.5_7b_instruct::trivia_qa_2_60k::base::main::44506,0
qwen_2.5_7b_instruct::trivia_qa_2_60k::base::main::3617,0
qwen_2.5_7b_instruct::trivia_qa_2_60k::base::main::37526,0
qwen_2.5_7b_instruct::trivia_qa_2_60k::base::main::39115,0
qwen_2.5_7b_instruct::trivia_qa_2_60k::base::main::57676,0
qwen_2.5_7b_instruct::trivia_qa_2_60k::base::main::33667,0
qwen_2.5_7b_instruct::trivia_qa_2_60k::base::main::4071,0
qwen_2.5_7b_instruct::trivia_qa_2_60k::base::main::55898,0
qwen_2.5_7b_instruct::trivia_qa_2_60k::base::main::37405,0
qwen_2.5_7b_instruct::trivia_qa_2_60k::base::main::33351,0
qwen_2.5_7b_instruct::trivia_qa_2_60k::base::main::25497,0
qwen_2.5_7b_instruct::trivia_qa_2_60k::base::main::7345,0
qwen_2.5_7b_instruct::trivia_qa_2_60k::base::main::4506,0
qwen_2.5_7b_instruct::trivia_qa_2_60k::base::main::38185,0
qwen_2.5_7b_instruct::trivia_qa_2_60k::base::main::34029,0
qwen_2.5_7b_instruct::trivia_qa_2_60k::base::main::34155,0
qwen_2.5_7b_instruct::trivia_qa_2_60k::base::main::3234,0
qwen_2.5_7b_instruct::trivia_qa_2_60k::base::main::51974,0
qwen_2.5_7b_instruct::trivia_qa_2_60k::base::main::42178,0
qwen_2.5_7b_instruct::trivia_qa_2_60k::base::main::7052,0
qwen_2.5_7b_instruct::trivia_qa_2_60k::base::main::41268,0
qwen_2.5_7b_instruct::trivia_qa_2_60k::base::main::56599,0
qwen_2.5_7b_instruct::trivia_qa_2_60k::base::main::50940,0
qwen_2.5_7b_instruct::trivia_qa_2_60k::base::main::10169,0
qwen_2.5_7b_instruct::trivia_qa_2_60k::base::main::3344,0
qwen_2.5_7b_instruct::trivia_qa_2_60k::base::main::57026,0
qwen_2.5_7b_instruct::trivia_qa_2_60k::base::main::22362,0
qwen_2.5_7b_instruct::trivia_qa_2_60k::base::main::54119,0
qwen_2.5_7b_instruct::trivia_qa_2_60k::base::main::18508,0
qwen_2.5_7b_instruct::trivia_qa_2_60k::base::main::33577,0
qwen_2.5_7b_instruct::trivia_qa_2_60k::base::main::35983,0
qwen_2.5_7b_instruct::trivia_qa_2_60k::base::main::18619,0
qwen_2.5_7b_instruct::trivia_qa_2_60k::base::main::15881,0
qwen_2.5_7b_instruct::trivia_qa_2_60k::base::main::13702,0
qwen_2.5_7b_instruct::trivia_qa_2_60k::base::main::39316,0
qwen_2.5_7b_instruct::trivia_qa_2_60k::base::main::52412,0
qwen_2.5_7b_instruct::trivia_qa_2_60k::base::main::35070,0
qwen_2.5_7b_instruct::trivia_qa_2_60k::base::main::42230,0
qwen_2.5_7b_instruct::trivia_qa_2_60k::base::main::17866,0
qwen_2.5_7b_instruct::trivia_qa_2_60k::base::main::25321,0
qwen_2.5_7b_instruct::trivia_qa_2_60k::base::main::51831,0
qwen_2.5_7b_instruct::trivia_qa_2_60k::base::main::51814,0
qwen_2.5_7b_instruct::trivia_qa_2_60k::base::main::46273,0
qwen_2.5_7b_instruct::trivia_qa_2_60k::base::main::16964,0
qwen_2.5_7b_instruct::trivia_qa_2_60k::base::main::55487,0
qwen_2.5_7b_instruct::trivia_qa_2_60k::base::main::4702,0
qwen_2.5_7b_instruct::trivia_qa_2_60k::base::main::10640,0
qwen_2.5_7b_instruct::trivia_qa_2_60k::base::main::22807,0
qwen_2.5_7b_instruct::trivia_qa_2_60k::base::main::9802,0
qwen_2.5_7b_instruct::trivia_qa_2_60k::base::main::13925,0
qwen_2.5_7b_instruct::trivia_qa_2_60k::base::main::21497,0
qwen_2.5_7b_instruct::trivia_qa_2_60k::base::main::29596,0
qwen_2.5_7b_instruct::trivia_qa_2_60k::base::main::53114,0
qwen_2.5_7b_instruct::trivia_qa_2_60k::base::main::31223,0
qwen_2.5_7b_instruct::trivia_qa_2_60k::base::main::37797,0
qwen_2.5_7b_instruct::trivia_qa_2_60k::base::main::19735,0
qwen_2.5_7b_instruct::trivia_qa_2_60k::base::main::18018,0
qwen_2.5_7b_instruct::trivia_qa_2_60k::base::main::48434,0
qwen_2.5_7b_instruct::trivia_qa_2_60k::base::main::41224,0
qwen_2.5_7b_instruct::trivia_qa_2_60k::base::main::11017,0
qwen_2.5_7b_instruct::trivia_qa_2_60k::base::main::29918,0
qwen_2.5_7b_instruct::trivia_qa_2_60k::base::main::24100,0
qwen_2.5_7b_instruct::trivia_qa_2_60k::base::main::2763,0
qwen_2.5_7b_instruct::trivia_qa_2_60k::base::main::41208,0
qwen_2.5_7b_instruct::trivia_qa_2_60k::base::main::36099,0
qwen_2.5_7b_instruct::trivia_qa_2_60k::base::main::49988,0
qwen_2.5_7b_instruct::trivia_qa_2_60k::base::main::36050,0
qwen_2.5_7b_instruct::trivia_qa_2_60k::base::main::43759,0
qwen_2.5_7b_instruct::trivia_qa_2_60k::base::main::41536,0
qwen_2.5_7b_instruct::trivia_qa_2_60k::base::main::32175,0
qwen_2.5_7b_instruct::trivia_qa_2_60k::base::main::5146,0
qwen_2.5_7b_instruct::trivia_qa_2_60k::base::main::16125,0
qwen_2.5_7b_instruct::trivia_qa_2_60k::base::main::21800,0
qwen_2.5_7b_instruct::trivia_qa_2_60k::base::main::6880,0
qwen_2.5_7b_instruct::trivia_qa_2_60k::base::main::12986,0
qwen_2.5_7b_instruct::trivia_qa_2_60k::base::main::38774,0
qwen_2.5_7b_instruct::trivia_qa_2_60k::base::main::11749,0
qwen_2.5_7b_instruct::trivia_qa_2_60k::base::main::23462,0
qwen_2.5_7b_instruct::trivia_qa_2_60k::base::main::10740,0
qwen_2.5_7b_instruct::trivia_qa_2_60k::base::main::8758,0
qwen_2.5_7b_instruct::trivia_qa_2_60k::base::main::40007,0
qwen_2.5_7b_instruct::trivia_qa_2_60k::base::main::48101,0
qwen_2.5_7b_instruct::trivia_qa_2_60k::base::main::18650,0
qwen_2.5_7b_instruct::trivia_qa_2_60k::base::main::4797,0
qwen_2.5_7b_instruct::trivia_qa_2_60k::base::main::31204,0
qwen_2.5_7b_instruct::trivia_qa_2_60k::base::main::35492,0
qwen_2.5_7b_instruct::trivia_qa_2_60k::base::main::15188,0
qwen_2.5_7b_instruct::trivia_qa_2_60k::base::main::2369,0
qwen_2.5_7b_instruct::trivia_qa_2_60k::base::main::46776,0
qwen_2.5_7b_instruct::trivia_qa_2_60k::base::main::30173,0
qwen_2.5_7b_instruct::trivia_qa_2_60k::base::main::4095,0
qwen_2.5_7b_instruct::trivia_qa_2_60k::base::main::1297,0
qwen_2.5_7b_instruct::trivia_qa_2_60k::base::main::11783,0
qwen_2.5_7b_instruct::trivia_qa_2_60k::base::main::1823,0
qwen_2.5_7b_instruct::trivia_qa_2_60k::base::main::8263,0
qwen_2.5_7b_instruct::trivia_qa_2_60k::base::main::22442,0
qwen_2.5_7b_instruct::trivia_qa_2_60k::base::main::12961,0
qwen_2.5_7b_instruct::trivia_qa_2_60k::base::main::18401,0
qwen_2.5_7b_instruct::trivia_qa_2_60k::base::main::26097,0
qwen_2.5_7b_instruct::trivia_qa_2_60k::base::main::38026,0
qwen_2.5_7b_instruct::trivia_qa_2_60k::base::main::35575,0
qwen_2.5_7b_instruct::trivia_qa_2_60k::base::main::20456,0
qwen_2.5_7b_instruct::trivia_qa_2_60k::base::main::40714,0
qwen_2.5_7b_instruct::trivia_qa_2_60k::base::main::20074,0
qwen_2.5_7b_instruct::trivia_qa_2_60k::base::main::13287,0
qwen_2.5_7b_instruct::trivia_qa_2_60k::base::main::15302,0
qwen_2.5_7b_instruct::trivia_qa_2_60k::base::main::16319,0
qwen_2.5_7b_instruct::trivia_qa_2_60k::base::main::50979,0
qwen_2.5_7b_instruct::trivia_qa_2_60k::base::main::15988,0
qwen_2.5_7b_instruct::trivia_qa_2_60k::base::main::53588,0
qwen_2.5_7b_instruct::trivia_qa_2_60k::base::main::33346,0
qwen_2.5_7b_instruct::trivia_qa_2_60k::base::main::31544,0
qwen_2.5_7b_instruct::trivia_qa_2_60k::base::main::21113,0
qwen_2.5_7b_instruct::trivia_qa_2_60k::base::main::18448,0
qwen_2.5_7b_instruct::trivia_qa_2_60k::base::main::40328,0
qwen_2.5_7b_instruct::trivia_qa_2_60k::base::main::20195,0
qwen_2.5_7b_instruct::trivia_qa_2_60k::base::main::16890,0
qwen_2.5_7b_instruct::trivia_qa_2_60k::base::main::46241,0
qwen_2.5_7b_instruct::trivia_qa_2_60k::base::main::21798,0
qwen_2.5_7b_instruct::trivia_qa_2_60k::base::main::40292,0
qwen_2.5_7b_instruct::trivia_qa_2_60k::base::main::27083,0
qwen_2.5_7b_instruct::trivia_qa_2_60k::base::main::1307,0
qwen_2.5_7b_instruct::trivia_qa_2_60k::base::main::19837,0
qwen_2.5_7b_instruct::trivia_qa_2_60k::base::main::7500,0
qwen_2.5_7b_instruct::trivia_qa_2_60k::base::main::37483,0
qwen_2.5_7b_instruct::trivia_qa_2_60k::base::main::24924,0
qwen_2.5_7b_instruct::trivia_qa_2_60k::base::main::48418,0
qwen_2.5_7b_instruct::trivia_qa_2_60k::base::main::6331,0
qwen_2.5_7b_instruct::trivia_qa_2_60k::base::main::17026,0
qwen_2.5_7b_instruct::trivia_qa_2_60k::base::main::18476,0
qwen_2.5_7b_instruct::trivia_qa_2_60k::base::main::39368,0
qwen_2.5_7b_instruct::trivia_qa_2_60k::base::main::49295,0
qwen_2.5_7b_instruct::trivia_qa_2_60k::base::main::22601,0
qwen_2.5_7b_instruct::trivia_qa_2_60k::base::main::18642,0
qwen_2.5_7b_instruct::trivia_qa_2_60k::base::main::8077,0
qwen_2.5_7b_instruct::trivia_qa_2_60k::base::main::22613,0
qwen_2.5_7b_instruct::trivia_qa_2_60k::base::main::56418,0
qwen_2.5_7b_instruct::trivia_qa_2_60k::base::main::11981,0
qwen_2.5_7b_instruct::trivia_qa_2_60k::base::main::50563,0
qwen_2.5_7b_instruct::trivia_qa_2_60k::base::main::9146,0
qwen_2.5_7b_instruct::trivia_qa_2_60k::base::main::57459,0
qwen_2.5_7b_instruct::trivia_qa_2_60k::base::main::56326,0
qwen_2.5_7b_instruct::trivia_qa_2_60k::base::main::34831,0
qwen_2.5_7b_instruct::trivia_qa_2_60k::base::main::14644,0
qwen_2.5_7b_instruct::trivia_qa_2_60k::base::main::57505,0
qwen_2.5_7b_instruct::trivia_qa_2_60k::base::main::54270,0
qwen_2.5_7b_instruct::trivia_qa_2_60k::base::main::41511,0
qwen_2.5_7b_instruct::trivia_qa_2_60k::base::main::21107,0
qwen_2.5_7b_instruct::trivia_qa_2_60k::base::main::43932,0
qwen_2.5_7b_instruct::trivia_qa_2_60k::base::main::41611,0
qwen_2.5_7b_instruct::trivia_qa_2_60k::base::main::7935,0
qwen_2.5_7b_instruct::trivia_qa_2_60k::base::main::13122,0
qwen_2.5_7b_instruct::trivia_qa_2_60k::base::main::49314,0
qwen_2.5_7b_instruct::trivia_qa_2_60k::base::main::20144,0
qwen_2.5_7b_instruct::trivia_qa_2_60k::base::main::998,0
qwen_2.5_7b_instruct::trivia_qa_2_60k::base::main::37624,0
qwen_2.5_7b_instruct::trivia_qa_2_60k::base::main::16534,0
qwen_2.5_7b_instruct::trivia_qa_2_60k::base::main::52493,0
qwen_2.5_7b_instruct::trivia_qa_2_60k::base::main::27877,0
qwen_2.5_7b_instruct::trivia_qa_2_60k::base::main::7733,0
qwen_2.5_7b_instruct::trivia_qa_2_60k::base::main::35689,0
qwen_2.5_7b_instruct::trivia_qa_2_60k::base::main::3923,0
qwen_2.5_7b_instruct::trivia_qa_2_60k::base::main::35979,0
qwen_2.5_7b_instruct::trivia_qa_2_60k::base::main::22971,0
qwen_2.5_7b_instruct::trivia_qa_2_60k::base::main::29366,0
qwen_2.5_7b_instruct::trivia_qa_2_60k::base::main::39574,0
qwen_2.5_7b_instruct::trivia_qa_2_60k::base::main::37235,0
qwen_2.5_7b_instruct::trivia_qa_2_60k::base::main::58404,0
qwen_2.5_7b_instruct::trivia_qa_2_60k::base::main::2743,0
qwen_2.5_7b_instruct::trivia_qa_2_60k::base::main::27020,0
qwen_2.5_7b_instruct::trivia_qa_2_60k::base::main::9571,0
qwen_2.5_7b_instruct::trivia_qa_2_60k::base::main::35950,0
qwen_2.5_7b_instruct::trivia_qa_2_60k::base::main::24046,0
qwen_2.5_7b_instruct::trivia_qa_2_60k::base::main::17715,0
qwen_2.5_7b_instruct::trivia_qa_2_60k::base::main::109,0
qwen_2.5_7b_instruct::trivia_qa_2_60k::base::main::7585,0
qwen_2.5_7b_instruct::trivia_qa_2_60k::base::main::23370,0
qwen_2.5_7b_instruct::trivia_qa_2_60k::base::main::21884,0
qwen_2.5_7b_instruct::trivia_qa_2_60k::base::main::52082,0
qwen_2.5_7b_instruct::trivia_qa_2_60k::base::main::53570,0
qwen_2.5_7b_instruct::trivia_qa_2_60k::base::main::51710,0
qwen_2.5_7b_instruct::trivia_qa_2_60k::base::main::41251,0
qwen_2.5_7b_instruct::trivia_qa_2_60k::base::main::49718,0
qwen_2.5_7b_instruct::trivia_qa_2_60k::base::main::20978,0
qwen_2.5_7b_instruct::trivia_qa_2_60k::base::main::47470,0
qwen_2.5_7b_instruct::trivia_qa_2_60k::base::main::51275,0
qwen_2.5_7b_instruct::trivia_qa_2_60k::base::main::24263,0
qwen_2.5_7b_instruct::trivia_qa_2_60k::base::main::320,0
qwen_2.5_7b_instruct::trivia_qa_2_60k::base::main::21625,0
qwen_2.5_7b_instruct::trivia_qa_2_60k::base::main::31196,0
qwen_2.5_7b_instruct::trivia_qa_2_60k::base::main::10627,0
qwen_2.5_7b_instruct::trivia_qa_2_60k::base::main::26545,0
qwen_2.5_7b_instruct::trivia_qa_2_60k::base::main::42917,0
qwen_2.5_7b_instruct::trivia_qa_2_60k::base::main::53455,0
qwen_2.5_7b_instruct::trivia_qa_2_60k::base::main::47992,0
qwen_2.5_7b_instruct::trivia_qa_2_60k::base::main::4113,0
qwen_2.5_7b_instruct::trivia_qa_2_60k::base::main::36588,0
qwen_2.5_7b_instruct::trivia_qa_2_60k::base::main::7781,0
qwen_2.5_7b_instruct::trivia_qa_2_60k::base::main::44681,0
qwen_2.5_7b_instruct::trivia_qa_2_60k::base::main::47503,0
qwen_2.5_7b_instruct::trivia_qa_2_60k::base::main::44876,0
qwen_2.5_7b_instruct::trivia_qa_2_60k::base::main::48,0
qwen_2.5_7b_instruct::trivia_qa_2_60k::base::main::50819,0
qwen_2.5_7b_instruct::trivia_qa_2_60k::base::main::13197,0
qwen_2.5_7b_instruct::trivia_qa_2_60k::base::main::42609,0
qwen_2.5_7b_instruct::trivia_qa_2_60k::base::main::21178,0
qwen_2.5_7b_instruct::trivia_qa_2_60k::base::main::28903,0
qwen_2.5_7b_instruct::trivia_qa_2_60k::base::main::4185,0
qwen_2.5_7b_instruct::trivia_qa_2_60k::base::main::19955,0
qwen_2.5_7b_instruct::trivia_qa_2_60k::base::main::21418,0
qwen_2.5_7b_instruct::trivia_qa_2_60k::base::main::52367,0
qwen_2.5_7b_instruct::trivia_qa_2_60k::base::main::22907,0
qwen_2.5_7b_instruct::trivia_qa_2_60k::base::main::16833,0
qwen_2.5_7b_instruct::trivia_qa_2_60k::base::main::38115,0
qwen_2.5_7b_instruct::trivia_qa_2_60k::base::main::12312,0
