sample_id,label
qwen_2.5_7b_instruct::trivia_qa_2_60k::base::main::15142,1
qwen_2.5_7b_instruct::trivia_qa_2_60k::base::main::34314,1
qwen_2.5_7b_instruct::trivia_qa_2_60k::base::main::41979,1
qwen_2.5_7b_instruct::trivia_qa_2_60k::base::main::42737,1
qwen_2.5_7b_instruct::trivia_qa_2_60k::base::main::2239,1
qwen_2.5_7b_instruct::trivia_qa_2_60k::base::main::40295,1
qwen_2.5_7b_instruct::trivia_qa_2_60k::base::main::55005,1
qwen_2.5_7b_instruct::trivia_qa_2_60k::base::main::22282,1
qwen_2.5_7b_instruct::trivia_qa_2_60k::base::main::31890,1
qwen_2.5_7b_instruct::trivia_qa_2_60k::base::main::30403,1
qwen_2.5_7b_instruct::trivia_qa_2_60k::base::main::57956,1
qwen_2.5_7b_instruct::trivia_qa_2_60k::base::main::47041,1
qwen_2.5_7b_instruct::trivia_qa_2_60k::base::main::33440,1
qwen_2.5_7b_instruct::trivia_qa_2_60k::base::main::46845,1
qwen_2.5_7b_instruct::trivia_qa_2_60k::base::main::48097,1
qwen_2.5_7b_instruct::trivia_qa_2_60k::base::main::40129,1
qwen_2.5_7b_instruct::trivia_qa_2_60k::base::main::38513,1
qwen_2.5_7b_instruct::trivia_qa_2_60k::base::main::11685,1
qwen_2.5_7b_instruct::trivia_qa_2_60k::base::main::53490,1
qwen_2.5_7b_instruct::trivia_qa_2_60k::base::main::35859,1
qwen_2.5_7b_instruct::trivia_qa_2_60k::base::main::5675,1
qwen_2.5_7b_instruct::trivia_qa_2_60k::base::main::44933,1
qwen_2.5_7b_instruct::trivia_qa_2_60k::base::main::51545,1
qwen_2.5_7b_instruct::trivia_qa_2_60k::base::main::25393,1
qwen_2.5_7b_instruct::trivia_qa_2_60k::base::main::54748,1
qwen_2.5_7b_instruct::trivia_qa_2_60k::base::main::29388,1
qwen_2.5_7b_instruct::trivia_qa_2_60k::base::main::44420,1
qwen_2.5_7b_instruct::trivia_qa_2_60k::base::main::19560,1
qwen_2.5_7b_instruct::trivia_qa_2_60k::base::main::3210,1
qwen_2.5_7b_instruct::trivia_qa_2_60k::base::main::28250,1
qwen_2.5_7b_instruct::trivia_qa_2_60k::base::main::33996,1
qwen_2.5_7b_instruct::trivia_qa_2_60k::base::main::16210,1
qwen_2.5_7b_instruct::trivia_qa_2_60k::base::main::32591,1
qwen_2.5_7b_instruct::trivia_qa_2_60k::base::main::37782,1
qwen_2.5_7b_instruct::trivia_qa_2_60k::base::main::47813,1
qwen_2.5_7b_instruct::trivia_qa_2_60k::base::main::48712,1
qwen_2.5_7b_instruct::trivia_qa_2_60k::base::main::13586,1
qwen_2.5_7b_instruct::trivia_qa_2_60k::base::main::29662,1
qwen_2.5_7b_instruct::trivia_qa_2_60k::base::main::41093,1
qwen_2.5_7b_instruct::trivia_qa_2_60k::base::main::52979,1
qwen_2.5_7b_instruct::trivia_qa_2_60k::base::main::14001,1
qwen_2.5_7b_instruct::trivia_qa_2_60k::base::main::24106,1
qwen_2.5_7b_instruct::trivia_qa_2_60k::base::main::12981,1
qwen_2.5_7b_instruct::trivia_qa_2_60k::base::main::44296,1
qwen_2.5_7b_instruct::trivia_qa_2_60k::base::main::22365,1
qwen_2.5_7b_instruct::trivia_qa_2_60k::base::main::7526,1
qwen_2.5_7b_instruct::trivia_qa_2_60k::base::main::26219,1
qwen_2.5_7b_instruct::trivia_qa_2_60k::base::main::493,1
qwen_2.5_7b_instruct::trivia_qa_2_60k::base::main::57647,1
qwen_2.5_7b_instruct::trivia_qa_2_60k::base::main::26191,1
qwen_2.5_7b_instruct::trivia_qa_2_60k::base::main::21269,1
qwen_2.5_7b_instruct::trivia_qa_2_60k::base::main::7534,1
qwen_2.5_7b_instruct::trivia_qa_2_60k::base::main::41630,1
qwen_2.5_7b_instruct::trivia_qa_2_60k::base::main::6830,1
qwen_2.5_7b_instruct::trivia_qa_2_60k::base::main::2814,1
qwen_2.5_7b_instruct::trivia_qa_2_60k::base::main::33762,1
qwen_2.5_7b_instruct::trivia_qa_2_60k::base::main::53316,1
qwen_2.5_7b_instruct::trivia_qa_2_60k::base::main::52296,1
qwen_2.5_7b_instruct::trivia_qa_2_60k::base::main::10247,1
qwen_2.5_7b_instruct::trivia_qa_2_60k::base::main::33838,1
qwen_2.5_7b_instruct::trivia_qa_2_60k::base::main::37049,1
qwen_2.5_7b_instruct::trivia_qa_2_60k::base::main::5,1
qwen_2.5_7b_instruct::trivia_qa_2_60k::base::main::8462,1
qwen_2.5_7b_instruct::trivia_qa_2_60k::base::main::16306,1
qwen_2.5_7b_instruct::trivia_qa_2_60k::base::main::5385,1
qwen_2.5_7b_instruct::trivia_qa_2_60k::base::main::9531,1
qwen_2.5_7b_instruct::trivia_qa_2_60k::base::main::36176,1
qwen_2.5_7b_instruct::trivia_qa_2_60k::base::main::22729,1
qwen_2.5_7b_instruct::trivia_qa_2_60k::base::main::47385,1
qwen_2.5_7b_instruct::trivia_qa_2_60k::base::main::9876,1
qwen_2.5_7b_instruct::trivia_qa_2_60k::base::main::17253,1
qwen_2.5_7b_instruct::trivia_qa_2_60k::base::main::2005,1
qwen_2.5_7b_instruct::trivia_qa_2_60k::base::main::13599,1
qwen_2.5_7b_instruct::trivia_qa_2_60k::base::main::40435,1
qwen_2.5_7b_instruct::trivia_qa_2_60k::base::main::11698,1
qwen_2.5_7b_instruct::trivia_qa_2_60k::base::main::45109,1
qwen_2.5_7b_instruct::trivia_qa_2_60k::base::main::14842,1
qwen_2.5_7b_instruct::trivia_qa_2_60k::base::main::2750,1
qwen_2.5_7b_instruct::trivia_qa_2_60k::base::main::34837,1
qwen_2.5_7b_instruct::trivia_qa_2_60k::base::main::25666,1
qwen_2.5_7b_instruct::trivia_qa_2_60k::base::main::2414,1
qwen_2.5_7b_instruct::trivia_qa_2_60k::base::main::44112,1
qwen_2.5_7b_instruct::trivia_qa_2_60k::base::main::38370,1
qwen_2.5_7b_instruct::trivia_qa_2_60k::base::main::57342,1
qwen_2.5_7b_instruct::trivia_qa_2_60k::base::main::25327,1
qwen_2.5_7b_instruct::trivia_qa_2_60k::base::main::31215,1
qwen_2.5_7b_instruct::trivia_qa_2_60k::base::main::49468,1
qwen_2.5_7b_instruct::trivia_qa_2_60k::base::main::18820,1
qwen_2.5_7b_instruct::trivia_qa_2_60k::base::main::23586,1
qwen_2.5_7b_instruct::trivia_qa_2_60k::base::main::29626,1
qwen_2.5_7b_instruct::trivia_qa_2_60k::base::main::4726,1
qwen_2.5_7b_instruct::trivia_qa_2_60k::base::main::13673,1
qwen_2.5_7b_instruct::trivia_qa_2_60k::base::main::7227,1
qwen_2.5_7b_instruct::trivia_qa_2_60k::base::main::30371,1
qwen_2.5_7b_instruct::trivia_qa_2_60k::base::main::3401,1
qwen_2.5_7b_instruct::trivia_qa_2_60k::base::main::34942,1
qwen_2.5_7b_instruct::trivia_qa_2_60k::base::main::34633,1
qwen_2.5_7b_instruct::trivia_qa_2_60k::base::main::33766,1
qwen_2.5_7b_instruct::trivia_qa_2_60k::base::main::25504,1
qwen_2.5_7b_instruct::trivia_qa_2_60k::base::main::20469,1
qwen_2.5_7b_instruct::trivia_qa_2_60k::base::main::18846,1
qwen_2.5_7b_instruct::trivia_qa_2_60k::base::main::33617,1
qwen_2.5_7b_instruct::trivia_qa_2_60k::base::main::20833,1
qwen_2.5_7b_instruct::trivia_qa_2_60k::base::main::27495,1
qwen_2.5_7b_instruct::trivia_qa_2_60k::base::main::21809,1
qwen_2.5_7b_instruct::trivia_qa_2_60k::base::main::33550,1
qwen_2.5_7b_instruct::trivia_qa_2_60k::base::main::15234,1
qwen_2.5_7b_instruct::trivia_qa_2_60k::base::main::3041,1
qwen_2.5_7b_instruct::trivia_qa_2_60k::base::main::13502,1
qwen_2.5_7b_instruct::trivia_qa_2_60k::base::main::36270,1
qwen_2.5_7b_instruct::trivia_qa_2_60k::base::main::36296,1
qwen_2.5_7b_instruct::trivia_qa_2_60k::base::main::55872,1
qwen_2.5_7b_instruct::trivia_qa_2_60k::base::main::47650,1
qwen_2.5_7b_instruct::trivia_qa_2_60k::base::main::53813,1
qwen_2.5_7b_instruct::trivia_qa_2_60k::base::main::13968,1
qwen_2.5_7b_instruct::trivia_qa_2_60k::base::main::50807,1
qwen_2.5_7b_instruct::trivia_qa_2_60k::base::main::5525,1
qwen_2.5_7b_instruct::trivia_qa_2_60k::base::main::26770,1
qwen_2.5_7b_instruct::trivia_qa_2_60k::base::main::17406,1
qwen_2.5_7b_instruct::trivia_qa_2_60k::base::main::37767,1
qwen_2.5_7b_instruct::trivia_qa_2_60k::base::main::54090,1
qwen_2.5_7b_instruct::trivia_qa_2_60k::base::main::1342,1
qwen_2.5_7b_instruct::trivia_qa_2_60k::base::main::44416,1
qwen_2.5_7b_instruct::trivia_qa_2_60k::base::main::13812,1
qwen_2.5_7b_instruct::trivia_qa_2_60k::base::main::42122,1
qwen_2.5_7b_instruct::trivia_qa_2_60k::base::main::45560,1
qwen_2.5_7b_instruct::trivia_qa_2_60k::base::main::36702,1
qwen_2.5_7b_instruct::trivia_qa_2_60k::base::main::3322,1
qwen_2.5_7b_instruct::trivia_qa_2_60k::base::main::7805,1
qwen_2.5_7b_instruct::trivia_qa_2_60k::base::main::18287,1
qwen_2.5_7b_instruct::trivia_qa_2_60k::base::main::17352,1
qwen_2.5_7b_instruct::trivia_qa_2_60k::base::main::32005,1
qwen_2.5_7b_instruct::trivia_qa_2_60k::base::main::21762,1
qwen_2.5_7b_instruct::trivia_qa_2_60k::base::main::14269,1
qwen_2.5_7b_instruct::trivia_qa_2_60k::base::main::51208,1
qwen_2.5_7b_instruct::trivia_qa_2_60k::base::main::55191,1
qwen_2.5_7b_instruct::trivia_qa_2_60k::base::main::48794,1
qwen_2.5_7b_instruct::trivia_qa_2_60k::base::main::34583,1
qwen_2.5_7b_instruct::trivia_qa_2_60k::base::main::24894,1
qwen_2.5_7b_instruct::trivia_qa_2_60k::base::main::53848,1
qwen_2.5_7b_instruct::trivia_qa_2_60k::base::main::20913,1
qwen_2.5_7b_instruct::trivia_qa_2_60k::base::main::30564,1
qwen_2.5_7b_instruct::trivia_qa_2_60k::base::main::29976,1
qwen_2.5_7b_instruct::trivia_qa_2_60k::base::main::26649,1
qwen_2.5_7b_instruct::trivia_qa_2_60k::base::main::20900,1
qwen_2.5_7b_instruct::trivia_qa_2_60k::base::main::24740,1
qwen_2.5_7b_instruct::trivia_qa_2_60k::base::main::26510,1
qwen_2.5_7b_instruct::trivia_qa_2_60k::base::main::13098,1
qwen_2.5_7b_instruct::trivia_qa_2_60k::base::main::15119,1
qwen_2.5_7b_instruct::trivia_qa_2_60k::base::main::26054,1
qwen_2.5_7b_instruct::trivia_qa_2_60k::base::main::7946,1
qwen_2.5_7b_instruct::trivia_qa_2_60k::base::main::29854,1
qwen_2.5_7b_instruct::trivia_qa_2_60k::base::main::36237,1
qwen_2.5_7b_instruct::trivia_qa_2_60k::base::main::13153,1
qwen_2.5_7b_instruct::trivia_qa_2_60k::base::main::51025,1
qwen_2.5_7b_instruct::trivia_qa_2_60k::base::main::14495,1
qwen_2.5_7b_instruct::trivia_qa_2_60k::base::main::21112,1
qwen_2.5_7b_instruct::trivia_qa_2_60k::base::main::49822,1
qwen_2.5_7b_instruct::trivia_qa_2_60k::base::main::45900,1
qwen_2.5_7b_instruct::trivia_qa_2_60k::base::main::10499,1
qwen_2.5_7b_instruct::trivia_qa_2_60k::base::main::56318,1
qwen_2.5_7b_instruct::trivia_qa_2_60k::base::main::45514,1
qwen_2.5_7b_instruct::trivia_qa_2_60k::base::main::45551,1
qwen_2.5_7b_instruct::trivia_qa_2_60k::base::main::643,1
qwen_2.5_7b_instruct::trivia_qa_2_60k::base::main::19845,1
qwen_2.5_7b_instruct::trivia_qa_2_60k::base::main::47735,1
qwen_2.5_7b_instruct::trivia_qa_2_60k::base::main::19857,1
qwen_2.5_7b_instruct::trivia_qa_2_60k::base::main::44058,1
qwen_2.5_7b_instruct::trivia_qa_2_60k::base::main::51366,1
qwen_2.5_7b_instruct::trivia_qa_2_60k::base::main::14642,1
qwen_2.5_7b_instruct::trivia_qa_2_60k::base::main::7000,1
qwen_2.5_7b_instruct::trivia_qa_2_60k::base::main::4307,1
qwen_2.5_7b_instruct::trivia_qa_2_60k::base::main::14204,1
qwen_2.5_7b_instruct::trivia_qa_2_60k::base::main::24332,1
qwen_2.5_7b_instruct::trivia_qa_2_60k::base::main::28373,1
qwen_2.5_7b_instruct::trivia_qa_2_60k::base::main::44072,1
qwen_2.5_7b_instruct::trivia_qa_2_60k::base::main::38250,1
qwen_2.5_7b_instruct::trivia_qa_2_60k::base::main::15101,1
qwen_2.5_7b_instruct::trivia_qa_2_60k::base::main::15066,1
qwen_2.5_7b_instruct::trivia_qa_2_60k::base::main::43131,1
qwen_2.5_7b_instruct::trivia_qa_2_60k::base::main::55661,1
qwen_2.5_7b_instruct::trivia_qa_2_60k::base::main::18009,1
qwen_2.5_7b_instruct::trivia_qa_2_60k::base::main::28728,1
qwen_2.5_7b_instruct::trivia_qa_2_60k::base::main::46772,1
qwen_2.5_7b_instruct::trivia_qa_2_60k::base::main::33410,1
qwen_2.5_7b_instruct::trivia_qa_2_60k::base::main::38291,1
qwen_2.5_7b_instruct::trivia_qa_2_60k::base::main::42967,1
qwen_2.5_7b_instruct::trivia_qa_2_60k::base::main::2321,1
qwen_2.5_7b_instruct::trivia_qa_2_60k::base::main::20398,1
qwen_2.5_7b_instruct::trivia_qa_2_60k::base::main::29417,1
qwen_2.5_7b_instruct::trivia_qa_2_60k::base::main::25477,1
qwen_2.5_7b_instruct::trivia_qa_2_60k::base::main::32401,1
qwen_2.5_7b_instruct::trivia_qa_2_60k::base::main::52509,1
qwen_2.5_7b_instruct::trivia_qa_2_60k::base::main::19575,1
qwen_2.5_7b_instruct::trivia_qa_2_60k::base::main::38691,1
qwen_2.5_7b_instruct::trivia_qa_2_60k::base::main::45342,1
qwen_2.5_7b_instruct::trivia_qa_2_60k::base::main::50341,1
qwen_2.5_7b_instruct::trivia_qa_2_60k::base::main::1118,1
qwen_2.5_7b_instruct::trivia_qa_2_60k::base::main::53894,1
qwen_2.5_7b_instruct::trivia_qa_2_60k::base::main::37716,1
qwen_2.5_7b_instruct::trivia_qa_2_60k::base::main::54205,1
qwen_2.5_7b_instruct::trivia_qa_2_60k::base::main::8720,1
qwen_2.5_7b_instruct::trivia_qa_2_60k::base::main::34192,1
qwen_2.5_7b_instruct::trivia_qa_2_60k::base::main::43126,1
qwen_2.5_7b_instruct::trivia_qa_2_60k::base::main::9365,1
qwen_2.5_7b_instruct::trivia_qa_2_60k::base::main::55242,1
qwen_2.5_7b_instruct::trivia_qa_2_60k::base::main::24410,1
qwen_2.5_7b_instruct::trivia_qa_2_60k::base::main::57786,1
qwen_2.5_7b_instruct::trivia_qa_2_60k::base::main::47450,1
qwen_2.5_7b_instruct::trivia_qa_2_60k::base::main::13249,1
qwen_2.5_7b_instruct::trivia_qa_2_60k::base::main::50074,1
qwen_2.5_7b_instruct::trivia_qa_2_60k::base::main::21456,1
qwen_2.5_7b_instruct::trivia_qa_2_60k::base::main::45225,1
qwen_2.5_7b_instruct::trivia_qa_2_60k::base::main::29209,1
qwen_2.5_7b_instruct::trivia_qa_2_60k::base::main::43846,1
qwen_2.5_7b_instruct::trivia_qa_2_60k::base::main::38274,1
qwen_2.5_7b_instruct::trivia_qa_2_60k::base::main::4126,1
qwen_2.5_7b_instruct::trivia_qa_2_60k::base::main::30171,1
qwen_2.5_7b_instruct::trivia_qa_2_60k::base::main::54630,1
qwen_2.5_7b_instruct::trivia_qa_2_60k::base::main::15987,1
qwen_2.5_7b_instruct::trivia_qa_2_60k::base::main::23699,1
qwen_2.5_7b_instruct::trivia_qa_2_60k::base::main::14200,1
qwen_2.5_7b_instruct::trivia_qa_2_60k::base::main::11555,1
qwen_2.5_7b_instruct::trivia_qa_2_60k::base::main::42888,1
qwen_2.5_7b_instruct::trivia_qa_2_60k::base::main::33527,1
qwen_2.5_7b_instruct::trivia_qa_2_60k::base::main::26886,1
qwen_2.5_7b_instruct::trivia_qa_2_60k::base::main::50843,1
qwen_2.5_7b_instruct::trivia_qa_2_60k::base::main::55798,1
qwen_2.5_7b_instruct::trivia_qa_2_60k::base::main::13088,1
qwen_2.5_7b_instruct::trivia_qa_2_60k::base::main::15435,1
qwen_2.5_7b_instruct::trivia_qa_2_60k::base::main::46727,1
qwen_2.5_7b_instruct::trivia_qa_2_60k::base::main::51480,1
qwen_2.5_7b_instruct::trivia_qa_2_60k::base::main::24357,1
qwen_2.5_7b_instruct::trivia_qa_2_60k::base::main::30439,1
qwen_2.5_7b_instruct::trivia_qa_2_60k::base::main::41934,1
qwen_2.5_7b_instruct::trivia_qa_2_60k::base::main::6510,1
qwen_2.5_7b_instruct::trivia_qa_2_60k::base::main::28102,1
qwen_2.5_7b_instruct::trivia_qa_2_60k::base::main::44368,1
qwen_2.5_7b_instruct::trivia_qa_2_60k::base::main::20772,1
qwen_2.5_7b_instruct::trivia_qa_2_60k::base::main::22155,1
qwen_2.5_7b_instruct::trivia_qa_2_60k::base::main::39763,1
qwen_2.5_7b_instruct::trivia_qa_2_60k::base::main::24235,1
qwen_2.5_7b_instruct::trivia_qa_2_60k::base::main::53147,1
qwen_2.5_7b_instruct::trivia_qa_2_60k::base::main::30354,1
qwen_2.5_7b_instruct::trivia_qa_2_60k::base::main::26536,1
qwen_2.5_7b_instruct::trivia_qa_2_60k::base::main::47599,1
qwen_2.5_7b_instruct::trivia_qa_2_60k::base::main::36154,1
qwen_2.5_7b_instruct::trivia_qa_2_60k::base::main::49650,1
qwen_2.5_7b_instruct::trivia_qa_2_60k::base::main::43831,1
qwen_2.5_7b_instruct::trivia_qa_2_60k::base::main::36311,1
qwen_2.5_7b_instruct::trivia_qa_2_60k::base::main::11020,1
qwen_2.5_7b_instruct::trivia_qa_2_60k::base::main::16710,1
qwen_2.5_7b_instruct::trivia_qa_2_60k::base::main::31830,1
qwen_2.5_7b_instruct::trivia_qa_2_60k::base::main::50410,1
qwen_2.5_7b_instruct::trivia_qa_2_60k::base::main::17905,1
qwen_2.5_7b_instruct::trivia_qa_2_60k::base::main::20306,1
qwen_2.5_7b_instruct::trivia_qa_2_60k::base::main::34166,1
qwen_2.5_7b_instruct::trivia_qa_2_60k::base::main::42802,1
qwen_2.5_7b_instruct::trivia_qa_2_60k::base::main::447,1
qwen_2.5_7b_instruct::trivia_qa_2_60k::base::main::9587,1
qwen_2.5_7b_instruct::trivia_qa_2_60k::base::main::42712,1
qwen_2.5_7b_instruct::trivia_qa_2_60k::base::main::7460,1
qwen_2.5_7b_instruct::trivia_qa_2_60k::base::main::53822,1
qwen_2.5_7b_instruct::trivia_qa_2_60k::base::main::16246,1
qwen_2.5_7b_instruct::trivia_qa_2_60k::base::main::1387,1
qwen_2.5_7b_instruct::trivia_qa_2_60k::base::main::21307,1
qwen_2.5_7b_instruct::trivia_qa_2_60k::base::main::34129,1
qwen_2.5_7b_instruct::trivia_qa_2_60k::base::main::35522,1
qwen_2.5_7b_instruct::trivia_qa_2_60k::base::main::8727,1
qwen_2.5_7b_instruct::trivia_qa_2_60k::base::main::29946,1
qwen_2.5_7b_instruct::trivia_qa_2_60k::base::main::7017,1
qwen_2.5_7b_instruct::trivia_qa_2_60k::base::main::22847,1
qwen_2.5_7b_instruct::trivia_qa_2_60k::base::main::41557,1
qwen_2.5_7b_instruct::trivia_qa_2_60k::base::main::58463,1
qwen_2.5_7b_instruct::trivia_qa_2_60k::base::main::57102,1
qwen_2.5_7b_instruct::trivia_qa_2_60k::base::main::25219,1
qwen_2.5_7b_instruct::trivia_qa_2_60k::base::main::49180,1
qwen_2.5_7b_instruct::trivia_qa_2_60k::base::main::15824,1
qwen_2.5_7b_instruct::trivia_qa_2_60k::base::main::35576,1
qwen_2.5_7b_instruct::trivia_qa_2_60k::base::main::12671,1
qwen_2.5_7b_instruct::trivia_qa_2_60k::base::main::38536,1
qwen_2.5_7b_instruct::trivia_qa_2_60k::base::main::27530,1
qwen_2.5_7b_instruct::trivia_qa_2_60k::base::main::3654,1
qwen_2.5_7b_instruct::trivia_qa_2_60k::base::main::40404,1
qwen_2.5_7b_instruct::trivia_qa_2_60k::base::main::23445,1
qwen_2.5_7b_instruct::trivia_qa_2_60k::base::main::17709,1
qwen_2.5_7b_instruct::trivia_qa_2_60k::base::main::51,1
qwen_2.5_7b_instruct::trivia_qa_2_60k::base::main::58132,1
qwen_2.5_7b_instruct::trivia_qa_2_60k::base::main::7908,1
qwen_2.5_7b_instruct::trivia_qa_2_60k::base::main::31827,1
qwen_2.5_7b_instruct::trivia_qa_2_60k::base::main::25831,1
qwen_2.5_7b_instruct::trivia_qa_2_60k::base::main::5480,1
qwen_2.5_7b_instruct::trivia_qa_2_60k::base::main::33700,1
qwen_2.5_7b_instruct::trivia_qa_2_60k::base::main::51660,1
qwen_2.5_7b_instruct::trivia_qa_2_60k::base::main::54036,1
qwen_2.5_7b_instruct::trivia_qa_2_60k::base::main::12009,1
qwen_2.5_7b_instruct::trivia_qa_2_60k::base::main::48717,1
qwen_2.5_7b_instruct::trivia_qa_2_60k::base::main::3202,1
qwen_2.5_7b_instruct::trivia_qa_2_60k::base::main::31982,1
qwen_2.5_7b_instruct::trivia_qa_2_60k::base::main::37358,1
qwen_2.5_7b_instruct::trivia_qa_2_60k::base::main::43106,1
qwen_2.5_7b_instruct::trivia_qa_2_60k::base::main::694,1
qwen_2.5_7b_instruct::trivia_qa_2_60k::base::main::20626,1
qwen_2.5_7b_instruct::trivia_qa_2_60k::base::main::36431,1
qwen_2.5_7b_instruct::trivia_qa_2_60k::base::main::26235,1
qwen_2.5_7b_instruct::trivia_qa_2_60k::base::main::28908,1
qwen_2.5_7b_instruct::trivia_qa_2_60k::base::main::49639,1
qwen_2.5_7b_instruct::trivia_qa_2_60k::base::main::7910,1
qwen_2.5_7b_instruct::trivia_qa_2_60k::base::main::48141,1
qwen_2.5_7b_instruct::trivia_qa_2_60k::base::main::271,1
qwen_2.5_7b_instruct::trivia_qa_2_60k::base::main::46785,1
qwen_2.5_7b_instruct::trivia_qa_2_60k::base::main::47123,1
qwen_2.5_7b_instruct::trivia_qa_2_60k::base::main::58105,1
qwen_2.5_7b_instruct::trivia_qa_2_60k::base::main::48801,1
qwen_2.5_7b_instruct::trivia_qa_2_60k::base::main::12285,1
qwen_2.5_7b_instruct::trivia_qa_2_60k::base::main::4838,1
qwen_2.5_7b_instruct::trivia_qa_2_60k::base::main::23428,1
qwen_2.5_7b_instruct::trivia_qa_2_60k::base::main::34415,1
qwen_2.5_7b_instruct::trivia_qa_2_60k::base::main::2294,1
qwen_2.5_7b_instruct::trivia_qa_2_60k::base::main::12032,1
qwen_2.5_7b_instruct::trivia_qa_2_60k::base::main::12103,1
qwen_2.5_7b_instruct::trivia_qa_2_60k::base::main::26751,1
qwen_2.5_7b_instruct::trivia_qa_2_60k::base::main::38198,1
qwen_2.5_7b_instruct::trivia_qa_2_60k::base::main::41659,1
qwen_2.5_7b_instruct::trivia_qa_2_60k::base::main::10352,1
qwen_2.5_7b_instruct::trivia_qa_2_60k::base::main::50582,1
qwen_2.5_7b_instruct::trivia_qa_2_60k::base::main::53239,1
qwen_2.5_7b_instruct::trivia_qa_2_60k::base::main::39599,1
qwen_2.5_7b_instruct::trivia_qa_2_60k::base::main::47437,1
qwen_2.5_7b_instruct::trivia_qa_2_60k::base::main::12974,1
qwen_2.5_7b_instruct::trivia_qa_2_60k::base::main::28624,1
qwen_2.5_7b_instruct::trivia_qa_2_60k::base::main::10170,1
qwen_2.5_7b_instruct::trivia_qa_2_60k::base::main::55772,1
qwen_2.5_7b_instruct::trivia_qa_2_60k::base::main::1667,1
qwen_2.5_7b_instruct::trivia_qa_2_60k::base::main::32960,1
qwen_2.5_7b_instruct::trivia_qa_2_60k::base::main::51574,1
qwen_2.5_7b_instruct::trivia_qa_2_60k::base::main::11107,1
qwen_2.5_7b_instruct::trivia_qa_2_60k::base::main::19960,1
qwen_2.5_7b_instruct::trivia_qa_2_60k::base::main::47566,1
qwen_2.5_7b_instruct::trivia_qa_2_60k::base::main::358,1
qwen_2.5_7b_instruct::trivia_qa_2_60k::base::main::467,1
qwen_2.5_7b_instruct::trivia_qa_2_60k::base::main::36227,1
qwen_2.5_7b_instruct::trivia_qa_2_60k::base::main::144,1
qwen_2.5_7b_instruct::trivia_qa_2_60k::base::main::58118,1
qwen_2.5_7b_instruct::trivia_qa_2_60k::base::main::2260,1
qwen_2.5_7b_instruct::trivia_qa_2_60k::base::main::25455,1
qwen_2.5_7b_instruct::trivia_qa_2_60k::base::main::30940,1
qwen_2.5_7b_instruct::trivia_qa_2_60k::base::main::30443,1
qwen_2.5_7b_instruct::trivia_qa_2_60k::base::main::33976,1
qwen_2.5_7b_instruct::trivia_qa_2_60k::base::main::26987,1
qwen_2.5_7b_instruct::trivia_qa_2_60k::base::main::12949,1
qwen_2.5_7b_instruct::trivia_qa_2_60k::base::main::23881,1
qwen_2.5_7b_instruct::trivia_qa_2_60k::base::main::25198,1
qwen_2.5_7b_instruct::trivia_qa_2_60k::base::main::27045,1
qwen_2.5_7b_instruct::trivia_qa_2_60k::base::main::12980,1
qwen_2.5_7b_instruct::trivia_qa_2_60k::base::main::5484,1
qwen_2.5_7b_instruct::trivia_qa_2_60k::base::main::54633,1
qwen_2.5_7b_instruct::trivia_qa_2_60k::base::main::30431,1
qwen_2.5_7b_instruct::trivia_qa_2_60k::base::main::55988,1
qwen_2.5_7b_instruct::trivia_qa_2_60k::base::main::40934,1
qwen_2.5_7b_instruct::trivia_qa_2_60k::base::main::43411,1
qwen_2.5_7b_instruct::trivia_qa_2_60k::base::main::55370,1
qwen_2.5_7b_instruct::trivia_qa_2_60k::base::main::10039,1
qwen_2.5_7b_instruct::trivia_qa_2_60k::base::main::49158,1
qwen_2.5_7b_instruct::trivia_qa_2_60k::base::main::24640,1
qwen_2.5_7b_instruct::trivia_qa_2_60k::base::main::23009,1
qwen_2.5_7b_instruct::trivia_qa_2_60k::base::main::58329,1
qwen_2.5_7b_instruct::trivia_qa_2_60k::base::main::14580,1
qwen_2.5_7b_instruct::trivia_qa_2_60k::base::main::49586,1
qwen_2.5_7b_instruct::trivia_qa_2_60k::base::main::47101,1
qwen_2.5_7b_instruct::trivia_qa_2_60k::base::main::49157,1
qwen_2.5_7b_instruct::trivia_qa_2_60k::base::main::51396,1
qwen_2.5_7b_instruct::trivia_qa_2_60k::base::main::33764,1
qwen_2.5_7b_instruct::trivia_qa_2_60k::base::main::31905,1
qwen_2.5_7b_instruct::trivia_qa_2_60k::base::main::53381,1
qwen_2.5_7b_instruct::trivia_qa_2_60k::base::main::3819,1
qwen_2.5_7b_instruct::trivia_qa_2_60k::base::main::34694,1
qwen_2.5_7b_instruct::trivia_qa_2_60k::base::main::1792,1
qwen_2.5_7b_instruct::trivia_qa_2_60k::base::main::8460,1
qwen_2.5_7b_instruct::trivia_qa_2_60k::base::main::10901,1
qwen_2.5_7b_instruct::trivia_qa_2_60k::base::main::20482,1
qwen_2.5_7b_instruct::trivia_qa_2_60k::base::main::32784,1
qwen_2.5_7b_instruct::trivia_qa_2_60k::base::main::30656,1
qwen_2.5_7b_instruct::trivia_qa_2_60k::base::main::18201,1
qwen_2.5_7b_instruct::trivia_qa_2_60k::base::main::48571,1
qwen_2.5_7b_instruct::trivia_qa_2_60k::base::main::56430,1
qwen_2.5_7b_instruct::trivia_qa_2_60k::base::main::21979,1
qwen_2.5_7b_instruct::trivia_qa_2_60k::base::main::50205,1
qwen_2.5_7b_instruct::trivia_qa_2_60k::base::main::8614,1
qwen_2.5_7b_instruct::trivia_qa_2_60k::base::main::21035,1
qwen_2.5_7b_instruct::trivia_qa_2_60k::base::main::47227,1
qwen_2.5_7b_instruct::trivia_qa_2_60k::base::main::51919,1
qwen_2.5_7b_instruct::trivia_qa_2_60k::base::main::49130,1
qwen_2.5_7b_instruct::trivia_qa_2_60k::base::main::9890,1
qwen_2.5_7b_instruct::trivia_qa_2_60k::base::main::36055,1
qwen_2.5_7b_instruct::trivia_qa_2_60k::base::main::5961,1
qwen_2.5_7b_instruct::trivia_qa_2_60k::base::main::56555,1
qwen_2.5_7b_instruct::trivia_qa_2_60k::base::main::16828,1
qwen_2.5_7b_instruct::trivia_qa_2_60k::base::main::312,1
qwen_2.5_7b_instruct::trivia_qa_2_60k::base::main::41628,1
qwen_2.5_7b_instruct::trivia_qa_2_60k::base::main::52831,1
qwen_2.5_7b_instruct::trivia_qa_2_60k::base::main::25021,1
qwen_2.5_7b_instruct::trivia_qa_2_60k::base::main::37553,1
qwen_2.5_7b_instruct::trivia_qa_2_60k::base::main::58136,1
qwen_2.5_7b_instruct::trivia_qa_2_60k::base::main::29302,1
qwen_2.5_7b_instruct::trivia_qa_2_60k::base::main::8003,1
qwen_2.5_7b_instruct::trivia_qa_2_60k::base::main::39233,1
qwen_2.5_7b_instruct::trivia_qa_2_60k::base::main::16905,1
qwen_2.5_7b_instruct::trivia_qa_2_60k::base::main::5654,1
qwen_2.5_7b_instruct::trivia_qa_2_60k::base::main::52903,1
qwen_2.5_7b_instruct::trivia_qa_2_60k::base::main::26259,1
qwen_2.5_7b_instruct::trivia_qa_2_60k::base::main::15786,1
qwen_2.5_7b_instruct::trivia_qa_2_60k::base::main::15455,1
qwen_2.5_7b_instruct::trivia_qa_2_60k::base::main::3287,1
qwen_2.5_7b_instruct::trivia_qa_2_60k::base::main::30532,1
qwen_2.5_7b_instruct::trivia_qa_2_60k::base::main::7842,1
qwen_2.5_7b_instruct::trivia_qa_2_60k::base::main::23763,1
qwen_2.5_7b_instruct::trivia_qa_2_60k::base::main::38354,1
qwen_2.5_7b_instruct::trivia_qa_2_60k::base::main::43389,1
qwen_2.5_7b_instruct::trivia_qa_2_60k::base::main::8147,1
qwen_2.5_7b_instruct::trivia_qa_2_60k::base::main::47950,1
qwen_2.5_7b_instruct::trivia_qa_2_60k::base::main::12244,1
qwen_2.5_7b_instruct::trivia_qa_2_60k::base::main::48111,1
qwen_2.5_7b_instruct::trivia_qa_2_60k::base::main::23100,1
qwen_2.5_7b_instruct::trivia_qa_2_60k::base::main::8725,1
qwen_2.5_7b_instruct::trivia_qa_2_60k::base::main::30582,1
qwen_2.5_7b_instruct::trivia_qa_2_60k::base::main::51720,1
qwen_2.5_7b_instruct::trivia_qa_2_60k::base::main::35391,1
qwen_2.5_7b_instruct::trivia_qa_2_60k::base::main::6118,1
qwen_2.5_7b_instruct::trivia_qa_2_60k::base::main::29311,1
qwen_2.5_7b_instruct::trivia_qa_2_60k::base::main::32517,1
qwen_2.5_7b_instruct::trivia_qa_2_60k::base::main::16488,1
qwen_2.5_7b_instruct::trivia_qa_2_60k::base::main::43117,1
qwen_2.5_7b_instruct::trivia_qa_2_60k::base::main::12434,1
qwen_2.5_7b_instruct::trivia_qa_2_60k::base::main::4363,1
qwen_2.5_7b_instruct::trivia_qa_2_60k::base::main::17691,1
qwen_2.5_7b_instruct::trivia_qa_2_60k::base::main::13939,1
qwen_2.5_7b_instruct::trivia_qa_2_60k::base::main::46793,1
qwen_2.5_7b_instruct::trivia_qa_2_60k::base::main::18587,1
qwen_2.5_7b_instruct::trivia_qa_2_60k::base::main::17647,1
qwen_2.5_7b_instruct::trivia_qa_2_60k::base::main::44914,1
qwen_2.5_7b_instruct::trivia_qa_2_60k::base::main::34371,1
qwen_2.5_7b_instruct::trivia_qa_2_60k::base::main::36874,1
qwen_2.5_7b_instruct::trivia_qa_2_60k::base::main::41238,1
qwen_2.5_7b_instruct::trivia_qa_2_60k::base::main::35633,1
qwen_2.5_7b_instruct::trivia_qa_2_60k::base::main::10393,1
qwen_2.5_7b_instruct::trivia_qa_2_60k::base::main::43735,1
qwen_2.5_7b_instruct::trivia_qa_2_60k::base::main::30144,1
qwen_2.5_7b_instruct::trivia_qa_2_60k::base::main::39659,1
qwen_2.5_7b_instruct::trivia_qa_2_60k::base::main::43473,1
qwen_2.5_7b_instruct::trivia_qa_2_60k::base::main::38395,1
qwen_2.5_7b_instruct::trivia_qa_2_60k::base::main::34992,1
qwen_2.5_7b_instruct::trivia_qa_2_60k::base::main::43602,1
qwen_2.5_7b_instruct::trivia_qa_2_60k::base::main::12667,1
qwen_2.5_7b_instruct::trivia_qa_2_60k::base::main::45390,1
qwen_2.5_7b_instruct::trivia_qa_2_60k::base::main::6310,1
qwen_2.5_7b_instruct::trivia_qa_2_60k::base::main::37943,1
qwen_2.5_7b_instruct::trivia_qa_2_60k::base::main::28275,1
qwen_2.5_7b_instruct::trivia_qa_2_60k::base::main::29665,1
qwen_2.5_7b_instruct::trivia_qa_2_60k::base::main::40446,1
qwen_2.5_7b_instruct::trivia_qa_2_60k::base::main::8796,1
qwen_2.5_7b_instruct::trivia_qa_2_60k::base::main::7616,1
qwen_2.5_7b_instruct::trivia_qa_2_60k::base::main::36531,1
qwen_2.5_7b_instruct::trivia_qa_2_60k::base::main::32214,1
qwen_2.5_7b_instruct::trivia_qa_2_60k::base::main::32956,1
qwen_2.5_7b_instruct::trivia_qa_2_60k::base::main::18784,1
qwen_2.5_7b_instruct::trivia_qa_2_60k::base::main::36848,1
qwen_2.5_7b_instruct::trivia_qa_2_60k::base::main::51598,1
qwen_2.5_7b_instruct::trivia_qa_2_60k::base::main::50697,1
qwen_2.5_7b_instruct::trivia_qa_2_60k::base::main::57527,1
qwen_2.5_7b_instruct::trivia_qa_2_60k::base::main::54272,1
qwen_2.5_7b_instruct::trivia_qa_2_60k::base::main::35284,1
qwen_2.5_7b_instruct::trivia_qa_2_60k::base::main::46661,1
qwen_2.5_7b_instruct::trivia_qa_2_60k::base::main::44534,1
qwen_2.5_7b_instruct::trivia_qa_2_60k::base::main::4355,1
qwen_2.5_7b_instruct::trivia_qa_2_60k::base::main::25572,1
qwen_2.5_7b_instruct::trivia_qa_2_60k::base::main::56550,1
qwen_2.5_7b_instruct::trivia_qa_2_60k::base::main::24468,1
qwen_2.5_7b_instruct::trivia_qa_2_60k::base::main::41931,1
qwen_2.5_7b_instruct::trivia_qa_2_60k::base::main::37570,1
qwen_2.5_7b_instruct::trivia_qa_2_60k::base::main::49808,1
qwen_2.5_7b_instruct::trivia_qa_2_60k::base::main::31764,1
qwen_2.5_7b_instruct::trivia_qa_2_60k::base::main::25781,1
qwen_2.5_7b_instruct::trivia_qa_2_60k::base::main::44213,1
qwen_2.5_7b_instruct::trivia_qa_2_60k::base::main::3245,1
qwen_2.5_7b_instruct::trivia_qa_2_60k::base::main::43752,1
qwen_2.5_7b_instruct::trivia_qa_2_60k::base::main::12344,1
qwen_2.5_7b_instruct::trivia_qa_2_60k::base::main::15415,1
qwen_2.5_7b_instruct::trivia_qa_2_60k::base::main::40766,1
qwen_2.5_7b_instruct::trivia_qa_2_60k::base::main::34465,1
qwen_2.5_7b_instruct::trivia_qa_2_60k::base::main::32270,1
qwen_2.5_7b_instruct::trivia_qa_2_60k::base::main::35189,1
qwen_2.5_7b_instruct::trivia_qa_2_60k::base::main::40114,1
qwen_2.5_7b_instruct::trivia_qa_2_60k::base::main::30037,1
qwen_2.5_7b_instruct::trivia_qa_2_60k::base::main::54335,1
qwen_2.5_7b_instruct::trivia_qa_2_60k::base::main::32330,1
qwen_2.5_7b_instruct::trivia_qa_2_60k::base::main::32245,1
qwen_2.5_7b_instruct::trivia_qa_2_60k::base::main::20291,1
qwen_2.5_7b_instruct::trivia_qa_2_60k::base::main::49479,1
qwen_2.5_7b_instruct::trivia_qa_2_60k::base::main::27736,1
qwen_2.5_7b_instruct::trivia_qa_2_60k::base::main::11459,1
qwen_2.5_7b_instruct::trivia_qa_2_60k::base::main::40047,1
qwen_2.5_7b_instruct::trivia_qa_2_60k::base::main::46019,1
qwen_2.5_7b_instruct::trivia_qa_2_60k::base::main::20249,1
qwen_2.5_7b_instruct::trivia_qa_2_60k::base::main::32335,1
qwen_2.5_7b_instruct::trivia_qa_2_60k::base::main::26920,1
qwen_2.5_7b_instruct::trivia_qa_2_60k::base::main::23470,1
qwen_2.5_7b_instruct::trivia_qa_2_60k::base::main::30529,1
qwen_2.5_7b_instruct::trivia_qa_2_60k::base::main::52897,1
qwen_2.5_7b_instruct::trivia_qa_2_60k::base::main::20268,1
qwen_2.5_7b_instruct::trivia_qa_2_60k::base::main::37123,1
qwen_2.5_7b_instruct::trivia_qa_2_60k::base::main::32507,1
qwen_2.5_7b_instruct::trivia_qa_2_60k::base::main::46934,1
qwen_2.5_7b_instruct::trivia_qa_2_60k::base::main::25377,1
qwen_2.5_7b_instruct::trivia_qa_2_60k::base::main::32076,1
qwen_2.5_7b_instruct::trivia_qa_2_60k::base::main::49224,1
qwen_2.5_7b_instruct::trivia_qa_2_60k::base::main::189,1
qwen_2.5_7b_instruct::trivia_qa_2_60k::base::main::19217,1
qwen_2.5_7b_instruct::trivia_qa_2_60k::base::main::6487,1
qwen_2.5_7b_instruct::trivia_qa_2_60k::base::main::338,1
qwen_2.5_7b_instruct::trivia_qa_2_60k::base::main::44139,1
qwen_2.5_7b_instruct::trivia_qa_2_60k::base::main::14368,1
qwen_2.5_7b_instruct::trivia_qa_2_60k::base::main::18026,1
qwen_2.5_7b_instruct::trivia_qa_2_60k::base::main::3053,1
qwen_2.5_7b_instruct::trivia_qa_2_60k::base::main::26106,1
qwen_2.5_7b_instruct::trivia_qa_2_60k::base::main::15956,1
qwen_2.5_7b_instruct::trivia_qa_2_60k::base::main::9639,1
qwen_2.5_7b_instruct::trivia_qa_2_60k::base::main::30888,1
qwen_2.5_7b_instruct::trivia_qa_2_60k::base::main::50894,1
qwen_2.5_7b_instruct::trivia_qa_2_60k::base::main::250,1
qwen_2.5_7b_instruct::trivia_qa_2_60k::base::main::12175,1
qwen_2.5_7b_instruct::trivia_qa_2_60k::base::main::24500,1
qwen_2.5_7b_instruct::trivia_qa_2_60k::base::main::20965,1
qwen_2.5_7b_instruct::trivia_qa_2_60k::base::main::4130,1
qwen_2.5_7b_instruct::trivia_qa_2_60k::base::main::30070,1
qwen_2.5_7b_instruct::trivia_qa_2_60k::base::main::9099,1
qwen_2.5_7b_instruct::trivia_qa_2_60k::base::main::12892,1
qwen_2.5_7b_instruct::trivia_qa_2_60k::base::main::20987,1
qwen_2.5_7b_instruct::trivia_qa_2_60k::base::main::32516,1
qwen_2.5_7b_instruct::trivia_qa_2_60k::base::main::44392,1
qwen_2.5_7b_instruct::trivia_qa_2_60k::base::main::15569,1
qwen_2.5_7b_instruct::trivia_qa_2_60k::base::main::42605,1
qwen_2.5_7b_instruct::trivia_qa_2_60k::base::main::12615,1
qwen_2.5_7b_instruct::trivia_qa_2_60k::base::main::13133,1
qwen_2.5_7b_instruct::trivia_qa_2_60k::base::main::25602,1
qwen_2.5_7b_instruct::trivia_qa_2_60k::base::main::29746,1
qwen_2.5_7b_instruct::trivia_qa_2_60k::base::main::6776,1
qwen_2.5_7b_instruct::trivia_qa_2_60k::base::main::47357,1
qwen_2.5_7b_instruct::trivia_qa_2_60k::base::main::22912,1
qwen_2.5_7b_instruct::trivia_qa_2_60k::base::main::57136,1
qwen_2.5_7b_instruct::trivia_qa_2_60k::base::main::40590,1
qwen_2.5_7b_instruct::trivia_qa_2_60k::base::main::22646,1
qwen_2.5_7b_instruct::trivia_qa_2_60k::base::main::57386,1
qwen_2.5_7b_instruct::trivia_qa_2_60k::base::main::38071,1
qwen_2.5_7b_instruct::trivia_qa_2_60k::base::main::33246,1
qwen_2.5_7b_instruct::trivia_qa_2_60k::base::main::42552,1
qwen_2.5_7b_instruct::trivia_qa_2_60k::base::main::11902,1
qwen_2.5_7b_instruct::trivia_qa_2_60k::base::main::49416,1
qwen_2.5_7b_instruct::trivia_qa_2_60k::base::main::9204,1
qwen_2.5_7b_instruct::trivia_qa_2_60k::base::main::41378,1
qwen_2.5_7b_instruct::trivia_qa_2_60k::base::main::55628,1
qwen_2.5_7b_instruct::trivia_qa_2_60k::base::main::4262,1
qwen_2.5_7b_instruct::trivia_qa_2_60k::base::main::58444,1
qwen_2.5_7b_instruct::trivia_qa_2_60k::base::main::36952,1
qwen_2.5_7b_instruct::trivia_qa_2_60k::base::main::39793,1
qwen_2.5_7b_instruct::trivia_qa_2_60k::base::main::49510,1
qwen_2.5_7b_instruct::trivia_qa_2_60k::base::main::13250,1
qwen_2.5_7b_instruct::trivia_qa_2_60k::base::main::52269,1
qwen_2.5_7b_instruct::trivia_qa_2_60k::base::main::25133,1
qwen_2.5_7b_instruct::trivia_qa_2_60k::base::main::49669,1
qwen_2.5_7b_instruct::trivia_qa_2_60k::base::main::6985,1
qwen_2.5_7b_instruct::trivia_qa_2_60k::base::main::10325,1
qwen_2.5_7b_instruct::trivia_qa_2_60k::base::main::45296,1
qwen_2.5_7b_instruct::trivia_qa_2_60k::base::main::3945,1
qwen_2.5_7b_instruct::trivia_qa_2_60k::base::main::8671,1
qwen_2.5_7b_instruct::trivia_qa_2_60k::base::main::22743,1
qwen_2.5_7b_instruct::trivia_qa_2_60k::base::main::6275,1
qwen_2.5_7b_instruct::trivia_qa_2_60k::base::main::6127,1
qwen_2.5_7b_instruct::trivia_qa_2_60k::base::main::14403,1
qwen_2.5_7b_instruct::trivia_qa_2_60k::base::main::21210,1
qwen_2.5_7b_instruct::trivia_qa_2_60k::base::main::12746,1
qwen_2.5_7b_instruct::trivia_qa_2_60k::base::main::15910,1
qwen_2.5_7b_instruct::trivia_qa_2_60k::base::main::58241,1
qwen_2.5_7b_instruct::trivia_qa_2_60k::base::main::48771,1
qwen_2.5_7b_instruct::trivia_qa_2_60k::base::main::3086,1
qwen_2.5_7b_instruct::trivia_qa_2_60k::base::main::15616,1
qwen_2.5_7b_instruct::trivia_qa_2_60k::base::main::46569,1
qwen_2.5_7b_instruct::trivia_qa_2_60k::base::main::43004,1
qwen_2.5_7b_instruct::trivia_qa_2_60k::base::main::27551,1
qwen_2.5_7b_instruct::trivia_qa_2_60k::base::main::33090,1
qwen_2.5_7b_instruct::trivia_qa_2_60k::base::main::44127,1
qwen_2.5_7b_instruct::trivia_qa_2_60k::base::main::13288,1
qwen_2.5_7b_instruct::trivia_qa_2_60k::base::main::2811,1
qwen_2.5_7b_instruct::trivia_qa_2_60k::base::main::22073,1
qwen_2.5_7b_instruct::trivia_qa_2_60k::base::main::16171,1
qwen_2.5_7b_instruct::trivia_qa_2_60k::base::main::35615,1
qwen_2.5_7b_instruct::trivia_qa_2_60k::base::main::3391,1
qwen_2.5_7b_instruct::trivia_qa_2_60k::base::main::45488,1
qwen_2.5_7b_instruct::trivia_qa_2_60k::base::main::1678,1
qwen_2.5_7b_instruct::trivia_qa_2_60k::base::main::2115,1
qwen_2.5_7b_instruct::trivia_qa_2_60k::base::main::51925,1
qwen_2.5_7b_instruct::trivia_qa_2_60k::base::main::57903,1
qwen_2.5_7b_instruct::trivia_qa_2_60k::base::main::3130,1
qwen_2.5_7b_instruct::trivia_qa_2_60k::base::main::23589,1
qwen_2.5_7b_instruct::trivia_qa_2_60k::base::main::18883,1
qwen_2.5_7b_instruct::trivia_qa_2_60k::base::main::58121,1
qwen_2.5_7b_instruct::trivia_qa_2_60k::base::main::49534,1
qwen_2.5_7b_instruct::trivia_qa_2_60k::base::main::47761,1
qwen_2.5_7b_instruct::trivia_qa_2_60k::base::main::10426,1
qwen_2.5_7b_instruct::trivia_qa_2_60k::base::main::5988,1
qwen_2.5_7b_instruct::trivia_qa_2_60k::base::main::23310,1
qwen_2.5_7b_instruct::trivia_qa_2_60k::base::main::5935,1
qwen_2.5_7b_instruct::trivia_qa_2_60k::base::main::22164,1
qwen_2.5_7b_instruct::trivia_qa_2_60k::base::main::43469,1
qwen_2.5_7b_instruct::trivia_qa_2_60k::base::main::58326,1
qwen_2.5_7b_instruct::trivia_qa_2_60k::base::main::43597,1
qwen_2.5_7b_instruct::trivia_qa_2_60k::base::main::36269,1
qwen_2.5_7b_instruct::trivia_qa_2_60k::base::main::10867,1
qwen_2.5_7b_instruct::trivia_qa_2_60k::base::main::41956,1
qwen_2.5_7b_instruct::trivia_qa_2_60k::base::main::38084,1
qwen_2.5_7b_instruct::trivia_qa_2_60k::base::main::36551,1
qwen_2.5_7b_instruct::trivia_qa_2_60k::base::main::14131,1
qwen_2.5_7b_instruct::trivia_qa_2_60k::base::main::45361,1
qwen_2.5_7b_instruct::trivia_qa_2_60k::base::main::56790,1
qwen_2.5_7b_instruct::trivia_qa_2_60k::base::main::33950,1
qwen_2.5_7b_instruct::trivia_qa_2_60k::base::main::55926,1
qwen_2.5_7b_instruct::trivia_qa_2_60k::base::main::12144,1
qwen_2.5_7b_instruct::trivia_qa_2_60k::base::main::10727,1
qwen_2.5_7b_instruct::trivia_qa_2_60k::base::main::22513,1
qwen_2.5_7b_instruct::trivia_qa_2_60k::base::main::30775,1
qwen_2.5_7b_instruct::trivia_qa_2_60k::base::main::30720,1
qwen_2.5_7b_instruct::trivia_qa_2_60k::base::main::56964,1
qwen_2.5_7b_instruct::trivia_qa_2_60k::base::main::1141,1
qwen_2.5_7b_instruct::trivia_qa_2_60k::base::main::31197,1
qwen_2.5_7b_instruct::trivia_qa_2_60k::base::main::34900,1
qwen_2.5_7b_instruct::trivia_qa_2_60k::base::main::18237,1
qwen_2.5_7b_instruct::trivia_qa_2_60k::base::main::19985,1
qwen_2.5_7b_instruct::trivia_qa_2_60k::base::main::23389,1
qwen_2.5_7b_instruct::trivia_qa_2_60k::base::main::57291,1
qwen_2.5_7b_instruct::trivia_qa_2_60k::base::main::13739,1
qwen_2.5_7b_instruct::trivia_qa_2_60k::base::main::29917,1
qwen_2.5_7b_instruct::trivia_qa_2_60k::base::main::58306,1
qwen_2.5_7b_instruct::trivia_qa_2_60k::base::main::38139,1
qwen_2.5_7b_instruct::trivia_qa_2_60k::base::main::38962,1
qwen_2.5_7b_instruct::trivia_qa_2_60k::base::main::11115,1
qwen_2.5_7b_instruct::trivia_qa_2_60k::base::main::6973,1
qwen_2.5_7b_instruct::trivia_qa_2_60k::base::main::11164,1
qwen_2.5_7b_instruct::trivia_qa_2_60k::base::main::54796,1
qwen_2.5_7b_instruct::trivia_qa_2_60k::base::main::22100,1
qwen_2.5_7b_instruct::trivia_qa_2_60k::base::main::11336,1
qwen_2.5_7b_instruct::trivia_qa_2_60k::base::main::58382,1
qwen_2.5_7b_instruct::trivia_qa_2_60k::base::main::41177,1
qwen_2.5_7b_instruct::trivia_qa_2_60k::base::main::20751,1
qwen_2.5_7b_instruct::trivia_qa_2_60k::base::main::44081,1
qwen_2.5_7b_instruct::trivia_qa_2_60k::base::main::35464,1
qwen_2.5_7b_instruct::trivia_qa_2_60k::base::main::43953,1
qwen_2.5_7b_instruct::trivia_qa_2_60k::base::main::36841,1
qwen_2.5_7b_instruct::trivia_qa_2_60k::base::main::49549,1
qwen_2.5_7b_instruct::trivia_qa_2_60k::base::main::52750,1
qwen_2.5_7b_instruct::trivia_qa_2_60k::base::main::18157,1
qwen_2.5_7b_instruct::trivia_qa_2_60k::base::main::32423,1
qwen_2.5_7b_instruct::trivia_qa_2_60k::base::main::39538,1
qwen_2.5_7b_instruct::trivia_qa_2_60k::base::main::10981,1
qwen_2.5_7b_instruct::trivia_qa_2_60k::base::main::46238,1
qwen_2.5_7b_instruct::trivia_qa_2_60k::base::main::32443,1
qwen_2.5_7b_instruct::trivia_qa_2_60k::base::main::31842,1
qwen_2.5_7b_instruct::trivia_qa_2_60k::base::main::43023,1
qwen_2.5_7b_instruct::trivia_qa_2_60k::base::main::50991,1
qwen_2.5_7b_instruct::trivia_qa_2_60k::base::main::11490,1
qwen_2.5_7b_instruct::trivia_qa_2_60k::base::main::54143,1
qwen_2.5_7b_instruct::trivia_qa_2_60k::base::main::1711,1
qwen_2.5_7b_instruct::trivia_qa_2_60k::base::main::47948,1
qwen_2.5_7b_instruct::trivia_qa_2_60k::base::main::32221,1
qwen_2.5_7b_instruct::trivia_qa_2_60k::base::main::11167,1
qwen_2.5_7b_instruct::trivia_qa_2_60k::base::main::16214,1
qwen_2.5_7b_instruct::trivia_qa_2_60k::base::main::18267,1
qwen_2.5_7b_instruct::trivia_qa_2_60k::base::main::20452,1
qwen_2.5_7b_instruct::trivia_qa_2_60k::base::main::58321,1
qwen_2.5_7b_instruct::trivia_qa_2_60k::base::main::31396,1
qwen_2.5_7b_instruct::trivia_qa_2_60k::base::main::39208,1
qwen_2.5_7b_instruct::trivia_qa_2_60k::base::main::22824,1
qwen_2.5_7b_instruct::trivia_qa_2_60k::base::main::10231,1
qwen_2.5_7b_instruct::trivia_qa_2_60k::base::main::48122,1
qwen_2.5_7b_instruct::trivia_qa_2_60k::base::main::35308,1
qwen_2.5_7b_instruct::trivia_qa_2_60k::base::main::21608,1
qwen_2.5_7b_instruct::trivia_qa_2_60k::base::main::2607,1
qwen_2.5_7b_instruct::trivia_qa_2_60k::base::main::10032,1
qwen_2.5_7b_instruct::trivia_qa_2_60k::base::main::23988,1
qwen_2.5_7b_instruct::trivia_qa_2_60k::base::main::55727,1
qwen_2.5_7b_instruct::trivia_qa_2_60k::base::main::28479,1
qwen_2.5_7b_instruct::trivia_qa_2_60k::base::main::6660,1
qwen_2.5_7b_instruct::trivia_qa_2_60k::base::main::16112,1
qwen_2.5_7b_instruct::trivia_qa_2_60k::base::main::23885,1
qwen_2.5_7b_instruct::trivia_qa_2_60k::base::main::37222,1
qwen_2.5_7b_instruct::trivia_qa_2_60k::base::main::36392,1
qwen_2.5_7b_instruct::trivia_qa_2_60k::base::main::6508,1
qwen_2.5_7b_instruct::trivia_qa_2_60k::base::main::38156,1
qwen_2.5_7b_instruct::trivia_qa_2_60k::base::main::20714,1
qwen_2.5_7b_instruct::trivia_qa_2_60k::base::main::4109,1
qwen_2.5_7b_instruct::trivia_qa_2_60k::base::main::34319,1
qwen_2.5_7b_instruct::trivia_qa_2_60k::base::main::54241,1
qwen_2.5_7b_instruct::trivia_qa_2_60k::base::main::9954,1
qwen_2.5_7b_instruct::trivia_qa_2_60k::base::main::33831,1
qwen_2.5_7b_instruct::trivia_qa_2_60k::base::main::5976,1
qwen_2.5_7b_instruct::trivia_qa_2_60k::base::main::30023,1
qwen_2.5_7b_instruct::trivia_qa_2_60k::base::main::12703,1
qwen_2.5_7b_instruct::trivia_qa_2_60k::base::main::34414,1
qwen_2.5_7b_instruct::trivia_qa_2_60k::base::main::10077,1
qwen_2.5_7b_instruct::trivia_qa_2_60k::base::main::6689,1
qwen_2.5_7b_instruct::trivia_qa_2_60k::base::main::40247,1
qwen_2.5_7b_instruct::trivia_qa_2_60k::base::main::40618,1
qwen_2.5_7b_instruct::trivia_qa_2_60k::base::main::41660,1
qwen_2.5_7b_instruct::trivia_qa_2_60k::base::main::13910,1
qwen_2.5_7b_instruct::trivia_qa_2_60k::base::main::52383,1
qwen_2.5_7b_instruct::trivia_qa_2_60k::base::main::11271,1
qwen_2.5_7b_instruct::trivia_qa_2_60k::base::main::45023,1
qwen_2.5_7b_instruct::trivia_qa_2_60k::base::main::26889,1
qwen_2.5_7b_instruct::trivia_qa_2_60k::base::main::36679,1
qwen_2.5_7b_instruct::trivia_qa_2_60k::base::main::41477,1
qwen_2.5_7b_instruct::trivia_qa_2_60k::base::main::13776,1
qwen_2.5_7b_instruct::trivia_qa_2_60k::base::main::35146,1
qwen_2.5_7b_instruct::trivia_qa_2_60k::base::main::6656,1
qwen_2.5_7b_instruct::trivia_qa_2_60k::base::main::5651,1
qwen_2.5_7b_instruct::trivia_qa_2_60k::base::main::57387,1
qwen_2.5_7b_instruct::trivia_qa_2_60k::base::main::5739,1
qwen_2.5_7b_instruct::trivia_qa_2_60k::base::main::29135,1
qwen_2.5_7b_instruct::trivia_qa_2_60k::base::main::8489,1
qwen_2.5_7b_instruct::trivia_qa_2_60k::base::main::56803,1
qwen_2.5_7b_instruct::trivia_qa_2_60k::base::main::58137,1
qwen_2.5_7b_instruct::trivia_qa_2_60k::base::main::50764,1
qwen_2.5_7b_instruct::trivia_qa_2_60k::base::main::53459,1
qwen_2.5_7b_instruct::trivia_qa_2_60k::base::main::26585,1
qwen_2.5_7b_instruct::trivia_qa_2_60k::base::main::36000,1
qwen_2.5_7b_instruct::trivia_qa_2_60k::base::main::4255,1
qwen_2.5_7b_instruct::trivia_qa_2_60k::base::main::46674,1
qwen_2.5_7b_instruct::trivia_qa_2_60k::base::main::9487,1
qwen_2.5_7b_instruct::trivia_qa_2_60k::base::main::28883,1
qwen_2.5_7b_instruct::trivia_qa_2_60k::base::main::30367,1
qwen_2.5_7b_instruct::trivia_qa_2_60k::base::main::9138,1
qwen_2.5_7b_instruct::trivia_qa_2_60k::base::main::22149,1
qwen_2.5_7b_instruct::trivia_qa_2_60k::base::main::20567,1
qwen_2.5_7b_instruct::trivia_qa_2_60k::base::main::31791,1
qwen_2.5_7b_instruct::trivia_qa_2_60k::base::main::21663,1
qwen_2.5_7b_instruct::trivia_qa_2_60k::base::main::6501,1
qwen_2.5_7b_instruct::trivia_qa_2_60k::base::main::20750,1
qwen_2.5_7b_instruct::trivia_qa_2_60k::base::main::43535,1
qwen_2.5_7b_instruct::trivia_qa_2_60k::base::main::7111,1
qwen_2.5_7b_instruct::trivia_qa_2_60k::base::main::26337,1
qwen_2.5_7b_instruct::trivia_qa_2_60k::base::main::32788,1
qwen_2.5_7b_instruct::trivia_qa_2_60k::base::main::50375,1
qwen_2.5_7b_instruct::trivia_qa_2_60k::base::main::577,1
qwen_2.5_7b_instruct::trivia_qa_2_60k::base::main::18782,1
qwen_2.5_7b_instruct::trivia_qa_2_60k::base::main::40337,1
qwen_2.5_7b_instruct::trivia_qa_2_60k::base::main::43867,1
qwen_2.5_7b_instruct::trivia_qa_2_60k::base::main::17803,1
qwen_2.5_7b_instruct::trivia_qa_2_60k::base::main::36211,1
qwen_2.5_7b_instruct::trivia_qa_2_60k::base::main::30066,1
qwen_2.5_7b_instruct::trivia_qa_2_60k::base::main::38153,1
qwen_2.5_7b_instruct::trivia_qa_2_60k::base::main::26093,1
qwen_2.5_7b_instruct::trivia_qa_2_60k::base::main::38330,1
qwen_2.5_7b_instruct::trivia_qa_2_60k::base::main::47131,1
qwen_2.5_7b_instruct::trivia_qa_2_60k::base::main::3547,1
qwen_2.5_7b_instruct::trivia_qa_2_60k::base::main::12062,1
qwen_2.5_7b_instruct::trivia_qa_2_60k::base::main::11356,1
qwen_2.5_7b_instruct::trivia_qa_2_60k::base::main::314,1
qwen_2.5_7b_instruct::trivia_qa_2_60k::base::main::3191,1
qwen_2.5_7b_instruct::trivia_qa_2_60k::base::main::34289,1
qwen_2.5_7b_instruct::trivia_qa_2_60k::base::main::44231,1
qwen_2.5_7b_instruct::trivia_qa_2_60k::base::main::47223,1
qwen_2.5_7b_instruct::trivia_qa_2_60k::base::main::54632,1
qwen_2.5_7b_instruct::trivia_qa_2_60k::base::main::42653,1
qwen_2.5_7b_instruct::trivia_qa_2_60k::base::main::28747,1
qwen_2.5_7b_instruct::trivia_qa_2_60k::base::main::53541,1
qwen_2.5_7b_instruct::trivia_qa_2_60k::base::main::50392,1
qwen_2.5_7b_instruct::trivia_qa_2_60k::base::main::16516,1
qwen_2.5_7b_instruct::trivia_qa_2_60k::base::main::2907,1
qwen_2.5_7b_instruct::trivia_qa_2_60k::base::main::10982,1
qwen_2.5_7b_instruct::trivia_qa_2_60k::base::main::7085,1
qwen_2.5_7b_instruct::trivia_qa_2_60k::base::main::23302,1
qwen_2.5_7b_instruct::trivia_qa_2_60k::base::main::5134,1
qwen_2.5_7b_instruct::trivia_qa_2_60k::base::main::29325,1
qwen_2.5_7b_instruct::trivia_qa_2_60k::base::main::20739,1
qwen_2.5_7b_instruct::trivia_qa_2_60k::base::main::38324,1
qwen_2.5_7b_instruct::trivia_qa_2_60k::base::main::11461,1
qwen_2.5_7b_instruct::trivia_qa_2_60k::base::main::15462,1
qwen_2.5_7b_instruct::trivia_qa_2_60k::base::main::8542,1
qwen_2.5_7b_instruct::trivia_qa_2_60k::base::main::57514,1
qwen_2.5_7b_instruct::trivia_qa_2_60k::base::main::16448,1
qwen_2.5_7b_instruct::trivia_qa_2_60k::base::main::27401,1
qwen_2.5_7b_instruct::trivia_qa_2_60k::base::main::35183,1
qwen_2.5_7b_instruct::trivia_qa_2_60k::base::main::43407,1
qwen_2.5_7b_instruct::trivia_qa_2_60k::base::main::49925,1
qwen_2.5_7b_instruct::trivia_qa_2_60k::base::main::10331,1
qwen_2.5_7b_instruct::trivia_qa_2_60k::base::main::48714,1
qwen_2.5_7b_instruct::trivia_qa_2_60k::base::main::51503,1
qwen_2.5_7b_instruct::trivia_qa_2_60k::base::main::44625,1
qwen_2.5_7b_instruct::trivia_qa_2_60k::base::main::1951,1
qwen_2.5_7b_instruct::trivia_qa_2_60k::base::main::20037,1
qwen_2.5_7b_instruct::trivia_qa_2_60k::base::main::55609,1
qwen_2.5_7b_instruct::trivia_qa_2_60k::base::main::39496,1
qwen_2.5_7b_instruct::trivia_qa_2_60k::base::main::17415,1
qwen_2.5_7b_instruct::trivia_qa_2_60k::base::main::8234,1
qwen_2.5_7b_instruct::trivia_qa_2_60k::base::main::20051,1
qwen_2.5_7b_instruct::trivia_qa_2_60k::base::main::13870,1
qwen_2.5_7b_instruct::trivia_qa_2_60k::base::main::32777,1
qwen_2.5_7b_instruct::trivia_qa_2_60k::base::main::3140,1
qwen_2.5_7b_instruct::trivia_qa_2_60k::base::main::44308,1
qwen_2.5_7b_instruct::trivia_qa_2_60k::base::main::37615,1
qwen_2.5_7b_instruct::trivia_qa_2_60k::base::main::2941,1
qwen_2.5_7b_instruct::trivia_qa_2_60k::base::main::35651,1
qwen_2.5_7b_instruct::trivia_qa_2_60k::base::main::39135,1
qwen_2.5_7b_instruct::trivia_qa_2_60k::base::main::12391,1
qwen_2.5_7b_instruct::trivia_qa_2_60k::base::main::32699,1
qwen_2.5_7b_instruct::trivia_qa_2_60k::base::main::25654,1
qwen_2.5_7b_instruct::trivia_qa_2_60k::base::main::1475,1
qwen_2.5_7b_instruct::trivia_qa_2_60k::base::main::15952,1
qwen_2.5_7b_instruct::trivia_qa_2_60k::base::main::49289,1
qwen_2.5_7b_instruct::trivia_qa_2_60k::base::main::45529,1
qwen_2.5_7b_instruct::trivia_qa_2_60k::base::main::32619,1
qwen_2.5_7b_instruct::trivia_qa_2_60k::base::main::22076,1
qwen_2.5_7b_instruct::trivia_qa_2_60k::base::main::4610,1
qwen_2.5_7b_instruct::trivia_qa_2_60k::base::main::55028,1
qwen_2.5_7b_instruct::trivia_qa_2_60k::base::main::15673,1
qwen_2.5_7b_instruct::trivia_qa_2_60k::base::main::5422,1
qwen_2.5_7b_instruct::trivia_qa_2_60k::base::main::26210,1
qwen_2.5_7b_instruct::trivia_qa_2_60k::base::main::50427,1
qwen_2.5_7b_instruct::trivia_qa_2_60k::base::main::57916,1
qwen_2.5_7b_instruct::trivia_qa_2_60k::base::main::10825,1
qwen_2.5_7b_instruct::trivia_qa_2_60k::base::main::52488,1
qwen_2.5_7b_instruct::trivia_qa_2_60k::base::main::2050,1
qwen_2.5_7b_instruct::trivia_qa_2_60k::base::main::6576,1
qwen_2.5_7b_instruct::trivia_qa_2_60k::base::main::40916,1
qwen_2.5_7b_instruct::trivia_qa_2_60k::base::main::4718,1
qwen_2.5_7b_instruct::trivia_qa_2_60k::base::main::39197,1
qwen_2.5_7b_instruct::trivia_qa_2_60k::base::main::26153,1
qwen_2.5_7b_instruct::trivia_qa_2_60k::base::main::58203,1
qwen_2.5_7b_instruct::trivia_qa_2_60k::base::main::20969,1
qwen_2.5_7b_instruct::trivia_qa_2_60k::base::main::21855,1
qwen_2.5_7b_instruct::trivia_qa_2_60k::base::main::4141,1
qwen_2.5_7b_instruct::trivia_qa_2_60k::base::main::43420,1
qwen_2.5_7b_instruct::trivia_qa_2_60k::base::main::30345,1
qwen_2.5_7b_instruct::trivia_qa_2_60k::base::main::20555,1
qwen_2.5_7b_instruct::trivia_qa_2_60k::base::main::55900,1
qwen_2.5_7b_instruct::trivia_qa_2_60k::base::main::28530,1
qwen_2.5_7b_instruct::trivia_qa_2_60k::base::main::4607,1
qwen_2.5_7b_instruct::trivia_qa_2_60k::base::main::21866,1
qwen_2.5_7b_instruct::trivia_qa_2_60k::base::main::36355,1
qwen_2.5_7b_instruct::trivia_qa_2_60k::base::main::34264,1
qwen_2.5_7b_instruct::trivia_qa_2_60k::base::main::51582,1
qwen_2.5_7b_instruct::trivia_qa_2_60k::base::main::20421,1
qwen_2.5_7b_instruct::trivia_qa_2_60k::base::main::51419,1
qwen_2.5_7b_instruct::trivia_qa_2_60k::base::main::7050,1
qwen_2.5_7b_instruct::trivia_qa_2_60k::base::main::5254,1
qwen_2.5_7b_instruct::trivia_qa_2_60k::base::main::47872,1
qwen_2.5_7b_instruct::trivia_qa_2_60k::base::main::35533,1
qwen_2.5_7b_instruct::trivia_qa_2_60k::base::main::49608,1
qwen_2.5_7b_instruct::trivia_qa_2_60k::base::main::36405,1
qwen_2.5_7b_instruct::trivia_qa_2_60k::base::main::22678,1
qwen_2.5_7b_instruct::trivia_qa_2_60k::base::main::30642,1
qwen_2.5_7b_instruct::trivia_qa_2_60k::base::main::2035,1
qwen_2.5_7b_instruct::trivia_qa_2_60k::base::main::11398,1
qwen_2.5_7b_instruct::trivia_qa_2_60k::base::main::33656,1
qwen_2.5_7b_instruct::trivia_qa_2_60k::base::main::58431,1
qwen_2.5_7b_instruct::trivia_qa_2_60k::base::main::10769,1
qwen_2.5_7b_instruct::trivia_qa_2_60k::base::main::34755,1
qwen_2.5_7b_instruct::trivia_qa_2_60k::base::main::35527,1
qwen_2.5_7b_instruct::trivia_qa_2_60k::base::main::42227,1
qwen_2.5_7b_instruct::trivia_qa_2_60k::base::main::52437,1
qwen_2.5_7b_instruct::trivia_qa_2_60k::base::main::34998,1
qwen_2.5_7b_instruct::trivia_qa_2_60k::base::main::17471,1
qwen_2.5_7b_instruct::trivia_qa_2_60k::base::main::46449,1
qwen_2.5_7b_instruct::trivia_qa_2_60k::base::main::19125,1
qwen_2.5_7b_instruct::trivia_qa_2_60k::base::main::14262,1
qwen_2.5_7b_instruct::trivia_qa_2_60k::base::main::52703,1
qwen_2.5_7b_instruct::trivia_qa_2_60k::base::main::38138,1
qwen_2.5_7b_instruct::trivia_qa_2_60k::base::main::42728,1
qwen_2.5_7b_instruct::trivia_qa_2_60k::base::main::50620,1
qwen_2.5_7b_instruct::trivia_qa_2_60k::base::main::33300,1
qwen_2.5_7b_instruct::trivia_qa_2_60k::base::main::38169,1
qwen_2.5_7b_instruct::trivia_qa_2_60k::base::main::29850,1
qwen_2.5_7b_instruct::trivia_qa_2_60k::base::main::6354,1
qwen_2.5_7b_instruct::trivia_qa_2_60k::base::main::41160,1
qwen_2.5_7b_instruct::trivia_qa_2_60k::base::main::10273,1
qwen_2.5_7b_instruct::trivia_qa_2_60k::base::main::21879,1
qwen_2.5_7b_instruct::trivia_qa_2_60k::base::main::13360,1
qwen_2.5_7b_instruct::trivia_qa_2_60k::base::main::32718,1
qwen_2.5_7b_instruct::trivia_qa_2_60k::base::main::18719,1
qwen_2.5_7b_instruct::trivia_qa_2_60k::base::main::14257,1
qwen_2.5_7b_instruct::trivia_qa_2_60k::base::main::20218,1
qwen_2.5_7b_instruct::trivia_qa_2_60k::base::main::33887,1
qwen_2.5_7b_instruct::trivia_qa_2_60k::base::main::46748,1
qwen_2.5_7b_instruct::trivia_qa_2_60k::base::main::25997,1
qwen_2.5_7b_instruct::trivia_qa_2_60k::base::main::14753,1
qwen_2.5_7b_instruct::trivia_qa_2_60k::base::main::6052,1
qwen_2.5_7b_instruct::trivia_qa_2_60k::base::main::12102,1
qwen_2.5_7b_instruct::trivia_qa_2_60k::base::main::24167,1
qwen_2.5_7b_instruct::trivia_qa_2_60k::base::main::1196,1
qwen_2.5_7b_instruct::trivia_qa_2_60k::base::main::50874,1
qwen_2.5_7b_instruct::trivia_qa_2_60k::base::main::18688,1
qwen_2.5_7b_instruct::trivia_qa_2_60k::base::main::831,1
qwen_2.5_7b_instruct::trivia_qa_2_60k::base::main::16000,1
qwen_2.5_7b_instruct::trivia_qa_2_60k::base::main::1746,1
qwen_2.5_7b_instruct::trivia_qa_2_60k::base::main::55326,1
qwen_2.5_7b_instruct::trivia_qa_2_60k::base::main::22015,1
qwen_2.5_7b_instruct::trivia_qa_2_60k::base::main::46833,1
qwen_2.5_7b_instruct::trivia_qa_2_60k::base::main::49570,1
qwen_2.5_7b_instruct::trivia_qa_2_60k::base::main::34237,1
qwen_2.5_7b_instruct::trivia_qa_2_60k::base::main::5140,1
qwen_2.5_7b_instruct::trivia_qa_2_60k::base::main::7095,1
qwen_2.5_7b_instruct::trivia_qa_2_60k::base::main::24844,1
qwen_2.5_7b_instruct::trivia_qa_2_60k::base::main::48306,1
qwen_2.5_7b_instruct::trivia_qa_2_60k::base::main::50038,1
qwen_2.5_7b_instruct::trivia_qa_2_60k::base::main::38777,1
qwen_2.5_7b_instruct::trivia_qa_2_60k::base::main::42607,1
qwen_2.5_7b_instruct::trivia_qa_2_60k::base::main::26911,1
qwen_2.5_7b_instruct::trivia_qa_2_60k::base::main::50110,1
qwen_2.5_7b_instruct::trivia_qa_2_60k::base::main::27259,1
qwen_2.5_7b_instruct::trivia_qa_2_60k::base::main::55736,1
qwen_2.5_7b_instruct::trivia_qa_2_60k::base::main::47834,1
qwen_2.5_7b_instruct::trivia_qa_2_60k::base::main::39297,1
qwen_2.5_7b_instruct::trivia_qa_2_60k::base::main::56579,1
qwen_2.5_7b_instruct::trivia_qa_2_60k::base::main::44609,1
qwen_2.5_7b_instruct::trivia_qa_2_60k::base::main::32740,1
qwen_2.5_7b_instruct::trivia_qa_2_60k::base::main::46531,1
qwen_2.5_7b_instruct::trivia_qa_2_60k::base::main::52752,1
qwen_2.5_7b_instruct::trivia_qa_2_60k::base::main::54319,1
qwen_2.5_7b_instruct::trivia_qa_2_60k::base::main::45147,1
qwen_2.5_7b_instruct::trivia_qa_2_60k::base::main::38981,1
qwen_2.5_7b_instruct::trivia_qa_2_60k::base::main::52552,1
qwen_2.5_7b_instruct::trivia_qa_2_60k::base::main::6240,1
qwen_2.5_7b_instruct::trivia_qa_2_60k::base::main::28689,1
qwen_2.5_7b_instruct::trivia_qa_2_60k::base::main::17737,1
qwen_2.5_7b_instruct::trivia_qa_2_60k::base::main::49788,1
qwen_2.5_7b_instruct::trivia_qa_2_60k::base::main::42914,1
qwen_2.5_7b_instruct::trivia_qa_2_60k::base::main::5023,1
qwen_2.5_7b_instruct::trivia_qa_2_60k::base::main::49827,1
qwen_2.5_7b_instruct::trivia_qa_2_60k::base::main::49193,1
qwen_2.5_7b_instruct::trivia_qa_2_60k::base::main::24758,1
qwen_2.5_7b_instruct::trivia_qa_2_60k::base::main::35614,1
qwen_2.5_7b_instruct::trivia_qa_2_60k::base::main::57031,1
qwen_2.5_7b_instruct::trivia_qa_2_60k::base::main::9710,1
qwen_2.5_7b_instruct::trivia_qa_2_60k::base::main::33462,1
qwen_2.5_7b_instruct::trivia_qa_2_60k::base::main::5634,1
qwen_2.5_7b_instruct::trivia_qa_2_60k::base::main::1723,1
qwen_2.5_7b_instruct::trivia_qa_2_60k::base::main::46476,1
qwen_2.5_7b_instruct::trivia_qa_2_60k::base::main::15861,1
qwen_2.5_7b_instruct::trivia_qa_2_60k::base::main::26639,1
qwen_2.5_7b_instruct::trivia_qa_2_60k::base::main::20047,1
qwen_2.5_7b_instruct::trivia_qa_2_60k::base::main::27639,1
qwen_2.5_7b_instruct::trivia_qa_2_60k::base::main::55220,1
qwen_2.5_7b_instruct::trivia_qa_2_60k::base::main::46771,1
qwen_2.5_7b_instruct::trivia_qa_2_60k::base::main::46109,1
qwen_2.5_7b_instruct::trivia_qa_2_60k::base::main::43366,1
qwen_2.5_7b_instruct::trivia_qa_2_60k::base::main::40008,1
qwen_2.5_7b_instruct::trivia_qa_2_60k::base::main::41773,1
qwen_2.5_7b_instruct::trivia_qa_2_60k::base::main::4050,1
qwen_2.5_7b_instruct::trivia_qa_2_60k::base::main::43083,1
qwen_2.5_7b_instruct::trivia_qa_2_60k::base::main::49394,1
qwen_2.5_7b_instruct::trivia_qa_2_60k::base::main::51680,1
qwen_2.5_7b_instruct::trivia_qa_2_60k::base::main::24523,1
qwen_2.5_7b_instruct::trivia_qa_2_60k::base::main::42645,1
qwen_2.5_7b_instruct::trivia_qa_2_60k::base::main::45139,1
qwen_2.5_7b_instruct::trivia_qa_2_60k::base::main::47508,1
qwen_2.5_7b_instruct::trivia_qa_2_60k::base::main::34493,1
qwen_2.5_7b_instruct::trivia_qa_2_60k::base::main::14358,1
qwen_2.5_7b_instruct::trivia_qa_2_60k::base::main::40286,1
qwen_2.5_7b_instruct::trivia_qa_2_60k::base::main::7001,1
qwen_2.5_7b_instruct::trivia_qa_2_60k::base::main::10888,1
qwen_2.5_7b_instruct::trivia_qa_2_60k::base::main::46903,1
qwen_2.5_7b_instruct::trivia_qa_2_60k::base::main::35785,1
qwen_2.5_7b_instruct::trivia_qa_2_60k::base::main::14093,1
qwen_2.5_7b_instruct::trivia_qa_2_60k::base::main::56010,1
qwen_2.5_7b_instruct::trivia_qa_2_60k::base::main::26080,1
qwen_2.5_7b_instruct::trivia_qa_2_60k::base::main::58087,1
qwen_2.5_7b_instruct::trivia_qa_2_60k::base::main::57699,1
qwen_2.5_7b_instruct::trivia_qa_2_60k::base::main::20446,1
qwen_2.5_7b_instruct::trivia_qa_2_60k::base::main::35749,1
qwen_2.5_7b_instruct::trivia_qa_2_60k::base::main::33632,1
qwen_2.5_7b_instruct::trivia_qa_2_60k::base::main::7874,1
qwen_2.5_7b_instruct::trivia_qa_2_60k::base::main::39764,1
qwen_2.5_7b_instruct::trivia_qa_2_60k::base::main::28973,1
qwen_2.5_7b_instruct::trivia_qa_2_60k::base::main::26409,1
qwen_2.5_7b_instruct::trivia_qa_2_60k::base::main::3903,1
qwen_2.5_7b_instruct::trivia_qa_2_60k::base::main::38466,1
qwen_2.5_7b_instruct::trivia_qa_2_60k::base::main::27852,1
qwen_2.5_7b_instruct::trivia_qa_2_60k::base::main::8107,1
qwen_2.5_7b_instruct::trivia_qa_2_60k::base::main::55385,1
qwen_2.5_7b_instruct::trivia_qa_2_60k::base::main::32109,1
qwen_2.5_7b_instruct::trivia_qa_2_60k::base::main::58259,1
qwen_2.5_7b_instruct::trivia_qa_2_60k::base::main::49694,1
qwen_2.5_7b_instruct::trivia_qa_2_60k::base::main::625,1
qwen_2.5_7b_instruct::trivia_qa_2_60k::base::main::50968,1
qwen_2.5_7b_instruct::trivia_qa_2_60k::base::main::19343,1
qwen_2.5_7b_instruct::trivia_qa_2_60k::base::main::44594,1
qwen_2.5_7b_instruct::trivia_qa_2_60k::base::main::30164,1
qwen_2.5_7b_instruct::trivia_qa_2_60k::base::main::56519,1
qwen_2.5_7b_instruct::trivia_qa_2_60k::base::main::38940,1
qwen_2.5_7b_instruct::trivia_qa_2_60k::base::main::17054,1
qwen_2.5_7b_instruct::trivia_qa_2_60k::base::main::15613,1
qwen_2.5_7b_instruct::trivia_qa_2_60k::base::main::9784,1
qwen_2.5_7b_instruct::trivia_qa_2_60k::base::main::30641,0
qwen_2.5_7b_instruct::trivia_qa_2_60k::base::main::12158,0
qwen_2.5_7b_instruct::trivia_qa_2_60k::base::main::24408,0
qwen_2.5_7b_instruct::trivia_qa_2_60k::base::main::3299,0
qwen_2.5_7b_instruct::trivia_qa_2_60k::base::main::9506,0
qwen_2.5_7b_instruct::trivia_qa_2_60k::base::main::14880,0
qwen_2.5_7b_instruct::trivia_qa_2_60k::base::main::20670,0
qwen_2.5_7b_instruct::trivia_qa_2_60k::base::main::39168,0
qwen_2.5_7b_instruct::trivia_qa_2_60k::base::main::1790,0
qwen_2.5_7b_instruct::trivia_qa_2_60k::base::main::43293,0
qwen_2.5_7b_instruct::trivia_qa_2_60k::base::main::23364,0
qwen_2.5_7b_instruct::trivia_qa_2_60k::base::main::10364,0
qwen_2.5_7b_instruct::trivia_qa_2_60k::base::main::45641,0
qwen_2.5_7b_instruct::trivia_qa_2_60k::base::main::37652,0
qwen_2.5_7b_instruct::trivia_qa_2_60k::base::main::27749,0
qwen_2.5_7b_instruct::trivia_qa_2_60k::base::main::27444,0
qwen_2.5_7b_instruct::trivia_qa_2_60k::base::main::53578,0
qwen_2.5_7b_instruct::trivia_qa_2_60k::base::main::21720,0
qwen_2.5_7b_instruct::trivia_qa_2_60k::base::main::28857,0
qwen_2.5_7b_instruct::trivia_qa_2_60k::base::main::17774,0
qwen_2.5_7b_instruct::trivia_qa_2_60k::base::main::36857,0
qwen_2.5_7b_instruct::trivia_qa_2_60k::base::main::33442,0
qwen_2.5_7b_instruct::trivia_qa_2_60k::base::main::2509,0
qwen_2.5_7b_instruct::trivia_qa_2_60k::base::main::9353,0
qwen_2.5_7b_instruct::trivia_qa_2_60k::base::main::44155,0
qwen_2.5_7b_instruct::trivia_qa_2_60k::base::main::33783,0
qwen_2.5_7b_instruct::trivia_qa_2_60k::base::main::23022,0
qwen_2.5_7b_instruct::trivia_qa_2_60k::base::main::25265,0
qwen_2.5_7b_instruct::trivia_qa_2_60k::base::main::52691,0
qwen_2.5_7b_instruct::trivia_qa_2_60k::base::main::37750,0
qwen_2.5_7b_instruct::trivia_qa_2_60k::base::main::54531,0
qwen_2.5_7b_instruct::trivia_qa_2_60k::base::main::12216,0
qwen_2.5_7b_instruct::trivia_qa_2_60k::base::main::31336,0
qwen_2.5_7b_instruct::trivia_qa_2_60k::base::main::4547,0
qwen_2.5_7b_instruct::trivia_qa_2_60k::base::main::45712,0
qwen_2.5_7b_instruct::trivia_qa_2_60k::base::main::11204,0
qwen_2.5_7b_instruct::trivia_qa_2_60k::base::main::29215,0
qwen_2.5_7b_instruct::trivia_qa_2_60k::base::main::39103,0
qwen_2.5_7b_instruct::trivia_qa_2_60k::base::main::51743,0
qwen_2.5_7b_instruct::trivia_qa_2_60k::base::main::22473,0
qwen_2.5_7b_instruct::trivia_qa_2_60k::base::main::29582,0
qwen_2.5_7b_instruct::trivia_qa_2_60k::base::main::22487,0
qwen_2.5_7b_instruct::trivia_qa_2_60k::base::main::10948,0
qwen_2.5_7b_instruct::trivia_qa_2_60k::base::main::30199,0
qwen_2.5_7b_instruct::trivia_qa_2_60k::base::main::31555,0
qwen_2.5_7b_instruct::trivia_qa_2_60k::base::main::18138,0
qwen_2.5_7b_instruct::trivia_qa_2_60k::base::main::42526,0
qwen_2.5_7b_instruct::trivia_qa_2_60k::base::main::46006,0
qwen_2.5_7b_instruct::trivia_qa_2_60k::base::main::9736,0
qwen_2.5_7b_instruct::trivia_qa_2_60k::base::main::12210,0
qwen_2.5_7b_instruct::trivia_qa_2_60k::base::main::19175,0
qwen_2.5_7b_instruct::trivia_qa_2_60k::base::main::41412,0
qwen_2.5_7b_instruct::trivia_qa_2_60k::base::main::44918,0
qwen_2.5_7b_instruct::trivia_qa_2_60k::base::main::33542,0
qwen_2.5_7b_instruct::trivia_qa_2_60k::base::main::45483,0
qwen_2.5_7b_instruct::trivia_qa_2_60k::base::main::48368,0
qwen_2.5_7b_instruct::trivia_qa_2_60k::base::main::48366,0
qwen_2.5_7b_instruct::trivia_qa_2_60k::base::main::39893,0
qwen_2.5_7b_instruct::trivia_qa_2_60k::base::main::18860,0
qwen_2.5_7b_instruct::trivia_qa_2_60k::base::main::12597,0
qwen_2.5_7b_instruct::trivia_qa_2_60k::base::main::14146,0
qwen_2.5_7b_instruct::trivia_qa_2_60k::base::main::31258,0
qwen_2.5_7b_instruct::trivia_qa_2_60k::base::main::28476,0
qwen_2.5_7b_instruct::trivia_qa_2_60k::base::main::29624,0
qwen_2.5_7b_instruct::trivia_qa_2_60k::base::main::14171,0
qwen_2.5_7b_instruct::trivia_qa_2_60k::base::main::6061,0
qwen_2.5_7b_instruct::trivia_qa_2_60k::base::main::42509,0
qwen_2.5_7b_instruct::trivia_qa_2_60k::base::main::34306,0
qwen_2.5_7b_instruct::trivia_qa_2_60k::base::main::18082,0
qwen_2.5_7b_instruct::trivia_qa_2_60k::base::main::5184,0
qwen_2.5_7b_instruct::trivia_qa_2_60k::base::main::7402,0
qwen_2.5_7b_instruct::trivia_qa_2_60k::base::main::9935,0
qwen_2.5_7b_instruct::trivia_qa_2_60k::base::main::26693,0
qwen_2.5_7b_instruct::trivia_qa_2_60k::base::main::2803,0
qwen_2.5_7b_instruct::trivia_qa_2_60k::base::main::54080,0
qwen_2.5_7b_instruct::trivia_qa_2_60k::base::main::52740,0
qwen_2.5_7b_instruct::trivia_qa_2_60k::base::main::8825,0
qwen_2.5_7b_instruct::trivia_qa_2_60k::base::main::43144,0
qwen_2.5_7b_instruct::trivia_qa_2_60k::base::main::1978,0
qwen_2.5_7b_instruct::trivia_qa_2_60k::base::main::40125,0
qwen_2.5_7b_instruct::trivia_qa_2_60k::base::main::18048,0
qwen_2.5_7b_instruct::trivia_qa_2_60k::base::main::32502,0
qwen_2.5_7b_instruct::trivia_qa_2_60k::base::main::9820,0
qwen_2.5_7b_instruct::trivia_qa_2_60k::base::main::14856,0
qwen_2.5_7b_instruct::trivia_qa_2_60k::base::main::27841,0
qwen_2.5_7b_instruct::trivia_qa_2_60k::base::main::26550,0
qwen_2.5_7b_instruct::trivia_qa_2_60k::base::main::25550,0
qwen_2.5_7b_instruct::trivia_qa_2_60k::base::main::51456,0
qwen_2.5_7b_instruct::trivia_qa_2_60k::base::main::17685,0
qwen_2.5_7b_instruct::trivia_qa_2_60k::base::main::37624,0
qwen_2.5_7b_instruct::trivia_qa_2_60k::base::main::26964,0
qwen_2.5_7b_instruct::trivia_qa_2_60k::base::main::12341,0
qwen_2.5_7b_instruct::trivia_qa_2_60k::base::main::37369,0
qwen_2.5_7b_instruct::trivia_qa_2_60k::base::main::318,0
qwen_2.5_7b_instruct::trivia_qa_2_60k::base::main::14350,0
qwen_2.5_7b_instruct::trivia_qa_2_60k::base::main::51833,0
qwen_2.5_7b_instruct::trivia_qa_2_60k::base::main::52101,0
qwen_2.5_7b_instruct::trivia_qa_2_60k::base::main::23967,0
qwen_2.5_7b_instruct::trivia_qa_2_60k::base::main::44552,0
qwen_2.5_7b_instruct::trivia_qa_2_60k::base::main::28611,0
qwen_2.5_7b_instruct::trivia_qa_2_60k::base::main::40109,0
qwen_2.5_7b_instruct::trivia_qa_2_60k::base::main::6038,0
qwen_2.5_7b_instruct::trivia_qa_2_60k::base::main::39317,0
qwen_2.5_7b_instruct::trivia_qa_2_60k::base::main::469,0
qwen_2.5_7b_instruct::trivia_qa_2_60k::base::main::17846,0
qwen_2.5_7b_instruct::trivia_qa_2_60k::base::main::43184,0
qwen_2.5_7b_instruct::trivia_qa_2_60k::base::main::34688,0
qwen_2.5_7b_instruct::trivia_qa_2_60k::base::main::23112,0
qwen_2.5_7b_instruct::trivia_qa_2_60k::base::main::25086,0
qwen_2.5_7b_instruct::trivia_qa_2_60k::base::main::43308,0
qwen_2.5_7b_instruct::trivia_qa_2_60k::base::main::30670,0
qwen_2.5_7b_instruct::trivia_qa_2_60k::base::main::16638,0
qwen_2.5_7b_instruct::trivia_qa_2_60k::base::main::13756,0
qwen_2.5_7b_instruct::trivia_qa_2_60k::base::main::50252,0
qwen_2.5_7b_instruct::trivia_qa_2_60k::base::main::20396,0
qwen_2.5_7b_instruct::trivia_qa_2_60k::base::main::53895,0
qwen_2.5_7b_instruct::trivia_qa_2_60k::base::main::18348,0
qwen_2.5_7b_instruct::trivia_qa_2_60k::base::main::13785,0
qwen_2.5_7b_instruct::trivia_qa_2_60k::base::main::51845,0
qwen_2.5_7b_instruct::trivia_qa_2_60k::base::main::31295,0
qwen_2.5_7b_instruct::trivia_qa_2_60k::base::main::57598,0
qwen_2.5_7b_instruct::trivia_qa_2_60k::base::main::35673,0
qwen_2.5_7b_instruct::trivia_qa_2_60k::base::main::41634,0
qwen_2.5_7b_instruct::trivia_qa_2_60k::base::main::27431,0
qwen_2.5_7b_instruct::trivia_qa_2_60k::base::main::31853,0
qwen_2.5_7b_instruct::trivia_qa_2_60k::base::main::3567,0
qwen_2.5_7b_instruct::trivia_qa_2_60k::base::main::33888,0
qwen_2.5_7b_instruct::trivia_qa_2_60k::base::main::54280,0
qwen_2.5_7b_instruct::trivia_qa_2_60k::base::main::30704,0
qwen_2.5_7b_instruct::trivia_qa_2_60k::base::main::42157,0
qwen_2.5_7b_instruct::trivia_qa_2_60k::base::main::32395,0
qwen_2.5_7b_instruct::trivia_qa_2_60k::base::main::4646,0
qwen_2.5_7b_instruct::trivia_qa_2_60k::base::main::42105,0
qwen_2.5_7b_instruct::trivia_qa_2_60k::base::main::30811,0
qwen_2.5_7b_instruct::trivia_qa_2_60k::base::main::14046,0
qwen_2.5_7b_instruct::trivia_qa_2_60k::base::main::1936,0
qwen_2.5_7b_instruct::trivia_qa_2_60k::base::main::5337,0
qwen_2.5_7b_instruct::trivia_qa_2_60k::base::main::2066,0
qwen_2.5_7b_instruct::trivia_qa_2_60k::base::main::20118,0
qwen_2.5_7b_instruct::trivia_qa_2_60k::base::main::1129,0
qwen_2.5_7b_instruct::trivia_qa_2_60k::base::main::42677,0
qwen_2.5_7b_instruct::trivia_qa_2_60k::base::main::6358,0
qwen_2.5_7b_instruct::trivia_qa_2_60k::base::main::21121,0
qwen_2.5_7b_instruct::trivia_qa_2_60k::base::main::2117,0
qwen_2.5_7b_instruct::trivia_qa_2_60k::base::main::24784,0
qwen_2.5_7b_instruct::trivia_qa_2_60k::base::main::48537,0
qwen_2.5_7b_instruct::trivia_qa_2_60k::base::main::28043,0
qwen_2.5_7b_instruct::trivia_qa_2_60k::base::main::54456,0
qwen_2.5_7b_instruct::trivia_qa_2_60k::base::main::49524,0
qwen_2.5_7b_instruct::trivia_qa_2_60k::base::main::58056,0
qwen_2.5_7b_instruct::trivia_qa_2_60k::base::main::48693,0
qwen_2.5_7b_instruct::trivia_qa_2_60k::base::main::14315,0
qwen_2.5_7b_instruct::trivia_qa_2_60k::base::main::16997,0
qwen_2.5_7b_instruct::trivia_qa_2_60k::base::main::21709,0
qwen_2.5_7b_instruct::trivia_qa_2_60k::base::main::42283,0
qwen_2.5_7b_instruct::trivia_qa_2_60k::base::main::18894,0
qwen_2.5_7b_instruct::trivia_qa_2_60k::base::main::20760,0
qwen_2.5_7b_instruct::trivia_qa_2_60k::base::main::12944,0
qwen_2.5_7b_instruct::trivia_qa_2_60k::base::main::9243,0
qwen_2.5_7b_instruct::trivia_qa_2_60k::base::main::21370,0
qwen_2.5_7b_instruct::trivia_qa_2_60k::base::main::43380,0
qwen_2.5_7b_instruct::trivia_qa_2_60k::base::main::35131,0
qwen_2.5_7b_instruct::trivia_qa_2_60k::base::main::37019,0
qwen_2.5_7b_instruct::trivia_qa_2_60k::base::main::29445,0
qwen_2.5_7b_instruct::trivia_qa_2_60k::base::main::38319,0
qwen_2.5_7b_instruct::trivia_qa_2_60k::base::main::12024,0
qwen_2.5_7b_instruct::trivia_qa_2_60k::base::main::33802,0
qwen_2.5_7b_instruct::trivia_qa_2_60k::base::main::291,0
qwen_2.5_7b_instruct::trivia_qa_2_60k::base::main::13821,0
qwen_2.5_7b_instruct::trivia_qa_2_60k::base::main::7982,0
qwen_2.5_7b_instruct::trivia_qa_2_60k::base::main::28093,0
qwen_2.5_7b_instruct::trivia_qa_2_60k::base::main::24687,0
qwen_2.5_7b_instruct::trivia_qa_2_60k::base::main::1823,0
qwen_2.5_7b_instruct::trivia_qa_2_60k::base::main::53565,0
qwen_2.5_7b_instruct::trivia_qa_2_60k::base::main::7683,0
qwen_2.5_7b_instruct::trivia_qa_2_60k::base::main::29862,0
qwen_2.5_7b_instruct::trivia_qa_2_60k::base::main::20245,0
qwen_2.5_7b_instruct::trivia_qa_2_60k::base::main::23879,0
qwen_2.5_7b_instruct::trivia_qa_2_60k::base::main::17102,0
qwen_2.5_7b_instruct::trivia_qa_2_60k::base::main::34971,0
qwen_2.5_7b_instruct::trivia_qa_2_60k::base::main::32779,0
qwen_2.5_7b_instruct::trivia_qa_2_60k::base::main::22638,0
qwen_2.5_7b_instruct::trivia_qa_2_60k::base::main::32312,0
qwen_2.5_7b_instruct::trivia_qa_2_60k::base::main::43784,0
qwen_2.5_7b_instruct::trivia_qa_2_60k::base::main::6790,0
qwen_2.5_7b_instruct::trivia_qa_2_60k::base::main::30517,0
qwen_2.5_7b_instruct::trivia_qa_2_60k::base::main::37997,0
qwen_2.5_7b_instruct::trivia_qa_2_60k::base::main::9631,0
qwen_2.5_7b_instruct::trivia_qa_2_60k::base::main::39882,0
qwen_2.5_7b_instruct::trivia_qa_2_60k::base::main::55890,0
qwen_2.5_7b_instruct::trivia_qa_2_60k::base::main::55152,0
qwen_2.5_7b_instruct::trivia_qa_2_60k::base::main::7659,0
qwen_2.5_7b_instruct::trivia_qa_2_60k::base::main::25974,0
qwen_2.5_7b_instruct::trivia_qa_2_60k::base::main::49123,0
qwen_2.5_7b_instruct::trivia_qa_2_60k::base::main::14161,0
qwen_2.5_7b_instruct::trivia_qa_2_60k::base::main::31400,0
qwen_2.5_7b_instruct::trivia_qa_2_60k::base::main::13615,0
qwen_2.5_7b_instruct::trivia_qa_2_60k::base::main::55681,0
qwen_2.5_7b_instruct::trivia_qa_2_60k::base::main::53717,0
qwen_2.5_7b_instruct::trivia_qa_2_60k::base::main::49314,0
qwen_2.5_7b_instruct::trivia_qa_2_60k::base::main::41879,0
qwen_2.5_7b_instruct::trivia_qa_2_60k::base::main::51515,0
qwen_2.5_7b_instruct::trivia_qa_2_60k::base::main::22227,0
qwen_2.5_7b_instruct::trivia_qa_2_60k::base::main::13314,0
qwen_2.5_7b_instruct::trivia_qa_2_60k::base::main::40684,0
qwen_2.5_7b_instruct::trivia_qa_2_60k::base::main::20194,0
qwen_2.5_7b_instruct::trivia_qa_2_60k::base::main::38361,0
qwen_2.5_7b_instruct::trivia_qa_2_60k::base::main::18021,0
qwen_2.5_7b_instruct::trivia_qa_2_60k::base::main::35986,0
qwen_2.5_7b_instruct::trivia_qa_2_60k::base::main::53318,0
qwen_2.5_7b_instruct::trivia_qa_2_60k::base::main::51527,0
qwen_2.5_7b_instruct::trivia_qa_2_60k::base::main::2003,0
qwen_2.5_7b_instruct::trivia_qa_2_60k::base::main::20424,0
qwen_2.5_7b_instruct::trivia_qa_2_60k::base::main::45019,0
qwen_2.5_7b_instruct::trivia_qa_2_60k::base::main::49880,0
qwen_2.5_7b_instruct::trivia_qa_2_60k::base::main::35100,0
qwen_2.5_7b_instruct::trivia_qa_2_60k::base::main::54097,0
qwen_2.5_7b_instruct::trivia_qa_2_60k::base::main::54805,0
qwen_2.5_7b_instruct::trivia_qa_2_60k::base::main::35786,0
qwen_2.5_7b_instruct::trivia_qa_2_60k::base::main::9591,0
qwen_2.5_7b_instruct::trivia_qa_2_60k::base::main::32128,0
qwen_2.5_7b_instruct::trivia_qa_2_60k::base::main::211,0
qwen_2.5_7b_instruct::trivia_qa_2_60k::base::main::28950,0
qwen_2.5_7b_instruct::trivia_qa_2_60k::base::main::45285,0
qwen_2.5_7b_instruct::trivia_qa_2_60k::base::main::33523,0
qwen_2.5_7b_instruct::trivia_qa_2_60k::base::main::43826,0
qwen_2.5_7b_instruct::trivia_qa_2_60k::base::main::28362,0
qwen_2.5_7b_instruct::trivia_qa_2_60k::base::main::33456,0
qwen_2.5_7b_instruct::trivia_qa_2_60k::base::main::29612,0
qwen_2.5_7b_instruct::trivia_qa_2_60k::base::main::55317,0
qwen_2.5_7b_instruct::trivia_qa_2_60k::base::main::49145,0
qwen_2.5_7b_instruct::trivia_qa_2_60k::base::main::44879,0
qwen_2.5_7b_instruct::trivia_qa_2_60k::base::main::12472,0
qwen_2.5_7b_instruct::trivia_qa_2_60k::base::main::23425,0
qwen_2.5_7b_instruct::trivia_qa_2_60k::base::main::39370,0
qwen_2.5_7b_instruct::trivia_qa_2_60k::base::main::4681,0
qwen_2.5_7b_instruct::trivia_qa_2_60k::base::main::48773,0
qwen_2.5_7b_instruct::trivia_qa_2_60k::base::main::39841,0
qwen_2.5_7b_instruct::trivia_qa_2_60k::base::main::32149,0
qwen_2.5_7b_instruct::trivia_qa_2_60k::base::main::2406,0
qwen_2.5_7b_instruct::trivia_qa_2_60k::base::main::29349,0
qwen_2.5_7b_instruct::trivia_qa_2_60k::base::main::54102,0
qwen_2.5_7b_instruct::trivia_qa_2_60k::base::main::3183,0
qwen_2.5_7b_instruct::trivia_qa_2_60k::base::main::31108,0
qwen_2.5_7b_instruct::trivia_qa_2_60k::base::main::6858,0
qwen_2.5_7b_instruct::trivia_qa_2_60k::base::main::18052,0
qwen_2.5_7b_instruct::trivia_qa_2_60k::base::main::47368,0
qwen_2.5_7b_instruct::trivia_qa_2_60k::base::main::36518,0
qwen_2.5_7b_instruct::trivia_qa_2_60k::base::main::27278,0
qwen_2.5_7b_instruct::trivia_qa_2_60k::base::main::43215,0
qwen_2.5_7b_instruct::trivia_qa_2_60k::base::main::31154,0
qwen_2.5_7b_instruct::trivia_qa_2_60k::base::main::7360,0
qwen_2.5_7b_instruct::trivia_qa_2_60k::base::main::47151,0
qwen_2.5_7b_instruct::trivia_qa_2_60k::base::main::57343,0
qwen_2.5_7b_instruct::trivia_qa_2_60k::base::main::17170,0
qwen_2.5_7b_instruct::trivia_qa_2_60k::base::main::2653,0
qwen_2.5_7b_instruct::trivia_qa_2_60k::base::main::36780,0
qwen_2.5_7b_instruct::trivia_qa_2_60k::base::main::9366,0
qwen_2.5_7b_instruct::trivia_qa_2_60k::base::main::53215,0
qwen_2.5_7b_instruct::trivia_qa_2_60k::base::main::557,0
qwen_2.5_7b_instruct::trivia_qa_2_60k::base::main::51064,0
qwen_2.5_7b_instruct::trivia_qa_2_60k::base::main::15767,0
qwen_2.5_7b_instruct::trivia_qa_2_60k::base::main::40000,0
qwen_2.5_7b_instruct::trivia_qa_2_60k::base::main::23772,0
qwen_2.5_7b_instruct::trivia_qa_2_60k::base::main::25623,0
qwen_2.5_7b_instruct::trivia_qa_2_60k::base::main::2127,0
qwen_2.5_7b_instruct::trivia_qa_2_60k::base::main::7955,0
qwen_2.5_7b_instruct::trivia_qa_2_60k::base::main::42464,0
qwen_2.5_7b_instruct::trivia_qa_2_60k::base::main::24834,0
qwen_2.5_7b_instruct::trivia_qa_2_60k::base::main::14988,0
qwen_2.5_7b_instruct::trivia_qa_2_60k::base::main::4582,0
qwen_2.5_7b_instruct::trivia_qa_2_60k::base::main::3594,0
qwen_2.5_7b_instruct::trivia_qa_2_60k::base::main::15361,0
qwen_2.5_7b_instruct::trivia_qa_2_60k::base::main::18662,0
qwen_2.5_7b_instruct::trivia_qa_2_60k::base::main::48382,0
qwen_2.5_7b_instruct::trivia_qa_2_60k::base::main::49831,0
qwen_2.5_7b_instruct::trivia_qa_2_60k::base::main::40082,0
qwen_2.5_7b_instruct::trivia_qa_2_60k::base::main::28198,0
qwen_2.5_7b_instruct::trivia_qa_2_60k::base::main::841,0
qwen_2.5_7b_instruct::trivia_qa_2_60k::base::main::56326,0
qwen_2.5_7b_instruct::trivia_qa_2_60k::base::main::45378,0
qwen_2.5_7b_instruct::trivia_qa_2_60k::base::main::16979,0
qwen_2.5_7b_instruct::trivia_qa_2_60k::base::main::54291,0
qwen_2.5_7b_instruct::trivia_qa_2_60k::base::main::51736,0
qwen_2.5_7b_instruct::trivia_qa_2_60k::base::main::8977,0
qwen_2.5_7b_instruct::trivia_qa_2_60k::base::main::15401,0
qwen_2.5_7b_instruct::trivia_qa_2_60k::base::main::31805,0
qwen_2.5_7b_instruct::trivia_qa_2_60k::base::main::38382,0
qwen_2.5_7b_instruct::trivia_qa_2_60k::base::main::2194,0
qwen_2.5_7b_instruct::trivia_qa_2_60k::base::main::2582,0
qwen_2.5_7b_instruct::trivia_qa_2_60k::base::main::7781,0
qwen_2.5_7b_instruct::trivia_qa_2_60k::base::main::46380,0
qwen_2.5_7b_instruct::trivia_qa_2_60k::base::main::3234,0
qwen_2.5_7b_instruct::trivia_qa_2_60k::base::main::1466,0
qwen_2.5_7b_instruct::trivia_qa_2_60k::base::main::17432,0
qwen_2.5_7b_instruct::trivia_qa_2_60k::base::main::23805,0
qwen_2.5_7b_instruct::trivia_qa_2_60k::base::main::25977,0
qwen_2.5_7b_instruct::trivia_qa_2_60k::base::main::14505,0
qwen_2.5_7b_instruct::trivia_qa_2_60k::base::main::21204,0
qwen_2.5_7b_instruct::trivia_qa_2_60k::base::main::51204,0
qwen_2.5_7b_instruct::trivia_qa_2_60k::base::main::45618,0
qwen_2.5_7b_instruct::trivia_qa_2_60k::base::main::37827,0
qwen_2.5_7b_instruct::trivia_qa_2_60k::base::main::23370,0
qwen_2.5_7b_instruct::trivia_qa_2_60k::base::main::18054,0
qwen_2.5_7b_instruct::trivia_qa_2_60k::base::main::10349,0
qwen_2.5_7b_instruct::trivia_qa_2_60k::base::main::15748,0
qwen_2.5_7b_instruct::trivia_qa_2_60k::base::main::13228,0
qwen_2.5_7b_instruct::trivia_qa_2_60k::base::main::46819,0
qwen_2.5_7b_instruct::trivia_qa_2_60k::base::main::18832,0
qwen_2.5_7b_instruct::trivia_qa_2_60k::base::main::41580,0
qwen_2.5_7b_instruct::trivia_qa_2_60k::base::main::4081,0
qwen_2.5_7b_instruct::trivia_qa_2_60k::base::main::12802,0
qwen_2.5_7b_instruct::trivia_qa_2_60k::base::main::26519,0
qwen_2.5_7b_instruct::trivia_qa_2_60k::base::main::23371,0
qwen_2.5_7b_instruct::trivia_qa_2_60k::base::main::35499,0
qwen_2.5_7b_instruct::trivia_qa_2_60k::base::main::22822,0
qwen_2.5_7b_instruct::trivia_qa_2_60k::base::main::40858,0
qwen_2.5_7b_instruct::trivia_qa_2_60k::base::main::18572,0
qwen_2.5_7b_instruct::trivia_qa_2_60k::base::main::18453,0
qwen_2.5_7b_instruct::trivia_qa_2_60k::base::main::30329,0
qwen_2.5_7b_instruct::trivia_qa_2_60k::base::main::8057,0
qwen_2.5_7b_instruct::trivia_qa_2_60k::base::main::2997,0
qwen_2.5_7b_instruct::trivia_qa_2_60k::base::main::33801,0
qwen_2.5_7b_instruct::trivia_qa_2_60k::base::main::1923,0
qwen_2.5_7b_instruct::trivia_qa_2_60k::base::main::40965,0
qwen_2.5_7b_instruct::trivia_qa_2_60k::base::main::36998,0
qwen_2.5_7b_instruct::trivia_qa_2_60k::base::main::4544,0
qwen_2.5_7b_instruct::trivia_qa_2_60k::base::main::34399,0
qwen_2.5_7b_instruct::trivia_qa_2_60k::base::main::46783,0
qwen_2.5_7b_instruct::trivia_qa_2_60k::base::main::50368,0
qwen_2.5_7b_instruct::trivia_qa_2_60k::base::main::18060,0
qwen_2.5_7b_instruct::trivia_qa_2_60k::base::main::7398,0
qwen_2.5_7b_instruct::trivia_qa_2_60k::base::main::39982,0
qwen_2.5_7b_instruct::trivia_qa_2_60k::base::main::10541,0
qwen_2.5_7b_instruct::trivia_qa_2_60k::base::main::50190,0
qwen_2.5_7b_instruct::trivia_qa_2_60k::base::main::54400,0
qwen_2.5_7b_instruct::trivia_qa_2_60k::base::main::57526,0
qwen_2.5_7b_instruct::trivia_qa_2_60k::base::main::58063,0
qwen_2.5_7b_instruct::trivia_qa_2_60k::base::main::56065,0
qwen_2.5_7b_instruct::trivia_qa_2_60k::base::main::9917,0
qwen_2.5_7b_instruct::trivia_qa_2_60k::base::main::39186,0
qwen_2.5_7b_instruct::trivia_qa_2_60k::base::main::49299,0
qwen_2.5_7b_instruct::trivia_qa_2_60k::base::main::3471,0
qwen_2.5_7b_instruct::trivia_qa_2_60k::base::main::45995,0
qwen_2.5_7b_instruct::trivia_qa_2_60k::base::main::3747,0
qwen_2.5_7b_instruct::trivia_qa_2_60k::base::main::37089,0
qwen_2.5_7b_instruct::trivia_qa_2_60k::base::main::37517,0
qwen_2.5_7b_instruct::trivia_qa_2_60k::base::main::20333,0
qwen_2.5_7b_instruct::trivia_qa_2_60k::base::main::28817,0
qwen_2.5_7b_instruct::trivia_qa_2_60k::base::main::8812,0
qwen_2.5_7b_instruct::trivia_qa_2_60k::base::main::36615,0
qwen_2.5_7b_instruct::trivia_qa_2_60k::base::main::51147,0
qwen_2.5_7b_instruct::trivia_qa_2_60k::base::main::15537,0
qwen_2.5_7b_instruct::trivia_qa_2_60k::base::main::11503,0
qwen_2.5_7b_instruct::trivia_qa_2_60k::base::main::3153,0
qwen_2.5_7b_instruct::trivia_qa_2_60k::base::main::5133,0
qwen_2.5_7b_instruct::trivia_qa_2_60k::base::main::26995,0
qwen_2.5_7b_instruct::trivia_qa_2_60k::base::main::49444,0
qwen_2.5_7b_instruct::trivia_qa_2_60k::base::main::161,0
qwen_2.5_7b_instruct::trivia_qa_2_60k::base::main::23462,0
qwen_2.5_7b_instruct::trivia_qa_2_60k::base::main::17907,0
qwen_2.5_7b_instruct::trivia_qa_2_60k::base::main::26633,0
qwen_2.5_7b_instruct::trivia_qa_2_60k::base::main::9176,0
qwen_2.5_7b_instruct::trivia_qa_2_60k::base::main::55397,0
qwen_2.5_7b_instruct::trivia_qa_2_60k::base::main::12189,0
qwen_2.5_7b_instruct::trivia_qa_2_60k::base::main::12275,0
qwen_2.5_7b_instruct::trivia_qa_2_60k::base::main::18398,0
qwen_2.5_7b_instruct::trivia_qa_2_60k::base::main::35648,0
qwen_2.5_7b_instruct::trivia_qa_2_60k::base::main::58131,0
qwen_2.5_7b_instruct::trivia_qa_2_60k::base::main::12334,0
qwen_2.5_7b_instruct::trivia_qa_2_60k::base::main::21161,0
qwen_2.5_7b_instruct::trivia_qa_2_60k::base::main::22286,0
qwen_2.5_7b_instruct::trivia_qa_2_60k::base::main::48715,0
qwen_2.5_7b_instruct::trivia_qa_2_60k::base::main::31492,0
qwen_2.5_7b_instruct::trivia_qa_2_60k::base::main::42634,0
qwen_2.5_7b_instruct::trivia_qa_2_60k::base::main::11727,0
qwen_2.5_7b_instruct::trivia_qa_2_60k::base::main::39501,0
qwen_2.5_7b_instruct::trivia_qa_2_60k::base::main::15320,0
qwen_2.5_7b_instruct::trivia_qa_2_60k::base::main::40848,0
qwen_2.5_7b_instruct::trivia_qa_2_60k::base::main::26684,0
qwen_2.5_7b_instruct::trivia_qa_2_60k::base::main::29077,0
qwen_2.5_7b_instruct::trivia_qa_2_60k::base::main::42540,0
qwen_2.5_7b_instruct::trivia_qa_2_60k::base::main::29797,0
qwen_2.5_7b_instruct::trivia_qa_2_60k::base::main::37206,0
qwen_2.5_7b_instruct::trivia_qa_2_60k::base::main::33048,0
qwen_2.5_7b_instruct::trivia_qa_2_60k::base::main::13227,0
qwen_2.5_7b_instruct::trivia_qa_2_60k::base::main::32940,0
qwen_2.5_7b_instruct::trivia_qa_2_60k::base::main::16514,0
qwen_2.5_7b_instruct::trivia_qa_2_60k::base::main::20352,0
qwen_2.5_7b_instruct::trivia_qa_2_60k::base::main::56211,0
qwen_2.5_7b_instruct::trivia_qa_2_60k::base::main::1273,0
qwen_2.5_7b_instruct::trivia_qa_2_60k::base::main::20694,0
qwen_2.5_7b_instruct::trivia_qa_2_60k::base::main::47175,0
qwen_2.5_7b_instruct::trivia_qa_2_60k::base::main::29183,0
qwen_2.5_7b_instruct::trivia_qa_2_60k::base::main::38619,0
qwen_2.5_7b_instruct::trivia_qa_2_60k::base::main::56677,0
qwen_2.5_7b_instruct::trivia_qa_2_60k::base::main::34806,0
qwen_2.5_7b_instruct::trivia_qa_2_60k::base::main::3098,0
qwen_2.5_7b_instruct::trivia_qa_2_60k::base::main::21907,0
qwen_2.5_7b_instruct::trivia_qa_2_60k::base::main::20087,0
qwen_2.5_7b_instruct::trivia_qa_2_60k::base::main::888,0
qwen_2.5_7b_instruct::trivia_qa_2_60k::base::main::9749,0
qwen_2.5_7b_instruct::trivia_qa_2_60k::base::main::47680,0
qwen_2.5_7b_instruct::trivia_qa_2_60k::base::main::12512,0
qwen_2.5_7b_instruct::trivia_qa_2_60k::base::main::54629,0
qwen_2.5_7b_instruct::trivia_qa_2_60k::base::main::55212,0
qwen_2.5_7b_instruct::trivia_qa_2_60k::base::main::45044,0
qwen_2.5_7b_instruct::trivia_qa_2_60k::base::main::31087,0
qwen_2.5_7b_instruct::trivia_qa_2_60k::base::main::49104,0
qwen_2.5_7b_instruct::trivia_qa_2_60k::base::main::15148,0
qwen_2.5_7b_instruct::trivia_qa_2_60k::base::main::7556,0
qwen_2.5_7b_instruct::trivia_qa_2_60k::base::main::49473,0
qwen_2.5_7b_instruct::trivia_qa_2_60k::base::main::42476,0
qwen_2.5_7b_instruct::trivia_qa_2_60k::base::main::35427,0
qwen_2.5_7b_instruct::trivia_qa_2_60k::base::main::57770,0
qwen_2.5_7b_instruct::trivia_qa_2_60k::base::main::45268,0
qwen_2.5_7b_instruct::trivia_qa_2_60k::base::main::27011,0
qwen_2.5_7b_instruct::trivia_qa_2_60k::base::main::7617,0
qwen_2.5_7b_instruct::trivia_qa_2_60k::base::main::16319,0
qwen_2.5_7b_instruct::trivia_qa_2_60k::base::main::36146,0
qwen_2.5_7b_instruct::trivia_qa_2_60k::base::main::13461,0
qwen_2.5_7b_instruct::trivia_qa_2_60k::base::main::7024,0
qwen_2.5_7b_instruct::trivia_qa_2_60k::base::main::17099,0
qwen_2.5_7b_instruct::trivia_qa_2_60k::base::main::16125,0
qwen_2.5_7b_instruct::trivia_qa_2_60k::base::main::36142,0
qwen_2.5_7b_instruct::trivia_qa_2_60k::base::main::46766,0
qwen_2.5_7b_instruct::trivia_qa_2_60k::base::main::37149,0
qwen_2.5_7b_instruct::trivia_qa_2_60k::base::main::56190,0
qwen_2.5_7b_instruct::trivia_qa_2_60k::base::main::29385,0
qwen_2.5_7b_instruct::trivia_qa_2_60k::base::main::5077,0
qwen_2.5_7b_instruct::trivia_qa_2_60k::base::main::19241,0
qwen_2.5_7b_instruct::trivia_qa_2_60k::base::main::56212,0
qwen_2.5_7b_instruct::trivia_qa_2_60k::base::main::40425,0
qwen_2.5_7b_instruct::trivia_qa_2_60k::base::main::5063,0
qwen_2.5_7b_instruct::trivia_qa_2_60k::base::main::14076,0
qwen_2.5_7b_instruct::trivia_qa_2_60k::base::main::10103,0
qwen_2.5_7b_instruct::trivia_qa_2_60k::base::main::50873,0
qwen_2.5_7b_instruct::trivia_qa_2_60k::base::main::30082,0
qwen_2.5_7b_instruct::trivia_qa_2_60k::base::main::48724,0
qwen_2.5_7b_instruct::trivia_qa_2_60k::base::main::25217,0
qwen_2.5_7b_instruct::trivia_qa_2_60k::base::main::3556,0
qwen_2.5_7b_instruct::trivia_qa_2_60k::base::main::7531,0
qwen_2.5_7b_instruct::trivia_qa_2_60k::base::main::17921,0
qwen_2.5_7b_instruct::trivia_qa_2_60k::base::main::45141,0
qwen_2.5_7b_instruct::trivia_qa_2_60k::base::main::55587,0
qwen_2.5_7b_instruct::trivia_qa_2_60k::base::main::57648,0
qwen_2.5_7b_instruct::trivia_qa_2_60k::base::main::53841,0
qwen_2.5_7b_instruct::trivia_qa_2_60k::base::main::48216,0
qwen_2.5_7b_instruct::trivia_qa_2_60k::base::main::30560,0
qwen_2.5_7b_instruct::trivia_qa_2_60k::base::main::51922,0
qwen_2.5_7b_instruct::trivia_qa_2_60k::base::main::55549,0
qwen_2.5_7b_instruct::trivia_qa_2_60k::base::main::45932,0
qwen_2.5_7b_instruct::trivia_qa_2_60k::base::main::53530,0
qwen_2.5_7b_instruct::trivia_qa_2_60k::base::main::24229,0
qwen_2.5_7b_instruct::trivia_qa_2_60k::base::main::19576,0
qwen_2.5_7b_instruct::trivia_qa_2_60k::base::main::55377,0
qwen_2.5_7b_instruct::trivia_qa_2_60k::base::main::17363,0
qwen_2.5_7b_instruct::trivia_qa_2_60k::base::main::27237,0
qwen_2.5_7b_instruct::trivia_qa_2_60k::base::main::17278,0
qwen_2.5_7b_instruct::trivia_qa_2_60k::base::main::49852,0
qwen_2.5_7b_instruct::trivia_qa_2_60k::base::main::8642,0
qwen_2.5_7b_instruct::trivia_qa_2_60k::base::main::4049,0
qwen_2.5_7b_instruct::trivia_qa_2_60k::base::main::37230,0
qwen_2.5_7b_instruct::trivia_qa_2_60k::base::main::15678,0
qwen_2.5_7b_instruct::trivia_qa_2_60k::base::main::9789,0
qwen_2.5_7b_instruct::trivia_qa_2_60k::base::main::53125,0
qwen_2.5_7b_instruct::trivia_qa_2_60k::base::main::48819,0
qwen_2.5_7b_instruct::trivia_qa_2_60k::base::main::38871,0
qwen_2.5_7b_instruct::trivia_qa_2_60k::base::main::3878,0
qwen_2.5_7b_instruct::trivia_qa_2_60k::base::main::38818,0
qwen_2.5_7b_instruct::trivia_qa_2_60k::base::main::14033,0
qwen_2.5_7b_instruct::trivia_qa_2_60k::base::main::16460,0
qwen_2.5_7b_instruct::trivia_qa_2_60k::base::main::46607,0
qwen_2.5_7b_instruct::trivia_qa_2_60k::base::main::58537,0
qwen_2.5_7b_instruct::trivia_qa_2_60k::base::main::50752,0
qwen_2.5_7b_instruct::trivia_qa_2_60k::base::main::20570,0
qwen_2.5_7b_instruct::trivia_qa_2_60k::base::main::8546,0
qwen_2.5_7b_instruct::trivia_qa_2_60k::base::main::35976,0
qwen_2.5_7b_instruct::trivia_qa_2_60k::base::main::52320,0
qwen_2.5_7b_instruct::trivia_qa_2_60k::base::main::49168,0
qwen_2.5_7b_instruct::trivia_qa_2_60k::base::main::52560,0
qwen_2.5_7b_instruct::trivia_qa_2_60k::base::main::45503,0
qwen_2.5_7b_instruct::trivia_qa_2_60k::base::main::33624,0
qwen_2.5_7b_instruct::trivia_qa_2_60k::base::main::27731,0
qwen_2.5_7b_instruct::trivia_qa_2_60k::base::main::26613,0
qwen_2.5_7b_instruct::trivia_qa_2_60k::base::main::7866,0
qwen_2.5_7b_instruct::trivia_qa_2_60k::base::main::12517,0
qwen_2.5_7b_instruct::trivia_qa_2_60k::base::main::29012,0
qwen_2.5_7b_instruct::trivia_qa_2_60k::base::main::33923,0
qwen_2.5_7b_instruct::trivia_qa_2_60k::base::main::13118,0
qwen_2.5_7b_instruct::trivia_qa_2_60k::base::main::45217,0
qwen_2.5_7b_instruct::trivia_qa_2_60k::base::main::27363,0
qwen_2.5_7b_instruct::trivia_qa_2_60k::base::main::20786,0
qwen_2.5_7b_instruct::trivia_qa_2_60k::base::main::32411,0
qwen_2.5_7b_instruct::trivia_qa_2_60k::base::main::17328,0
qwen_2.5_7b_instruct::trivia_qa_2_60k::base::main::13659,0
qwen_2.5_7b_instruct::trivia_qa_2_60k::base::main::11576,0
qwen_2.5_7b_instruct::trivia_qa_2_60k::base::main::11735,0
qwen_2.5_7b_instruct::trivia_qa_2_60k::base::main::26667,0
qwen_2.5_7b_instruct::trivia_qa_2_60k::base::main::40397,0
qwen_2.5_7b_instruct::trivia_qa_2_60k::base::main::57568,0
qwen_2.5_7b_instruct::trivia_qa_2_60k::base::main::40661,0
qwen_2.5_7b_instruct::trivia_qa_2_60k::base::main::55013,0
qwen_2.5_7b_instruct::trivia_qa_2_60k::base::main::56309,0
qwen_2.5_7b_instruct::trivia_qa_2_60k::base::main::16555,0
qwen_2.5_7b_instruct::trivia_qa_2_60k::base::main::1355,0
qwen_2.5_7b_instruct::trivia_qa_2_60k::base::main::5432,0
qwen_2.5_7b_instruct::trivia_qa_2_60k::base::main::49051,0
qwen_2.5_7b_instruct::trivia_qa_2_60k::base::main::8474,0
qwen_2.5_7b_instruct::trivia_qa_2_60k::base::main::32729,0
qwen_2.5_7b_instruct::trivia_qa_2_60k::base::main::45294,0
qwen_2.5_7b_instruct::trivia_qa_2_60k::base::main::19017,0
qwen_2.5_7b_instruct::trivia_qa_2_60k::base::main::49517,0
qwen_2.5_7b_instruct::trivia_qa_2_60k::base::main::28896,0
qwen_2.5_7b_instruct::trivia_qa_2_60k::base::main::57851,0
qwen_2.5_7b_instruct::trivia_qa_2_60k::base::main::43759,0
qwen_2.5_7b_instruct::trivia_qa_2_60k::base::main::29146,0
qwen_2.5_7b_instruct::trivia_qa_2_60k::base::main::48060,0
qwen_2.5_7b_instruct::trivia_qa_2_60k::base::main::7731,0
qwen_2.5_7b_instruct::trivia_qa_2_60k::base::main::53069,0
qwen_2.5_7b_instruct::trivia_qa_2_60k::base::main::14795,0
qwen_2.5_7b_instruct::trivia_qa_2_60k::base::main::5272,0
qwen_2.5_7b_instruct::trivia_qa_2_60k::base::main::47783,0
qwen_2.5_7b_instruct::trivia_qa_2_60k::base::main::49873,0
qwen_2.5_7b_instruct::trivia_qa_2_60k::base::main::34077,0
qwen_2.5_7b_instruct::trivia_qa_2_60k::base::main::35040,0
qwen_2.5_7b_instruct::trivia_qa_2_60k::base::main::9929,0
qwen_2.5_7b_instruct::trivia_qa_2_60k::base::main::23075,0
qwen_2.5_7b_instruct::trivia_qa_2_60k::base::main::26749,0
qwen_2.5_7b_instruct::trivia_qa_2_60k::base::main::36973,0
qwen_2.5_7b_instruct::trivia_qa_2_60k::base::main::13956,0
qwen_2.5_7b_instruct::trivia_qa_2_60k::base::main::39775,0
qwen_2.5_7b_instruct::trivia_qa_2_60k::base::main::34215,0
qwen_2.5_7b_instruct::trivia_qa_2_60k::base::main::43551,0
qwen_2.5_7b_instruct::trivia_qa_2_60k::base::main::23838,0
qwen_2.5_7b_instruct::trivia_qa_2_60k::base::main::49470,0
qwen_2.5_7b_instruct::trivia_qa_2_60k::base::main::9551,0
qwen_2.5_7b_instruct::trivia_qa_2_60k::base::main::15039,0
qwen_2.5_7b_instruct::trivia_qa_2_60k::base::main::44619,0
qwen_2.5_7b_instruct::trivia_qa_2_60k::base::main::35685,0
qwen_2.5_7b_instruct::trivia_qa_2_60k::base::main::13663,0
qwen_2.5_7b_instruct::trivia_qa_2_60k::base::main::51987,0
qwen_2.5_7b_instruct::trivia_qa_2_60k::base::main::23285,0
qwen_2.5_7b_instruct::trivia_qa_2_60k::base::main::43295,0
qwen_2.5_7b_instruct::trivia_qa_2_60k::base::main::9802,0
qwen_2.5_7b_instruct::trivia_qa_2_60k::base::main::20110,0
qwen_2.5_7b_instruct::trivia_qa_2_60k::base::main::23332,0
qwen_2.5_7b_instruct::trivia_qa_2_60k::base::main::30202,0
qwen_2.5_7b_instruct::trivia_qa_2_60k::base::main::52948,0
qwen_2.5_7b_instruct::trivia_qa_2_60k::base::main::26860,0
qwen_2.5_7b_instruct::trivia_qa_2_60k::base::main::34659,0
qwen_2.5_7b_instruct::trivia_qa_2_60k::base::main::10227,0
qwen_2.5_7b_instruct::trivia_qa_2_60k::base::main::3961,0
qwen_2.5_7b_instruct::trivia_qa_2_60k::base::main::29095,0
qwen_2.5_7b_instruct::trivia_qa_2_60k::base::main::9569,0
qwen_2.5_7b_instruct::trivia_qa_2_60k::base::main::38457,0
qwen_2.5_7b_instruct::trivia_qa_2_60k::base::main::8564,0
qwen_2.5_7b_instruct::trivia_qa_2_60k::base::main::24634,0
qwen_2.5_7b_instruct::trivia_qa_2_60k::base::main::5031,0
qwen_2.5_7b_instruct::trivia_qa_2_60k::base::main::55598,0
qwen_2.5_7b_instruct::trivia_qa_2_60k::base::main::49218,0
qwen_2.5_7b_instruct::trivia_qa_2_60k::base::main::14019,0
qwen_2.5_7b_instruct::trivia_qa_2_60k::base::main::52759,0
qwen_2.5_7b_instruct::trivia_qa_2_60k::base::main::26804,0
qwen_2.5_7b_instruct::trivia_qa_2_60k::base::main::44769,0
qwen_2.5_7b_instruct::trivia_qa_2_60k::base::main::6458,0
qwen_2.5_7b_instruct::trivia_qa_2_60k::base::main::21478,0
qwen_2.5_7b_instruct::trivia_qa_2_60k::base::main::13065,0
qwen_2.5_7b_instruct::trivia_qa_2_60k::base::main::6568,0
qwen_2.5_7b_instruct::trivia_qa_2_60k::base::main::15469,0
qwen_2.5_7b_instruct::trivia_qa_2_60k::base::main::20418,0
qwen_2.5_7b_instruct::trivia_qa_2_60k::base::main::56912,0
qwen_2.5_7b_instruct::trivia_qa_2_60k::base::main::23741,0
qwen_2.5_7b_instruct::trivia_qa_2_60k::base::main::6757,0
qwen_2.5_7b_instruct::trivia_qa_2_60k::base::main::45264,0
qwen_2.5_7b_instruct::trivia_qa_2_60k::base::main::9645,0
qwen_2.5_7b_instruct::trivia_qa_2_60k::base::main::11963,0
qwen_2.5_7b_instruct::trivia_qa_2_60k::base::main::28137,0
qwen_2.5_7b_instruct::trivia_qa_2_60k::base::main::44718,0
qwen_2.5_7b_instruct::trivia_qa_2_60k::base::main::58454,0
qwen_2.5_7b_instruct::trivia_qa_2_60k::base::main::23295,0
qwen_2.5_7b_instruct::trivia_qa_2_60k::base::main::41611,0
qwen_2.5_7b_instruct::trivia_qa_2_60k::base::main::53139,0
qwen_2.5_7b_instruct::trivia_qa_2_60k::base::main::17174,0
qwen_2.5_7b_instruct::trivia_qa_2_60k::base::main::8289,0
qwen_2.5_7b_instruct::trivia_qa_2_60k::base::main::2843,0
qwen_2.5_7b_instruct::trivia_qa_2_60k::base::main::38731,0
qwen_2.5_7b_instruct::trivia_qa_2_60k::base::main::3495,0
qwen_2.5_7b_instruct::trivia_qa_2_60k::base::main::21349,0
qwen_2.5_7b_instruct::trivia_qa_2_60k::base::main::45732,0
qwen_2.5_7b_instruct::trivia_qa_2_60k::base::main::15907,0
qwen_2.5_7b_instruct::trivia_qa_2_60k::base::main::41102,0
qwen_2.5_7b_instruct::trivia_qa_2_60k::base::main::46644,0
qwen_2.5_7b_instruct::trivia_qa_2_60k::base::main::34721,0
qwen_2.5_7b_instruct::trivia_qa_2_60k::base::main::32268,0
qwen_2.5_7b_instruct::trivia_qa_2_60k::base::main::6658,0
qwen_2.5_7b_instruct::trivia_qa_2_60k::base::main::45508,0
qwen_2.5_7b_instruct::trivia_qa_2_60k::base::main::14861,0
qwen_2.5_7b_instruct::trivia_qa_2_60k::base::main::47476,0
qwen_2.5_7b_instruct::trivia_qa_2_60k::base::main::14261,0
qwen_2.5_7b_instruct::trivia_qa_2_60k::base::main::12725,0
qwen_2.5_7b_instruct::trivia_qa_2_60k::base::main::1285,0
qwen_2.5_7b_instruct::trivia_qa_2_60k::base::main::45564,0
qwen_2.5_7b_instruct::trivia_qa_2_60k::base::main::16159,0
qwen_2.5_7b_instruct::trivia_qa_2_60k::base::main::53719,0
qwen_2.5_7b_instruct::trivia_qa_2_60k::base::main::16197,0
qwen_2.5_7b_instruct::trivia_qa_2_60k::base::main::34990,0
qwen_2.5_7b_instruct::trivia_qa_2_60k::base::main::31334,0
qwen_2.5_7b_instruct::trivia_qa_2_60k::base::main::14961,0
qwen_2.5_7b_instruct::trivia_qa_2_60k::base::main::23956,0
qwen_2.5_7b_instruct::trivia_qa_2_60k::base::main::39604,0
qwen_2.5_7b_instruct::trivia_qa_2_60k::base::main::21681,0
qwen_2.5_7b_instruct::trivia_qa_2_60k::base::main::12712,0
qwen_2.5_7b_instruct::trivia_qa_2_60k::base::main::9175,0
qwen_2.5_7b_instruct::trivia_qa_2_60k::base::main::6959,0
qwen_2.5_7b_instruct::trivia_qa_2_60k::base::main::27578,0
qwen_2.5_7b_instruct::trivia_qa_2_60k::base::main::25575,0
qwen_2.5_7b_instruct::trivia_qa_2_60k::base::main::33546,0
qwen_2.5_7b_instruct::trivia_qa_2_60k::base::main::44040,0
qwen_2.5_7b_instruct::trivia_qa_2_60k::base::main::12004,0
qwen_2.5_7b_instruct::trivia_qa_2_60k::base::main::33235,0
qwen_2.5_7b_instruct::trivia_qa_2_60k::base::main::52601,0
qwen_2.5_7b_instruct::trivia_qa_2_60k::base::main::52838,0
qwen_2.5_7b_instruct::trivia_qa_2_60k::base::main::46178,0
qwen_2.5_7b_instruct::trivia_qa_2_60k::base::main::35759,0
qwen_2.5_7b_instruct::trivia_qa_2_60k::base::main::47928,0
qwen_2.5_7b_instruct::trivia_qa_2_60k::base::main::42394,0
qwen_2.5_7b_instruct::trivia_qa_2_60k::base::main::47795,0
qwen_2.5_7b_instruct::trivia_qa_2_60k::base::main::35964,0
qwen_2.5_7b_instruct::trivia_qa_2_60k::base::main::34921,0
qwen_2.5_7b_instruct::trivia_qa_2_60k::base::main::49320,0
qwen_2.5_7b_instruct::trivia_qa_2_60k::base::main::29111,0
qwen_2.5_7b_instruct::trivia_qa_2_60k::base::main::13732,0
qwen_2.5_7b_instruct::trivia_qa_2_60k::base::main::51477,0
qwen_2.5_7b_instruct::trivia_qa_2_60k::base::main::30234,0
qwen_2.5_7b_instruct::trivia_qa_2_60k::base::main::8522,0
qwen_2.5_7b_instruct::trivia_qa_2_60k::base::main::23099,0
qwen_2.5_7b_instruct::trivia_qa_2_60k::base::main::24446,0
qwen_2.5_7b_instruct::trivia_qa_2_60k::base::main::30977,0
qwen_2.5_7b_instruct::trivia_qa_2_60k::base::main::5834,0
qwen_2.5_7b_instruct::trivia_qa_2_60k::base::main::23669,0
qwen_2.5_7b_instruct::trivia_qa_2_60k::base::main::13699,0
qwen_2.5_7b_instruct::trivia_qa_2_60k::base::main::24393,0
qwen_2.5_7b_instruct::trivia_qa_2_60k::base::main::16481,0
qwen_2.5_7b_instruct::trivia_qa_2_60k::base::main::9046,0
qwen_2.5_7b_instruct::trivia_qa_2_60k::base::main::23514,0
qwen_2.5_7b_instruct::trivia_qa_2_60k::base::main::54431,0
qwen_2.5_7b_instruct::trivia_qa_2_60k::base::main::30796,0
qwen_2.5_7b_instruct::trivia_qa_2_60k::base::main::47168,0
qwen_2.5_7b_instruct::trivia_qa_2_60k::base::main::36999,0
qwen_2.5_7b_instruct::trivia_qa_2_60k::base::main::32412,0
qwen_2.5_7b_instruct::trivia_qa_2_60k::base::main::16622,0
qwen_2.5_7b_instruct::trivia_qa_2_60k::base::main::20876,0
qwen_2.5_7b_instruct::trivia_qa_2_60k::base::main::19148,0
qwen_2.5_7b_instruct::trivia_qa_2_60k::base::main::1343,0
qwen_2.5_7b_instruct::trivia_qa_2_60k::base::main::56392,0
qwen_2.5_7b_instruct::trivia_qa_2_60k::base::main::20522,0
qwen_2.5_7b_instruct::trivia_qa_2_60k::base::main::41383,0
qwen_2.5_7b_instruct::trivia_qa_2_60k::base::main::50324,0
qwen_2.5_7b_instruct::trivia_qa_2_60k::base::main::35950,0
qwen_2.5_7b_instruct::trivia_qa_2_60k::base::main::3400,0
qwen_2.5_7b_instruct::trivia_qa_2_60k::base::main::24650,0
qwen_2.5_7b_instruct::trivia_qa_2_60k::base::main::11269,0
qwen_2.5_7b_instruct::trivia_qa_2_60k::base::main::31247,0
qwen_2.5_7b_instruct::trivia_qa_2_60k::base::main::45680,0
qwen_2.5_7b_instruct::trivia_qa_2_60k::base::main::26097,0
qwen_2.5_7b_instruct::trivia_qa_2_60k::base::main::52096,0
qwen_2.5_7b_instruct::trivia_qa_2_60k::base::main::29902,0
qwen_2.5_7b_instruct::trivia_qa_2_60k::base::main::43547,0
qwen_2.5_7b_instruct::trivia_qa_2_60k::base::main::3882,0
qwen_2.5_7b_instruct::trivia_qa_2_60k::base::main::49713,0
qwen_2.5_7b_instruct::trivia_qa_2_60k::base::main::9146,0
qwen_2.5_7b_instruct::trivia_qa_2_60k::base::main::17098,0
qwen_2.5_7b_instruct::trivia_qa_2_60k::base::main::55965,0
qwen_2.5_7b_instruct::trivia_qa_2_60k::base::main::422,0
qwen_2.5_7b_instruct::trivia_qa_2_60k::base::main::28903,0
qwen_2.5_7b_instruct::trivia_qa_2_60k::base::main::32686,0
qwen_2.5_7b_instruct::trivia_qa_2_60k::base::main::21433,0
qwen_2.5_7b_instruct::trivia_qa_2_60k::base::main::58209,0
qwen_2.5_7b_instruct::trivia_qa_2_60k::base::main::6852,0
qwen_2.5_7b_instruct::trivia_qa_2_60k::base::main::35513,0
qwen_2.5_7b_instruct::trivia_qa_2_60k::base::main::10695,0
qwen_2.5_7b_instruct::trivia_qa_2_60k::base::main::21541,0
qwen_2.5_7b_instruct::trivia_qa_2_60k::base::main::47710,0
qwen_2.5_7b_instruct::trivia_qa_2_60k::base::main::44651,0
qwen_2.5_7b_instruct::trivia_qa_2_60k::base::main::45863,0
qwen_2.5_7b_instruct::trivia_qa_2_60k::base::main::47843,0
qwen_2.5_7b_instruct::trivia_qa_2_60k::base::main::13625,0
qwen_2.5_7b_instruct::trivia_qa_2_60k::base::main::18406,0
qwen_2.5_7b_instruct::trivia_qa_2_60k::base::main::18864,0
qwen_2.5_7b_instruct::trivia_qa_2_60k::base::main::29286,0
qwen_2.5_7b_instruct::trivia_qa_2_60k::base::main::49420,0
qwen_2.5_7b_instruct::trivia_qa_2_60k::base::main::50016,0
qwen_2.5_7b_instruct::trivia_qa_2_60k::base::main::34006,0
qwen_2.5_7b_instruct::trivia_qa_2_60k::base::main::20687,0
qwen_2.5_7b_instruct::trivia_qa_2_60k::base::main::35470,0
qwen_2.5_7b_instruct::trivia_qa_2_60k::base::main::9842,0
qwen_2.5_7b_instruct::trivia_qa_2_60k::base::main::46403,0
qwen_2.5_7b_instruct::trivia_qa_2_60k::base::main::18337,0
qwen_2.5_7b_instruct::trivia_qa_2_60k::base::main::17796,0
qwen_2.5_7b_instruct::trivia_qa_2_60k::base::main::44959,0
qwen_2.5_7b_instruct::trivia_qa_2_60k::base::main::14427,0
qwen_2.5_7b_instruct::trivia_qa_2_60k::base::main::45546,0
qwen_2.5_7b_instruct::trivia_qa_2_60k::base::main::54200,0
qwen_2.5_7b_instruct::trivia_qa_2_60k::base::main::38990,0
qwen_2.5_7b_instruct::trivia_qa_2_60k::base::main::34515,0
qwen_2.5_7b_instruct::trivia_qa_2_60k::base::main::16068,0
qwen_2.5_7b_instruct::trivia_qa_2_60k::base::main::35001,0
qwen_2.5_7b_instruct::trivia_qa_2_60k::base::main::39645,0
qwen_2.5_7b_instruct::trivia_qa_2_60k::base::main::48496,0
qwen_2.5_7b_instruct::trivia_qa_2_60k::base::main::37405,0
qwen_2.5_7b_instruct::trivia_qa_2_60k::base::main::58322,0
qwen_2.5_7b_instruct::trivia_qa_2_60k::base::main::53309,0
qwen_2.5_7b_instruct::trivia_qa_2_60k::base::main::32482,0
qwen_2.5_7b_instruct::trivia_qa_2_60k::base::main::37215,0
qwen_2.5_7b_instruct::trivia_qa_2_60k::base::main::16387,0
qwen_2.5_7b_instruct::trivia_qa_2_60k::base::main::53806,0
qwen_2.5_7b_instruct::trivia_qa_2_60k::base::main::55704,0
qwen_2.5_7b_instruct::trivia_qa_2_60k::base::main::20098,0
qwen_2.5_7b_instruct::trivia_qa_2_60k::base::main::28840,0
qwen_2.5_7b_instruct::trivia_qa_2_60k::base::main::30723,0
qwen_2.5_7b_instruct::trivia_qa_2_60k::base::main::31663,0
qwen_2.5_7b_instruct::trivia_qa_2_60k::base::main::10110,0
qwen_2.5_7b_instruct::trivia_qa_2_60k::base::main::672,0
qwen_2.5_7b_instruct::trivia_qa_2_60k::base::main::12732,0
qwen_2.5_7b_instruct::trivia_qa_2_60k::base::main::56355,0
qwen_2.5_7b_instruct::trivia_qa_2_60k::base::main::152,0
qwen_2.5_7b_instruct::trivia_qa_2_60k::base::main::32,0
qwen_2.5_7b_instruct::trivia_qa_2_60k::base::main::17827,0
qwen_2.5_7b_instruct::trivia_qa_2_60k::base::main::10408,0
qwen_2.5_7b_instruct::trivia_qa_2_60k::base::main::41067,0
qwen_2.5_7b_instruct::trivia_qa_2_60k::base::main::6643,0
qwen_2.5_7b_instruct::trivia_qa_2_60k::base::main::47503,0
qwen_2.5_7b_instruct::trivia_qa_2_60k::base::main::17541,0
qwen_2.5_7b_instruct::trivia_qa_2_60k::base::main::7981,0
qwen_2.5_7b_instruct::trivia_qa_2_60k::base::main::14426,0
qwen_2.5_7b_instruct::trivia_qa_2_60k::base::main::21781,0
qwen_2.5_7b_instruct::trivia_qa_2_60k::base::main::43874,0
qwen_2.5_7b_instruct::trivia_qa_2_60k::base::main::32235,0
qwen_2.5_7b_instruct::trivia_qa_2_60k::base::main::46139,0
qwen_2.5_7b_instruct::trivia_qa_2_60k::base::main::1620,0
qwen_2.5_7b_instruct::trivia_qa_2_60k::base::main::10965,0
qwen_2.5_7b_instruct::trivia_qa_2_60k::base::main::54697,0
qwen_2.5_7b_instruct::trivia_qa_2_60k::base::main::12971,0
qwen_2.5_7b_instruct::trivia_qa_2_60k::base::main::32598,0
qwen_2.5_7b_instruct::trivia_qa_2_60k::base::main::42877,0
qwen_2.5_7b_instruct::trivia_qa_2_60k::base::main::50250,0
qwen_2.5_7b_instruct::trivia_qa_2_60k::base::main::48799,0
qwen_2.5_7b_instruct::trivia_qa_2_60k::base::main::49711,0
qwen_2.5_7b_instruct::trivia_qa_2_60k::base::main::31904,0
qwen_2.5_7b_instruct::trivia_qa_2_60k::base::main::40010,0
qwen_2.5_7b_instruct::trivia_qa_2_60k::base::main::41829,0
qwen_2.5_7b_instruct::trivia_qa_2_60k::base::main::55473,0
qwen_2.5_7b_instruct::trivia_qa_2_60k::base::main::54865,0
qwen_2.5_7b_instruct::trivia_qa_2_60k::base::main::8748,0
qwen_2.5_7b_instruct::trivia_qa_2_60k::base::main::38396,0
qwen_2.5_7b_instruct::trivia_qa_2_60k::base::main::37883,0
qwen_2.5_7b_instruct::trivia_qa_2_60k::base::main::40920,0
qwen_2.5_7b_instruct::trivia_qa_2_60k::base::main::28493,0
qwen_2.5_7b_instruct::trivia_qa_2_60k::base::main::37261,0
qwen_2.5_7b_instruct::trivia_qa_2_60k::base::main::54363,0
qwen_2.5_7b_instruct::trivia_qa_2_60k::base::main::28828,0
qwen_2.5_7b_instruct::trivia_qa_2_60k::base::main::50793,0
qwen_2.5_7b_instruct::trivia_qa_2_60k::base::main::30057,0
qwen_2.5_7b_instruct::trivia_qa_2_60k::base::main::2274,0
qwen_2.5_7b_instruct::trivia_qa_2_60k::base::main::4320,0
qwen_2.5_7b_instruct::trivia_qa_2_60k::base::main::42079,0
qwen_2.5_7b_instruct::trivia_qa_2_60k::base::main::48634,0
qwen_2.5_7b_instruct::trivia_qa_2_60k::base::main::1121,0
qwen_2.5_7b_instruct::trivia_qa_2_60k::base::main::34175,0
qwen_2.5_7b_instruct::trivia_qa_2_60k::base::main::39555,0
qwen_2.5_7b_instruct::trivia_qa_2_60k::base::main::29420,0
qwen_2.5_7b_instruct::trivia_qa_2_60k::base::main::13583,0
qwen_2.5_7b_instruct::trivia_qa_2_60k::base::main::9785,0
qwen_2.5_7b_instruct::trivia_qa_2_60k::base::main::4658,0
qwen_2.5_7b_instruct::trivia_qa_2_60k::base::main::34059,0
qwen_2.5_7b_instruct::trivia_qa_2_60k::base::main::51959,0
qwen_2.5_7b_instruct::trivia_qa_2_60k::base::main::37427,0
qwen_2.5_7b_instruct::trivia_qa_2_60k::base::main::1873,0
qwen_2.5_7b_instruct::trivia_qa_2_60k::base::main::18429,0
qwen_2.5_7b_instruct::trivia_qa_2_60k::base::main::35721,0
qwen_2.5_7b_instruct::trivia_qa_2_60k::base::main::14067,0
qwen_2.5_7b_instruct::trivia_qa_2_60k::base::main::23138,0
qwen_2.5_7b_instruct::trivia_qa_2_60k::base::main::33426,0
qwen_2.5_7b_instruct::trivia_qa_2_60k::base::main::8534,0
qwen_2.5_7b_instruct::trivia_qa_2_60k::base::main::33253,0
qwen_2.5_7b_instruct::trivia_qa_2_60k::base::main::56062,0
qwen_2.5_7b_instruct::trivia_qa_2_60k::base::main::45521,0
qwen_2.5_7b_instruct::trivia_qa_2_60k::base::main::22423,0
qwen_2.5_7b_instruct::trivia_qa_2_60k::base::main::44810,0
qwen_2.5_7b_instruct::trivia_qa_2_60k::base::main::43822,0
qwen_2.5_7b_instruct::trivia_qa_2_60k::base::main::7254,0
qwen_2.5_7b_instruct::trivia_qa_2_60k::base::main::12179,0
qwen_2.5_7b_instruct::trivia_qa_2_60k::base::main::35734,0
qwen_2.5_7b_instruct::trivia_qa_2_60k::base::main::35979,0
qwen_2.5_7b_instruct::trivia_qa_2_60k::base::main::53683,0
qwen_2.5_7b_instruct::trivia_qa_2_60k::base::main::19122,0
qwen_2.5_7b_instruct::trivia_qa_2_60k::base::main::5305,0
qwen_2.5_7b_instruct::trivia_qa_2_60k::base::main::48554,0
qwen_2.5_7b_instruct::trivia_qa_2_60k::base::main::32282,0
qwen_2.5_7b_instruct::trivia_qa_2_60k::base::main::52307,0
qwen_2.5_7b_instruct::trivia_qa_2_60k::base::main::23030,0
qwen_2.5_7b_instruct::trivia_qa_2_60k::base::main::44268,0
qwen_2.5_7b_instruct::trivia_qa_2_60k::base::main::56470,0
qwen_2.5_7b_instruct::trivia_qa_2_60k::base::main::26994,0
qwen_2.5_7b_instruct::trivia_qa_2_60k::base::main::51637,0
qwen_2.5_7b_instruct::trivia_qa_2_60k::base::main::28827,0
qwen_2.5_7b_instruct::trivia_qa_2_60k::base::main::35829,0
qwen_2.5_7b_instruct::trivia_qa_2_60k::base::main::37414,0
qwen_2.5_7b_instruct::trivia_qa_2_60k::base::main::58498,0
qwen_2.5_7b_instruct::trivia_qa_2_60k::base::main::12871,0
qwen_2.5_7b_instruct::trivia_qa_2_60k::base::main::27609,0
qwen_2.5_7b_instruct::trivia_qa_2_60k::base::main::38154,0
qwen_2.5_7b_instruct::trivia_qa_2_60k::base::main::21251,0
qwen_2.5_7b_instruct::trivia_qa_2_60k::base::main::26205,0
qwen_2.5_7b_instruct::trivia_qa_2_60k::base::main::16779,0
qwen_2.5_7b_instruct::trivia_qa_2_60k::base::main::17245,0
qwen_2.5_7b_instruct::trivia_qa_2_60k::base::main::12641,0
qwen_2.5_7b_instruct::trivia_qa_2_60k::base::main::16055,0
qwen_2.5_7b_instruct::trivia_qa_2_60k::base::main::49877,0
qwen_2.5_7b_instruct::trivia_qa_2_60k::base::main::49188,0
qwen_2.5_7b_instruct::trivia_qa_2_60k::base::main::24833,0
qwen_2.5_7b_instruct::trivia_qa_2_60k::base::main::37587,0
qwen_2.5_7b_instruct::trivia_qa_2_60k::base::main::1043,0
qwen_2.5_7b_instruct::trivia_qa_2_60k::base::main::33662,0
qwen_2.5_7b_instruct::trivia_qa_2_60k::base::main::34259,0
qwen_2.5_7b_instruct::trivia_qa_2_60k::base::main::27959,0
qwen_2.5_7b_instruct::trivia_qa_2_60k::base::main::23212,0
qwen_2.5_7b_instruct::trivia_qa_2_60k::base::main::4021,0
qwen_2.5_7b_instruct::trivia_qa_2_60k::base::main::19667,0
qwen_2.5_7b_instruct::trivia_qa_2_60k::base::main::12929,0
qwen_2.5_7b_instruct::trivia_qa_2_60k::base::main::53440,0
qwen_2.5_7b_instruct::trivia_qa_2_60k::base::main::15283,0
qwen_2.5_7b_instruct::trivia_qa_2_60k::base::main::53515,0
qwen_2.5_7b_instruct::trivia_qa_2_60k::base::main::50972,0
qwen_2.5_7b_instruct::trivia_qa_2_60k::base::main::48862,0
qwen_2.5_7b_instruct::trivia_qa_2_60k::base::main::23297,0
qwen_2.5_7b_instruct::trivia_qa_2_60k::base::main::46210,0
qwen_2.5_7b_instruct::trivia_qa_2_60k::base::main::27546,0
qwen_2.5_7b_instruct::trivia_qa_2_60k::base::main::27849,0
qwen_2.5_7b_instruct::trivia_qa_2_60k::base::main::6303,0
qwen_2.5_7b_instruct::trivia_qa_2_60k::base::main::42303,0
qwen_2.5_7b_instruct::trivia_qa_2_60k::base::main::15243,0
qwen_2.5_7b_instruct::trivia_qa_2_60k::base::main::15624,0
qwen_2.5_7b_instruct::trivia_qa_2_60k::base::main::41146,0
qwen_2.5_7b_instruct::trivia_qa_2_60k::base::main::10569,0
qwen_2.5_7b_instruct::trivia_qa_2_60k::base::main::19620,0
qwen_2.5_7b_instruct::trivia_qa_2_60k::base::main::49124,0
qwen_2.5_7b_instruct::trivia_qa_2_60k::base::main::5428,0
qwen_2.5_7b_instruct::trivia_qa_2_60k::base::main::41720,0
qwen_2.5_7b_instruct::trivia_qa_2_60k::base::main::54089,0
qwen_2.5_7b_instruct::trivia_qa_2_60k::base::main::13130,0
qwen_2.5_7b_instruct::trivia_qa_2_60k::base::main::10524,0
qwen_2.5_7b_instruct::trivia_qa_2_60k::base::main::42771,0
qwen_2.5_7b_instruct::trivia_qa_2_60k::base::main::693,0
qwen_2.5_7b_instruct::trivia_qa_2_60k::base::main::56652,0
qwen_2.5_7b_instruct::trivia_qa_2_60k::base::main::22421,0
qwen_2.5_7b_instruct::trivia_qa_2_60k::base::main::38328,0
qwen_2.5_7b_instruct::trivia_qa_2_60k::base::main::24535,0
qwen_2.5_7b_instruct::trivia_qa_2_60k::base::main::49949,0
qwen_2.5_7b_instruct::trivia_qa_2_60k::base::main::56516,0
qwen_2.5_7b_instruct::trivia_qa_2_60k::base::main::27413,0
qwen_2.5_7b_instruct::trivia_qa_2_60k::base::main::2369,0
qwen_2.5_7b_instruct::trivia_qa_2_60k::base::main::15977,0
qwen_2.5_7b_instruct::trivia_qa_2_60k::base::main::20740,0
qwen_2.5_7b_instruct::trivia_qa_2_60k::base::main::41725,0
qwen_2.5_7b_instruct::trivia_qa_2_60k::base::main::30827,0
qwen_2.5_7b_instruct::trivia_qa_2_60k::base::main::31078,0
qwen_2.5_7b_instruct::trivia_qa_2_60k::base::main::8215,0
qwen_2.5_7b_instruct::trivia_qa_2_60k::base::main::45160,0
qwen_2.5_7b_instruct::trivia_qa_2_60k::base::main::6447,0
qwen_2.5_7b_instruct::trivia_qa_2_60k::base::main::17069,0
qwen_2.5_7b_instruct::trivia_qa_2_60k::base::main::6557,0
qwen_2.5_7b_instruct::trivia_qa_2_60k::base::main::43849,0
qwen_2.5_7b_instruct::trivia_qa_2_60k::base::main::15188,0
qwen_2.5_7b_instruct::trivia_qa_2_60k::base::main::46154,0
qwen_2.5_7b_instruct::trivia_qa_2_60k::base::main::8431,0
qwen_2.5_7b_instruct::trivia_qa_2_60k::base::main::6600,0
qwen_2.5_7b_instruct::trivia_qa_2_60k::base::main::42424,0
qwen_2.5_7b_instruct::trivia_qa_2_60k::base::main::33284,0
qwen_2.5_7b_instruct::trivia_qa_2_60k::base::main::40761,0
qwen_2.5_7b_instruct::trivia_qa_2_60k::base::main::44391,0
qwen_2.5_7b_instruct::trivia_qa_2_60k::base::main::3619,0
qwen_2.5_7b_instruct::trivia_qa_2_60k::base::main::44154,0
qwen_2.5_7b_instruct::trivia_qa_2_60k::base::main::39334,0
qwen_2.5_7b_instruct::trivia_qa_2_60k::base::main::11983,0
qwen_2.5_7b_instruct::trivia_qa_2_60k::base::main::56473,0
qwen_2.5_7b_instruct::trivia_qa_2_60k::base::main::8639,0
qwen_2.5_7b_instruct::trivia_qa_2_60k::base::main::8213,0
qwen_2.5_7b_instruct::trivia_qa_2_60k::base::main::53500,0
qwen_2.5_7b_instruct::trivia_qa_2_60k::base::main::58222,0
qwen_2.5_7b_instruct::trivia_qa_2_60k::base::main::24478,0
qwen_2.5_7b_instruct::trivia_qa_2_60k::base::main::18444,0
qwen_2.5_7b_instruct::trivia_qa_2_60k::base::main::26301,0
qwen_2.5_7b_instruct::trivia_qa_2_60k::base::main::24340,0
qwen_2.5_7b_instruct::trivia_qa_2_60k::base::main::29377,0
qwen_2.5_7b_instruct::trivia_qa_2_60k::base::main::23231,0
qwen_2.5_7b_instruct::trivia_qa_2_60k::base::main::31541,0
qwen_2.5_7b_instruct::trivia_qa_2_60k::base::main::50576,0
qwen_2.5_7b_instruct::trivia_qa_2_60k::base::main::1763,0
qwen_2.5_7b_instruct::trivia_qa_2_60k::base::main::15981,0
qwen_2.5_7b_instruct::trivia_qa_2_60k::base::main::40095,0
qwen_2.5_7b_instruct::trivia_qa_2_60k::base::main::1725,0
qwen_2.5_7b_instruct::trivia_qa_2_60k::base::main::17527,0
qwen_2.5_7b_instruct::trivia_qa_2_60k::base::main::22656,0
qwen_2.5_7b_instruct::trivia_qa_2_60k::base::main::14758,0
qwen_2.5_7b_instruct::trivia_qa_2_60k::base::main::45640,0
qwen_2.5_7b_instruct::trivia_qa_2_60k::base::main::19131,0
qwen_2.5_7b_instruct::trivia_qa_2_60k::base::main::9227,0
qwen_2.5_7b_instruct::trivia_qa_2_60k::base::main::40071,0
qwen_2.5_7b_instruct::trivia_qa_2_60k::base::main::52536,0
qwen_2.5_7b_instruct::trivia_qa_2_60k::base::main::40827,0
qwen_2.5_7b_instruct::trivia_qa_2_60k::base::main::45395,0
qwen_2.5_7b_instruct::trivia_qa_2_60k::base::main::9622,0
qwen_2.5_7b_instruct::trivia_qa_2_60k::base::main::351,0
qwen_2.5_7b_instruct::trivia_qa_2_60k::base::main::7834,0
qwen_2.5_7b_instruct::trivia_qa_2_60k::base::main::36067,0
qwen_2.5_7b_instruct::trivia_qa_2_60k::base::main::12823,0
qwen_2.5_7b_instruct::trivia_qa_2_60k::base::main::36980,0
qwen_2.5_7b_instruct::trivia_qa_2_60k::base::main::19983,0
qwen_2.5_7b_instruct::trivia_qa_2_60k::base::main::48227,0
qwen_2.5_7b_instruct::trivia_qa_2_60k::base::main::51521,0
qwen_2.5_7b_instruct::trivia_qa_2_60k::base::main::36951,0
qwen_2.5_7b_instruct::trivia_qa_2_60k::base::main::29019,0
qwen_2.5_7b_instruct::trivia_qa_2_60k::base::main::34350,0
qwen_2.5_7b_instruct::trivia_qa_2_60k::base::main::18824,0
qwen_2.5_7b_instruct::trivia_qa_2_60k::base::main::26752,0
qwen_2.5_7b_instruct::trivia_qa_2_60k::base::main::38062,0
qwen_2.5_7b_instruct::trivia_qa_2_60k::base::main::46622,0
qwen_2.5_7b_instruct::trivia_qa_2_60k::base::main::56464,0
qwen_2.5_7b_instruct::trivia_qa_2_60k::base::main::10462,0
qwen_2.5_7b_instruct::trivia_qa_2_60k::base::main::52425,0
qwen_2.5_7b_instruct::trivia_qa_2_60k::base::main::15749,0
qwen_2.5_7b_instruct::trivia_qa_2_60k::base::main::46645,0
qwen_2.5_7b_instruct::trivia_qa_2_60k::base::main::7786,0
qwen_2.5_7b_instruct::trivia_qa_2_60k::base::main::13851,0
qwen_2.5_7b_instruct::trivia_qa_2_60k::base::main::35930,0
qwen_2.5_7b_instruct::trivia_qa_2_60k::base::main::41947,0
qwen_2.5_7b_instruct::trivia_qa_2_60k::base::main::30924,0
qwen_2.5_7b_instruct::trivia_qa_2_60k::base::main::29024,0
qwen_2.5_7b_instruct::trivia_qa_2_60k::base::main::15416,0
qwen_2.5_7b_instruct::trivia_qa_2_60k::base::main::22106,0
qwen_2.5_7b_instruct::trivia_qa_2_60k::base::main::1776,0
qwen_2.5_7b_instruct::trivia_qa_2_60k::base::main::45653,0
qwen_2.5_7b_instruct::trivia_qa_2_60k::base::main::21076,0
qwen_2.5_7b_instruct::trivia_qa_2_60k::base::main::35072,0
qwen_2.5_7b_instruct::trivia_qa_2_60k::base::main::29680,0
qwen_2.5_7b_instruct::trivia_qa_2_60k::base::main::37288,0
qwen_2.5_7b_instruct::trivia_qa_2_60k::base::main::45628,0
qwen_2.5_7b_instruct::trivia_qa_2_60k::base::main::35519,0
qwen_2.5_7b_instruct::trivia_qa_2_60k::base::main::46843,0
qwen_2.5_7b_instruct::trivia_qa_2_60k::base::main::21554,0
qwen_2.5_7b_instruct::trivia_qa_2_60k::base::main::41811,0
qwen_2.5_7b_instruct::trivia_qa_2_60k::base::main::2851,0
qwen_2.5_7b_instruct::trivia_qa_2_60k::base::main::49099,0
qwen_2.5_7b_instruct::trivia_qa_2_60k::base::main::36614,0
qwen_2.5_7b_instruct::trivia_qa_2_60k::base::main::2111,0
qwen_2.5_7b_instruct::trivia_qa_2_60k::base::main::46826,0
qwen_2.5_7b_instruct::trivia_qa_2_60k::base::main::18862,0
qwen_2.5_7b_instruct::trivia_qa_2_60k::base::main::12689,0
qwen_2.5_7b_instruct::trivia_qa_2_60k::base::main::11102,0
qwen_2.5_7b_instruct::trivia_qa_2_60k::base::main::36824,0
qwen_2.5_7b_instruct::trivia_qa_2_60k::base::main::45637,0
qwen_2.5_7b_instruct::trivia_qa_2_60k::base::main::32299,0
qwen_2.5_7b_instruct::trivia_qa_2_60k::base::main::22363,0
qwen_2.5_7b_instruct::trivia_qa_2_60k::base::main::44590,0
qwen_2.5_7b_instruct::trivia_qa_2_60k::base::main::38414,0
qwen_2.5_7b_instruct::trivia_qa_2_60k::base::main::22897,0
qwen_2.5_7b_instruct::trivia_qa_2_60k::base::main::20013,0
qwen_2.5_7b_instruct::trivia_qa_2_60k::base::main::16410,0
qwen_2.5_7b_instruct::trivia_qa_2_60k::base::main::55487,0
qwen_2.5_7b_instruct::trivia_qa_2_60k::base::main::2356,0
qwen_2.5_7b_instruct::trivia_qa_2_60k::base::main::55230,0
qwen_2.5_7b_instruct::trivia_qa_2_60k::base::main::15048,0
qwen_2.5_7b_instruct::trivia_qa_2_60k::base::main::22759,0
qwen_2.5_7b_instruct::trivia_qa_2_60k::base::main::45486,0
qwen_2.5_7b_instruct::trivia_qa_2_60k::base::main::22109,0
qwen_2.5_7b_instruct::trivia_qa_2_60k::base::main::26138,0
qwen_2.5_7b_instruct::trivia_qa_2_60k::base::main::26030,0
qwen_2.5_7b_instruct::trivia_qa_2_60k::base::main::22575,0
qwen_2.5_7b_instruct::trivia_qa_2_60k::base::main::16808,0
qwen_2.5_7b_instruct::trivia_qa_2_60k::base::main::50586,0
qwen_2.5_7b_instruct::trivia_qa_2_60k::base::main::18479,0
qwen_2.5_7b_instruct::trivia_qa_2_60k::base::main::39184,0
qwen_2.5_7b_instruct::trivia_qa_2_60k::base::main::3608,0
qwen_2.5_7b_instruct::trivia_qa_2_60k::base::main::29444,0
qwen_2.5_7b_instruct::trivia_qa_2_60k::base::main::55788,0
qwen_2.5_7b_instruct::trivia_qa_2_60k::base::main::38645,0
qwen_2.5_7b_instruct::trivia_qa_2_60k::base::main::4816,0
qwen_2.5_7b_instruct::trivia_qa_2_60k::base::main::26937,0
qwen_2.5_7b_instruct::trivia_qa_2_60k::base::main::54497,0
qwen_2.5_7b_instruct::trivia_qa_2_60k::base::main::3467,0
qwen_2.5_7b_instruct::trivia_qa_2_60k::base::main::56149,0
qwen_2.5_7b_instruct::trivia_qa_2_60k::base::main::21932,0
qwen_2.5_7b_instruct::trivia_qa_2_60k::base::main::16693,0
qwen_2.5_7b_instruct::trivia_qa_2_60k::base::main::40402,0
qwen_2.5_7b_instruct::trivia_qa_2_60k::base::main::54784,0
qwen_2.5_7b_instruct::trivia_qa_2_60k::base::main::21325,0
qwen_2.5_7b_instruct::trivia_qa_2_60k::base::main::37689,0
qwen_2.5_7b_instruct::trivia_qa_2_60k::base::main::40305,0
