sample_id,label
mistral_7b_instruct::trivia_qa_2_60k::base::main::43306,1
mistral_7b_instruct::trivia_qa_2_60k::base::main::56280,1
mistral_7b_instruct::trivia_qa_2_60k::base::main::57515,1
mistral_7b_instruct::trivia_qa_2_60k::base::main::44450,1
mistral_7b_instruct::trivia_qa_2_60k::base::main::24090,1
mistral_7b_instruct::trivia_qa_2_60k::base::main::16607,1
mistral_7b_instruct::trivia_qa_2_60k::base::main::40434,1
mistral_7b_instruct::trivia_qa_2_60k::base::main::2356,1
mistral_7b_instruct::trivia_qa_2_60k::base::main::21502,1
mistral_7b_instruct::trivia_qa_2_60k::base::main::20891,1
mistral_7b_instruct::trivia_qa_2_60k::base::main::20495,1
mistral_7b_instruct::trivia_qa_2_60k::base::main::56912,1
mistral_7b_instruct::trivia_qa_2_60k::base::main::38564,1
mistral_7b_instruct::trivia_qa_2_60k::base::main::36455,1
mistral_7b_instruct::trivia_qa_2_60k::base::main::48429,1
mistral_7b_instruct::trivia_qa_2_60k::base::main::12895,1
mistral_7b_instruct::trivia_qa_2_60k::base::main::15636,1
mistral_7b_instruct::trivia_qa_2_60k::base::main::26573,1
mistral_7b_instruct::trivia_qa_2_60k::base::main::57563,1
mistral_7b_instruct::trivia_qa_2_60k::base::main::50763,1
mistral_7b_instruct::trivia_qa_2_60k::base::main::18341,1
mistral_7b_instruct::trivia_qa_2_60k::base::main::31140,1
mistral_7b_instruct::trivia_qa_2_60k::base::main::40245,1
mistral_7b_instruct::trivia_qa_2_60k::base::main::52056,1
mistral_7b_instruct::trivia_qa_2_60k::base::main::9101,1
mistral_7b_instruct::trivia_qa_2_60k::base::main::52089,1
mistral_7b_instruct::trivia_qa_2_60k::base::main::18884,1
mistral_7b_instruct::trivia_qa_2_60k::base::main::1467,1
mistral_7b_instruct::trivia_qa_2_60k::base::main::25692,1
mistral_7b_instruct::trivia_qa_2_60k::base::main::58462,1
mistral_7b_instruct::trivia_qa_2_60k::base::main::20930,1
mistral_7b_instruct::trivia_qa_2_60k::base::main::56367,1
mistral_7b_instruct::trivia_qa_2_60k::base::main::42949,1
mistral_7b_instruct::trivia_qa_2_60k::base::main::57352,1
mistral_7b_instruct::trivia_qa_2_60k::base::main::24982,1
mistral_7b_instruct::trivia_qa_2_60k::base::main::25677,1
mistral_7b_instruct::trivia_qa_2_60k::base::main::1889,1
mistral_7b_instruct::trivia_qa_2_60k::base::main::48945,1
mistral_7b_instruct::trivia_qa_2_60k::base::main::41026,1
mistral_7b_instruct::trivia_qa_2_60k::base::main::7833,1
mistral_7b_instruct::trivia_qa_2_60k::base::main::26802,1
mistral_7b_instruct::trivia_qa_2_60k::base::main::23813,1
mistral_7b_instruct::trivia_qa_2_60k::base::main::30355,1
mistral_7b_instruct::trivia_qa_2_60k::base::main::49797,1
mistral_7b_instruct::trivia_qa_2_60k::base::main::25162,1
mistral_7b_instruct::trivia_qa_2_60k::base::main::46182,1
mistral_7b_instruct::trivia_qa_2_60k::base::main::1669,1
mistral_7b_instruct::trivia_qa_2_60k::base::main::19581,1
mistral_7b_instruct::trivia_qa_2_60k::base::main::41323,1
mistral_7b_instruct::trivia_qa_2_60k::base::main::50249,1
mistral_7b_instruct::trivia_qa_2_60k::base::main::30948,1
mistral_7b_instruct::trivia_qa_2_60k::base::main::40433,1
mistral_7b_instruct::trivia_qa_2_60k::base::main::6704,1
mistral_7b_instruct::trivia_qa_2_60k::base::main::26105,1
mistral_7b_instruct::trivia_qa_2_60k::base::main::32538,1
mistral_7b_instruct::trivia_qa_2_60k::base::main::40095,1
mistral_7b_instruct::trivia_qa_2_60k::base::main::51719,1
mistral_7b_instruct::trivia_qa_2_60k::base::main::22116,1
mistral_7b_instruct::trivia_qa_2_60k::base::main::47636,1
mistral_7b_instruct::trivia_qa_2_60k::base::main::51242,1
mistral_7b_instruct::trivia_qa_2_60k::base::main::51708,1
mistral_7b_instruct::trivia_qa_2_60k::base::main::39431,1
mistral_7b_instruct::trivia_qa_2_60k::base::main::47436,1
mistral_7b_instruct::trivia_qa_2_60k::base::main::36423,1
mistral_7b_instruct::trivia_qa_2_60k::base::main::45579,1
mistral_7b_instruct::trivia_qa_2_60k::base::main::3034,1
mistral_7b_instruct::trivia_qa_2_60k::base::main::53301,1
mistral_7b_instruct::trivia_qa_2_60k::base::main::7041,1
mistral_7b_instruct::trivia_qa_2_60k::base::main::7024,1
mistral_7b_instruct::trivia_qa_2_60k::base::main::11897,1
mistral_7b_instruct::trivia_qa_2_60k::base::main::8689,1
mistral_7b_instruct::trivia_qa_2_60k::base::main::11263,1
mistral_7b_instruct::trivia_qa_2_60k::base::main::1481,1
mistral_7b_instruct::trivia_qa_2_60k::base::main::49267,1
mistral_7b_instruct::trivia_qa_2_60k::base::main::33453,1
mistral_7b_instruct::trivia_qa_2_60k::base::main::30458,1
mistral_7b_instruct::trivia_qa_2_60k::base::main::22661,1
mistral_7b_instruct::trivia_qa_2_60k::base::main::19762,1
mistral_7b_instruct::trivia_qa_2_60k::base::main::45844,1
mistral_7b_instruct::trivia_qa_2_60k::base::main::53335,1
mistral_7b_instruct::trivia_qa_2_60k::base::main::11915,1
mistral_7b_instruct::trivia_qa_2_60k::base::main::28950,1
mistral_7b_instruct::trivia_qa_2_60k::base::main::36064,1
mistral_7b_instruct::trivia_qa_2_60k::base::main::23446,1
mistral_7b_instruct::trivia_qa_2_60k::base::main::47647,1
mistral_7b_instruct::trivia_qa_2_60k::base::main::57021,1
mistral_7b_instruct::trivia_qa_2_60k::base::main::54844,1
mistral_7b_instruct::trivia_qa_2_60k::base::main::2544,1
mistral_7b_instruct::trivia_qa_2_60k::base::main::33300,1
mistral_7b_instruct::trivia_qa_2_60k::base::main::36460,1
mistral_7b_instruct::trivia_qa_2_60k::base::main::49894,1
mistral_7b_instruct::trivia_qa_2_60k::base::main::22555,1
mistral_7b_instruct::trivia_qa_2_60k::base::main::36537,1
mistral_7b_instruct::trivia_qa_2_60k::base::main::1618,1
mistral_7b_instruct::trivia_qa_2_60k::base::main::53288,1
mistral_7b_instruct::trivia_qa_2_60k::base::main::6877,1
mistral_7b_instruct::trivia_qa_2_60k::base::main::55172,1
mistral_7b_instruct::trivia_qa_2_60k::base::main::6170,1
mistral_7b_instruct::trivia_qa_2_60k::base::main::36875,1
mistral_7b_instruct::trivia_qa_2_60k::base::main::53315,1
mistral_7b_instruct::trivia_qa_2_60k::base::main::11274,1
mistral_7b_instruct::trivia_qa_2_60k::base::main::13439,1
mistral_7b_instruct::trivia_qa_2_60k::base::main::20517,1
mistral_7b_instruct::trivia_qa_2_60k::base::main::33490,1
mistral_7b_instruct::trivia_qa_2_60k::base::main::29620,1
mistral_7b_instruct::trivia_qa_2_60k::base::main::37696,1
mistral_7b_instruct::trivia_qa_2_60k::base::main::53086,1
mistral_7b_instruct::trivia_qa_2_60k::base::main::31050,1
mistral_7b_instruct::trivia_qa_2_60k::base::main::34926,1
mistral_7b_instruct::trivia_qa_2_60k::base::main::697,1
mistral_7b_instruct::trivia_qa_2_60k::base::main::4412,1
mistral_7b_instruct::trivia_qa_2_60k::base::main::5957,1
mistral_7b_instruct::trivia_qa_2_60k::base::main::15142,1
mistral_7b_instruct::trivia_qa_2_60k::base::main::54031,1
mistral_7b_instruct::trivia_qa_2_60k::base::main::29294,1
mistral_7b_instruct::trivia_qa_2_60k::base::main::39587,1
mistral_7b_instruct::trivia_qa_2_60k::base::main::14970,1
mistral_7b_instruct::trivia_qa_2_60k::base::main::35586,1
mistral_7b_instruct::trivia_qa_2_60k::base::main::16663,1
mistral_7b_instruct::trivia_qa_2_60k::base::main::55365,1
mistral_7b_instruct::trivia_qa_2_60k::base::main::1965,1
mistral_7b_instruct::trivia_qa_2_60k::base::main::50840,1
mistral_7b_instruct::trivia_qa_2_60k::base::main::5036,1
mistral_7b_instruct::trivia_qa_2_60k::base::main::707,1
mistral_7b_instruct::trivia_qa_2_60k::base::main::7138,1
mistral_7b_instruct::trivia_qa_2_60k::base::main::54708,1
mistral_7b_instruct::trivia_qa_2_60k::base::main::31029,1
mistral_7b_instruct::trivia_qa_2_60k::base::main::58229,1
mistral_7b_instruct::trivia_qa_2_60k::base::main::32027,1
mistral_7b_instruct::trivia_qa_2_60k::base::main::24636,1
mistral_7b_instruct::trivia_qa_2_60k::base::main::13629,1
mistral_7b_instruct::trivia_qa_2_60k::base::main::30644,1
mistral_7b_instruct::trivia_qa_2_60k::base::main::42772,1
mistral_7b_instruct::trivia_qa_2_60k::base::main::9121,1
mistral_7b_instruct::trivia_qa_2_60k::base::main::30689,1
mistral_7b_instruct::trivia_qa_2_60k::base::main::38163,1
mistral_7b_instruct::trivia_qa_2_60k::base::main::55927,1
mistral_7b_instruct::trivia_qa_2_60k::base::main::57052,1
mistral_7b_instruct::trivia_qa_2_60k::base::main::42149,1
mistral_7b_instruct::trivia_qa_2_60k::base::main::43999,1
mistral_7b_instruct::trivia_qa_2_60k::base::main::28259,1
mistral_7b_instruct::trivia_qa_2_60k::base::main::15773,1
mistral_7b_instruct::trivia_qa_2_60k::base::main::15597,1
mistral_7b_instruct::trivia_qa_2_60k::base::main::20849,1
mistral_7b_instruct::trivia_qa_2_60k::base::main::50424,1
mistral_7b_instruct::trivia_qa_2_60k::base::main::4090,1
mistral_7b_instruct::trivia_qa_2_60k::base::main::24086,1
mistral_7b_instruct::trivia_qa_2_60k::base::main::18083,1
mistral_7b_instruct::trivia_qa_2_60k::base::main::17303,1
mistral_7b_instruct::trivia_qa_2_60k::base::main::25029,1
mistral_7b_instruct::trivia_qa_2_60k::base::main::16102,1
mistral_7b_instruct::trivia_qa_2_60k::base::main::48572,1
mistral_7b_instruct::trivia_qa_2_60k::base::main::39828,1
mistral_7b_instruct::trivia_qa_2_60k::base::main::12616,1
mistral_7b_instruct::trivia_qa_2_60k::base::main::14139,1
mistral_7b_instruct::trivia_qa_2_60k::base::main::30856,1
mistral_7b_instruct::trivia_qa_2_60k::base::main::11743,1
mistral_7b_instruct::trivia_qa_2_60k::base::main::25326,1
mistral_7b_instruct::trivia_qa_2_60k::base::main::6985,1
mistral_7b_instruct::trivia_qa_2_60k::base::main::20138,1
mistral_7b_instruct::trivia_qa_2_60k::base::main::9412,1
mistral_7b_instruct::trivia_qa_2_60k::base::main::36997,1
mistral_7b_instruct::trivia_qa_2_60k::base::main::41773,1
mistral_7b_instruct::trivia_qa_2_60k::base::main::26867,1
mistral_7b_instruct::trivia_qa_2_60k::base::main::49533,1
mistral_7b_instruct::trivia_qa_2_60k::base::main::45091,1
mistral_7b_instruct::trivia_qa_2_60k::base::main::5566,1
mistral_7b_instruct::trivia_qa_2_60k::base::main::48329,1
mistral_7b_instruct::trivia_qa_2_60k::base::main::20370,1
mistral_7b_instruct::trivia_qa_2_60k::base::main::30762,1
mistral_7b_instruct::trivia_qa_2_60k::base::main::47402,1
mistral_7b_instruct::trivia_qa_2_60k::base::main::23721,1
mistral_7b_instruct::trivia_qa_2_60k::base::main::17046,1
mistral_7b_instruct::trivia_qa_2_60k::base::main::47115,1
mistral_7b_instruct::trivia_qa_2_60k::base::main::21951,1
mistral_7b_instruct::trivia_qa_2_60k::base::main::27152,1
mistral_7b_instruct::trivia_qa_2_60k::base::main::12437,1
mistral_7b_instruct::trivia_qa_2_60k::base::main::890,1
mistral_7b_instruct::trivia_qa_2_60k::base::main::8767,1
mistral_7b_instruct::trivia_qa_2_60k::base::main::19196,1
mistral_7b_instruct::trivia_qa_2_60k::base::main::26122,1
mistral_7b_instruct::trivia_qa_2_60k::base::main::47339,1
mistral_7b_instruct::trivia_qa_2_60k::base::main::20434,1
mistral_7b_instruct::trivia_qa_2_60k::base::main::56753,1
mistral_7b_instruct::trivia_qa_2_60k::base::main::26756,1
mistral_7b_instruct::trivia_qa_2_60k::base::main::40861,1
mistral_7b_instruct::trivia_qa_2_60k::base::main::8455,1
mistral_7b_instruct::trivia_qa_2_60k::base::main::39690,1
mistral_7b_instruct::trivia_qa_2_60k::base::main::10708,1
mistral_7b_instruct::trivia_qa_2_60k::base::main::16835,1
mistral_7b_instruct::trivia_qa_2_60k::base::main::57867,1
mistral_7b_instruct::trivia_qa_2_60k::base::main::6420,1
mistral_7b_instruct::trivia_qa_2_60k::base::main::5302,1
mistral_7b_instruct::trivia_qa_2_60k::base::main::4843,1
mistral_7b_instruct::trivia_qa_2_60k::base::main::52816,1
mistral_7b_instruct::trivia_qa_2_60k::base::main::51918,1
mistral_7b_instruct::trivia_qa_2_60k::base::main::3402,1
mistral_7b_instruct::trivia_qa_2_60k::base::main::11566,1
mistral_7b_instruct::trivia_qa_2_60k::base::main::13727,1
mistral_7b_instruct::trivia_qa_2_60k::base::main::28056,1
mistral_7b_instruct::trivia_qa_2_60k::base::main::11873,1
mistral_7b_instruct::trivia_qa_2_60k::base::main::40456,1
mistral_7b_instruct::trivia_qa_2_60k::base::main::10558,1
mistral_7b_instruct::trivia_qa_2_60k::base::main::26692,1
mistral_7b_instruct::trivia_qa_2_60k::base::main::54286,1
mistral_7b_instruct::trivia_qa_2_60k::base::main::53655,1
mistral_7b_instruct::trivia_qa_2_60k::base::main::21854,1
mistral_7b_instruct::trivia_qa_2_60k::base::main::1450,1
mistral_7b_instruct::trivia_qa_2_60k::base::main::39642,1
mistral_7b_instruct::trivia_qa_2_60k::base::main::2127,1
mistral_7b_instruct::trivia_qa_2_60k::base::main::15808,1
mistral_7b_instruct::trivia_qa_2_60k::base::main::50089,1
mistral_7b_instruct::trivia_qa_2_60k::base::main::40395,1
mistral_7b_instruct::trivia_qa_2_60k::base::main::36986,1
mistral_7b_instruct::trivia_qa_2_60k::base::main::58219,1
mistral_7b_instruct::trivia_qa_2_60k::base::main::52947,1
mistral_7b_instruct::trivia_qa_2_60k::base::main::45223,1
mistral_7b_instruct::trivia_qa_2_60k::base::main::2851,1
mistral_7b_instruct::trivia_qa_2_60k::base::main::27625,1
mistral_7b_instruct::trivia_qa_2_60k::base::main::12746,1
mistral_7b_instruct::trivia_qa_2_60k::base::main::44760,1
mistral_7b_instruct::trivia_qa_2_60k::base::main::47356,1
mistral_7b_instruct::trivia_qa_2_60k::base::main::41545,1
mistral_7b_instruct::trivia_qa_2_60k::base::main::51385,1
mistral_7b_instruct::trivia_qa_2_60k::base::main::9547,1
mistral_7b_instruct::trivia_qa_2_60k::base::main::2357,1
mistral_7b_instruct::trivia_qa_2_60k::base::main::51204,1
mistral_7b_instruct::trivia_qa_2_60k::base::main::29464,1
mistral_7b_instruct::trivia_qa_2_60k::base::main::46211,1
mistral_7b_instruct::trivia_qa_2_60k::base::main::45209,1
mistral_7b_instruct::trivia_qa_2_60k::base::main::46727,1
mistral_7b_instruct::trivia_qa_2_60k::base::main::15825,1
mistral_7b_instruct::trivia_qa_2_60k::base::main::7627,1
mistral_7b_instruct::trivia_qa_2_60k::base::main::24135,1
mistral_7b_instruct::trivia_qa_2_60k::base::main::7115,1
mistral_7b_instruct::trivia_qa_2_60k::base::main::19342,1
mistral_7b_instruct::trivia_qa_2_60k::base::main::46445,1
mistral_7b_instruct::trivia_qa_2_60k::base::main::56866,1
mistral_7b_instruct::trivia_qa_2_60k::base::main::25058,1
mistral_7b_instruct::trivia_qa_2_60k::base::main::10837,1
mistral_7b_instruct::trivia_qa_2_60k::base::main::21512,1
mistral_7b_instruct::trivia_qa_2_60k::base::main::9104,1
mistral_7b_instruct::trivia_qa_2_60k::base::main::3017,1
mistral_7b_instruct::trivia_qa_2_60k::base::main::24434,1
mistral_7b_instruct::trivia_qa_2_60k::base::main::26256,1
mistral_7b_instruct::trivia_qa_2_60k::base::main::11417,1
mistral_7b_instruct::trivia_qa_2_60k::base::main::45366,1
mistral_7b_instruct::trivia_qa_2_60k::base::main::25202,1
mistral_7b_instruct::trivia_qa_2_60k::base::main::48057,1
mistral_7b_instruct::trivia_qa_2_60k::base::main::9180,1
mistral_7b_instruct::trivia_qa_2_60k::base::main::19409,1
mistral_7b_instruct::trivia_qa_2_60k::base::main::11399,1
mistral_7b_instruct::trivia_qa_2_60k::base::main::49742,1
mistral_7b_instruct::trivia_qa_2_60k::base::main::40907,1
mistral_7b_instruct::trivia_qa_2_60k::base::main::44007,1
mistral_7b_instruct::trivia_qa_2_60k::base::main::38701,1
mistral_7b_instruct::trivia_qa_2_60k::base::main::56846,1
mistral_7b_instruct::trivia_qa_2_60k::base::main::18808,1
mistral_7b_instruct::trivia_qa_2_60k::base::main::50751,1
mistral_7b_instruct::trivia_qa_2_60k::base::main::9536,1
mistral_7b_instruct::trivia_qa_2_60k::base::main::5357,1
mistral_7b_instruct::trivia_qa_2_60k::base::main::1399,1
mistral_7b_instruct::trivia_qa_2_60k::base::main::46016,1
mistral_7b_instruct::trivia_qa_2_60k::base::main::8239,1
mistral_7b_instruct::trivia_qa_2_60k::base::main::28200,1
mistral_7b_instruct::trivia_qa_2_60k::base::main::26798,1
mistral_7b_instruct::trivia_qa_2_60k::base::main::31151,1
mistral_7b_instruct::trivia_qa_2_60k::base::main::7816,1
mistral_7b_instruct::trivia_qa_2_60k::base::main::20935,1
mistral_7b_instruct::trivia_qa_2_60k::base::main::33062,1
mistral_7b_instruct::trivia_qa_2_60k::base::main::32766,1
mistral_7b_instruct::trivia_qa_2_60k::base::main::50689,1
mistral_7b_instruct::trivia_qa_2_60k::base::main::19210,1
mistral_7b_instruct::trivia_qa_2_60k::base::main::35628,1
mistral_7b_instruct::trivia_qa_2_60k::base::main::34644,1
mistral_7b_instruct::trivia_qa_2_60k::base::main::6896,1
mistral_7b_instruct::trivia_qa_2_60k::base::main::26269,1
mistral_7b_instruct::trivia_qa_2_60k::base::main::3582,1
mistral_7b_instruct::trivia_qa_2_60k::base::main::54525,1
mistral_7b_instruct::trivia_qa_2_60k::base::main::2145,1
mistral_7b_instruct::trivia_qa_2_60k::base::main::33552,1
mistral_7b_instruct::trivia_qa_2_60k::base::main::40323,1
mistral_7b_instruct::trivia_qa_2_60k::base::main::44637,1
mistral_7b_instruct::trivia_qa_2_60k::base::main::6151,1
mistral_7b_instruct::trivia_qa_2_60k::base::main::37904,1
mistral_7b_instruct::trivia_qa_2_60k::base::main::14974,1
mistral_7b_instruct::trivia_qa_2_60k::base::main::29233,1
mistral_7b_instruct::trivia_qa_2_60k::base::main::3505,1
mistral_7b_instruct::trivia_qa_2_60k::base::main::47956,1
mistral_7b_instruct::trivia_qa_2_60k::base::main::35348,1
mistral_7b_instruct::trivia_qa_2_60k::base::main::46131,1
mistral_7b_instruct::trivia_qa_2_60k::base::main::26872,1
mistral_7b_instruct::trivia_qa_2_60k::base::main::50759,1
mistral_7b_instruct::trivia_qa_2_60k::base::main::3546,1
mistral_7b_instruct::trivia_qa_2_60k::base::main::27931,1
mistral_7b_instruct::trivia_qa_2_60k::base::main::12260,1
mistral_7b_instruct::trivia_qa_2_60k::base::main::3483,1
mistral_7b_instruct::trivia_qa_2_60k::base::main::46757,1
mistral_7b_instruct::trivia_qa_2_60k::base::main::17498,1
mistral_7b_instruct::trivia_qa_2_60k::base::main::25040,1
mistral_7b_instruct::trivia_qa_2_60k::base::main::3381,1
mistral_7b_instruct::trivia_qa_2_60k::base::main::13613,1
mistral_7b_instruct::trivia_qa_2_60k::base::main::11908,1
mistral_7b_instruct::trivia_qa_2_60k::base::main::9788,1
mistral_7b_instruct::trivia_qa_2_60k::base::main::4631,1
mistral_7b_instruct::trivia_qa_2_60k::base::main::43271,1
mistral_7b_instruct::trivia_qa_2_60k::base::main::15618,1
mistral_7b_instruct::trivia_qa_2_60k::base::main::13485,1
mistral_7b_instruct::trivia_qa_2_60k::base::main::46599,1
mistral_7b_instruct::trivia_qa_2_60k::base::main::49636,1
mistral_7b_instruct::trivia_qa_2_60k::base::main::44300,1
mistral_7b_instruct::trivia_qa_2_60k::base::main::35933,1
mistral_7b_instruct::trivia_qa_2_60k::base::main::32346,1
mistral_7b_instruct::trivia_qa_2_60k::base::main::49140,1
mistral_7b_instruct::trivia_qa_2_60k::base::main::36304,1
mistral_7b_instruct::trivia_qa_2_60k::base::main::34838,1
mistral_7b_instruct::trivia_qa_2_60k::base::main::21264,1
mistral_7b_instruct::trivia_qa_2_60k::base::main::45856,1
mistral_7b_instruct::trivia_qa_2_60k::base::main::34698,1
mistral_7b_instruct::trivia_qa_2_60k::base::main::14305,1
mistral_7b_instruct::trivia_qa_2_60k::base::main::36057,1
mistral_7b_instruct::trivia_qa_2_60k::base::main::20502,1
mistral_7b_instruct::trivia_qa_2_60k::base::main::26241,1
mistral_7b_instruct::trivia_qa_2_60k::base::main::15368,1
mistral_7b_instruct::trivia_qa_2_60k::base::main::51821,1
mistral_7b_instruct::trivia_qa_2_60k::base::main::7166,1
mistral_7b_instruct::trivia_qa_2_60k::base::main::36701,1
mistral_7b_instruct::trivia_qa_2_60k::base::main::3639,1
mistral_7b_instruct::trivia_qa_2_60k::base::main::42207,1
mistral_7b_instruct::trivia_qa_2_60k::base::main::696,1
mistral_7b_instruct::trivia_qa_2_60k::base::main::40538,1
mistral_7b_instruct::trivia_qa_2_60k::base::main::36494,1
mistral_7b_instruct::trivia_qa_2_60k::base::main::6624,1
mistral_7b_instruct::trivia_qa_2_60k::base::main::57384,1
mistral_7b_instruct::trivia_qa_2_60k::base::main::19715,1
mistral_7b_instruct::trivia_qa_2_60k::base::main::51956,1
mistral_7b_instruct::trivia_qa_2_60k::base::main::37388,1
mistral_7b_instruct::trivia_qa_2_60k::base::main::20610,1
mistral_7b_instruct::trivia_qa_2_60k::base::main::22144,1
mistral_7b_instruct::trivia_qa_2_60k::base::main::53936,1
mistral_7b_instruct::trivia_qa_2_60k::base::main::40453,1
mistral_7b_instruct::trivia_qa_2_60k::base::main::57819,1
mistral_7b_instruct::trivia_qa_2_60k::base::main::56352,1
mistral_7b_instruct::trivia_qa_2_60k::base::main::5537,1
mistral_7b_instruct::trivia_qa_2_60k::base::main::7829,1
mistral_7b_instruct::trivia_qa_2_60k::base::main::23865,1
mistral_7b_instruct::trivia_qa_2_60k::base::main::27252,1
mistral_7b_instruct::trivia_qa_2_60k::base::main::20662,1
mistral_7b_instruct::trivia_qa_2_60k::base::main::4760,1
mistral_7b_instruct::trivia_qa_2_60k::base::main::57378,1
mistral_7b_instruct::trivia_qa_2_60k::base::main::23425,1
mistral_7b_instruct::trivia_qa_2_60k::base::main::51349,1
mistral_7b_instruct::trivia_qa_2_60k::base::main::4906,1
mistral_7b_instruct::trivia_qa_2_60k::base::main::31084,1
mistral_7b_instruct::trivia_qa_2_60k::base::main::16120,1
mistral_7b_instruct::trivia_qa_2_60k::base::main::57599,1
mistral_7b_instruct::trivia_qa_2_60k::base::main::44390,1
mistral_7b_instruct::trivia_qa_2_60k::base::main::8498,1
mistral_7b_instruct::trivia_qa_2_60k::base::main::10529,1
mistral_7b_instruct::trivia_qa_2_60k::base::main::26335,1
mistral_7b_instruct::trivia_qa_2_60k::base::main::42115,1
mistral_7b_instruct::trivia_qa_2_60k::base::main::44075,1
mistral_7b_instruct::trivia_qa_2_60k::base::main::34920,1
mistral_7b_instruct::trivia_qa_2_60k::base::main::56152,1
mistral_7b_instruct::trivia_qa_2_60k::base::main::23628,1
mistral_7b_instruct::trivia_qa_2_60k::base::main::1440,1
mistral_7b_instruct::trivia_qa_2_60k::base::main::31724,1
mistral_7b_instruct::trivia_qa_2_60k::base::main::17280,1
mistral_7b_instruct::trivia_qa_2_60k::base::main::25164,1
mistral_7b_instruct::trivia_qa_2_60k::base::main::17196,1
mistral_7b_instruct::trivia_qa_2_60k::base::main::9131,1
mistral_7b_instruct::trivia_qa_2_60k::base::main::19653,1
mistral_7b_instruct::trivia_qa_2_60k::base::main::24545,1
mistral_7b_instruct::trivia_qa_2_60k::base::main::10849,1
mistral_7b_instruct::trivia_qa_2_60k::base::main::28702,1
mistral_7b_instruct::trivia_qa_2_60k::base::main::50631,1
mistral_7b_instruct::trivia_qa_2_60k::base::main::3069,1
mistral_7b_instruct::trivia_qa_2_60k::base::main::26937,1
mistral_7b_instruct::trivia_qa_2_60k::base::main::31132,1
mistral_7b_instruct::trivia_qa_2_60k::base::main::38502,1
mistral_7b_instruct::trivia_qa_2_60k::base::main::44940,1
mistral_7b_instruct::trivia_qa_2_60k::base::main::51978,1
mistral_7b_instruct::trivia_qa_2_60k::base::main::48966,1
mistral_7b_instruct::trivia_qa_2_60k::base::main::14326,1
mistral_7b_instruct::trivia_qa_2_60k::base::main::57072,1
mistral_7b_instruct::trivia_qa_2_60k::base::main::109,1
mistral_7b_instruct::trivia_qa_2_60k::base::main::16850,1
mistral_7b_instruct::trivia_qa_2_60k::base::main::8560,1
mistral_7b_instruct::trivia_qa_2_60k::base::main::50277,1
mistral_7b_instruct::trivia_qa_2_60k::base::main::57089,1
mistral_7b_instruct::trivia_qa_2_60k::base::main::34120,1
mistral_7b_instruct::trivia_qa_2_60k::base::main::8226,1
mistral_7b_instruct::trivia_qa_2_60k::base::main::12550,1
mistral_7b_instruct::trivia_qa_2_60k::base::main::23667,1
mistral_7b_instruct::trivia_qa_2_60k::base::main::13457,1
mistral_7b_instruct::trivia_qa_2_60k::base::main::32402,1
mistral_7b_instruct::trivia_qa_2_60k::base::main::4771,1
mistral_7b_instruct::trivia_qa_2_60k::base::main::58117,1
mistral_7b_instruct::trivia_qa_2_60k::base::main::593,1
mistral_7b_instruct::trivia_qa_2_60k::base::main::10571,1
mistral_7b_instruct::trivia_qa_2_60k::base::main::56066,1
mistral_7b_instruct::trivia_qa_2_60k::base::main::35983,1
mistral_7b_instruct::trivia_qa_2_60k::base::main::49831,1
mistral_7b_instruct::trivia_qa_2_60k::base::main::31338,1
mistral_7b_instruct::trivia_qa_2_60k::base::main::38293,1
mistral_7b_instruct::trivia_qa_2_60k::base::main::5473,1
mistral_7b_instruct::trivia_qa_2_60k::base::main::44150,1
mistral_7b_instruct::trivia_qa_2_60k::base::main::2015,1
mistral_7b_instruct::trivia_qa_2_60k::base::main::33905,1
mistral_7b_instruct::trivia_qa_2_60k::base::main::33065,1
mistral_7b_instruct::trivia_qa_2_60k::base::main::25818,1
mistral_7b_instruct::trivia_qa_2_60k::base::main::56513,1
mistral_7b_instruct::trivia_qa_2_60k::base::main::17039,1
mistral_7b_instruct::trivia_qa_2_60k::base::main::21710,1
mistral_7b_instruct::trivia_qa_2_60k::base::main::4339,1
mistral_7b_instruct::trivia_qa_2_60k::base::main::27993,1
mistral_7b_instruct::trivia_qa_2_60k::base::main::30068,1
mistral_7b_instruct::trivia_qa_2_60k::base::main::56273,1
mistral_7b_instruct::trivia_qa_2_60k::base::main::6235,1
mistral_7b_instruct::trivia_qa_2_60k::base::main::27705,1
mistral_7b_instruct::trivia_qa_2_60k::base::main::44288,1
mistral_7b_instruct::trivia_qa_2_60k::base::main::12810,1
mistral_7b_instruct::trivia_qa_2_60k::base::main::57883,1
mistral_7b_instruct::trivia_qa_2_60k::base::main::54925,1
mistral_7b_instruct::trivia_qa_2_60k::base::main::53012,1
mistral_7b_instruct::trivia_qa_2_60k::base::main::41714,1
mistral_7b_instruct::trivia_qa_2_60k::base::main::38873,1
mistral_7b_instruct::trivia_qa_2_60k::base::main::25673,1
mistral_7b_instruct::trivia_qa_2_60k::base::main::44407,1
mistral_7b_instruct::trivia_qa_2_60k::base::main::14962,1
mistral_7b_instruct::trivia_qa_2_60k::base::main::5212,1
mistral_7b_instruct::trivia_qa_2_60k::base::main::56990,1
mistral_7b_instruct::trivia_qa_2_60k::base::main::2863,1
mistral_7b_instruct::trivia_qa_2_60k::base::main::20290,1
mistral_7b_instruct::trivia_qa_2_60k::base::main::50049,1
mistral_7b_instruct::trivia_qa_2_60k::base::main::9029,1
mistral_7b_instruct::trivia_qa_2_60k::base::main::41212,1
mistral_7b_instruct::trivia_qa_2_60k::base::main::27100,1
mistral_7b_instruct::trivia_qa_2_60k::base::main::17655,1
mistral_7b_instruct::trivia_qa_2_60k::base::main::30590,1
mistral_7b_instruct::trivia_qa_2_60k::base::main::56869,1
mistral_7b_instruct::trivia_qa_2_60k::base::main::47300,1
mistral_7b_instruct::trivia_qa_2_60k::base::main::37365,1
mistral_7b_instruct::trivia_qa_2_60k::base::main::56903,1
mistral_7b_instruct::trivia_qa_2_60k::base::main::38194,1
mistral_7b_instruct::trivia_qa_2_60k::base::main::20274,1
mistral_7b_instruct::trivia_qa_2_60k::base::main::55223,1
mistral_7b_instruct::trivia_qa_2_60k::base::main::3432,1
mistral_7b_instruct::trivia_qa_2_60k::base::main::53445,1
mistral_7b_instruct::trivia_qa_2_60k::base::main::26571,1
mistral_7b_instruct::trivia_qa_2_60k::base::main::40792,1
mistral_7b_instruct::trivia_qa_2_60k::base::main::36996,1
mistral_7b_instruct::trivia_qa_2_60k::base::main::7789,1
mistral_7b_instruct::trivia_qa_2_60k::base::main::33365,1
mistral_7b_instruct::trivia_qa_2_60k::base::main::8279,1
mistral_7b_instruct::trivia_qa_2_60k::base::main::19004,1
mistral_7b_instruct::trivia_qa_2_60k::base::main::27217,1
mistral_7b_instruct::trivia_qa_2_60k::base::main::4730,1
mistral_7b_instruct::trivia_qa_2_60k::base::main::43048,1
mistral_7b_instruct::trivia_qa_2_60k::base::main::1300,1
mistral_7b_instruct::trivia_qa_2_60k::base::main::44346,1
mistral_7b_instruct::trivia_qa_2_60k::base::main::6238,1
mistral_7b_instruct::trivia_qa_2_60k::base::main::14099,1
mistral_7b_instruct::trivia_qa_2_60k::base::main::12832,1
mistral_7b_instruct::trivia_qa_2_60k::base::main::12579,1
mistral_7b_instruct::trivia_qa_2_60k::base::main::15917,1
mistral_7b_instruct::trivia_qa_2_60k::base::main::47514,1
mistral_7b_instruct::trivia_qa_2_60k::base::main::5013,1
mistral_7b_instruct::trivia_qa_2_60k::base::main::36154,1
mistral_7b_instruct::trivia_qa_2_60k::base::main::46395,1
mistral_7b_instruct::trivia_qa_2_60k::base::main::19353,1
mistral_7b_instruct::trivia_qa_2_60k::base::main::52167,1
mistral_7b_instruct::trivia_qa_2_60k::base::main::34665,1
mistral_7b_instruct::trivia_qa_2_60k::base::main::1082,1
mistral_7b_instruct::trivia_qa_2_60k::base::main::4725,1
mistral_7b_instruct::trivia_qa_2_60k::base::main::39407,1
mistral_7b_instruct::trivia_qa_2_60k::base::main::8114,1
mistral_7b_instruct::trivia_qa_2_60k::base::main::18675,1
mistral_7b_instruct::trivia_qa_2_60k::base::main::30488,1
mistral_7b_instruct::trivia_qa_2_60k::base::main::30729,1
mistral_7b_instruct::trivia_qa_2_60k::base::main::20483,1
mistral_7b_instruct::trivia_qa_2_60k::base::main::37818,1
mistral_7b_instruct::trivia_qa_2_60k::base::main::4680,1
mistral_7b_instruct::trivia_qa_2_60k::base::main::7131,1
mistral_7b_instruct::trivia_qa_2_60k::base::main::55443,1
mistral_7b_instruct::trivia_qa_2_60k::base::main::23259,1
mistral_7b_instruct::trivia_qa_2_60k::base::main::5061,1
mistral_7b_instruct::trivia_qa_2_60k::base::main::40899,1
mistral_7b_instruct::trivia_qa_2_60k::base::main::9712,1
mistral_7b_instruct::trivia_qa_2_60k::base::main::50572,1
mistral_7b_instruct::trivia_qa_2_60k::base::main::48236,1
mistral_7b_instruct::trivia_qa_2_60k::base::main::23028,1
mistral_7b_instruct::trivia_qa_2_60k::base::main::10614,1
mistral_7b_instruct::trivia_qa_2_60k::base::main::5224,1
mistral_7b_instruct::trivia_qa_2_60k::base::main::43062,1
mistral_7b_instruct::trivia_qa_2_60k::base::main::58047,1
mistral_7b_instruct::trivia_qa_2_60k::base::main::2201,1
mistral_7b_instruct::trivia_qa_2_60k::base::main::45938,1
mistral_7b_instruct::trivia_qa_2_60k::base::main::10585,1
mistral_7b_instruct::trivia_qa_2_60k::base::main::26409,1
mistral_7b_instruct::trivia_qa_2_60k::base::main::26888,1
mistral_7b_instruct::trivia_qa_2_60k::base::main::52738,1
mistral_7b_instruct::trivia_qa_2_60k::base::main::35703,1
mistral_7b_instruct::trivia_qa_2_60k::base::main::21563,1
mistral_7b_instruct::trivia_qa_2_60k::base::main::50899,1
mistral_7b_instruct::trivia_qa_2_60k::base::main::5040,1
mistral_7b_instruct::trivia_qa_2_60k::base::main::18495,1
mistral_7b_instruct::trivia_qa_2_60k::base::main::25077,1
mistral_7b_instruct::trivia_qa_2_60k::base::main::2679,1
mistral_7b_instruct::trivia_qa_2_60k::base::main::7145,1
mistral_7b_instruct::trivia_qa_2_60k::base::main::17219,1
mistral_7b_instruct::trivia_qa_2_60k::base::main::40126,1
mistral_7b_instruct::trivia_qa_2_60k::base::main::21855,1
mistral_7b_instruct::trivia_qa_2_60k::base::main::47272,1
mistral_7b_instruct::trivia_qa_2_60k::base::main::38546,1
mistral_7b_instruct::trivia_qa_2_60k::base::main::25341,1
mistral_7b_instruct::trivia_qa_2_60k::base::main::34079,1
mistral_7b_instruct::trivia_qa_2_60k::base::main::37978,1
mistral_7b_instruct::trivia_qa_2_60k::base::main::35727,1
mistral_7b_instruct::trivia_qa_2_60k::base::main::22816,1
mistral_7b_instruct::trivia_qa_2_60k::base::main::514,1
mistral_7b_instruct::trivia_qa_2_60k::base::main::53560,1
mistral_7b_instruct::trivia_qa_2_60k::base::main::13422,1
mistral_7b_instruct::trivia_qa_2_60k::base::main::44645,1
mistral_7b_instruct::trivia_qa_2_60k::base::main::630,1
mistral_7b_instruct::trivia_qa_2_60k::base::main::43319,1
mistral_7b_instruct::trivia_qa_2_60k::base::main::21197,1
mistral_7b_instruct::trivia_qa_2_60k::base::main::10904,1
mistral_7b_instruct::trivia_qa_2_60k::base::main::11307,1
mistral_7b_instruct::trivia_qa_2_60k::base::main::25237,1
mistral_7b_instruct::trivia_qa_2_60k::base::main::4996,1
mistral_7b_instruct::trivia_qa_2_60k::base::main::7796,1
mistral_7b_instruct::trivia_qa_2_60k::base::main::39836,1
mistral_7b_instruct::trivia_qa_2_60k::base::main::51259,1
mistral_7b_instruct::trivia_qa_2_60k::base::main::31234,1
mistral_7b_instruct::trivia_qa_2_60k::base::main::47725,1
mistral_7b_instruct::trivia_qa_2_60k::base::main::56741,1
mistral_7b_instruct::trivia_qa_2_60k::base::main::54046,1
mistral_7b_instruct::trivia_qa_2_60k::base::main::43579,1
mistral_7b_instruct::trivia_qa_2_60k::base::main::9360,1
mistral_7b_instruct::trivia_qa_2_60k::base::main::44350,1
mistral_7b_instruct::trivia_qa_2_60k::base::main::53762,1
mistral_7b_instruct::trivia_qa_2_60k::base::main::6005,1
mistral_7b_instruct::trivia_qa_2_60k::base::main::53892,1
mistral_7b_instruct::trivia_qa_2_60k::base::main::705,1
mistral_7b_instruct::trivia_qa_2_60k::base::main::10781,1
mistral_7b_instruct::trivia_qa_2_60k::base::main::19352,1
mistral_7b_instruct::trivia_qa_2_60k::base::main::56458,1
mistral_7b_instruct::trivia_qa_2_60k::base::main::4713,1
mistral_7b_instruct::trivia_qa_2_60k::base::main::37659,1
mistral_7b_instruct::trivia_qa_2_60k::base::main::50571,1
mistral_7b_instruct::trivia_qa_2_60k::base::main::46247,1
mistral_7b_instruct::trivia_qa_2_60k::base::main::49176,1
mistral_7b_instruct::trivia_qa_2_60k::base::main::41751,1
mistral_7b_instruct::trivia_qa_2_60k::base::main::12793,1
mistral_7b_instruct::trivia_qa_2_60k::base::main::8145,1
mistral_7b_instruct::trivia_qa_2_60k::base::main::8393,1
mistral_7b_instruct::trivia_qa_2_60k::base::main::19891,1
mistral_7b_instruct::trivia_qa_2_60k::base::main::26213,1
mistral_7b_instruct::trivia_qa_2_60k::base::main::21144,1
mistral_7b_instruct::trivia_qa_2_60k::base::main::40381,1
mistral_7b_instruct::trivia_qa_2_60k::base::main::52865,1
mistral_7b_instruct::trivia_qa_2_60k::base::main::2317,1
mistral_7b_instruct::trivia_qa_2_60k::base::main::53914,1
mistral_7b_instruct::trivia_qa_2_60k::base::main::365,1
mistral_7b_instruct::trivia_qa_2_60k::base::main::32146,1
mistral_7b_instruct::trivia_qa_2_60k::base::main::10469,1
mistral_7b_instruct::trivia_qa_2_60k::base::main::2848,1
mistral_7b_instruct::trivia_qa_2_60k::base::main::30919,1
mistral_7b_instruct::trivia_qa_2_60k::base::main::27165,1
mistral_7b_instruct::trivia_qa_2_60k::base::main::49962,1
mistral_7b_instruct::trivia_qa_2_60k::base::main::9084,1
mistral_7b_instruct::trivia_qa_2_60k::base::main::48526,1
mistral_7b_instruct::trivia_qa_2_60k::base::main::18445,1
mistral_7b_instruct::trivia_qa_2_60k::base::main::43834,1
mistral_7b_instruct::trivia_qa_2_60k::base::main::5630,1
mistral_7b_instruct::trivia_qa_2_60k::base::main::20173,1
mistral_7b_instruct::trivia_qa_2_60k::base::main::31006,1
mistral_7b_instruct::trivia_qa_2_60k::base::main::33479,1
mistral_7b_instruct::trivia_qa_2_60k::base::main::3281,1
mistral_7b_instruct::trivia_qa_2_60k::base::main::48159,1
mistral_7b_instruct::trivia_qa_2_60k::base::main::20625,1
mistral_7b_instruct::trivia_qa_2_60k::base::main::9746,1
mistral_7b_instruct::trivia_qa_2_60k::base::main::22636,1
mistral_7b_instruct::trivia_qa_2_60k::base::main::36300,1
mistral_7b_instruct::trivia_qa_2_60k::base::main::12422,1
mistral_7b_instruct::trivia_qa_2_60k::base::main::35760,1
mistral_7b_instruct::trivia_qa_2_60k::base::main::17501,1
mistral_7b_instruct::trivia_qa_2_60k::base::main::26302,1
mistral_7b_instruct::trivia_qa_2_60k::base::main::46488,1
mistral_7b_instruct::trivia_qa_2_60k::base::main::50233,1
mistral_7b_instruct::trivia_qa_2_60k::base::main::55096,1
mistral_7b_instruct::trivia_qa_2_60k::base::main::14620,1
mistral_7b_instruct::trivia_qa_2_60k::base::main::51621,1
mistral_7b_instruct::trivia_qa_2_60k::base::main::43976,1
mistral_7b_instruct::trivia_qa_2_60k::base::main::11310,1
mistral_7b_instruct::trivia_qa_2_60k::base::main::44482,1
mistral_7b_instruct::trivia_qa_2_60k::base::main::50360,1
mistral_7b_instruct::trivia_qa_2_60k::base::main::16523,1
mistral_7b_instruct::trivia_qa_2_60k::base::main::27525,1
mistral_7b_instruct::trivia_qa_2_60k::base::main::58509,1
mistral_7b_instruct::trivia_qa_2_60k::base::main::42693,1
mistral_7b_instruct::trivia_qa_2_60k::base::main::34682,1
mistral_7b_instruct::trivia_qa_2_60k::base::main::40767,1
mistral_7b_instruct::trivia_qa_2_60k::base::main::31256,1
mistral_7b_instruct::trivia_qa_2_60k::base::main::29387,1
mistral_7b_instruct::trivia_qa_2_60k::base::main::30560,1
mistral_7b_instruct::trivia_qa_2_60k::base::main::19952,1
mistral_7b_instruct::trivia_qa_2_60k::base::main::50508,1
mistral_7b_instruct::trivia_qa_2_60k::base::main::48343,1
mistral_7b_instruct::trivia_qa_2_60k::base::main::56098,1
mistral_7b_instruct::trivia_qa_2_60k::base::main::52047,1
mistral_7b_instruct::trivia_qa_2_60k::base::main::21575,1
mistral_7b_instruct::trivia_qa_2_60k::base::main::50119,1
mistral_7b_instruct::trivia_qa_2_60k::base::main::13884,1
mistral_7b_instruct::trivia_qa_2_60k::base::main::22965,1
mistral_7b_instruct::trivia_qa_2_60k::base::main::2086,1
mistral_7b_instruct::trivia_qa_2_60k::base::main::23189,1
mistral_7b_instruct::trivia_qa_2_60k::base::main::50489,1
mistral_7b_instruct::trivia_qa_2_60k::base::main::47600,1
mistral_7b_instruct::trivia_qa_2_60k::base::main::54113,1
mistral_7b_instruct::trivia_qa_2_60k::base::main::22348,1
mistral_7b_instruct::trivia_qa_2_60k::base::main::51033,1
mistral_7b_instruct::trivia_qa_2_60k::base::main::50928,1
mistral_7b_instruct::trivia_qa_2_60k::base::main::37735,1
mistral_7b_instruct::trivia_qa_2_60k::base::main::16056,1
mistral_7b_instruct::trivia_qa_2_60k::base::main::45430,1
mistral_7b_instruct::trivia_qa_2_60k::base::main::47281,1
mistral_7b_instruct::trivia_qa_2_60k::base::main::18363,1
mistral_7b_instruct::trivia_qa_2_60k::base::main::7059,1
mistral_7b_instruct::trivia_qa_2_60k::base::main::33543,1
mistral_7b_instruct::trivia_qa_2_60k::base::main::25672,1
mistral_7b_instruct::trivia_qa_2_60k::base::main::23482,1
mistral_7b_instruct::trivia_qa_2_60k::base::main::55143,1
mistral_7b_instruct::trivia_qa_2_60k::base::main::10166,1
mistral_7b_instruct::trivia_qa_2_60k::base::main::9660,1
mistral_7b_instruct::trivia_qa_2_60k::base::main::40606,1
mistral_7b_instruct::trivia_qa_2_60k::base::main::37956,1
mistral_7b_instruct::trivia_qa_2_60k::base::main::28129,1
mistral_7b_instruct::trivia_qa_2_60k::base::main::1764,1
mistral_7b_instruct::trivia_qa_2_60k::base::main::32203,1
mistral_7b_instruct::trivia_qa_2_60k::base::main::15498,1
mistral_7b_instruct::trivia_qa_2_60k::base::main::8877,1
mistral_7b_instruct::trivia_qa_2_60k::base::main::17499,1
mistral_7b_instruct::trivia_qa_2_60k::base::main::56991,1
mistral_7b_instruct::trivia_qa_2_60k::base::main::8133,1
mistral_7b_instruct::trivia_qa_2_60k::base::main::48114,1
mistral_7b_instruct::trivia_qa_2_60k::base::main::36525,1
mistral_7b_instruct::trivia_qa_2_60k::base::main::40436,1
mistral_7b_instruct::trivia_qa_2_60k::base::main::42395,1
mistral_7b_instruct::trivia_qa_2_60k::base::main::39001,1
mistral_7b_instruct::trivia_qa_2_60k::base::main::7664,1
mistral_7b_instruct::trivia_qa_2_60k::base::main::11722,1
mistral_7b_instruct::trivia_qa_2_60k::base::main::51069,1
mistral_7b_instruct::trivia_qa_2_60k::base::main::37647,1
mistral_7b_instruct::trivia_qa_2_60k::base::main::28895,1
mistral_7b_instruct::trivia_qa_2_60k::base::main::11260,1
mistral_7b_instruct::trivia_qa_2_60k::base::main::9907,1
mistral_7b_instruct::trivia_qa_2_60k::base::main::8895,1
mistral_7b_instruct::trivia_qa_2_60k::base::main::11724,1
mistral_7b_instruct::trivia_qa_2_60k::base::main::23820,1
mistral_7b_instruct::trivia_qa_2_60k::base::main::5182,1
mistral_7b_instruct::trivia_qa_2_60k::base::main::47512,1
mistral_7b_instruct::trivia_qa_2_60k::base::main::26201,1
mistral_7b_instruct::trivia_qa_2_60k::base::main::19573,1
mistral_7b_instruct::trivia_qa_2_60k::base::main::33664,1
mistral_7b_instruct::trivia_qa_2_60k::base::main::12400,1
mistral_7b_instruct::trivia_qa_2_60k::base::main::7312,1
mistral_7b_instruct::trivia_qa_2_60k::base::main::37826,1
mistral_7b_instruct::trivia_qa_2_60k::base::main::43735,1
mistral_7b_instruct::trivia_qa_2_60k::base::main::32428,1
mistral_7b_instruct::trivia_qa_2_60k::base::main::41982,1
mistral_7b_instruct::trivia_qa_2_60k::base::main::26918,1
mistral_7b_instruct::trivia_qa_2_60k::base::main::23978,1
mistral_7b_instruct::trivia_qa_2_60k::base::main::16708,1
mistral_7b_instruct::trivia_qa_2_60k::base::main::10916,1
mistral_7b_instruct::trivia_qa_2_60k::base::main::13921,1
mistral_7b_instruct::trivia_qa_2_60k::base::main::55993,1
mistral_7b_instruct::trivia_qa_2_60k::base::main::48047,1
mistral_7b_instruct::trivia_qa_2_60k::base::main::5247,1
mistral_7b_instruct::trivia_qa_2_60k::base::main::42989,1
mistral_7b_instruct::trivia_qa_2_60k::base::main::25532,1
mistral_7b_instruct::trivia_qa_2_60k::base::main::10426,1
mistral_7b_instruct::trivia_qa_2_60k::base::main::13846,1
mistral_7b_instruct::trivia_qa_2_60k::base::main::8987,1
mistral_7b_instruct::trivia_qa_2_60k::base::main::41670,1
mistral_7b_instruct::trivia_qa_2_60k::base::main::58321,1
mistral_7b_instruct::trivia_qa_2_60k::base::main::11078,1
mistral_7b_instruct::trivia_qa_2_60k::base::main::40038,1
mistral_7b_instruct::trivia_qa_2_60k::base::main::14461,1
mistral_7b_instruct::trivia_qa_2_60k::base::main::33992,1
mistral_7b_instruct::trivia_qa_2_60k::base::main::17089,1
mistral_7b_instruct::trivia_qa_2_60k::base::main::22102,1
mistral_7b_instruct::trivia_qa_2_60k::base::main::42405,1
mistral_7b_instruct::trivia_qa_2_60k::base::main::21672,1
mistral_7b_instruct::trivia_qa_2_60k::base::main::32328,1
mistral_7b_instruct::trivia_qa_2_60k::base::main::35342,1
mistral_7b_instruct::trivia_qa_2_60k::base::main::5647,1
mistral_7b_instruct::trivia_qa_2_60k::base::main::56764,1
mistral_7b_instruct::trivia_qa_2_60k::base::main::13411,1
mistral_7b_instruct::trivia_qa_2_60k::base::main::53412,1
mistral_7b_instruct::trivia_qa_2_60k::base::main::10329,1
mistral_7b_instruct::trivia_qa_2_60k::base::main::3217,1
mistral_7b_instruct::trivia_qa_2_60k::base::main::57099,1
mistral_7b_instruct::trivia_qa_2_60k::base::main::1904,1
mistral_7b_instruct::trivia_qa_2_60k::base::main::55963,1
mistral_7b_instruct::trivia_qa_2_60k::base::main::16367,1
mistral_7b_instruct::trivia_qa_2_60k::base::main::34467,1
mistral_7b_instruct::trivia_qa_2_60k::base::main::16572,1
mistral_7b_instruct::trivia_qa_2_60k::base::main::15959,1
mistral_7b_instruct::trivia_qa_2_60k::base::main::10615,1
mistral_7b_instruct::trivia_qa_2_60k::base::main::13156,1
mistral_7b_instruct::trivia_qa_2_60k::base::main::23535,1
mistral_7b_instruct::trivia_qa_2_60k::base::main::54462,1
mistral_7b_instruct::trivia_qa_2_60k::base::main::14862,1
mistral_7b_instruct::trivia_qa_2_60k::base::main::40794,1
mistral_7b_instruct::trivia_qa_2_60k::base::main::40204,1
mistral_7b_instruct::trivia_qa_2_60k::base::main::32302,1
mistral_7b_instruct::trivia_qa_2_60k::base::main::56775,1
mistral_7b_instruct::trivia_qa_2_60k::base::main::19593,1
mistral_7b_instruct::trivia_qa_2_60k::base::main::3473,1
mistral_7b_instruct::trivia_qa_2_60k::base::main::19366,1
mistral_7b_instruct::trivia_qa_2_60k::base::main::19393,1
mistral_7b_instruct::trivia_qa_2_60k::base::main::39156,1
mistral_7b_instruct::trivia_qa_2_60k::base::main::46372,1
mistral_7b_instruct::trivia_qa_2_60k::base::main::4160,1
mistral_7b_instruct::trivia_qa_2_60k::base::main::52239,1
mistral_7b_instruct::trivia_qa_2_60k::base::main::38558,1
mistral_7b_instruct::trivia_qa_2_60k::base::main::10723,1
mistral_7b_instruct::trivia_qa_2_60k::base::main::43916,1
mistral_7b_instruct::trivia_qa_2_60k::base::main::14073,1
mistral_7b_instruct::trivia_qa_2_60k::base::main::53037,1
mistral_7b_instruct::trivia_qa_2_60k::base::main::54193,1
mistral_7b_instruct::trivia_qa_2_60k::base::main::24386,1
mistral_7b_instruct::trivia_qa_2_60k::base::main::41574,1
mistral_7b_instruct::trivia_qa_2_60k::base::main::31464,1
mistral_7b_instruct::trivia_qa_2_60k::base::main::5415,1
mistral_7b_instruct::trivia_qa_2_60k::base::main::10194,1
mistral_7b_instruct::trivia_qa_2_60k::base::main::22993,1
mistral_7b_instruct::trivia_qa_2_60k::base::main::32753,1
mistral_7b_instruct::trivia_qa_2_60k::base::main::50810,1
mistral_7b_instruct::trivia_qa_2_60k::base::main::56701,1
mistral_7b_instruct::trivia_qa_2_60k::base::main::57824,1
mistral_7b_instruct::trivia_qa_2_60k::base::main::1717,1
mistral_7b_instruct::trivia_qa_2_60k::base::main::25365,1
mistral_7b_instruct::trivia_qa_2_60k::base::main::37736,1
mistral_7b_instruct::trivia_qa_2_60k::base::main::37174,1
mistral_7b_instruct::trivia_qa_2_60k::base::main::49376,1
mistral_7b_instruct::trivia_qa_2_60k::base::main::19975,1
mistral_7b_instruct::trivia_qa_2_60k::base::main::38617,1
mistral_7b_instruct::trivia_qa_2_60k::base::main::49794,1
mistral_7b_instruct::trivia_qa_2_60k::base::main::17923,1
mistral_7b_instruct::trivia_qa_2_60k::base::main::53283,1
mistral_7b_instruct::trivia_qa_2_60k::base::main::45495,1
mistral_7b_instruct::trivia_qa_2_60k::base::main::25110,1
mistral_7b_instruct::trivia_qa_2_60k::base::main::9651,1
mistral_7b_instruct::trivia_qa_2_60k::base::main::5488,1
mistral_7b_instruct::trivia_qa_2_60k::base::main::38917,1
mistral_7b_instruct::trivia_qa_2_60k::base::main::9471,1
mistral_7b_instruct::trivia_qa_2_60k::base::main::37155,1
mistral_7b_instruct::trivia_qa_2_60k::base::main::45812,1
mistral_7b_instruct::trivia_qa_2_60k::base::main::19719,1
mistral_7b_instruct::trivia_qa_2_60k::base::main::16549,1
mistral_7b_instruct::trivia_qa_2_60k::base::main::41370,1
mistral_7b_instruct::trivia_qa_2_60k::base::main::27519,1
mistral_7b_instruct::trivia_qa_2_60k::base::main::1182,1
mistral_7b_instruct::trivia_qa_2_60k::base::main::32866,1
mistral_7b_instruct::trivia_qa_2_60k::base::main::13554,1
mistral_7b_instruct::trivia_qa_2_60k::base::main::11275,1
mistral_7b_instruct::trivia_qa_2_60k::base::main::28806,1
mistral_7b_instruct::trivia_qa_2_60k::base::main::50342,1
mistral_7b_instruct::trivia_qa_2_60k::base::main::33118,1
mistral_7b_instruct::trivia_qa_2_60k::base::main::42302,1
mistral_7b_instruct::trivia_qa_2_60k::base::main::18692,1
mistral_7b_instruct::trivia_qa_2_60k::base::main::42064,1
mistral_7b_instruct::trivia_qa_2_60k::base::main::45127,1
mistral_7b_instruct::trivia_qa_2_60k::base::main::27158,1
mistral_7b_instruct::trivia_qa_2_60k::base::main::26787,1
mistral_7b_instruct::trivia_qa_2_60k::base::main::33463,1
mistral_7b_instruct::trivia_qa_2_60k::base::main::5277,1
mistral_7b_instruct::trivia_qa_2_60k::base::main::42537,1
mistral_7b_instruct::trivia_qa_2_60k::base::main::36339,1
mistral_7b_instruct::trivia_qa_2_60k::base::main::56054,1
mistral_7b_instruct::trivia_qa_2_60k::base::main::54241,1
mistral_7b_instruct::trivia_qa_2_60k::base::main::44928,1
mistral_7b_instruct::trivia_qa_2_60k::base::main::3966,1
mistral_7b_instruct::trivia_qa_2_60k::base::main::18946,1
mistral_7b_instruct::trivia_qa_2_60k::base::main::40769,1
mistral_7b_instruct::trivia_qa_2_60k::base::main::43761,1
mistral_7b_instruct::trivia_qa_2_60k::base::main::46161,1
mistral_7b_instruct::trivia_qa_2_60k::base::main::27288,1
mistral_7b_instruct::trivia_qa_2_60k::base::main::20529,1
mistral_7b_instruct::trivia_qa_2_60k::base::main::38622,1
mistral_7b_instruct::trivia_qa_2_60k::base::main::56936,1
mistral_7b_instruct::trivia_qa_2_60k::base::main::14020,1
mistral_7b_instruct::trivia_qa_2_60k::base::main::6874,1
mistral_7b_instruct::trivia_qa_2_60k::base::main::53951,1
mistral_7b_instruct::trivia_qa_2_60k::base::main::31384,1
mistral_7b_instruct::trivia_qa_2_60k::base::main::31428,1
mistral_7b_instruct::trivia_qa_2_60k::base::main::20389,1
mistral_7b_instruct::trivia_qa_2_60k::base::main::42485,1
mistral_7b_instruct::trivia_qa_2_60k::base::main::27749,1
mistral_7b_instruct::trivia_qa_2_60k::base::main::33849,1
mistral_7b_instruct::trivia_qa_2_60k::base::main::57842,1
mistral_7b_instruct::trivia_qa_2_60k::base::main::40417,1
mistral_7b_instruct::trivia_qa_2_60k::base::main::45202,1
mistral_7b_instruct::trivia_qa_2_60k::base::main::45685,1
mistral_7b_instruct::trivia_qa_2_60k::base::main::15663,1
mistral_7b_instruct::trivia_qa_2_60k::base::main::26446,1
mistral_7b_instruct::trivia_qa_2_60k::base::main::13042,1
mistral_7b_instruct::trivia_qa_2_60k::base::main::20711,1
mistral_7b_instruct::trivia_qa_2_60k::base::main::18480,1
mistral_7b_instruct::trivia_qa_2_60k::base::main::56940,1
mistral_7b_instruct::trivia_qa_2_60k::base::main::5876,1
mistral_7b_instruct::trivia_qa_2_60k::base::main::39910,1
mistral_7b_instruct::trivia_qa_2_60k::base::main::6104,1
mistral_7b_instruct::trivia_qa_2_60k::base::main::49963,1
mistral_7b_instruct::trivia_qa_2_60k::base::main::21098,1
mistral_7b_instruct::trivia_qa_2_60k::base::main::37295,1
mistral_7b_instruct::trivia_qa_2_60k::base::main::11491,1
mistral_7b_instruct::trivia_qa_2_60k::base::main::46353,1
mistral_7b_instruct::trivia_qa_2_60k::base::main::35167,1
mistral_7b_instruct::trivia_qa_2_60k::base::main::27927,1
mistral_7b_instruct::trivia_qa_2_60k::base::main::33619,1
mistral_7b_instruct::trivia_qa_2_60k::base::main::4019,1
mistral_7b_instruct::trivia_qa_2_60k::base::main::56255,1
mistral_7b_instruct::trivia_qa_2_60k::base::main::21990,1
mistral_7b_instruct::trivia_qa_2_60k::base::main::28844,1
mistral_7b_instruct::trivia_qa_2_60k::base::main::57000,1
mistral_7b_instruct::trivia_qa_2_60k::base::main::50195,1
mistral_7b_instruct::trivia_qa_2_60k::base::main::8614,1
mistral_7b_instruct::trivia_qa_2_60k::base::main::12879,1
mistral_7b_instruct::trivia_qa_2_60k::base::main::41216,1
mistral_7b_instruct::trivia_qa_2_60k::base::main::55524,1
mistral_7b_instruct::trivia_qa_2_60k::base::main::56181,1
mistral_7b_instruct::trivia_qa_2_60k::base::main::58342,1
mistral_7b_instruct::trivia_qa_2_60k::base::main::27994,1
mistral_7b_instruct::trivia_qa_2_60k::base::main::49364,1
mistral_7b_instruct::trivia_qa_2_60k::base::main::45872,1
mistral_7b_instruct::trivia_qa_2_60k::base::main::15207,1
mistral_7b_instruct::trivia_qa_2_60k::base::main::18381,1
mistral_7b_instruct::trivia_qa_2_60k::base::main::14319,1
mistral_7b_instruct::trivia_qa_2_60k::base::main::37876,1
mistral_7b_instruct::trivia_qa_2_60k::base::main::36692,1
mistral_7b_instruct::trivia_qa_2_60k::base::main::17442,1
mistral_7b_instruct::trivia_qa_2_60k::base::main::5596,1
mistral_7b_instruct::trivia_qa_2_60k::base::main::26970,1
mistral_7b_instruct::trivia_qa_2_60k::base::main::11143,1
mistral_7b_instruct::trivia_qa_2_60k::base::main::55341,1
mistral_7b_instruct::trivia_qa_2_60k::base::main::24235,1
mistral_7b_instruct::trivia_qa_2_60k::base::main::26255,1
mistral_7b_instruct::trivia_qa_2_60k::base::main::58176,1
mistral_7b_instruct::trivia_qa_2_60k::base::main::21618,1
mistral_7b_instruct::trivia_qa_2_60k::base::main::47086,1
mistral_7b_instruct::trivia_qa_2_60k::base::main::55248,1
mistral_7b_instruct::trivia_qa_2_60k::base::main::29318,1
mistral_7b_instruct::trivia_qa_2_60k::base::main::36116,1
mistral_7b_instruct::trivia_qa_2_60k::base::main::268,1
mistral_7b_instruct::trivia_qa_2_60k::base::main::4371,1
mistral_7b_instruct::trivia_qa_2_60k::base::main::10030,1
mistral_7b_instruct::trivia_qa_2_60k::base::main::24965,1
mistral_7b_instruct::trivia_qa_2_60k::base::main::41088,1
mistral_7b_instruct::trivia_qa_2_60k::base::main::34396,1
mistral_7b_instruct::trivia_qa_2_60k::base::main::55291,1
mistral_7b_instruct::trivia_qa_2_60k::base::main::46870,1
mistral_7b_instruct::trivia_qa_2_60k::base::main::22458,1
mistral_7b_instruct::trivia_qa_2_60k::base::main::13724,1
mistral_7b_instruct::trivia_qa_2_60k::base::main::8853,1
mistral_7b_instruct::trivia_qa_2_60k::base::main::37184,1
mistral_7b_instruct::trivia_qa_2_60k::base::main::23309,1
mistral_7b_instruct::trivia_qa_2_60k::base::main::1749,1
mistral_7b_instruct::trivia_qa_2_60k::base::main::39726,1
mistral_7b_instruct::trivia_qa_2_60k::base::main::45577,1
mistral_7b_instruct::trivia_qa_2_60k::base::main::48460,1
mistral_7b_instruct::trivia_qa_2_60k::base::main::35844,1
mistral_7b_instruct::trivia_qa_2_60k::base::main::51267,1
mistral_7b_instruct::trivia_qa_2_60k::base::main::10161,1
mistral_7b_instruct::trivia_qa_2_60k::base::main::2587,1
mistral_7b_instruct::trivia_qa_2_60k::base::main::55242,1
mistral_7b_instruct::trivia_qa_2_60k::base::main::48725,1
mistral_7b_instruct::trivia_qa_2_60k::base::main::40919,1
mistral_7b_instruct::trivia_qa_2_60k::base::main::17413,1
mistral_7b_instruct::trivia_qa_2_60k::base::main::39336,1
mistral_7b_instruct::trivia_qa_2_60k::base::main::55867,1
mistral_7b_instruct::trivia_qa_2_60k::base::main::2496,1
mistral_7b_instruct::trivia_qa_2_60k::base::main::15423,1
mistral_7b_instruct::trivia_qa_2_60k::base::main::57746,1
mistral_7b_instruct::trivia_qa_2_60k::base::main::35894,1
mistral_7b_instruct::trivia_qa_2_60k::base::main::28119,1
mistral_7b_instruct::trivia_qa_2_60k::base::main::12262,1
mistral_7b_instruct::trivia_qa_2_60k::base::main::39187,1
mistral_7b_instruct::trivia_qa_2_60k::base::main::41665,1
mistral_7b_instruct::trivia_qa_2_60k::base::main::13955,1
mistral_7b_instruct::trivia_qa_2_60k::base::main::21412,1
mistral_7b_instruct::trivia_qa_2_60k::base::main::12394,1
mistral_7b_instruct::trivia_qa_2_60k::base::main::41494,1
mistral_7b_instruct::trivia_qa_2_60k::base::main::32457,1
mistral_7b_instruct::trivia_qa_2_60k::base::main::8258,1
mistral_7b_instruct::trivia_qa_2_60k::base::main::48784,1
mistral_7b_instruct::trivia_qa_2_60k::base::main::35772,1
mistral_7b_instruct::trivia_qa_2_60k::base::main::52242,1
mistral_7b_instruct::trivia_qa_2_60k::base::main::45488,1
mistral_7b_instruct::trivia_qa_2_60k::base::main::38845,1
mistral_7b_instruct::trivia_qa_2_60k::base::main::40993,1
mistral_7b_instruct::trivia_qa_2_60k::base::main::26665,1
mistral_7b_instruct::trivia_qa_2_60k::base::main::14348,1
mistral_7b_instruct::trivia_qa_2_60k::base::main::38894,1
mistral_7b_instruct::trivia_qa_2_60k::base::main::42233,1
mistral_7b_instruct::trivia_qa_2_60k::base::main::43886,1
mistral_7b_instruct::trivia_qa_2_60k::base::main::31373,1
mistral_7b_instruct::trivia_qa_2_60k::base::main::33360,1
mistral_7b_instruct::trivia_qa_2_60k::base::main::9784,1
mistral_7b_instruct::trivia_qa_2_60k::base::main::44405,1
mistral_7b_instruct::trivia_qa_2_60k::base::main::5900,1
mistral_7b_instruct::trivia_qa_2_60k::base::main::17638,1
mistral_7b_instruct::trivia_qa_2_60k::base::main::44723,1
mistral_7b_instruct::trivia_qa_2_60k::base::main::57976,1
mistral_7b_instruct::trivia_qa_2_60k::base::main::43935,1
mistral_7b_instruct::trivia_qa_2_60k::base::main::14327,1
mistral_7b_instruct::trivia_qa_2_60k::base::main::42439,1
mistral_7b_instruct::trivia_qa_2_60k::base::main::50935,1
mistral_7b_instruct::trivia_qa_2_60k::base::main::44722,1
mistral_7b_instruct::trivia_qa_2_60k::base::main::58128,1
mistral_7b_instruct::trivia_qa_2_60k::base::main::20367,1
mistral_7b_instruct::trivia_qa_2_60k::base::main::4597,1
mistral_7b_instruct::trivia_qa_2_60k::base::main::29685,1
mistral_7b_instruct::trivia_qa_2_60k::base::main::55789,1
mistral_7b_instruct::trivia_qa_2_60k::base::main::54266,1
mistral_7b_instruct::trivia_qa_2_60k::base::main::23539,1
mistral_7b_instruct::trivia_qa_2_60k::base::main::45570,1
mistral_7b_instruct::trivia_qa_2_60k::base::main::52165,1
mistral_7b_instruct::trivia_qa_2_60k::base::main::9661,1
mistral_7b_instruct::trivia_qa_2_60k::base::main::30537,1
mistral_7b_instruct::trivia_qa_2_60k::base::main::4223,1
mistral_7b_instruct::trivia_qa_2_60k::base::main::52824,1
mistral_7b_instruct::trivia_qa_2_60k::base::main::28693,1
mistral_7b_instruct::trivia_qa_2_60k::base::main::28044,1
mistral_7b_instruct::trivia_qa_2_60k::base::main::47349,1
mistral_7b_instruct::trivia_qa_2_60k::base::main::50013,1
mistral_7b_instruct::trivia_qa_2_60k::base::main::54704,1
mistral_7b_instruct::trivia_qa_2_60k::base::main::31183,1
mistral_7b_instruct::trivia_qa_2_60k::base::main::40346,1
mistral_7b_instruct::trivia_qa_2_60k::base::main::35381,1
mistral_7b_instruct::trivia_qa_2_60k::base::main::52406,1
mistral_7b_instruct::trivia_qa_2_60k::base::main::30685,1
mistral_7b_instruct::trivia_qa_2_60k::base::main::28208,1
mistral_7b_instruct::trivia_qa_2_60k::base::main::23895,1
mistral_7b_instruct::trivia_qa_2_60k::base::main::28423,1
mistral_7b_instruct::trivia_qa_2_60k::base::main::42000,1
mistral_7b_instruct::trivia_qa_2_60k::base::main::9636,1
mistral_7b_instruct::trivia_qa_2_60k::base::main::17647,1
mistral_7b_instruct::trivia_qa_2_60k::base::main::2748,1
mistral_7b_instruct::trivia_qa_2_60k::base::main::35407,1
mistral_7b_instruct::trivia_qa_2_60k::base::main::39506,1
mistral_7b_instruct::trivia_qa_2_60k::base::main::32233,1
mistral_7b_instruct::trivia_qa_2_60k::base::main::16537,1
mistral_7b_instruct::trivia_qa_2_60k::base::main::53716,1
mistral_7b_instruct::trivia_qa_2_60k::base::main::33982,1
mistral_7b_instruct::trivia_qa_2_60k::base::main::18905,1
mistral_7b_instruct::trivia_qa_2_60k::base::main::31880,1
mistral_7b_instruct::trivia_qa_2_60k::base::main::46733,1
mistral_7b_instruct::trivia_qa_2_60k::base::main::15993,1
mistral_7b_instruct::trivia_qa_2_60k::base::main::34684,1
mistral_7b_instruct::trivia_qa_2_60k::base::main::52286,1
mistral_7b_instruct::trivia_qa_2_60k::base::main::32092,1
mistral_7b_instruct::trivia_qa_2_60k::base::main::38251,1
mistral_7b_instruct::trivia_qa_2_60k::base::main::41063,1
mistral_7b_instruct::trivia_qa_2_60k::base::main::39211,1
mistral_7b_instruct::trivia_qa_2_60k::base::main::6658,1
mistral_7b_instruct::trivia_qa_2_60k::base::main::24594,1
mistral_7b_instruct::trivia_qa_2_60k::base::main::53211,1
mistral_7b_instruct::trivia_qa_2_60k::base::main::44953,1
mistral_7b_instruct::trivia_qa_2_60k::base::main::7547,1
mistral_7b_instruct::trivia_qa_2_60k::base::main::44068,1
mistral_7b_instruct::trivia_qa_2_60k::base::main::8058,1
mistral_7b_instruct::trivia_qa_2_60k::base::main::15385,1
mistral_7b_instruct::trivia_qa_2_60k::base::main::5161,1
mistral_7b_instruct::trivia_qa_2_60k::base::main::5294,1
mistral_7b_instruct::trivia_qa_2_60k::base::main::9896,1
mistral_7b_instruct::trivia_qa_2_60k::base::main::9720,1
mistral_7b_instruct::trivia_qa_2_60k::base::main::33644,1
mistral_7b_instruct::trivia_qa_2_60k::base::main::4354,1
mistral_7b_instruct::trivia_qa_2_60k::base::main::47602,1
mistral_7b_instruct::trivia_qa_2_60k::base::main::42055,1
mistral_7b_instruct::trivia_qa_2_60k::base::main::40460,1
mistral_7b_instruct::trivia_qa_2_60k::base::main::6139,1
mistral_7b_instruct::trivia_qa_2_60k::base::main::29307,1
mistral_7b_instruct::trivia_qa_2_60k::base::main::52438,1
mistral_7b_instruct::trivia_qa_2_60k::base::main::22460,1
mistral_7b_instruct::trivia_qa_2_60k::base::main::5381,1
mistral_7b_instruct::trivia_qa_2_60k::base::main::128,1
mistral_7b_instruct::trivia_qa_2_60k::base::main::5658,1
mistral_7b_instruct::trivia_qa_2_60k::base::main::53784,1
mistral_7b_instruct::trivia_qa_2_60k::base::main::33837,1
mistral_7b_instruct::trivia_qa_2_60k::base::main::41859,1
mistral_7b_instruct::trivia_qa_2_60k::base::main::5503,1
mistral_7b_instruct::trivia_qa_2_60k::base::main::12066,1
mistral_7b_instruct::trivia_qa_2_60k::base::main::11848,1
mistral_7b_instruct::trivia_qa_2_60k::base::main::20576,1
mistral_7b_instruct::trivia_qa_2_60k::base::main::48029,1
mistral_7b_instruct::trivia_qa_2_60k::base::main::28401,0
mistral_7b_instruct::trivia_qa_2_60k::base::main::56149,0
mistral_7b_instruct::trivia_qa_2_60k::base::main::20848,0
mistral_7b_instruct::trivia_qa_2_60k::base::main::1362,0
mistral_7b_instruct::trivia_qa_2_60k::base::main::52097,0
mistral_7b_instruct::trivia_qa_2_60k::base::main::29893,0
mistral_7b_instruct::trivia_qa_2_60k::base::main::12445,0
mistral_7b_instruct::trivia_qa_2_60k::base::main::20877,0
mistral_7b_instruct::trivia_qa_2_60k::base::main::47591,0
mistral_7b_instruct::trivia_qa_2_60k::base::main::43239,0
mistral_7b_instruct::trivia_qa_2_60k::base::main::44912,0
mistral_7b_instruct::trivia_qa_2_60k::base::main::57789,0
mistral_7b_instruct::trivia_qa_2_60k::base::main::14971,0
mistral_7b_instruct::trivia_qa_2_60k::base::main::54146,0
mistral_7b_instruct::trivia_qa_2_60k::base::main::51423,0
mistral_7b_instruct::trivia_qa_2_60k::base::main::31047,0
mistral_7b_instruct::trivia_qa_2_60k::base::main::20317,0
mistral_7b_instruct::trivia_qa_2_60k::base::main::221,0
mistral_7b_instruct::trivia_qa_2_60k::base::main::47373,0
mistral_7b_instruct::trivia_qa_2_60k::base::main::8526,0
mistral_7b_instruct::trivia_qa_2_60k::base::main::42328,0
mistral_7b_instruct::trivia_qa_2_60k::base::main::45109,0
mistral_7b_instruct::trivia_qa_2_60k::base::main::40659,0
mistral_7b_instruct::trivia_qa_2_60k::base::main::36803,0
mistral_7b_instruct::trivia_qa_2_60k::base::main::29898,0
mistral_7b_instruct::trivia_qa_2_60k::base::main::47153,0
mistral_7b_instruct::trivia_qa_2_60k::base::main::41711,0
mistral_7b_instruct::trivia_qa_2_60k::base::main::38735,0
mistral_7b_instruct::trivia_qa_2_60k::base::main::33345,0
mistral_7b_instruct::trivia_qa_2_60k::base::main::8956,0
mistral_7b_instruct::trivia_qa_2_60k::base::main::38447,0
mistral_7b_instruct::trivia_qa_2_60k::base::main::47769,0
mistral_7b_instruct::trivia_qa_2_60k::base::main::45965,0
mistral_7b_instruct::trivia_qa_2_60k::base::main::29065,0
mistral_7b_instruct::trivia_qa_2_60k::base::main::25103,0
mistral_7b_instruct::trivia_qa_2_60k::base::main::17584,0
mistral_7b_instruct::trivia_qa_2_60k::base::main::38947,0
mistral_7b_instruct::trivia_qa_2_60k::base::main::42808,0
mistral_7b_instruct::trivia_qa_2_60k::base::main::45596,0
mistral_7b_instruct::trivia_qa_2_60k::base::main::17762,0
mistral_7b_instruct::trivia_qa_2_60k::base::main::53094,0
mistral_7b_instruct::trivia_qa_2_60k::base::main::41972,0
mistral_7b_instruct::trivia_qa_2_60k::base::main::26733,0
mistral_7b_instruct::trivia_qa_2_60k::base::main::36079,0
mistral_7b_instruct::trivia_qa_2_60k::base::main::3822,0
mistral_7b_instruct::trivia_qa_2_60k::base::main::9351,0
mistral_7b_instruct::trivia_qa_2_60k::base::main::23912,0
mistral_7b_instruct::trivia_qa_2_60k::base::main::53750,0
mistral_7b_instruct::trivia_qa_2_60k::base::main::41520,0
mistral_7b_instruct::trivia_qa_2_60k::base::main::28215,0
mistral_7b_instruct::trivia_qa_2_60k::base::main::29551,0
mistral_7b_instruct::trivia_qa_2_60k::base::main::39420,0
mistral_7b_instruct::trivia_qa_2_60k::base::main::6332,0
mistral_7b_instruct::trivia_qa_2_60k::base::main::2009,0
mistral_7b_instruct::trivia_qa_2_60k::base::main::39917,0
mistral_7b_instruct::trivia_qa_2_60k::base::main::41338,0
mistral_7b_instruct::trivia_qa_2_60k::base::main::22273,0
mistral_7b_instruct::trivia_qa_2_60k::base::main::28286,0
mistral_7b_instruct::trivia_qa_2_60k::base::main::33182,0
mistral_7b_instruct::trivia_qa_2_60k::base::main::58310,0
mistral_7b_instruct::trivia_qa_2_60k::base::main::54890,0
mistral_7b_instruct::trivia_qa_2_60k::base::main::44910,0
mistral_7b_instruct::trivia_qa_2_60k::base::main::4521,0
mistral_7b_instruct::trivia_qa_2_60k::base::main::25778,0
mistral_7b_instruct::trivia_qa_2_60k::base::main::40821,0
mistral_7b_instruct::trivia_qa_2_60k::base::main::38187,0
mistral_7b_instruct::trivia_qa_2_60k::base::main::34509,0
mistral_7b_instruct::trivia_qa_2_60k::base::main::48522,0
mistral_7b_instruct::trivia_qa_2_60k::base::main::47910,0
mistral_7b_instruct::trivia_qa_2_60k::base::main::40931,0
mistral_7b_instruct::trivia_qa_2_60k::base::main::24216,0
mistral_7b_instruct::trivia_qa_2_60k::base::main::56509,0
mistral_7b_instruct::trivia_qa_2_60k::base::main::11539,0
mistral_7b_instruct::trivia_qa_2_60k::base::main::47722,0
mistral_7b_instruct::trivia_qa_2_60k::base::main::4139,0
mistral_7b_instruct::trivia_qa_2_60k::base::main::49400,0
mistral_7b_instruct::trivia_qa_2_60k::base::main::22793,0
mistral_7b_instruct::trivia_qa_2_60k::base::main::9667,0
mistral_7b_instruct::trivia_qa_2_60k::base::main::7680,0
mistral_7b_instruct::trivia_qa_2_60k::base::main::292,0
mistral_7b_instruct::trivia_qa_2_60k::base::main::43283,0
mistral_7b_instruct::trivia_qa_2_60k::base::main::29075,0
mistral_7b_instruct::trivia_qa_2_60k::base::main::17698,0
mistral_7b_instruct::trivia_qa_2_60k::base::main::23775,0
mistral_7b_instruct::trivia_qa_2_60k::base::main::57176,0
mistral_7b_instruct::trivia_qa_2_60k::base::main::23986,0
mistral_7b_instruct::trivia_qa_2_60k::base::main::8969,0
mistral_7b_instruct::trivia_qa_2_60k::base::main::12466,0
mistral_7b_instruct::trivia_qa_2_60k::base::main::20835,0
mistral_7b_instruct::trivia_qa_2_60k::base::main::8330,0
mistral_7b_instruct::trivia_qa_2_60k::base::main::41739,0
mistral_7b_instruct::trivia_qa_2_60k::base::main::52243,0
mistral_7b_instruct::trivia_qa_2_60k::base::main::20494,0
mistral_7b_instruct::trivia_qa_2_60k::base::main::26775,0
mistral_7b_instruct::trivia_qa_2_60k::base::main::52166,0
mistral_7b_instruct::trivia_qa_2_60k::base::main::29374,0
mistral_7b_instruct::trivia_qa_2_60k::base::main::24055,0
mistral_7b_instruct::trivia_qa_2_60k::base::main::29100,0
mistral_7b_instruct::trivia_qa_2_60k::base::main::4419,0
mistral_7b_instruct::trivia_qa_2_60k::base::main::15984,0
mistral_7b_instruct::trivia_qa_2_60k::base::main::5683,0
mistral_7b_instruct::trivia_qa_2_60k::base::main::1844,0
mistral_7b_instruct::trivia_qa_2_60k::base::main::49728,0
mistral_7b_instruct::trivia_qa_2_60k::base::main::30698,0
mistral_7b_instruct::trivia_qa_2_60k::base::main::52342,0
mistral_7b_instruct::trivia_qa_2_60k::base::main::46163,0
mistral_7b_instruct::trivia_qa_2_60k::base::main::43255,0
mistral_7b_instruct::trivia_qa_2_60k::base::main::30891,0
mistral_7b_instruct::trivia_qa_2_60k::base::main::18347,0
mistral_7b_instruct::trivia_qa_2_60k::base::main::6927,0
mistral_7b_instruct::trivia_qa_2_60k::base::main::31914,0
mistral_7b_instruct::trivia_qa_2_60k::base::main::19346,0
mistral_7b_instruct::trivia_qa_2_60k::base::main::58063,0
mistral_7b_instruct::trivia_qa_2_60k::base::main::12871,0
mistral_7b_instruct::trivia_qa_2_60k::base::main::37100,0
mistral_7b_instruct::trivia_qa_2_60k::base::main::52966,0
mistral_7b_instruct::trivia_qa_2_60k::base::main::19133,0
mistral_7b_instruct::trivia_qa_2_60k::base::main::1374,0
mistral_7b_instruct::trivia_qa_2_60k::base::main::29866,0
mistral_7b_instruct::trivia_qa_2_60k::base::main::47672,0
mistral_7b_instruct::trivia_qa_2_60k::base::main::21178,0
mistral_7b_instruct::trivia_qa_2_60k::base::main::19924,0
mistral_7b_instruct::trivia_qa_2_60k::base::main::36003,0
mistral_7b_instruct::trivia_qa_2_60k::base::main::27509,0
mistral_7b_instruct::trivia_qa_2_60k::base::main::24438,0
mistral_7b_instruct::trivia_qa_2_60k::base::main::38842,0
mistral_7b_instruct::trivia_qa_2_60k::base::main::17896,0
mistral_7b_instruct::trivia_qa_2_60k::base::main::10233,0
mistral_7b_instruct::trivia_qa_2_60k::base::main::34632,0
mistral_7b_instruct::trivia_qa_2_60k::base::main::3165,0
mistral_7b_instruct::trivia_qa_2_60k::base::main::33492,0
mistral_7b_instruct::trivia_qa_2_60k::base::main::34444,0
mistral_7b_instruct::trivia_qa_2_60k::base::main::21834,0
mistral_7b_instruct::trivia_qa_2_60k::base::main::58118,0
mistral_7b_instruct::trivia_qa_2_60k::base::main::39144,0
mistral_7b_instruct::trivia_qa_2_60k::base::main::35398,0
mistral_7b_instruct::trivia_qa_2_60k::base::main::37557,0
mistral_7b_instruct::trivia_qa_2_60k::base::main::19458,0
mistral_7b_instruct::trivia_qa_2_60k::base::main::6012,0
mistral_7b_instruct::trivia_qa_2_60k::base::main::373,0
mistral_7b_instruct::trivia_qa_2_60k::base::main::8319,0
mistral_7b_instruct::trivia_qa_2_60k::base::main::1110,0
mistral_7b_instruct::trivia_qa_2_60k::base::main::41792,0
mistral_7b_instruct::trivia_qa_2_60k::base::main::26233,0
mistral_7b_instruct::trivia_qa_2_60k::base::main::35919,0
mistral_7b_instruct::trivia_qa_2_60k::base::main::18162,0
mistral_7b_instruct::trivia_qa_2_60k::base::main::28015,0
mistral_7b_instruct::trivia_qa_2_60k::base::main::10740,0
mistral_7b_instruct::trivia_qa_2_60k::base::main::57598,0
mistral_7b_instruct::trivia_qa_2_60k::base::main::12328,0
mistral_7b_instruct::trivia_qa_2_60k::base::main::37390,0
mistral_7b_instruct::trivia_qa_2_60k::base::main::32945,0
mistral_7b_instruct::trivia_qa_2_60k::base::main::17086,0
mistral_7b_instruct::trivia_qa_2_60k::base::main::42770,0
mistral_7b_instruct::trivia_qa_2_60k::base::main::53498,0
mistral_7b_instruct::trivia_qa_2_60k::base::main::47720,0
mistral_7b_instruct::trivia_qa_2_60k::base::main::55792,0
mistral_7b_instruct::trivia_qa_2_60k::base::main::17611,0
mistral_7b_instruct::trivia_qa_2_60k::base::main::27475,0
mistral_7b_instruct::trivia_qa_2_60k::base::main::17990,0
mistral_7b_instruct::trivia_qa_2_60k::base::main::24286,0
mistral_7b_instruct::trivia_qa_2_60k::base::main::30742,0
mistral_7b_instruct::trivia_qa_2_60k::base::main::12112,0
mistral_7b_instruct::trivia_qa_2_60k::base::main::23669,0
mistral_7b_instruct::trivia_qa_2_60k::base::main::10808,0
mistral_7b_instruct::trivia_qa_2_60k::base::main::38478,0
mistral_7b_instruct::trivia_qa_2_60k::base::main::16620,0
mistral_7b_instruct::trivia_qa_2_60k::base::main::30174,0
mistral_7b_instruct::trivia_qa_2_60k::base::main::3792,0
mistral_7b_instruct::trivia_qa_2_60k::base::main::52311,0
mistral_7b_instruct::trivia_qa_2_60k::base::main::26066,0
mistral_7b_instruct::trivia_qa_2_60k::base::main::14113,0
mistral_7b_instruct::trivia_qa_2_60k::base::main::42165,0
mistral_7b_instruct::trivia_qa_2_60k::base::main::46097,0
mistral_7b_instruct::trivia_qa_2_60k::base::main::44448,0
mistral_7b_instruct::trivia_qa_2_60k::base::main::22536,0
mistral_7b_instruct::trivia_qa_2_60k::base::main::22866,0
mistral_7b_instruct::trivia_qa_2_60k::base::main::44325,0
mistral_7b_instruct::trivia_qa_2_60k::base::main::6845,0
mistral_7b_instruct::trivia_qa_2_60k::base::main::36039,0
mistral_7b_instruct::trivia_qa_2_60k::base::main::50172,0
mistral_7b_instruct::trivia_qa_2_60k::base::main::32253,0
mistral_7b_instruct::trivia_qa_2_60k::base::main::16863,0
mistral_7b_instruct::trivia_qa_2_60k::base::main::12640,0
mistral_7b_instruct::trivia_qa_2_60k::base::main::50555,0
mistral_7b_instruct::trivia_qa_2_60k::base::main::7084,0
mistral_7b_instruct::trivia_qa_2_60k::base::main::29138,0
mistral_7b_instruct::trivia_qa_2_60k::base::main::28425,0
mistral_7b_instruct::trivia_qa_2_60k::base::main::54378,0
mistral_7b_instruct::trivia_qa_2_60k::base::main::37972,0
mistral_7b_instruct::trivia_qa_2_60k::base::main::46304,0
mistral_7b_instruct::trivia_qa_2_60k::base::main::1021,0
mistral_7b_instruct::trivia_qa_2_60k::base::main::46788,0
mistral_7b_instruct::trivia_qa_2_60k::base::main::43670,0
mistral_7b_instruct::trivia_qa_2_60k::base::main::41361,0
mistral_7b_instruct::trivia_qa_2_60k::base::main::39290,0
mistral_7b_instruct::trivia_qa_2_60k::base::main::22874,0
mistral_7b_instruct::trivia_qa_2_60k::base::main::3270,0
mistral_7b_instruct::trivia_qa_2_60k::base::main::17636,0
mistral_7b_instruct::trivia_qa_2_60k::base::main::21122,0
mistral_7b_instruct::trivia_qa_2_60k::base::main::56344,0
mistral_7b_instruct::trivia_qa_2_60k::base::main::13652,0
mistral_7b_instruct::trivia_qa_2_60k::base::main::15,0
mistral_7b_instruct::trivia_qa_2_60k::base::main::30653,0
mistral_7b_instruct::trivia_qa_2_60k::base::main::42937,0
mistral_7b_instruct::trivia_qa_2_60k::base::main::22173,0
mistral_7b_instruct::trivia_qa_2_60k::base::main::31406,0
mistral_7b_instruct::trivia_qa_2_60k::base::main::25312,0
mistral_7b_instruct::trivia_qa_2_60k::base::main::57752,0
mistral_7b_instruct::trivia_qa_2_60k::base::main::23866,0
mistral_7b_instruct::trivia_qa_2_60k::base::main::9041,0
mistral_7b_instruct::trivia_qa_2_60k::base::main::33079,0
mistral_7b_instruct::trivia_qa_2_60k::base::main::21514,0
mistral_7b_instruct::trivia_qa_2_60k::base::main::25719,0
mistral_7b_instruct::trivia_qa_2_60k::base::main::26552,0
mistral_7b_instruct::trivia_qa_2_60k::base::main::16342,0
mistral_7b_instruct::trivia_qa_2_60k::base::main::2152,0
mistral_7b_instruct::trivia_qa_2_60k::base::main::29554,0
mistral_7b_instruct::trivia_qa_2_60k::base::main::28087,0
mistral_7b_instruct::trivia_qa_2_60k::base::main::29853,0
mistral_7b_instruct::trivia_qa_2_60k::base::main::18722,0
mistral_7b_instruct::trivia_qa_2_60k::base::main::42250,0
mistral_7b_instruct::trivia_qa_2_60k::base::main::5178,0
mistral_7b_instruct::trivia_qa_2_60k::base::main::23000,0
mistral_7b_instruct::trivia_qa_2_60k::base::main::53576,0
mistral_7b_instruct::trivia_qa_2_60k::base::main::34003,0
mistral_7b_instruct::trivia_qa_2_60k::base::main::51527,0
mistral_7b_instruct::trivia_qa_2_60k::base::main::24805,0
mistral_7b_instruct::trivia_qa_2_60k::base::main::20055,0
mistral_7b_instruct::trivia_qa_2_60k::base::main::21485,0
mistral_7b_instruct::trivia_qa_2_60k::base::main::17566,0
mistral_7b_instruct::trivia_qa_2_60k::base::main::43442,0
mistral_7b_instruct::trivia_qa_2_60k::base::main::54275,0
mistral_7b_instruct::trivia_qa_2_60k::base::main::43071,0
mistral_7b_instruct::trivia_qa_2_60k::base::main::33258,0
mistral_7b_instruct::trivia_qa_2_60k::base::main::23543,0
mistral_7b_instruct::trivia_qa_2_60k::base::main::42794,0
mistral_7b_instruct::trivia_qa_2_60k::base::main::20266,0
mistral_7b_instruct::trivia_qa_2_60k::base::main::11337,0
mistral_7b_instruct::trivia_qa_2_60k::base::main::30647,0
mistral_7b_instruct::trivia_qa_2_60k::base::main::24776,0
mistral_7b_instruct::trivia_qa_2_60k::base::main::13038,0
mistral_7b_instruct::trivia_qa_2_60k::base::main::44327,0
mistral_7b_instruct::trivia_qa_2_60k::base::main::17805,0
mistral_7b_instruct::trivia_qa_2_60k::base::main::4742,0
mistral_7b_instruct::trivia_qa_2_60k::base::main::18138,0
mistral_7b_instruct::trivia_qa_2_60k::base::main::12307,0
mistral_7b_instruct::trivia_qa_2_60k::base::main::34817,0
mistral_7b_instruct::trivia_qa_2_60k::base::main::600,0
mistral_7b_instruct::trivia_qa_2_60k::base::main::30244,0
mistral_7b_instruct::trivia_qa_2_60k::base::main::46606,0
mistral_7b_instruct::trivia_qa_2_60k::base::main::14279,0
mistral_7b_instruct::trivia_qa_2_60k::base::main::18177,0
mistral_7b_instruct::trivia_qa_2_60k::base::main::32325,0
mistral_7b_instruct::trivia_qa_2_60k::base::main::24995,0
mistral_7b_instruct::trivia_qa_2_60k::base::main::39792,0
mistral_7b_instruct::trivia_qa_2_60k::base::main::29073,0
mistral_7b_instruct::trivia_qa_2_60k::base::main::12357,0
mistral_7b_instruct::trivia_qa_2_60k::base::main::38332,0
mistral_7b_instruct::trivia_qa_2_60k::base::main::27840,0
mistral_7b_instruct::trivia_qa_2_60k::base::main::40600,0
mistral_7b_instruct::trivia_qa_2_60k::base::main::23347,0
mistral_7b_instruct::trivia_qa_2_60k::base::main::2210,0
mistral_7b_instruct::trivia_qa_2_60k::base::main::45597,0
mistral_7b_instruct::trivia_qa_2_60k::base::main::55745,0
mistral_7b_instruct::trivia_qa_2_60k::base::main::2931,0
mistral_7b_instruct::trivia_qa_2_60k::base::main::25468,0
mistral_7b_instruct::trivia_qa_2_60k::base::main::41753,0
mistral_7b_instruct::trivia_qa_2_60k::base::main::25927,0
mistral_7b_instruct::trivia_qa_2_60k::base::main::24510,0
mistral_7b_instruct::trivia_qa_2_60k::base::main::34322,0
mistral_7b_instruct::trivia_qa_2_60k::base::main::14106,0
mistral_7b_instruct::trivia_qa_2_60k::base::main::32779,0
mistral_7b_instruct::trivia_qa_2_60k::base::main::16166,0
mistral_7b_instruct::trivia_qa_2_60k::base::main::51722,0
mistral_7b_instruct::trivia_qa_2_60k::base::main::15520,0
mistral_7b_instruct::trivia_qa_2_60k::base::main::3578,0
mistral_7b_instruct::trivia_qa_2_60k::base::main::12247,0
mistral_7b_instruct::trivia_qa_2_60k::base::main::42136,0
mistral_7b_instruct::trivia_qa_2_60k::base::main::51961,0
mistral_7b_instruct::trivia_qa_2_60k::base::main::9506,0
mistral_7b_instruct::trivia_qa_2_60k::base::main::7763,0
mistral_7b_instruct::trivia_qa_2_60k::base::main::13625,0
mistral_7b_instruct::trivia_qa_2_60k::base::main::22227,0
mistral_7b_instruct::trivia_qa_2_60k::base::main::54343,0
mistral_7b_instruct::trivia_qa_2_60k::base::main::16930,0
mistral_7b_instruct::trivia_qa_2_60k::base::main::46237,0
mistral_7b_instruct::trivia_qa_2_60k::base::main::46887,0
mistral_7b_instruct::trivia_qa_2_60k::base::main::36262,0
mistral_7b_instruct::trivia_qa_2_60k::base::main::55801,0
mistral_7b_instruct::trivia_qa_2_60k::base::main::49937,0
mistral_7b_instruct::trivia_qa_2_60k::base::main::31447,0
mistral_7b_instruct::trivia_qa_2_60k::base::main::16300,0
mistral_7b_instruct::trivia_qa_2_60k::base::main::52038,0
mistral_7b_instruct::trivia_qa_2_60k::base::main::14963,0
mistral_7b_instruct::trivia_qa_2_60k::base::main::50377,0
mistral_7b_instruct::trivia_qa_2_60k::base::main::55908,0
mistral_7b_instruct::trivia_qa_2_60k::base::main::43842,0
mistral_7b_instruct::trivia_qa_2_60k::base::main::3615,0
mistral_7b_instruct::trivia_qa_2_60k::base::main::35203,0
mistral_7b_instruct::trivia_qa_2_60k::base::main::4989,0
mistral_7b_instruct::trivia_qa_2_60k::base::main::41709,0
mistral_7b_instruct::trivia_qa_2_60k::base::main::31119,0
mistral_7b_instruct::trivia_qa_2_60k::base::main::51866,0
mistral_7b_instruct::trivia_qa_2_60k::base::main::50724,0
mistral_7b_instruct::trivia_qa_2_60k::base::main::17296,0
mistral_7b_instruct::trivia_qa_2_60k::base::main::23566,0
mistral_7b_instruct::trivia_qa_2_60k::base::main::22995,0
mistral_7b_instruct::trivia_qa_2_60k::base::main::5833,0
mistral_7b_instruct::trivia_qa_2_60k::base::main::19219,0
mistral_7b_instruct::trivia_qa_2_60k::base::main::38744,0
mistral_7b_instruct::trivia_qa_2_60k::base::main::43257,0
mistral_7b_instruct::trivia_qa_2_60k::base::main::25230,0
mistral_7b_instruct::trivia_qa_2_60k::base::main::17825,0
mistral_7b_instruct::trivia_qa_2_60k::base::main::31649,0
mistral_7b_instruct::trivia_qa_2_60k::base::main::3343,0
mistral_7b_instruct::trivia_qa_2_60k::base::main::2713,0
mistral_7b_instruct::trivia_qa_2_60k::base::main::6090,0
mistral_7b_instruct::trivia_qa_2_60k::base::main::869,0
mistral_7b_instruct::trivia_qa_2_60k::base::main::19831,0
mistral_7b_instruct::trivia_qa_2_60k::base::main::10420,0
mistral_7b_instruct::trivia_qa_2_60k::base::main::18306,0
mistral_7b_instruct::trivia_qa_2_60k::base::main::22788,0
mistral_7b_instruct::trivia_qa_2_60k::base::main::34922,0
mistral_7b_instruct::trivia_qa_2_60k::base::main::11903,0
mistral_7b_instruct::trivia_qa_2_60k::base::main::7128,0
mistral_7b_instruct::trivia_qa_2_60k::base::main::27038,0
mistral_7b_instruct::trivia_qa_2_60k::base::main::52080,0
mistral_7b_instruct::trivia_qa_2_60k::base::main::11990,0
mistral_7b_instruct::trivia_qa_2_60k::base::main::19024,0
mistral_7b_instruct::trivia_qa_2_60k::base::main::20762,0
mistral_7b_instruct::trivia_qa_2_60k::base::main::21107,0
mistral_7b_instruct::trivia_qa_2_60k::base::main::47924,0
mistral_7b_instruct::trivia_qa_2_60k::base::main::43198,0
mistral_7b_instruct::trivia_qa_2_60k::base::main::19938,0
mistral_7b_instruct::trivia_qa_2_60k::base::main::38754,0
mistral_7b_instruct::trivia_qa_2_60k::base::main::20217,0
mistral_7b_instruct::trivia_qa_2_60k::base::main::12354,0
mistral_7b_instruct::trivia_qa_2_60k::base::main::56320,0
mistral_7b_instruct::trivia_qa_2_60k::base::main::13641,0
mistral_7b_instruct::trivia_qa_2_60k::base::main::39093,0
mistral_7b_instruct::trivia_qa_2_60k::base::main::39485,0
mistral_7b_instruct::trivia_qa_2_60k::base::main::52581,0
mistral_7b_instruct::trivia_qa_2_60k::base::main::27073,0
mistral_7b_instruct::trivia_qa_2_60k::base::main::44151,0
mistral_7b_instruct::trivia_qa_2_60k::base::main::6096,0
mistral_7b_instruct::trivia_qa_2_60k::base::main::52168,0
mistral_7b_instruct::trivia_qa_2_60k::base::main::31786,0
mistral_7b_instruct::trivia_qa_2_60k::base::main::7849,0
mistral_7b_instruct::trivia_qa_2_60k::base::main::43371,0
mistral_7b_instruct::trivia_qa_2_60k::base::main::6478,0
mistral_7b_instruct::trivia_qa_2_60k::base::main::36722,0
mistral_7b_instruct::trivia_qa_2_60k::base::main::38446,0
mistral_7b_instruct::trivia_qa_2_60k::base::main::24049,0
mistral_7b_instruct::trivia_qa_2_60k::base::main::26453,0
mistral_7b_instruct::trivia_qa_2_60k::base::main::20926,0
mistral_7b_instruct::trivia_qa_2_60k::base::main::4561,0
mistral_7b_instruct::trivia_qa_2_60k::base::main::51814,0
mistral_7b_instruct::trivia_qa_2_60k::base::main::28505,0
mistral_7b_instruct::trivia_qa_2_60k::base::main::28679,0
mistral_7b_instruct::trivia_qa_2_60k::base::main::33866,0
mistral_7b_instruct::trivia_qa_2_60k::base::main::53510,0
mistral_7b_instruct::trivia_qa_2_60k::base::main::26345,0
mistral_7b_instruct::trivia_qa_2_60k::base::main::22630,0
mistral_7b_instruct::trivia_qa_2_60k::base::main::14891,0
mistral_7b_instruct::trivia_qa_2_60k::base::main::21387,0
mistral_7b_instruct::trivia_qa_2_60k::base::main::13512,0
mistral_7b_instruct::trivia_qa_2_60k::base::main::21656,0
mistral_7b_instruct::trivia_qa_2_60k::base::main::22165,0
mistral_7b_instruct::trivia_qa_2_60k::base::main::21068,0
mistral_7b_instruct::trivia_qa_2_60k::base::main::18989,0
mistral_7b_instruct::trivia_qa_2_60k::base::main::16849,0
mistral_7b_instruct::trivia_qa_2_60k::base::main::12093,0
mistral_7b_instruct::trivia_qa_2_60k::base::main::48108,0
mistral_7b_instruct::trivia_qa_2_60k::base::main::51723,0
mistral_7b_instruct::trivia_qa_2_60k::base::main::17143,0
mistral_7b_instruct::trivia_qa_2_60k::base::main::15849,0
mistral_7b_instruct::trivia_qa_2_60k::base::main::40022,0
mistral_7b_instruct::trivia_qa_2_60k::base::main::42259,0
mistral_7b_instruct::trivia_qa_2_60k::base::main::4484,0
mistral_7b_instruct::trivia_qa_2_60k::base::main::33366,0
mistral_7b_instruct::trivia_qa_2_60k::base::main::8339,0
mistral_7b_instruct::trivia_qa_2_60k::base::main::38393,0
mistral_7b_instruct::trivia_qa_2_60k::base::main::38899,0
mistral_7b_instruct::trivia_qa_2_60k::base::main::14921,0
mistral_7b_instruct::trivia_qa_2_60k::base::main::44563,0
mistral_7b_instruct::trivia_qa_2_60k::base::main::38180,0
mistral_7b_instruct::trivia_qa_2_60k::base::main::30508,0
mistral_7b_instruct::trivia_qa_2_60k::base::main::12531,0
mistral_7b_instruct::trivia_qa_2_60k::base::main::54988,0
mistral_7b_instruct::trivia_qa_2_60k::base::main::25663,0
mistral_7b_instruct::trivia_qa_2_60k::base::main::55576,0
mistral_7b_instruct::trivia_qa_2_60k::base::main::9105,0
mistral_7b_instruct::trivia_qa_2_60k::base::main::14038,0
mistral_7b_instruct::trivia_qa_2_60k::base::main::47069,0
mistral_7b_instruct::trivia_qa_2_60k::base::main::8654,0
mistral_7b_instruct::trivia_qa_2_60k::base::main::9739,0
mistral_7b_instruct::trivia_qa_2_60k::base::main::29621,0
mistral_7b_instruct::trivia_qa_2_60k::base::main::45548,0
mistral_7b_instruct::trivia_qa_2_60k::base::main::43521,0
mistral_7b_instruct::trivia_qa_2_60k::base::main::14456,0
mistral_7b_instruct::trivia_qa_2_60k::base::main::2021,0
mistral_7b_instruct::trivia_qa_2_60k::base::main::41836,0
mistral_7b_instruct::trivia_qa_2_60k::base::main::52054,0
mistral_7b_instruct::trivia_qa_2_60k::base::main::29468,0
mistral_7b_instruct::trivia_qa_2_60k::base::main::22283,0
mistral_7b_instruct::trivia_qa_2_60k::base::main::51820,0
mistral_7b_instruct::trivia_qa_2_60k::base::main::16048,0
mistral_7b_instruct::trivia_qa_2_60k::base::main::29457,0
mistral_7b_instruct::trivia_qa_2_60k::base::main::13824,0
mistral_7b_instruct::trivia_qa_2_60k::base::main::55869,0
mistral_7b_instruct::trivia_qa_2_60k::base::main::25938,0
mistral_7b_instruct::trivia_qa_2_60k::base::main::25358,0
mistral_7b_instruct::trivia_qa_2_60k::base::main::36882,0
mistral_7b_instruct::trivia_qa_2_60k::base::main::44966,0
mistral_7b_instruct::trivia_qa_2_60k::base::main::36021,0
mistral_7b_instruct::trivia_qa_2_60k::base::main::55691,0
mistral_7b_instruct::trivia_qa_2_60k::base::main::43245,0
mistral_7b_instruct::trivia_qa_2_60k::base::main::31017,0
mistral_7b_instruct::trivia_qa_2_60k::base::main::24988,0
mistral_7b_instruct::trivia_qa_2_60k::base::main::31661,0
mistral_7b_instruct::trivia_qa_2_60k::base::main::38644,0
mistral_7b_instruct::trivia_qa_2_60k::base::main::16071,0
mistral_7b_instruct::trivia_qa_2_60k::base::main::43259,0
mistral_7b_instruct::trivia_qa_2_60k::base::main::56163,0
mistral_7b_instruct::trivia_qa_2_60k::base::main::41677,0
mistral_7b_instruct::trivia_qa_2_60k::base::main::12055,0
mistral_7b_instruct::trivia_qa_2_60k::base::main::21308,0
mistral_7b_instruct::trivia_qa_2_60k::base::main::40287,0
mistral_7b_instruct::trivia_qa_2_60k::base::main::1523,0
mistral_7b_instruct::trivia_qa_2_60k::base::main::53826,0
mistral_7b_instruct::trivia_qa_2_60k::base::main::46822,0
mistral_7b_instruct::trivia_qa_2_60k::base::main::7797,0
mistral_7b_instruct::trivia_qa_2_60k::base::main::31165,0
mistral_7b_instruct::trivia_qa_2_60k::base::main::55800,0
mistral_7b_instruct::trivia_qa_2_60k::base::main::1236,0
mistral_7b_instruct::trivia_qa_2_60k::base::main::46910,0
mistral_7b_instruct::trivia_qa_2_60k::base::main::57667,0
mistral_7b_instruct::trivia_qa_2_60k::base::main::8674,0
mistral_7b_instruct::trivia_qa_2_60k::base::main::33646,0
mistral_7b_instruct::trivia_qa_2_60k::base::main::23920,0
mistral_7b_instruct::trivia_qa_2_60k::base::main::35034,0
mistral_7b_instruct::trivia_qa_2_60k::base::main::24996,0
mistral_7b_instruct::trivia_qa_2_60k::base::main::55152,0
mistral_7b_instruct::trivia_qa_2_60k::base::main::32684,0
mistral_7b_instruct::trivia_qa_2_60k::base::main::56908,0
mistral_7b_instruct::trivia_qa_2_60k::base::main::19321,0
mistral_7b_instruct::trivia_qa_2_60k::base::main::5764,0
mistral_7b_instruct::trivia_qa_2_60k::base::main::1567,0
mistral_7b_instruct::trivia_qa_2_60k::base::main::23238,0
mistral_7b_instruct::trivia_qa_2_60k::base::main::17697,0
mistral_7b_instruct::trivia_qa_2_60k::base::main::48268,0
mistral_7b_instruct::trivia_qa_2_60k::base::main::45813,0
mistral_7b_instruct::trivia_qa_2_60k::base::main::31054,0
mistral_7b_instruct::trivia_qa_2_60k::base::main::14137,0
mistral_7b_instruct::trivia_qa_2_60k::base::main::18039,0
mistral_7b_instruct::trivia_qa_2_60k::base::main::24737,0
mistral_7b_instruct::trivia_qa_2_60k::base::main::3130,0
mistral_7b_instruct::trivia_qa_2_60k::base::main::52924,0
mistral_7b_instruct::trivia_qa_2_60k::base::main::24629,0
mistral_7b_instruct::trivia_qa_2_60k::base::main::17937,0
mistral_7b_instruct::trivia_qa_2_60k::base::main::12788,0
mistral_7b_instruct::trivia_qa_2_60k::base::main::52274,0
mistral_7b_instruct::trivia_qa_2_60k::base::main::40402,0
mistral_7b_instruct::trivia_qa_2_60k::base::main::46035,0
mistral_7b_instruct::trivia_qa_2_60k::base::main::8812,0
mistral_7b_instruct::trivia_qa_2_60k::base::main::21028,0
mistral_7b_instruct::trivia_qa_2_60k::base::main::4110,0
mistral_7b_instruct::trivia_qa_2_60k::base::main::39231,0
mistral_7b_instruct::trivia_qa_2_60k::base::main::11005,0
mistral_7b_instruct::trivia_qa_2_60k::base::main::25023,0
mistral_7b_instruct::trivia_qa_2_60k::base::main::12026,0
mistral_7b_instruct::trivia_qa_2_60k::base::main::48767,0
mistral_7b_instruct::trivia_qa_2_60k::base::main::14465,0
mistral_7b_instruct::trivia_qa_2_60k::base::main::21307,0
mistral_7b_instruct::trivia_qa_2_60k::base::main::37662,0
mistral_7b_instruct::trivia_qa_2_60k::base::main::44189,0
mistral_7b_instruct::trivia_qa_2_60k::base::main::36797,0
mistral_7b_instruct::trivia_qa_2_60k::base::main::13412,0
mistral_7b_instruct::trivia_qa_2_60k::base::main::34111,0
mistral_7b_instruct::trivia_qa_2_60k::base::main::55114,0
mistral_7b_instruct::trivia_qa_2_60k::base::main::46968,0
mistral_7b_instruct::trivia_qa_2_60k::base::main::14867,0
mistral_7b_instruct::trivia_qa_2_60k::base::main::29136,0
mistral_7b_instruct::trivia_qa_2_60k::base::main::48519,0
mistral_7b_instruct::trivia_qa_2_60k::base::main::39068,0
mistral_7b_instruct::trivia_qa_2_60k::base::main::30953,0
mistral_7b_instruct::trivia_qa_2_60k::base::main::46620,0
mistral_7b_instruct::trivia_qa_2_60k::base::main::900,0
mistral_7b_instruct::trivia_qa_2_60k::base::main::19064,0
mistral_7b_instruct::trivia_qa_2_60k::base::main::28373,0
mistral_7b_instruct::trivia_qa_2_60k::base::main::22646,0
mistral_7b_instruct::trivia_qa_2_60k::base::main::25434,0
mistral_7b_instruct::trivia_qa_2_60k::base::main::43998,0
mistral_7b_instruct::trivia_qa_2_60k::base::main::34863,0
mistral_7b_instruct::trivia_qa_2_60k::base::main::45893,0
mistral_7b_instruct::trivia_qa_2_60k::base::main::47233,0
mistral_7b_instruct::trivia_qa_2_60k::base::main::25160,0
mistral_7b_instruct::trivia_qa_2_60k::base::main::20410,0
mistral_7b_instruct::trivia_qa_2_60k::base::main::18934,0
mistral_7b_instruct::trivia_qa_2_60k::base::main::16197,0
mistral_7b_instruct::trivia_qa_2_60k::base::main::36850,0
mistral_7b_instruct::trivia_qa_2_60k::base::main::47307,0
mistral_7b_instruct::trivia_qa_2_60k::base::main::37834,0
mistral_7b_instruct::trivia_qa_2_60k::base::main::15338,0
mistral_7b_instruct::trivia_qa_2_60k::base::main::13740,0
mistral_7b_instruct::trivia_qa_2_60k::base::main::12789,0
mistral_7b_instruct::trivia_qa_2_60k::base::main::40727,0
mistral_7b_instruct::trivia_qa_2_60k::base::main::46344,0
mistral_7b_instruct::trivia_qa_2_60k::base::main::41372,0
mistral_7b_instruct::trivia_qa_2_60k::base::main::15875,0
mistral_7b_instruct::trivia_qa_2_60k::base::main::16305,0
mistral_7b_instruct::trivia_qa_2_60k::base::main::20057,0
mistral_7b_instruct::trivia_qa_2_60k::base::main::52989,0
mistral_7b_instruct::trivia_qa_2_60k::base::main::56118,0
mistral_7b_instruct::trivia_qa_2_60k::base::main::55451,0
mistral_7b_instruct::trivia_qa_2_60k::base::main::41831,0
mistral_7b_instruct::trivia_qa_2_60k::base::main::22898,0
mistral_7b_instruct::trivia_qa_2_60k::base::main::20085,0
mistral_7b_instruct::trivia_qa_2_60k::base::main::41386,0
mistral_7b_instruct::trivia_qa_2_60k::base::main::12139,0
mistral_7b_instruct::trivia_qa_2_60k::base::main::48171,0
mistral_7b_instruct::trivia_qa_2_60k::base::main::30946,0
mistral_7b_instruct::trivia_qa_2_60k::base::main::26215,0
mistral_7b_instruct::trivia_qa_2_60k::base::main::56942,0
mistral_7b_instruct::trivia_qa_2_60k::base::main::44356,0
mistral_7b_instruct::trivia_qa_2_60k::base::main::6738,0
mistral_7b_instruct::trivia_qa_2_60k::base::main::21482,0
mistral_7b_instruct::trivia_qa_2_60k::base::main::1449,0
mistral_7b_instruct::trivia_qa_2_60k::base::main::47887,0
mistral_7b_instruct::trivia_qa_2_60k::base::main::31717,0
mistral_7b_instruct::trivia_qa_2_60k::base::main::22324,0
mistral_7b_instruct::trivia_qa_2_60k::base::main::48970,0
mistral_7b_instruct::trivia_qa_2_60k::base::main::21126,0
mistral_7b_instruct::trivia_qa_2_60k::base::main::55060,0
mistral_7b_instruct::trivia_qa_2_60k::base::main::47309,0
mistral_7b_instruct::trivia_qa_2_60k::base::main::45747,0
mistral_7b_instruct::trivia_qa_2_60k::base::main::44366,0
mistral_7b_instruct::trivia_qa_2_60k::base::main::50152,0
mistral_7b_instruct::trivia_qa_2_60k::base::main::52823,0
mistral_7b_instruct::trivia_qa_2_60k::base::main::9250,0
mistral_7b_instruct::trivia_qa_2_60k::base::main::42427,0
mistral_7b_instruct::trivia_qa_2_60k::base::main::5652,0
mistral_7b_instruct::trivia_qa_2_60k::base::main::8312,0
mistral_7b_instruct::trivia_qa_2_60k::base::main::3,0
mistral_7b_instruct::trivia_qa_2_60k::base::main::31291,0
mistral_7b_instruct::trivia_qa_2_60k::base::main::24269,0
mistral_7b_instruct::trivia_qa_2_60k::base::main::27354,0
mistral_7b_instruct::trivia_qa_2_60k::base::main::15889,0
mistral_7b_instruct::trivia_qa_2_60k::base::main::12177,0
mistral_7b_instruct::trivia_qa_2_60k::base::main::9167,0
mistral_7b_instruct::trivia_qa_2_60k::base::main::18203,0
mistral_7b_instruct::trivia_qa_2_60k::base::main::54689,0
mistral_7b_instruct::trivia_qa_2_60k::base::main::44423,0
mistral_7b_instruct::trivia_qa_2_60k::base::main::42314,0
mistral_7b_instruct::trivia_qa_2_60k::base::main::19141,0
mistral_7b_instruct::trivia_qa_2_60k::base::main::18188,0
mistral_7b_instruct::trivia_qa_2_60k::base::main::23967,0
mistral_7b_instruct::trivia_qa_2_60k::base::main::3679,0
mistral_7b_instruct::trivia_qa_2_60k::base::main::22916,0
mistral_7b_instruct::trivia_qa_2_60k::base::main::15070,0
mistral_7b_instruct::trivia_qa_2_60k::base::main::5150,0
mistral_7b_instruct::trivia_qa_2_60k::base::main::15746,0
mistral_7b_instruct::trivia_qa_2_60k::base::main::1968,0
mistral_7b_instruct::trivia_qa_2_60k::base::main::25089,0
mistral_7b_instruct::trivia_qa_2_60k::base::main::37854,0
mistral_7b_instruct::trivia_qa_2_60k::base::main::55744,0
mistral_7b_instruct::trivia_qa_2_60k::base::main::51627,0
mistral_7b_instruct::trivia_qa_2_60k::base::main::15453,0
mistral_7b_instruct::trivia_qa_2_60k::base::main::55244,0
mistral_7b_instruct::trivia_qa_2_60k::base::main::39943,0
mistral_7b_instruct::trivia_qa_2_60k::base::main::24551,0
mistral_7b_instruct::trivia_qa_2_60k::base::main::741,0
mistral_7b_instruct::trivia_qa_2_60k::base::main::6074,0
mistral_7b_instruct::trivia_qa_2_60k::base::main::14852,0
mistral_7b_instruct::trivia_qa_2_60k::base::main::27380,0
mistral_7b_instruct::trivia_qa_2_60k::base::main::29282,0
mistral_7b_instruct::trivia_qa_2_60k::base::main::31691,0
mistral_7b_instruct::trivia_qa_2_60k::base::main::39241,0
mistral_7b_instruct::trivia_qa_2_60k::base::main::14678,0
mistral_7b_instruct::trivia_qa_2_60k::base::main::10150,0
mistral_7b_instruct::trivia_qa_2_60k::base::main::55279,0
mistral_7b_instruct::trivia_qa_2_60k::base::main::33068,0
mistral_7b_instruct::trivia_qa_2_60k::base::main::25134,0
mistral_7b_instruct::trivia_qa_2_60k::base::main::38109,0
mistral_7b_instruct::trivia_qa_2_60k::base::main::58543,0
mistral_7b_instruct::trivia_qa_2_60k::base::main::52622,0
mistral_7b_instruct::trivia_qa_2_60k::base::main::24120,0
mistral_7b_instruct::trivia_qa_2_60k::base::main::23187,0
mistral_7b_instruct::trivia_qa_2_60k::base::main::48293,0
mistral_7b_instruct::trivia_qa_2_60k::base::main::36768,0
mistral_7b_instruct::trivia_qa_2_60k::base::main::51541,0
mistral_7b_instruct::trivia_qa_2_60k::base::main::53400,0
mistral_7b_instruct::trivia_qa_2_60k::base::main::41139,0
mistral_7b_instruct::trivia_qa_2_60k::base::main::12167,0
mistral_7b_instruct::trivia_qa_2_60k::base::main::30377,0
mistral_7b_instruct::trivia_qa_2_60k::base::main::23558,0
mistral_7b_instruct::trivia_qa_2_60k::base::main::11785,0
mistral_7b_instruct::trivia_qa_2_60k::base::main::3611,0
mistral_7b_instruct::trivia_qa_2_60k::base::main::30296,0
mistral_7b_instruct::trivia_qa_2_60k::base::main::30626,0
mistral_7b_instruct::trivia_qa_2_60k::base::main::33124,0
mistral_7b_instruct::trivia_qa_2_60k::base::main::57753,0
mistral_7b_instruct::trivia_qa_2_60k::base::main::36914,0
mistral_7b_instruct::trivia_qa_2_60k::base::main::55823,0
mistral_7b_instruct::trivia_qa_2_60k::base::main::27947,0
mistral_7b_instruct::trivia_qa_2_60k::base::main::28788,0
mistral_7b_instruct::trivia_qa_2_60k::base::main::24420,0
mistral_7b_instruct::trivia_qa_2_60k::base::main::51322,0
mistral_7b_instruct::trivia_qa_2_60k::base::main::15467,0
mistral_7b_instruct::trivia_qa_2_60k::base::main::12300,0
mistral_7b_instruct::trivia_qa_2_60k::base::main::48048,0
mistral_7b_instruct::trivia_qa_2_60k::base::main::11229,0
mistral_7b_instruct::trivia_qa_2_60k::base::main::44059,0
mistral_7b_instruct::trivia_qa_2_60k::base::main::3394,0
mistral_7b_instruct::trivia_qa_2_60k::base::main::10171,0
mistral_7b_instruct::trivia_qa_2_60k::base::main::13131,0
mistral_7b_instruct::trivia_qa_2_60k::base::main::36693,0
mistral_7b_instruct::trivia_qa_2_60k::base::main::37816,0
mistral_7b_instruct::trivia_qa_2_60k::base::main::18040,0
mistral_7b_instruct::trivia_qa_2_60k::base::main::4546,0
mistral_7b_instruct::trivia_qa_2_60k::base::main::8280,0
mistral_7b_instruct::trivia_qa_2_60k::base::main::45176,0
mistral_7b_instruct::trivia_qa_2_60k::base::main::6002,0
mistral_7b_instruct::trivia_qa_2_60k::base::main::33171,0
mistral_7b_instruct::trivia_qa_2_60k::base::main::13180,0
mistral_7b_instruct::trivia_qa_2_60k::base::main::22899,0
mistral_7b_instruct::trivia_qa_2_60k::base::main::31809,0
mistral_7b_instruct::trivia_qa_2_60k::base::main::499,0
mistral_7b_instruct::trivia_qa_2_60k::base::main::1216,0
mistral_7b_instruct::trivia_qa_2_60k::base::main::14028,0
mistral_7b_instruct::trivia_qa_2_60k::base::main::40246,0
mistral_7b_instruct::trivia_qa_2_60k::base::main::6910,0
mistral_7b_instruct::trivia_qa_2_60k::base::main::29062,0
mistral_7b_instruct::trivia_qa_2_60k::base::main::25793,0
mistral_7b_instruct::trivia_qa_2_60k::base::main::28627,0
mistral_7b_instruct::trivia_qa_2_60k::base::main::7916,0
mistral_7b_instruct::trivia_qa_2_60k::base::main::13136,0
mistral_7b_instruct::trivia_qa_2_60k::base::main::36093,0
mistral_7b_instruct::trivia_qa_2_60k::base::main::3052,0
mistral_7b_instruct::trivia_qa_2_60k::base::main::17311,0
mistral_7b_instruct::trivia_qa_2_60k::base::main::56212,0
mistral_7b_instruct::trivia_qa_2_60k::base::main::16890,0
mistral_7b_instruct::trivia_qa_2_60k::base::main::4557,0
mistral_7b_instruct::trivia_qa_2_60k::base::main::50351,0
mistral_7b_instruct::trivia_qa_2_60k::base::main::11961,0
mistral_7b_instruct::trivia_qa_2_60k::base::main::49767,0
mistral_7b_instruct::trivia_qa_2_60k::base::main::19825,0
mistral_7b_instruct::trivia_qa_2_60k::base::main::33970,0
mistral_7b_instruct::trivia_qa_2_60k::base::main::2849,0
mistral_7b_instruct::trivia_qa_2_60k::base::main::6486,0
mistral_7b_instruct::trivia_qa_2_60k::base::main::6211,0
mistral_7b_instruct::trivia_qa_2_60k::base::main::11665,0
mistral_7b_instruct::trivia_qa_2_60k::base::main::43080,0
mistral_7b_instruct::trivia_qa_2_60k::base::main::42472,0
mistral_7b_instruct::trivia_qa_2_60k::base::main::3733,0
mistral_7b_instruct::trivia_qa_2_60k::base::main::35649,0
mistral_7b_instruct::trivia_qa_2_60k::base::main::38324,0
mistral_7b_instruct::trivia_qa_2_60k::base::main::3202,0
mistral_7b_instruct::trivia_qa_2_60k::base::main::52212,0
mistral_7b_instruct::trivia_qa_2_60k::base::main::1149,0
mistral_7b_instruct::trivia_qa_2_60k::base::main::36880,0
mistral_7b_instruct::trivia_qa_2_60k::base::main::20007,0
mistral_7b_instruct::trivia_qa_2_60k::base::main::29743,0
mistral_7b_instruct::trivia_qa_2_60k::base::main::16750,0
mistral_7b_instruct::trivia_qa_2_60k::base::main::26424,0
mistral_7b_instruct::trivia_qa_2_60k::base::main::56171,0
mistral_7b_instruct::trivia_qa_2_60k::base::main::3523,0
mistral_7b_instruct::trivia_qa_2_60k::base::main::51479,0
mistral_7b_instruct::trivia_qa_2_60k::base::main::11049,0
mistral_7b_instruct::trivia_qa_2_60k::base::main::58255,0
mistral_7b_instruct::trivia_qa_2_60k::base::main::12628,0
mistral_7b_instruct::trivia_qa_2_60k::base::main::47686,0
mistral_7b_instruct::trivia_qa_2_60k::base::main::56505,0
mistral_7b_instruct::trivia_qa_2_60k::base::main::10086,0
mistral_7b_instruct::trivia_qa_2_60k::base::main::51895,0
mistral_7b_instruct::trivia_qa_2_60k::base::main::40517,0
mistral_7b_instruct::trivia_qa_2_60k::base::main::35736,0
mistral_7b_instruct::trivia_qa_2_60k::base::main::25357,0
mistral_7b_instruct::trivia_qa_2_60k::base::main::32642,0
mistral_7b_instruct::trivia_qa_2_60k::base::main::52119,0
mistral_7b_instruct::trivia_qa_2_60k::base::main::27981,0
mistral_7b_instruct::trivia_qa_2_60k::base::main::8898,0
mistral_7b_instruct::trivia_qa_2_60k::base::main::33621,0
mistral_7b_instruct::trivia_qa_2_60k::base::main::31831,0
mistral_7b_instruct::trivia_qa_2_60k::base::main::33159,0
mistral_7b_instruct::trivia_qa_2_60k::base::main::34118,0
mistral_7b_instruct::trivia_qa_2_60k::base::main::25833,0
mistral_7b_instruct::trivia_qa_2_60k::base::main::57721,0
mistral_7b_instruct::trivia_qa_2_60k::base::main::9529,0
mistral_7b_instruct::trivia_qa_2_60k::base::main::47084,0
mistral_7b_instruct::trivia_qa_2_60k::base::main::10220,0
mistral_7b_instruct::trivia_qa_2_60k::base::main::15749,0
mistral_7b_instruct::trivia_qa_2_60k::base::main::57,0
mistral_7b_instruct::trivia_qa_2_60k::base::main::17676,0
mistral_7b_instruct::trivia_qa_2_60k::base::main::4549,0
mistral_7b_instruct::trivia_qa_2_60k::base::main::51154,0
mistral_7b_instruct::trivia_qa_2_60k::base::main::52943,0
mistral_7b_instruct::trivia_qa_2_60k::base::main::36604,0
mistral_7b_instruct::trivia_qa_2_60k::base::main::33006,0
mistral_7b_instruct::trivia_qa_2_60k::base::main::25908,0
mistral_7b_instruct::trivia_qa_2_60k::base::main::30385,0
mistral_7b_instruct::trivia_qa_2_60k::base::main::3827,0
mistral_7b_instruct::trivia_qa_2_60k::base::main::51802,0
mistral_7b_instruct::trivia_qa_2_60k::base::main::8782,0
mistral_7b_instruct::trivia_qa_2_60k::base::main::301,0
mistral_7b_instruct::trivia_qa_2_60k::base::main::30353,0
mistral_7b_instruct::trivia_qa_2_60k::base::main::28343,0
mistral_7b_instruct::trivia_qa_2_60k::base::main::32731,0
mistral_7b_instruct::trivia_qa_2_60k::base::main::40023,0
mistral_7b_instruct::trivia_qa_2_60k::base::main::8685,0
mistral_7b_instruct::trivia_qa_2_60k::base::main::55570,0
mistral_7b_instruct::trivia_qa_2_60k::base::main::9390,0
mistral_7b_instruct::trivia_qa_2_60k::base::main::6109,0
mistral_7b_instruct::trivia_qa_2_60k::base::main::19955,0
mistral_7b_instruct::trivia_qa_2_60k::base::main::28987,0
mistral_7b_instruct::trivia_qa_2_60k::base::main::49629,0
mistral_7b_instruct::trivia_qa_2_60k::base::main::18064,0
mistral_7b_instruct::trivia_qa_2_60k::base::main::55637,0
mistral_7b_instruct::trivia_qa_2_60k::base::main::9354,0
mistral_7b_instruct::trivia_qa_2_60k::base::main::40640,0
mistral_7b_instruct::trivia_qa_2_60k::base::main::20220,0
mistral_7b_instruct::trivia_qa_2_60k::base::main::28663,0
mistral_7b_instruct::trivia_qa_2_60k::base::main::20167,0
mistral_7b_instruct::trivia_qa_2_60k::base::main::36176,0
mistral_7b_instruct::trivia_qa_2_60k::base::main::46239,0
mistral_7b_instruct::trivia_qa_2_60k::base::main::50212,0
mistral_7b_instruct::trivia_qa_2_60k::base::main::2634,0
mistral_7b_instruct::trivia_qa_2_60k::base::main::11031,0
mistral_7b_instruct::trivia_qa_2_60k::base::main::49363,0
mistral_7b_instruct::trivia_qa_2_60k::base::main::18283,0
mistral_7b_instruct::trivia_qa_2_60k::base::main::1875,0
mistral_7b_instruct::trivia_qa_2_60k::base::main::40407,0
mistral_7b_instruct::trivia_qa_2_60k::base::main::4661,0
mistral_7b_instruct::trivia_qa_2_60k::base::main::4292,0
mistral_7b_instruct::trivia_qa_2_60k::base::main::18515,0
mistral_7b_instruct::trivia_qa_2_60k::base::main::14754,0
mistral_7b_instruct::trivia_qa_2_60k::base::main::55982,0
mistral_7b_instruct::trivia_qa_2_60k::base::main::38533,0
mistral_7b_instruct::trivia_qa_2_60k::base::main::8440,0
mistral_7b_instruct::trivia_qa_2_60k::base::main::58099,0
mistral_7b_instruct::trivia_qa_2_60k::base::main::14589,0
mistral_7b_instruct::trivia_qa_2_60k::base::main::8995,0
mistral_7b_instruct::trivia_qa_2_60k::base::main::9808,0
mistral_7b_instruct::trivia_qa_2_60k::base::main::9903,0
mistral_7b_instruct::trivia_qa_2_60k::base::main::55071,0
mistral_7b_instruct::trivia_qa_2_60k::base::main::36652,0
mistral_7b_instruct::trivia_qa_2_60k::base::main::26652,0
mistral_7b_instruct::trivia_qa_2_60k::base::main::5993,0
mistral_7b_instruct::trivia_qa_2_60k::base::main::37554,0
mistral_7b_instruct::trivia_qa_2_60k::base::main::15194,0
mistral_7b_instruct::trivia_qa_2_60k::base::main::35721,0
mistral_7b_instruct::trivia_qa_2_60k::base::main::19611,0
mistral_7b_instruct::trivia_qa_2_60k::base::main::1876,0
mistral_7b_instruct::trivia_qa_2_60k::base::main::35111,0
mistral_7b_instruct::trivia_qa_2_60k::base::main::42202,0
mistral_7b_instruct::trivia_qa_2_60k::base::main::27031,0
mistral_7b_instruct::trivia_qa_2_60k::base::main::19848,0
mistral_7b_instruct::trivia_qa_2_60k::base::main::1692,0
mistral_7b_instruct::trivia_qa_2_60k::base::main::42280,0
mistral_7b_instruct::trivia_qa_2_60k::base::main::25601,0
mistral_7b_instruct::trivia_qa_2_60k::base::main::4835,0
mistral_7b_instruct::trivia_qa_2_60k::base::main::3071,0
mistral_7b_instruct::trivia_qa_2_60k::base::main::18184,0
mistral_7b_instruct::trivia_qa_2_60k::base::main::3110,0
mistral_7b_instruct::trivia_qa_2_60k::base::main::21259,0
mistral_7b_instruct::trivia_qa_2_60k::base::main::56578,0
mistral_7b_instruct::trivia_qa_2_60k::base::main::30968,0
mistral_7b_instruct::trivia_qa_2_60k::base::main::1025,0
mistral_7b_instruct::trivia_qa_2_60k::base::main::34952,0
mistral_7b_instruct::trivia_qa_2_60k::base::main::11093,0
mistral_7b_instruct::trivia_qa_2_60k::base::main::6193,0
mistral_7b_instruct::trivia_qa_2_60k::base::main::52842,0
mistral_7b_instruct::trivia_qa_2_60k::base::main::31718,0
mistral_7b_instruct::trivia_qa_2_60k::base::main::22018,0
mistral_7b_instruct::trivia_qa_2_60k::base::main::847,0
mistral_7b_instruct::trivia_qa_2_60k::base::main::37902,0
mistral_7b_instruct::trivia_qa_2_60k::base::main::13793,0
mistral_7b_instruct::trivia_qa_2_60k::base::main::8981,0
mistral_7b_instruct::trivia_qa_2_60k::base::main::17445,0
mistral_7b_instruct::trivia_qa_2_60k::base::main::15981,0
mistral_7b_instruct::trivia_qa_2_60k::base::main::17071,0
mistral_7b_instruct::trivia_qa_2_60k::base::main::41438,0
mistral_7b_instruct::trivia_qa_2_60k::base::main::32181,0
mistral_7b_instruct::trivia_qa_2_60k::base::main::25470,0
mistral_7b_instruct::trivia_qa_2_60k::base::main::55061,0
mistral_7b_instruct::trivia_qa_2_60k::base::main::35393,0
mistral_7b_instruct::trivia_qa_2_60k::base::main::21496,0
mistral_7b_instruct::trivia_qa_2_60k::base::main::20439,0
mistral_7b_instruct::trivia_qa_2_60k::base::main::23872,0
mistral_7b_instruct::trivia_qa_2_60k::base::main::5901,0
mistral_7b_instruct::trivia_qa_2_60k::base::main::21345,0
mistral_7b_instruct::trivia_qa_2_60k::base::main::49406,0
mistral_7b_instruct::trivia_qa_2_60k::base::main::29677,0
mistral_7b_instruct::trivia_qa_2_60k::base::main::41381,0
mistral_7b_instruct::trivia_qa_2_60k::base::main::41119,0
mistral_7b_instruct::trivia_qa_2_60k::base::main::49517,0
mistral_7b_instruct::trivia_qa_2_60k::base::main::54592,0
mistral_7b_instruct::trivia_qa_2_60k::base::main::32986,0
mistral_7b_instruct::trivia_qa_2_60k::base::main::40638,0
mistral_7b_instruct::trivia_qa_2_60k::base::main::12131,0
mistral_7b_instruct::trivia_qa_2_60k::base::main::38233,0
mistral_7b_instruct::trivia_qa_2_60k::base::main::51665,0
mistral_7b_instruct::trivia_qa_2_60k::base::main::16803,0
mistral_7b_instruct::trivia_qa_2_60k::base::main::29289,0
mistral_7b_instruct::trivia_qa_2_60k::base::main::4427,0
mistral_7b_instruct::trivia_qa_2_60k::base::main::40676,0
mistral_7b_instruct::trivia_qa_2_60k::base::main::4325,0
mistral_7b_instruct::trivia_qa_2_60k::base::main::24124,0
mistral_7b_instruct::trivia_qa_2_60k::base::main::35971,0
mistral_7b_instruct::trivia_qa_2_60k::base::main::17014,0
mistral_7b_instruct::trivia_qa_2_60k::base::main::46214,0
mistral_7b_instruct::trivia_qa_2_60k::base::main::54435,0
mistral_7b_instruct::trivia_qa_2_60k::base::main::43140,0
mistral_7b_instruct::trivia_qa_2_60k::base::main::28193,0
mistral_7b_instruct::trivia_qa_2_60k::base::main::50952,0
mistral_7b_instruct::trivia_qa_2_60k::base::main::10135,0
mistral_7b_instruct::trivia_qa_2_60k::base::main::52539,0
mistral_7b_instruct::trivia_qa_2_60k::base::main::29552,0
mistral_7b_instruct::trivia_qa_2_60k::base::main::19628,0
mistral_7b_instruct::trivia_qa_2_60k::base::main::19254,0
mistral_7b_instruct::trivia_qa_2_60k::base::main::15477,0
mistral_7b_instruct::trivia_qa_2_60k::base::main::30881,0
mistral_7b_instruct::trivia_qa_2_60k::base::main::46162,0
mistral_7b_instruct::trivia_qa_2_60k::base::main::43604,0
mistral_7b_instruct::trivia_qa_2_60k::base::main::55756,0
mistral_7b_instruct::trivia_qa_2_60k::base::main::16861,0
mistral_7b_instruct::trivia_qa_2_60k::base::main::9771,0
mistral_7b_instruct::trivia_qa_2_60k::base::main::23254,0
mistral_7b_instruct::trivia_qa_2_60k::base::main::26353,0
mistral_7b_instruct::trivia_qa_2_60k::base::main::20512,0
mistral_7b_instruct::trivia_qa_2_60k::base::main::21816,0
mistral_7b_instruct::trivia_qa_2_60k::base::main::12467,0
mistral_7b_instruct::trivia_qa_2_60k::base::main::22871,0
mistral_7b_instruct::trivia_qa_2_60k::base::main::52623,0
mistral_7b_instruct::trivia_qa_2_60k::base::main::20886,0
mistral_7b_instruct::trivia_qa_2_60k::base::main::23216,0
mistral_7b_instruct::trivia_qa_2_60k::base::main::20829,0
mistral_7b_instruct::trivia_qa_2_60k::base::main::2246,0
mistral_7b_instruct::trivia_qa_2_60k::base::main::49899,0
mistral_7b_instruct::trivia_qa_2_60k::base::main::45119,0
mistral_7b_instruct::trivia_qa_2_60k::base::main::42525,0
mistral_7b_instruct::trivia_qa_2_60k::base::main::17355,0
mistral_7b_instruct::trivia_qa_2_60k::base::main::45395,0
mistral_7b_instruct::trivia_qa_2_60k::base::main::32034,0
mistral_7b_instruct::trivia_qa_2_60k::base::main::49699,0
mistral_7b_instruct::trivia_qa_2_60k::base::main::53988,0
mistral_7b_instruct::trivia_qa_2_60k::base::main::42918,0
mistral_7b_instruct::trivia_qa_2_60k::base::main::16265,0
mistral_7b_instruct::trivia_qa_2_60k::base::main::55375,0
mistral_7b_instruct::trivia_qa_2_60k::base::main::43242,0
mistral_7b_instruct::trivia_qa_2_60k::base::main::1245,0
mistral_7b_instruct::trivia_qa_2_60k::base::main::24071,0
mistral_7b_instruct::trivia_qa_2_60k::base::main::39538,0
mistral_7b_instruct::trivia_qa_2_60k::base::main::48786,0
mistral_7b_instruct::trivia_qa_2_60k::base::main::15586,0
mistral_7b_instruct::trivia_qa_2_60k::base::main::53401,0
mistral_7b_instruct::trivia_qa_2_60k::base::main::12176,0
mistral_7b_instruct::trivia_qa_2_60k::base::main::15934,0
mistral_7b_instruct::trivia_qa_2_60k::base::main::55709,0
mistral_7b_instruct::trivia_qa_2_60k::base::main::51121,0
mistral_7b_instruct::trivia_qa_2_60k::base::main::19132,0
mistral_7b_instruct::trivia_qa_2_60k::base::main::31152,0
mistral_7b_instruct::trivia_qa_2_60k::base::main::45765,0
mistral_7b_instruct::trivia_qa_2_60k::base::main::57810,0
mistral_7b_instruct::trivia_qa_2_60k::base::main::53409,0
mistral_7b_instruct::trivia_qa_2_60k::base::main::56298,0
mistral_7b_instruct::trivia_qa_2_60k::base::main::9476,0
mistral_7b_instruct::trivia_qa_2_60k::base::main::49798,0
mistral_7b_instruct::trivia_qa_2_60k::base::main::42760,0
mistral_7b_instruct::trivia_qa_2_60k::base::main::10754,0
mistral_7b_instruct::trivia_qa_2_60k::base::main::26090,0
mistral_7b_instruct::trivia_qa_2_60k::base::main::54094,0
mistral_7b_instruct::trivia_qa_2_60k::base::main::6850,0
mistral_7b_instruct::trivia_qa_2_60k::base::main::40138,0
mistral_7b_instruct::trivia_qa_2_60k::base::main::14135,0
mistral_7b_instruct::trivia_qa_2_60k::base::main::11947,0
mistral_7b_instruct::trivia_qa_2_60k::base::main::3800,0
mistral_7b_instruct::trivia_qa_2_60k::base::main::31827,0
mistral_7b_instruct::trivia_qa_2_60k::base::main::51667,0
mistral_7b_instruct::trivia_qa_2_60k::base::main::13979,0
mistral_7b_instruct::trivia_qa_2_60k::base::main::57528,0
mistral_7b_instruct::trivia_qa_2_60k::base::main::21625,0
mistral_7b_instruct::trivia_qa_2_60k::base::main::3098,0
mistral_7b_instruct::trivia_qa_2_60k::base::main::32188,0
mistral_7b_instruct::trivia_qa_2_60k::base::main::166,0
mistral_7b_instruct::trivia_qa_2_60k::base::main::26866,0
mistral_7b_instruct::trivia_qa_2_60k::base::main::42585,0
mistral_7b_instruct::trivia_qa_2_60k::base::main::458,0
mistral_7b_instruct::trivia_qa_2_60k::base::main::6798,0
mistral_7b_instruct::trivia_qa_2_60k::base::main::43768,0
mistral_7b_instruct::trivia_qa_2_60k::base::main::36295,0
mistral_7b_instruct::trivia_qa_2_60k::base::main::21975,0
mistral_7b_instruct::trivia_qa_2_60k::base::main::51810,0
mistral_7b_instruct::trivia_qa_2_60k::base::main::56981,0
mistral_7b_instruct::trivia_qa_2_60k::base::main::34473,0
mistral_7b_instruct::trivia_qa_2_60k::base::main::11707,0
mistral_7b_instruct::trivia_qa_2_60k::base::main::6852,0
mistral_7b_instruct::trivia_qa_2_60k::base::main::17930,0
mistral_7b_instruct::trivia_qa_2_60k::base::main::49279,0
mistral_7b_instruct::trivia_qa_2_60k::base::main::11735,0
mistral_7b_instruct::trivia_qa_2_60k::base::main::39312,0
mistral_7b_instruct::trivia_qa_2_60k::base::main::52096,0
mistral_7b_instruct::trivia_qa_2_60k::base::main::52999,0
mistral_7b_instruct::trivia_qa_2_60k::base::main::39142,0
mistral_7b_instruct::trivia_qa_2_60k::base::main::16282,0
mistral_7b_instruct::trivia_qa_2_60k::base::main::34375,0
mistral_7b_instruct::trivia_qa_2_60k::base::main::48935,0
mistral_7b_instruct::trivia_qa_2_60k::base::main::12512,0
mistral_7b_instruct::trivia_qa_2_60k::base::main::55424,0
mistral_7b_instruct::trivia_qa_2_60k::base::main::1124,0
mistral_7b_instruct::trivia_qa_2_60k::base::main::21469,0
mistral_7b_instruct::trivia_qa_2_60k::base::main::42629,0
mistral_7b_instruct::trivia_qa_2_60k::base::main::49482,0
mistral_7b_instruct::trivia_qa_2_60k::base::main::30897,0
mistral_7b_instruct::trivia_qa_2_60k::base::main::48814,0
mistral_7b_instruct::trivia_qa_2_60k::base::main::26284,0
mistral_7b_instruct::trivia_qa_2_60k::base::main::18475,0
mistral_7b_instruct::trivia_qa_2_60k::base::main::11518,0
mistral_7b_instruct::trivia_qa_2_60k::base::main::26109,0
mistral_7b_instruct::trivia_qa_2_60k::base::main::42419,0
mistral_7b_instruct::trivia_qa_2_60k::base::main::31433,0
mistral_7b_instruct::trivia_qa_2_60k::base::main::13924,0
mistral_7b_instruct::trivia_qa_2_60k::base::main::55874,0
mistral_7b_instruct::trivia_qa_2_60k::base::main::26110,0
mistral_7b_instruct::trivia_qa_2_60k::base::main::47443,0
mistral_7b_instruct::trivia_qa_2_60k::base::main::18578,0
mistral_7b_instruct::trivia_qa_2_60k::base::main::12396,0
mistral_7b_instruct::trivia_qa_2_60k::base::main::24833,0
mistral_7b_instruct::trivia_qa_2_60k::base::main::51023,0
mistral_7b_instruct::trivia_qa_2_60k::base::main::16955,0
mistral_7b_instruct::trivia_qa_2_60k::base::main::36978,0
mistral_7b_instruct::trivia_qa_2_60k::base::main::38666,0
mistral_7b_instruct::trivia_qa_2_60k::base::main::56225,0
mistral_7b_instruct::trivia_qa_2_60k::base::main::52970,0
mistral_7b_instruct::trivia_qa_2_60k::base::main::6396,0
mistral_7b_instruct::trivia_qa_2_60k::base::main::22232,0
mistral_7b_instruct::trivia_qa_2_60k::base::main::28575,0
mistral_7b_instruct::trivia_qa_2_60k::base::main::27399,0
mistral_7b_instruct::trivia_qa_2_60k::base::main::53468,0
mistral_7b_instruct::trivia_qa_2_60k::base::main::57475,0
mistral_7b_instruct::trivia_qa_2_60k::base::main::27791,0
mistral_7b_instruct::trivia_qa_2_60k::base::main::14790,0
mistral_7b_instruct::trivia_qa_2_60k::base::main::27076,0
mistral_7b_instruct::trivia_qa_2_60k::base::main::26663,0
mistral_7b_instruct::trivia_qa_2_60k::base::main::52428,0
mistral_7b_instruct::trivia_qa_2_60k::base::main::16240,0
mistral_7b_instruct::trivia_qa_2_60k::base::main::49396,0
mistral_7b_instruct::trivia_qa_2_60k::base::main::26955,0
mistral_7b_instruct::trivia_qa_2_60k::base::main::58334,0
mistral_7b_instruct::trivia_qa_2_60k::base::main::16521,0
mistral_7b_instruct::trivia_qa_2_60k::base::main::52536,0
mistral_7b_instruct::trivia_qa_2_60k::base::main::27253,0
mistral_7b_instruct::trivia_qa_2_60k::base::main::7595,0
mistral_7b_instruct::trivia_qa_2_60k::base::main::10079,0
mistral_7b_instruct::trivia_qa_2_60k::base::main::50576,0
mistral_7b_instruct::trivia_qa_2_60k::base::main::35682,0
mistral_7b_instruct::trivia_qa_2_60k::base::main::10504,0
mistral_7b_instruct::trivia_qa_2_60k::base::main::54774,0
mistral_7b_instruct::trivia_qa_2_60k::base::main::7864,0
mistral_7b_instruct::trivia_qa_2_60k::base::main::50785,0
mistral_7b_instruct::trivia_qa_2_60k::base::main::25243,0
mistral_7b_instruct::trivia_qa_2_60k::base::main::22773,0
mistral_7b_instruct::trivia_qa_2_60k::base::main::39401,0
mistral_7b_instruct::trivia_qa_2_60k::base::main::17335,0
mistral_7b_instruct::trivia_qa_2_60k::base::main::57406,0
mistral_7b_instruct::trivia_qa_2_60k::base::main::25881,0
mistral_7b_instruct::trivia_qa_2_60k::base::main::45420,0
mistral_7b_instruct::trivia_qa_2_60k::base::main::15428,0
mistral_7b_instruct::trivia_qa_2_60k::base::main::2883,0
mistral_7b_instruct::trivia_qa_2_60k::base::main::14518,0
mistral_7b_instruct::trivia_qa_2_60k::base::main::303,0
mistral_7b_instruct::trivia_qa_2_60k::base::main::26391,0
mistral_7b_instruct::trivia_qa_2_60k::base::main::24037,0
mistral_7b_instruct::trivia_qa_2_60k::base::main::54063,0
mistral_7b_instruct::trivia_qa_2_60k::base::main::40726,0
mistral_7b_instruct::trivia_qa_2_60k::base::main::26035,0
mistral_7b_instruct::trivia_qa_2_60k::base::main::640,0
mistral_7b_instruct::trivia_qa_2_60k::base::main::21818,0
mistral_7b_instruct::trivia_qa_2_60k::base::main::21481,0
mistral_7b_instruct::trivia_qa_2_60k::base::main::17403,0
mistral_7b_instruct::trivia_qa_2_60k::base::main::36752,0
mistral_7b_instruct::trivia_qa_2_60k::base::main::41579,0
mistral_7b_instruct::trivia_qa_2_60k::base::main::48808,0
mistral_7b_instruct::trivia_qa_2_60k::base::main::8675,0
mistral_7b_instruct::trivia_qa_2_60k::base::main::39397,0
mistral_7b_instruct::trivia_qa_2_60k::base::main::23739,0
mistral_7b_instruct::trivia_qa_2_60k::base::main::16161,0
mistral_7b_instruct::trivia_qa_2_60k::base::main::16902,0
mistral_7b_instruct::trivia_qa_2_60k::base::main::36933,0
mistral_7b_instruct::trivia_qa_2_60k::base::main::6770,0
mistral_7b_instruct::trivia_qa_2_60k::base::main::35467,0
mistral_7b_instruct::trivia_qa_2_60k::base::main::15102,0
mistral_7b_instruct::trivia_qa_2_60k::base::main::27292,0
mistral_7b_instruct::trivia_qa_2_60k::base::main::1279,0
mistral_7b_instruct::trivia_qa_2_60k::base::main::22180,0
mistral_7b_instruct::trivia_qa_2_60k::base::main::35309,0
mistral_7b_instruct::trivia_qa_2_60k::base::main::15814,0
mistral_7b_instruct::trivia_qa_2_60k::base::main::532,0
mistral_7b_instruct::trivia_qa_2_60k::base::main::56763,0
