sample_id,label
mistral_7b_instruct::trivia_qa_2_60k::base::main::54462,1
mistral_7b_instruct::trivia_qa_2_60k::base::main::19749,1
mistral_7b_instruct::trivia_qa_2_60k::base::main::32443,1
mistral_7b_instruct::trivia_qa_2_60k::base::main::37786,1
mistral_7b_instruct::trivia_qa_2_60k::base::main::25797,1
mistral_7b_instruct::trivia_qa_2_60k::base::main::32234,1
mistral_7b_instruct::trivia_qa_2_60k::base::main::32633,1
mistral_7b_instruct::trivia_qa_2_60k::base::main::48887,1
mistral_7b_instruct::trivia_qa_2_60k::base::main::42152,1
mistral_7b_instruct::trivia_qa_2_60k::base::main::24612,1
mistral_7b_instruct::trivia_qa_2_60k::base::main::42693,1
mistral_7b_instruct::trivia_qa_2_60k::base::main::19053,1
mistral_7b_instruct::trivia_qa_2_60k::base::main::38556,1
mistral_7b_instruct::trivia_qa_2_60k::base::main::52305,1
mistral_7b_instruct::trivia_qa_2_60k::base::main::5621,1
mistral_7b_instruct::trivia_qa_2_60k::base::main::32539,1
mistral_7b_instruct::trivia_qa_2_60k::base::main::29489,1
mistral_7b_instruct::trivia_qa_2_60k::base::main::20642,1
mistral_7b_instruct::trivia_qa_2_60k::base::main::42725,1
mistral_7b_instruct::trivia_qa_2_60k::base::main::17133,1
mistral_7b_instruct::trivia_qa_2_60k::base::main::9310,1
mistral_7b_instruct::trivia_qa_2_60k::base::main::26802,1
mistral_7b_instruct::trivia_qa_2_60k::base::main::42685,1
mistral_7b_instruct::trivia_qa_2_60k::base::main::5545,1
mistral_7b_instruct::trivia_qa_2_60k::base::main::2672,1
mistral_7b_instruct::trivia_qa_2_60k::base::main::10944,1
mistral_7b_instruct::trivia_qa_2_60k::base::main::12456,1
mistral_7b_instruct::trivia_qa_2_60k::base::main::57125,1
mistral_7b_instruct::trivia_qa_2_60k::base::main::54901,1
mistral_7b_instruct::trivia_qa_2_60k::base::main::57228,1
mistral_7b_instruct::trivia_qa_2_60k::base::main::14892,1
mistral_7b_instruct::trivia_qa_2_60k::base::main::21896,1
mistral_7b_instruct::trivia_qa_2_60k::base::main::34993,1
mistral_7b_instruct::trivia_qa_2_60k::base::main::54129,1
mistral_7b_instruct::trivia_qa_2_60k::base::main::57837,1
mistral_7b_instruct::trivia_qa_2_60k::base::main::20599,1
mistral_7b_instruct::trivia_qa_2_60k::base::main::38920,1
mistral_7b_instruct::trivia_qa_2_60k::base::main::46300,1
mistral_7b_instruct::trivia_qa_2_60k::base::main::15915,1
mistral_7b_instruct::trivia_qa_2_60k::base::main::22621,1
mistral_7b_instruct::trivia_qa_2_60k::base::main::12786,1
mistral_7b_instruct::trivia_qa_2_60k::base::main::7828,1
mistral_7b_instruct::trivia_qa_2_60k::base::main::9074,1
mistral_7b_instruct::trivia_qa_2_60k::base::main::57823,1
mistral_7b_instruct::trivia_qa_2_60k::base::main::40856,1
mistral_7b_instruct::trivia_qa_2_60k::base::main::24327,1
mistral_7b_instruct::trivia_qa_2_60k::base::main::50231,1
mistral_7b_instruct::trivia_qa_2_60k::base::main::57262,1
mistral_7b_instruct::trivia_qa_2_60k::base::main::22288,1
mistral_7b_instruct::trivia_qa_2_60k::base::main::25079,1
mistral_7b_instruct::trivia_qa_2_60k::base::main::35549,1
mistral_7b_instruct::trivia_qa_2_60k::base::main::53103,1
mistral_7b_instruct::trivia_qa_2_60k::base::main::11079,1
mistral_7b_instruct::trivia_qa_2_60k::base::main::34965,1
mistral_7b_instruct::trivia_qa_2_60k::base::main::40975,1
mistral_7b_instruct::trivia_qa_2_60k::base::main::40487,1
mistral_7b_instruct::trivia_qa_2_60k::base::main::33611,1
mistral_7b_instruct::trivia_qa_2_60k::base::main::100,1
mistral_7b_instruct::trivia_qa_2_60k::base::main::9725,1
mistral_7b_instruct::trivia_qa_2_60k::base::main::40935,1
mistral_7b_instruct::trivia_qa_2_60k::base::main::16708,1
mistral_7b_instruct::trivia_qa_2_60k::base::main::45482,1
mistral_7b_instruct::trivia_qa_2_60k::base::main::29328,1
mistral_7b_instruct::trivia_qa_2_60k::base::main::24717,1
mistral_7b_instruct::trivia_qa_2_60k::base::main::41075,1
mistral_7b_instruct::trivia_qa_2_60k::base::main::14629,1
mistral_7b_instruct::trivia_qa_2_60k::base::main::45386,1
mistral_7b_instruct::trivia_qa_2_60k::base::main::46595,1
mistral_7b_instruct::trivia_qa_2_60k::base::main::23853,1
mistral_7b_instruct::trivia_qa_2_60k::base::main::34865,1
mistral_7b_instruct::trivia_qa_2_60k::base::main::36616,1
mistral_7b_instruct::trivia_qa_2_60k::base::main::10527,1
mistral_7b_instruct::trivia_qa_2_60k::base::main::9011,1
mistral_7b_instruct::trivia_qa_2_60k::base::main::51248,1
mistral_7b_instruct::trivia_qa_2_60k::base::main::12526,1
mistral_7b_instruct::trivia_qa_2_60k::base::main::26482,1
mistral_7b_instruct::trivia_qa_2_60k::base::main::49496,1
mistral_7b_instruct::trivia_qa_2_60k::base::main::27598,1
mistral_7b_instruct::trivia_qa_2_60k::base::main::10583,1
mistral_7b_instruct::trivia_qa_2_60k::base::main::12280,1
mistral_7b_instruct::trivia_qa_2_60k::base::main::13982,1
mistral_7b_instruct::trivia_qa_2_60k::base::main::29736,1
mistral_7b_instruct::trivia_qa_2_60k::base::main::42648,1
mistral_7b_instruct::trivia_qa_2_60k::base::main::55767,1
mistral_7b_instruct::trivia_qa_2_60k::base::main::52889,1
mistral_7b_instruct::trivia_qa_2_60k::base::main::26950,1
mistral_7b_instruct::trivia_qa_2_60k::base::main::7606,1
mistral_7b_instruct::trivia_qa_2_60k::base::main::50468,1
mistral_7b_instruct::trivia_qa_2_60k::base::main::47865,1
mistral_7b_instruct::trivia_qa_2_60k::base::main::31669,1
mistral_7b_instruct::trivia_qa_2_60k::base::main::49303,1
mistral_7b_instruct::trivia_qa_2_60k::base::main::46075,1
mistral_7b_instruct::trivia_qa_2_60k::base::main::14351,1
mistral_7b_instruct::trivia_qa_2_60k::base::main::58013,1
mistral_7b_instruct::trivia_qa_2_60k::base::main::48184,1
mistral_7b_instruct::trivia_qa_2_60k::base::main::27465,1
mistral_7b_instruct::trivia_qa_2_60k::base::main::38789,1
mistral_7b_instruct::trivia_qa_2_60k::base::main::6590,1
mistral_7b_instruct::trivia_qa_2_60k::base::main::39683,1
mistral_7b_instruct::trivia_qa_2_60k::base::main::26380,1
mistral_7b_instruct::trivia_qa_2_60k::base::main::35987,1
mistral_7b_instruct::trivia_qa_2_60k::base::main::41097,1
mistral_7b_instruct::trivia_qa_2_60k::base::main::53885,1
mistral_7b_instruct::trivia_qa_2_60k::base::main::35324,1
mistral_7b_instruct::trivia_qa_2_60k::base::main::30013,1
mistral_7b_instruct::trivia_qa_2_60k::base::main::53183,1
mistral_7b_instruct::trivia_qa_2_60k::base::main::34715,1
mistral_7b_instruct::trivia_qa_2_60k::base::main::31897,1
mistral_7b_instruct::trivia_qa_2_60k::base::main::26227,1
mistral_7b_instruct::trivia_qa_2_60k::base::main::44478,1
mistral_7b_instruct::trivia_qa_2_60k::base::main::15556,1
mistral_7b_instruct::trivia_qa_2_60k::base::main::52521,1
mistral_7b_instruct::trivia_qa_2_60k::base::main::7428,1
mistral_7b_instruct::trivia_qa_2_60k::base::main::38936,1
mistral_7b_instruct::trivia_qa_2_60k::base::main::25376,1
mistral_7b_instruct::trivia_qa_2_60k::base::main::6863,1
mistral_7b_instruct::trivia_qa_2_60k::base::main::44041,1
mistral_7b_instruct::trivia_qa_2_60k::base::main::10876,1
mistral_7b_instruct::trivia_qa_2_60k::base::main::8399,1
mistral_7b_instruct::trivia_qa_2_60k::base::main::50229,1
mistral_7b_instruct::trivia_qa_2_60k::base::main::33066,1
mistral_7b_instruct::trivia_qa_2_60k::base::main::3582,1
mistral_7b_instruct::trivia_qa_2_60k::base::main::45399,1
mistral_7b_instruct::trivia_qa_2_60k::base::main::40540,1
mistral_7b_instruct::trivia_qa_2_60k::base::main::18905,1
mistral_7b_instruct::trivia_qa_2_60k::base::main::4473,1
mistral_7b_instruct::trivia_qa_2_60k::base::main::12145,1
mistral_7b_instruct::trivia_qa_2_60k::base::main::9393,1
mistral_7b_instruct::trivia_qa_2_60k::base::main::38967,1
mistral_7b_instruct::trivia_qa_2_60k::base::main::56988,1
mistral_7b_instruct::trivia_qa_2_60k::base::main::15928,1
mistral_7b_instruct::trivia_qa_2_60k::base::main::32021,1
mistral_7b_instruct::trivia_qa_2_60k::base::main::15803,1
mistral_7b_instruct::trivia_qa_2_60k::base::main::39335,1
mistral_7b_instruct::trivia_qa_2_60k::base::main::42433,1
mistral_7b_instruct::trivia_qa_2_60k::base::main::15653,1
mistral_7b_instruct::trivia_qa_2_60k::base::main::48134,1
mistral_7b_instruct::trivia_qa_2_60k::base::main::10566,1
mistral_7b_instruct::trivia_qa_2_60k::base::main::5547,1
mistral_7b_instruct::trivia_qa_2_60k::base::main::34304,1
mistral_7b_instruct::trivia_qa_2_60k::base::main::22579,1
mistral_7b_instruct::trivia_qa_2_60k::base::main::43729,1
mistral_7b_instruct::trivia_qa_2_60k::base::main::18552,1
mistral_7b_instruct::trivia_qa_2_60k::base::main::36733,1
mistral_7b_instruct::trivia_qa_2_60k::base::main::23429,1
mistral_7b_instruct::trivia_qa_2_60k::base::main::50436,1
mistral_7b_instruct::trivia_qa_2_60k::base::main::14393,1
mistral_7b_instruct::trivia_qa_2_60k::base::main::50043,1
mistral_7b_instruct::trivia_qa_2_60k::base::main::48078,1
mistral_7b_instruct::trivia_qa_2_60k::base::main::33118,1
mistral_7b_instruct::trivia_qa_2_60k::base::main::7031,1
mistral_7b_instruct::trivia_qa_2_60k::base::main::49799,1
mistral_7b_instruct::trivia_qa_2_60k::base::main::47512,1
mistral_7b_instruct::trivia_qa_2_60k::base::main::49788,1
mistral_7b_instruct::trivia_qa_2_60k::base::main::37125,1
mistral_7b_instruct::trivia_qa_2_60k::base::main::10072,1
mistral_7b_instruct::trivia_qa_2_60k::base::main::17572,1
mistral_7b_instruct::trivia_qa_2_60k::base::main::1603,1
mistral_7b_instruct::trivia_qa_2_60k::base::main::4178,1
mistral_7b_instruct::trivia_qa_2_60k::base::main::35610,1
mistral_7b_instruct::trivia_qa_2_60k::base::main::37470,1
mistral_7b_instruct::trivia_qa_2_60k::base::main::57730,1
mistral_7b_instruct::trivia_qa_2_60k::base::main::56780,1
mistral_7b_instruct::trivia_qa_2_60k::base::main::28076,1
mistral_7b_instruct::trivia_qa_2_60k::base::main::26334,1
mistral_7b_instruct::trivia_qa_2_60k::base::main::28230,1
mistral_7b_instruct::trivia_qa_2_60k::base::main::55068,1
mistral_7b_instruct::trivia_qa_2_60k::base::main::22780,1
mistral_7b_instruct::trivia_qa_2_60k::base::main::34310,1
mistral_7b_instruct::trivia_qa_2_60k::base::main::38435,1
mistral_7b_instruct::trivia_qa_2_60k::base::main::33018,1
mistral_7b_instruct::trivia_qa_2_60k::base::main::33184,1
mistral_7b_instruct::trivia_qa_2_60k::base::main::21170,1
mistral_7b_instruct::trivia_qa_2_60k::base::main::35582,1
mistral_7b_instruct::trivia_qa_2_60k::base::main::29693,1
mistral_7b_instruct::trivia_qa_2_60k::base::main::24924,1
mistral_7b_instruct::trivia_qa_2_60k::base::main::11100,1
mistral_7b_instruct::trivia_qa_2_60k::base::main::502,1
mistral_7b_instruct::trivia_qa_2_60k::base::main::51395,1
mistral_7b_instruct::trivia_qa_2_60k::base::main::48280,1
mistral_7b_instruct::trivia_qa_2_60k::base::main::29877,1
mistral_7b_instruct::trivia_qa_2_60k::base::main::44662,1
mistral_7b_instruct::trivia_qa_2_60k::base::main::8069,1
mistral_7b_instruct::trivia_qa_2_60k::base::main::56767,1
mistral_7b_instruct::trivia_qa_2_60k::base::main::15941,1
mistral_7b_instruct::trivia_qa_2_60k::base::main::32152,1
mistral_7b_instruct::trivia_qa_2_60k::base::main::21987,1
mistral_7b_instruct::trivia_qa_2_60k::base::main::9395,1
mistral_7b_instruct::trivia_qa_2_60k::base::main::22317,1
mistral_7b_instruct::trivia_qa_2_60k::base::main::34801,1
mistral_7b_instruct::trivia_qa_2_60k::base::main::56349,1
mistral_7b_instruct::trivia_qa_2_60k::base::main::5650,1
mistral_7b_instruct::trivia_qa_2_60k::base::main::2935,1
mistral_7b_instruct::trivia_qa_2_60k::base::main::25890,1
mistral_7b_instruct::trivia_qa_2_60k::base::main::45216,1
mistral_7b_instruct::trivia_qa_2_60k::base::main::46182,1
mistral_7b_instruct::trivia_qa_2_60k::base::main::25948,1
mistral_7b_instruct::trivia_qa_2_60k::base::main::47756,1
mistral_7b_instruct::trivia_qa_2_60k::base::main::11078,1
mistral_7b_instruct::trivia_qa_2_60k::base::main::45042,1
mistral_7b_instruct::trivia_qa_2_60k::base::main::49030,1
mistral_7b_instruct::trivia_qa_2_60k::base::main::48885,1
mistral_7b_instruct::trivia_qa_2_60k::base::main::18797,1
mistral_7b_instruct::trivia_qa_2_60k::base::main::22003,1
mistral_7b_instruct::trivia_qa_2_60k::base::main::9353,1
mistral_7b_instruct::trivia_qa_2_60k::base::main::50710,1
mistral_7b_instruct::trivia_qa_2_60k::base::main::48089,1
mistral_7b_instruct::trivia_qa_2_60k::base::main::27772,1
mistral_7b_instruct::trivia_qa_2_60k::base::main::35735,1
mistral_7b_instruct::trivia_qa_2_60k::base::main::29684,1
mistral_7b_instruct::trivia_qa_2_60k::base::main::39509,1
mistral_7b_instruct::trivia_qa_2_60k::base::main::48854,1
mistral_7b_instruct::trivia_qa_2_60k::base::main::10494,1
mistral_7b_instruct::trivia_qa_2_60k::base::main::54285,1
mistral_7b_instruct::trivia_qa_2_60k::base::main::24908,1
mistral_7b_instruct::trivia_qa_2_60k::base::main::43514,1
mistral_7b_instruct::trivia_qa_2_60k::base::main::26221,1
mistral_7b_instruct::trivia_qa_2_60k::base::main::2832,1
mistral_7b_instruct::trivia_qa_2_60k::base::main::44768,1
mistral_7b_instruct::trivia_qa_2_60k::base::main::30437,1
mistral_7b_instruct::trivia_qa_2_60k::base::main::29409,1
mistral_7b_instruct::trivia_qa_2_60k::base::main::17739,1
mistral_7b_instruct::trivia_qa_2_60k::base::main::30406,1
mistral_7b_instruct::trivia_qa_2_60k::base::main::31974,1
mistral_7b_instruct::trivia_qa_2_60k::base::main::11509,1
mistral_7b_instruct::trivia_qa_2_60k::base::main::17795,1
mistral_7b_instruct::trivia_qa_2_60k::base::main::21692,1
mistral_7b_instruct::trivia_qa_2_60k::base::main::25020,1
mistral_7b_instruct::trivia_qa_2_60k::base::main::19212,1
mistral_7b_instruct::trivia_qa_2_60k::base::main::45872,1
mistral_7b_instruct::trivia_qa_2_60k::base::main::29106,1
mistral_7b_instruct::trivia_qa_2_60k::base::main::54341,1
mistral_7b_instruct::trivia_qa_2_60k::base::main::31858,1
mistral_7b_instruct::trivia_qa_2_60k::base::main::22417,1
mistral_7b_instruct::trivia_qa_2_60k::base::main::48959,1
mistral_7b_instruct::trivia_qa_2_60k::base::main::38677,1
mistral_7b_instruct::trivia_qa_2_60k::base::main::32756,1
mistral_7b_instruct::trivia_qa_2_60k::base::main::10215,1
mistral_7b_instruct::trivia_qa_2_60k::base::main::37058,1
mistral_7b_instruct::trivia_qa_2_60k::base::main::41333,1
mistral_7b_instruct::trivia_qa_2_60k::base::main::45177,1
mistral_7b_instruct::trivia_qa_2_60k::base::main::45495,1
mistral_7b_instruct::trivia_qa_2_60k::base::main::2767,1
mistral_7b_instruct::trivia_qa_2_60k::base::main::12799,1
mistral_7b_instruct::trivia_qa_2_60k::base::main::40344,1
mistral_7b_instruct::trivia_qa_2_60k::base::main::40474,1
mistral_7b_instruct::trivia_qa_2_60k::base::main::11336,1
mistral_7b_instruct::trivia_qa_2_60k::base::main::29774,1
mistral_7b_instruct::trivia_qa_2_60k::base::main::35184,1
mistral_7b_instruct::trivia_qa_2_60k::base::main::7892,1
mistral_7b_instruct::trivia_qa_2_60k::base::main::18409,1
mistral_7b_instruct::trivia_qa_2_60k::base::main::3366,1
mistral_7b_instruct::trivia_qa_2_60k::base::main::33444,1
mistral_7b_instruct::trivia_qa_2_60k::base::main::1225,1
mistral_7b_instruct::trivia_qa_2_60k::base::main::33049,1
mistral_7b_instruct::trivia_qa_2_60k::base::main::4100,1
mistral_7b_instruct::trivia_qa_2_60k::base::main::38964,1
mistral_7b_instruct::trivia_qa_2_60k::base::main::42592,1
mistral_7b_instruct::trivia_qa_2_60k::base::main::38320,1
mistral_7b_instruct::trivia_qa_2_60k::base::main::13716,1
mistral_7b_instruct::trivia_qa_2_60k::base::main::19341,1
mistral_7b_instruct::trivia_qa_2_60k::base::main::26157,1
mistral_7b_instruct::trivia_qa_2_60k::base::main::25332,1
mistral_7b_instruct::trivia_qa_2_60k::base::main::9209,1
mistral_7b_instruct::trivia_qa_2_60k::base::main::7105,1
mistral_7b_instruct::trivia_qa_2_60k::base::main::31169,1
mistral_7b_instruct::trivia_qa_2_60k::base::main::44873,1
mistral_7b_instruct::trivia_qa_2_60k::base::main::41299,1
mistral_7b_instruct::trivia_qa_2_60k::base::main::10147,1
mistral_7b_instruct::trivia_qa_2_60k::base::main::40092,1
mistral_7b_instruct::trivia_qa_2_60k::base::main::38694,1
mistral_7b_instruct::trivia_qa_2_60k::base::main::49599,1
mistral_7b_instruct::trivia_qa_2_60k::base::main::44305,1
mistral_7b_instruct::trivia_qa_2_60k::base::main::32413,1
mistral_7b_instruct::trivia_qa_2_60k::base::main::1531,1
mistral_7b_instruct::trivia_qa_2_60k::base::main::32962,1
mistral_7b_instruct::trivia_qa_2_60k::base::main::6149,1
mistral_7b_instruct::trivia_qa_2_60k::base::main::28171,1
mistral_7b_instruct::trivia_qa_2_60k::base::main::29233,1
mistral_7b_instruct::trivia_qa_2_60k::base::main::7780,1
mistral_7b_instruct::trivia_qa_2_60k::base::main::287,1
mistral_7b_instruct::trivia_qa_2_60k::base::main::20654,1
mistral_7b_instruct::trivia_qa_2_60k::base::main::26583,1
mistral_7b_instruct::trivia_qa_2_60k::base::main::50144,1
mistral_7b_instruct::trivia_qa_2_60k::base::main::28914,1
mistral_7b_instruct::trivia_qa_2_60k::base::main::47489,1
mistral_7b_instruct::trivia_qa_2_60k::base::main::32961,1
mistral_7b_instruct::trivia_qa_2_60k::base::main::48961,1
mistral_7b_instruct::trivia_qa_2_60k::base::main::12158,1
mistral_7b_instruct::trivia_qa_2_60k::base::main::50623,1
mistral_7b_instruct::trivia_qa_2_60k::base::main::11972,1
mistral_7b_instruct::trivia_qa_2_60k::base::main::21294,1
mistral_7b_instruct::trivia_qa_2_60k::base::main::45810,1
mistral_7b_instruct::trivia_qa_2_60k::base::main::15918,1
mistral_7b_instruct::trivia_qa_2_60k::base::main::4766,1
mistral_7b_instruct::trivia_qa_2_60k::base::main::34625,1
mistral_7b_instruct::trivia_qa_2_60k::base::main::12966,1
mistral_7b_instruct::trivia_qa_2_60k::base::main::36463,1
mistral_7b_instruct::trivia_qa_2_60k::base::main::22789,1
mistral_7b_instruct::trivia_qa_2_60k::base::main::2854,1
mistral_7b_instruct::trivia_qa_2_60k::base::main::8823,1
mistral_7b_instruct::trivia_qa_2_60k::base::main::27366,1
mistral_7b_instruct::trivia_qa_2_60k::base::main::50034,1
mistral_7b_instruct::trivia_qa_2_60k::base::main::23389,1
mistral_7b_instruct::trivia_qa_2_60k::base::main::36491,1
mistral_7b_instruct::trivia_qa_2_60k::base::main::30399,1
mistral_7b_instruct::trivia_qa_2_60k::base::main::43312,1
mistral_7b_instruct::trivia_qa_2_60k::base::main::50476,1
mistral_7b_instruct::trivia_qa_2_60k::base::main::8370,1
mistral_7b_instruct::trivia_qa_2_60k::base::main::46371,1
mistral_7b_instruct::trivia_qa_2_60k::base::main::54170,1
mistral_7b_instruct::trivia_qa_2_60k::base::main::27865,1
mistral_7b_instruct::trivia_qa_2_60k::base::main::49246,1
mistral_7b_instruct::trivia_qa_2_60k::base::main::29929,1
mistral_7b_instruct::trivia_qa_2_60k::base::main::10306,1
mistral_7b_instruct::trivia_qa_2_60k::base::main::29364,1
mistral_7b_instruct::trivia_qa_2_60k::base::main::49022,1
mistral_7b_instruct::trivia_qa_2_60k::base::main::8788,1
mistral_7b_instruct::trivia_qa_2_60k::base::main::51166,1
mistral_7b_instruct::trivia_qa_2_60k::base::main::53445,1
mistral_7b_instruct::trivia_qa_2_60k::base::main::31151,1
mistral_7b_instruct::trivia_qa_2_60k::base::main::49700,1
mistral_7b_instruct::trivia_qa_2_60k::base::main::21851,1
mistral_7b_instruct::trivia_qa_2_60k::base::main::40196,1
mistral_7b_instruct::trivia_qa_2_60k::base::main::5711,1
mistral_7b_instruct::trivia_qa_2_60k::base::main::6854,1
mistral_7b_instruct::trivia_qa_2_60k::base::main::29107,1
mistral_7b_instruct::trivia_qa_2_60k::base::main::18376,1
mistral_7b_instruct::trivia_qa_2_60k::base::main::7036,1
mistral_7b_instruct::trivia_qa_2_60k::base::main::35073,1
mistral_7b_instruct::trivia_qa_2_60k::base::main::29541,1
mistral_7b_instruct::trivia_qa_2_60k::base::main::46785,1
mistral_7b_instruct::trivia_qa_2_60k::base::main::34281,1
mistral_7b_instruct::trivia_qa_2_60k::base::main::17470,1
mistral_7b_instruct::trivia_qa_2_60k::base::main::377,1
mistral_7b_instruct::trivia_qa_2_60k::base::main::36097,1
mistral_7b_instruct::trivia_qa_2_60k::base::main::43162,1
mistral_7b_instruct::trivia_qa_2_60k::base::main::38758,1
mistral_7b_instruct::trivia_qa_2_60k::base::main::47251,1
mistral_7b_instruct::trivia_qa_2_60k::base::main::5145,1
mistral_7b_instruct::trivia_qa_2_60k::base::main::47677,1
mistral_7b_instruct::trivia_qa_2_60k::base::main::37650,1
mistral_7b_instruct::trivia_qa_2_60k::base::main::41714,1
mistral_7b_instruct::trivia_qa_2_60k::base::main::42948,1
mistral_7b_instruct::trivia_qa_2_60k::base::main::57361,1
mistral_7b_instruct::trivia_qa_2_60k::base::main::51682,1
mistral_7b_instruct::trivia_qa_2_60k::base::main::9943,1
mistral_7b_instruct::trivia_qa_2_60k::base::main::28562,1
mistral_7b_instruct::trivia_qa_2_60k::base::main::54923,1
mistral_7b_instruct::trivia_qa_2_60k::base::main::8559,1
mistral_7b_instruct::trivia_qa_2_60k::base::main::49923,1
mistral_7b_instruct::trivia_qa_2_60k::base::main::18892,1
mistral_7b_instruct::trivia_qa_2_60k::base::main::9609,1
mistral_7b_instruct::trivia_qa_2_60k::base::main::9780,1
mistral_7b_instruct::trivia_qa_2_60k::base::main::48648,1
mistral_7b_instruct::trivia_qa_2_60k::base::main::33848,1
mistral_7b_instruct::trivia_qa_2_60k::base::main::17613,1
mistral_7b_instruct::trivia_qa_2_60k::base::main::57451,1
mistral_7b_instruct::trivia_qa_2_60k::base::main::26762,1
mistral_7b_instruct::trivia_qa_2_60k::base::main::40571,1
mistral_7b_instruct::trivia_qa_2_60k::base::main::53213,1
mistral_7b_instruct::trivia_qa_2_60k::base::main::50621,1
mistral_7b_instruct::trivia_qa_2_60k::base::main::55369,1
mistral_7b_instruct::trivia_qa_2_60k::base::main::19515,1
mistral_7b_instruct::trivia_qa_2_60k::base::main::47369,1
mistral_7b_instruct::trivia_qa_2_60k::base::main::54368,1
mistral_7b_instruct::trivia_qa_2_60k::base::main::44344,1
mistral_7b_instruct::trivia_qa_2_60k::base::main::25756,1
mistral_7b_instruct::trivia_qa_2_60k::base::main::47537,1
mistral_7b_instruct::trivia_qa_2_60k::base::main::27582,1
mistral_7b_instruct::trivia_qa_2_60k::base::main::18631,1
mistral_7b_instruct::trivia_qa_2_60k::base::main::29362,1
mistral_7b_instruct::trivia_qa_2_60k::base::main::1757,1
mistral_7b_instruct::trivia_qa_2_60k::base::main::52914,1
mistral_7b_instruct::trivia_qa_2_60k::base::main::55027,1
mistral_7b_instruct::trivia_qa_2_60k::base::main::23065,1
mistral_7b_instruct::trivia_qa_2_60k::base::main::35332,1
mistral_7b_instruct::trivia_qa_2_60k::base::main::54468,1
mistral_7b_instruct::trivia_qa_2_60k::base::main::33678,1
mistral_7b_instruct::trivia_qa_2_60k::base::main::32605,1
mistral_7b_instruct::trivia_qa_2_60k::base::main::19094,1
mistral_7b_instruct::trivia_qa_2_60k::base::main::931,1
mistral_7b_instruct::trivia_qa_2_60k::base::main::57741,1
mistral_7b_instruct::trivia_qa_2_60k::base::main::43202,1
mistral_7b_instruct::trivia_qa_2_60k::base::main::37527,1
mistral_7b_instruct::trivia_qa_2_60k::base::main::4180,1
mistral_7b_instruct::trivia_qa_2_60k::base::main::38670,1
mistral_7b_instruct::trivia_qa_2_60k::base::main::11159,1
mistral_7b_instruct::trivia_qa_2_60k::base::main::23356,1
mistral_7b_instruct::trivia_qa_2_60k::base::main::58466,1
mistral_7b_instruct::trivia_qa_2_60k::base::main::35300,1
mistral_7b_instruct::trivia_qa_2_60k::base::main::33476,1
mistral_7b_instruct::trivia_qa_2_60k::base::main::44731,1
mistral_7b_instruct::trivia_qa_2_60k::base::main::16535,1
mistral_7b_instruct::trivia_qa_2_60k::base::main::57726,1
mistral_7b_instruct::trivia_qa_2_60k::base::main::55699,1
mistral_7b_instruct::trivia_qa_2_60k::base::main::51576,1
mistral_7b_instruct::trivia_qa_2_60k::base::main::29952,1
mistral_7b_instruct::trivia_qa_2_60k::base::main::7588,1
mistral_7b_instruct::trivia_qa_2_60k::base::main::38861,1
mistral_7b_instruct::trivia_qa_2_60k::base::main::53467,1
mistral_7b_instruct::trivia_qa_2_60k::base::main::4909,1
mistral_7b_instruct::trivia_qa_2_60k::base::main::13411,1
mistral_7b_instruct::trivia_qa_2_60k::base::main::52491,1
mistral_7b_instruct::trivia_qa_2_60k::base::main::32295,1
mistral_7b_instruct::trivia_qa_2_60k::base::main::5522,1
mistral_7b_instruct::trivia_qa_2_60k::base::main::16186,1
mistral_7b_instruct::trivia_qa_2_60k::base::main::51787,1
mistral_7b_instruct::trivia_qa_2_60k::base::main::41616,1
mistral_7b_instruct::trivia_qa_2_60k::base::main::7458,1
mistral_7b_instruct::trivia_qa_2_60k::base::main::42837,1
mistral_7b_instruct::trivia_qa_2_60k::base::main::24471,1
mistral_7b_instruct::trivia_qa_2_60k::base::main::55370,1
mistral_7b_instruct::trivia_qa_2_60k::base::main::29620,1
mistral_7b_instruct::trivia_qa_2_60k::base::main::15553,1
mistral_7b_instruct::trivia_qa_2_60k::base::main::12739,1
mistral_7b_instruct::trivia_qa_2_60k::base::main::31770,1
mistral_7b_instruct::trivia_qa_2_60k::base::main::55805,1
mistral_7b_instruct::trivia_qa_2_60k::base::main::16340,1
mistral_7b_instruct::trivia_qa_2_60k::base::main::22737,1
mistral_7b_instruct::trivia_qa_2_60k::base::main::43525,1
mistral_7b_instruct::trivia_qa_2_60k::base::main::36956,1
mistral_7b_instruct::trivia_qa_2_60k::base::main::58328,1
mistral_7b_instruct::trivia_qa_2_60k::base::main::34455,1
mistral_7b_instruct::trivia_qa_2_60k::base::main::28231,1
mistral_7b_instruct::trivia_qa_2_60k::base::main::40283,1
mistral_7b_instruct::trivia_qa_2_60k::base::main::32453,1
mistral_7b_instruct::trivia_qa_2_60k::base::main::5969,1
mistral_7b_instruct::trivia_qa_2_60k::base::main::7576,1
mistral_7b_instruct::trivia_qa_2_60k::base::main::7331,1
mistral_7b_instruct::trivia_qa_2_60k::base::main::9358,1
mistral_7b_instruct::trivia_qa_2_60k::base::main::36492,1
mistral_7b_instruct::trivia_qa_2_60k::base::main::45012,1
mistral_7b_instruct::trivia_qa_2_60k::base::main::36071,1
mistral_7b_instruct::trivia_qa_2_60k::base::main::9478,1
mistral_7b_instruct::trivia_qa_2_60k::base::main::41276,1
mistral_7b_instruct::trivia_qa_2_60k::base::main::44302,1
mistral_7b_instruct::trivia_qa_2_60k::base::main::13869,1
mistral_7b_instruct::trivia_qa_2_60k::base::main::18634,1
mistral_7b_instruct::trivia_qa_2_60k::base::main::41514,1
mistral_7b_instruct::trivia_qa_2_60k::base::main::37707,1
mistral_7b_instruct::trivia_qa_2_60k::base::main::55686,1
mistral_7b_instruct::trivia_qa_2_60k::base::main::40789,1
mistral_7b_instruct::trivia_qa_2_60k::base::main::43463,1
mistral_7b_instruct::trivia_qa_2_60k::base::main::46428,1
mistral_7b_instruct::trivia_qa_2_60k::base::main::32895,1
mistral_7b_instruct::trivia_qa_2_60k::base::main::11468,1
mistral_7b_instruct::trivia_qa_2_60k::base::main::41547,1
mistral_7b_instruct::trivia_qa_2_60k::base::main::18755,1
mistral_7b_instruct::trivia_qa_2_60k::base::main::21951,1
mistral_7b_instruct::trivia_qa_2_60k::base::main::19889,1
mistral_7b_instruct::trivia_qa_2_60k::base::main::36684,1
mistral_7b_instruct::trivia_qa_2_60k::base::main::3812,1
mistral_7b_instruct::trivia_qa_2_60k::base::main::19279,1
mistral_7b_instruct::trivia_qa_2_60k::base::main::6408,1
mistral_7b_instruct::trivia_qa_2_60k::base::main::7058,1
mistral_7b_instruct::trivia_qa_2_60k::base::main::19393,1
mistral_7b_instruct::trivia_qa_2_60k::base::main::29198,1
mistral_7b_instruct::trivia_qa_2_60k::base::main::51408,1
mistral_7b_instruct::trivia_qa_2_60k::base::main::36467,1
mistral_7b_instruct::trivia_qa_2_60k::base::main::20809,1
mistral_7b_instruct::trivia_qa_2_60k::base::main::24259,1
mistral_7b_instruct::trivia_qa_2_60k::base::main::24774,1
mistral_7b_instruct::trivia_qa_2_60k::base::main::28943,1
mistral_7b_instruct::trivia_qa_2_60k::base::main::45345,1
mistral_7b_instruct::trivia_qa_2_60k::base::main::23239,1
mistral_7b_instruct::trivia_qa_2_60k::base::main::34640,1
mistral_7b_instruct::trivia_qa_2_60k::base::main::47793,1
mistral_7b_instruct::trivia_qa_2_60k::base::main::26966,1
mistral_7b_instruct::trivia_qa_2_60k::base::main::40326,1
mistral_7b_instruct::trivia_qa_2_60k::base::main::57646,1
mistral_7b_instruct::trivia_qa_2_60k::base::main::12944,1
mistral_7b_instruct::trivia_qa_2_60k::base::main::13553,1
mistral_7b_instruct::trivia_qa_2_60k::base::main::37079,1
mistral_7b_instruct::trivia_qa_2_60k::base::main::42064,1
mistral_7b_instruct::trivia_qa_2_60k::base::main::50520,1
mistral_7b_instruct::trivia_qa_2_60k::base::main::18757,1
mistral_7b_instruct::trivia_qa_2_60k::base::main::10344,1
mistral_7b_instruct::trivia_qa_2_60k::base::main::11480,1
mistral_7b_instruct::trivia_qa_2_60k::base::main::7427,1
mistral_7b_instruct::trivia_qa_2_60k::base::main::9290,1
mistral_7b_instruct::trivia_qa_2_60k::base::main::42271,1
mistral_7b_instruct::trivia_qa_2_60k::base::main::16636,1
mistral_7b_instruct::trivia_qa_2_60k::base::main::14373,1
mistral_7b_instruct::trivia_qa_2_60k::base::main::13123,1
mistral_7b_instruct::trivia_qa_2_60k::base::main::56501,1
mistral_7b_instruct::trivia_qa_2_60k::base::main::34435,1
mistral_7b_instruct::trivia_qa_2_60k::base::main::8176,1
mistral_7b_instruct::trivia_qa_2_60k::base::main::33302,1
mistral_7b_instruct::trivia_qa_2_60k::base::main::46453,1
mistral_7b_instruct::trivia_qa_2_60k::base::main::30537,1
mistral_7b_instruct::trivia_qa_2_60k::base::main::54595,1
mistral_7b_instruct::trivia_qa_2_60k::base::main::27628,1
mistral_7b_instruct::trivia_qa_2_60k::base::main::51976,1
mistral_7b_instruct::trivia_qa_2_60k::base::main::58342,1
mistral_7b_instruct::trivia_qa_2_60k::base::main::31160,1
mistral_7b_instruct::trivia_qa_2_60k::base::main::19252,1
mistral_7b_instruct::trivia_qa_2_60k::base::main::14660,1
mistral_7b_instruct::trivia_qa_2_60k::base::main::36726,1
mistral_7b_instruct::trivia_qa_2_60k::base::main::51692,1
mistral_7b_instruct::trivia_qa_2_60k::base::main::38111,1
mistral_7b_instruct::trivia_qa_2_60k::base::main::25505,1
mistral_7b_instruct::trivia_qa_2_60k::base::main::30335,1
mistral_7b_instruct::trivia_qa_2_60k::base::main::49323,1
mistral_7b_instruct::trivia_qa_2_60k::base::main::11069,1
mistral_7b_instruct::trivia_qa_2_60k::base::main::54525,1
mistral_7b_instruct::trivia_qa_2_60k::base::main::54156,1
mistral_7b_instruct::trivia_qa_2_60k::base::main::47947,1
mistral_7b_instruct::trivia_qa_2_60k::base::main::48576,1
mistral_7b_instruct::trivia_qa_2_60k::base::main::22038,1
mistral_7b_instruct::trivia_qa_2_60k::base::main::52786,1
mistral_7b_instruct::trivia_qa_2_60k::base::main::37430,1
mistral_7b_instruct::trivia_qa_2_60k::base::main::43275,1
mistral_7b_instruct::trivia_qa_2_60k::base::main::34156,1
mistral_7b_instruct::trivia_qa_2_60k::base::main::45847,1
mistral_7b_instruct::trivia_qa_2_60k::base::main::53150,1
mistral_7b_instruct::trivia_qa_2_60k::base::main::33701,1
mistral_7b_instruct::trivia_qa_2_60k::base::main::21262,1
mistral_7b_instruct::trivia_qa_2_60k::base::main::7646,1
mistral_7b_instruct::trivia_qa_2_60k::base::main::41370,1
mistral_7b_instruct::trivia_qa_2_60k::base::main::41568,1
mistral_7b_instruct::trivia_qa_2_60k::base::main::9828,1
mistral_7b_instruct::trivia_qa_2_60k::base::main::51963,1
mistral_7b_instruct::trivia_qa_2_60k::base::main::27324,1
mistral_7b_instruct::trivia_qa_2_60k::base::main::20106,1
mistral_7b_instruct::trivia_qa_2_60k::base::main::37548,1
mistral_7b_instruct::trivia_qa_2_60k::base::main::17251,1
mistral_7b_instruct::trivia_qa_2_60k::base::main::28006,1
mistral_7b_instruct::trivia_qa_2_60k::base::main::6479,1
mistral_7b_instruct::trivia_qa_2_60k::base::main::5974,1
mistral_7b_instruct::trivia_qa_2_60k::base::main::3613,1
mistral_7b_instruct::trivia_qa_2_60k::base::main::48592,1
mistral_7b_instruct::trivia_qa_2_60k::base::main::17647,1
mistral_7b_instruct::trivia_qa_2_60k::base::main::55246,1
mistral_7b_instruct::trivia_qa_2_60k::base::main::1364,1
mistral_7b_instruct::trivia_qa_2_60k::base::main::34740,1
mistral_7b_instruct::trivia_qa_2_60k::base::main::33205,1
mistral_7b_instruct::trivia_qa_2_60k::base::main::11983,1
mistral_7b_instruct::trivia_qa_2_60k::base::main::31387,1
mistral_7b_instruct::trivia_qa_2_60k::base::main::12104,1
mistral_7b_instruct::trivia_qa_2_60k::base::main::38038,1
mistral_7b_instruct::trivia_qa_2_60k::base::main::20640,1
mistral_7b_instruct::trivia_qa_2_60k::base::main::58506,1
mistral_7b_instruct::trivia_qa_2_60k::base::main::50096,1
mistral_7b_instruct::trivia_qa_2_60k::base::main::3926,1
mistral_7b_instruct::trivia_qa_2_60k::base::main::23830,1
mistral_7b_instruct::trivia_qa_2_60k::base::main::31178,1
mistral_7b_instruct::trivia_qa_2_60k::base::main::57543,1
mistral_7b_instruct::trivia_qa_2_60k::base::main::8086,1
mistral_7b_instruct::trivia_qa_2_60k::base::main::45013,1
mistral_7b_instruct::trivia_qa_2_60k::base::main::13557,1
mistral_7b_instruct::trivia_qa_2_60k::base::main::810,1
mistral_7b_instruct::trivia_qa_2_60k::base::main::12877,1
mistral_7b_instruct::trivia_qa_2_60k::base::main::39112,1
mistral_7b_instruct::trivia_qa_2_60k::base::main::55099,1
mistral_7b_instruct::trivia_qa_2_60k::base::main::41358,1
mistral_7b_instruct::trivia_qa_2_60k::base::main::51598,1
mistral_7b_instruct::trivia_qa_2_60k::base::main::38222,1
mistral_7b_instruct::trivia_qa_2_60k::base::main::3186,1
mistral_7b_instruct::trivia_qa_2_60k::base::main::34419,1
mistral_7b_instruct::trivia_qa_2_60k::base::main::8478,1
mistral_7b_instruct::trivia_qa_2_60k::base::main::912,1
mistral_7b_instruct::trivia_qa_2_60k::base::main::8690,1
mistral_7b_instruct::trivia_qa_2_60k::base::main::11202,1
mistral_7b_instruct::trivia_qa_2_60k::base::main::53997,1
mistral_7b_instruct::trivia_qa_2_60k::base::main::13184,1
mistral_7b_instruct::trivia_qa_2_60k::base::main::50363,1
mistral_7b_instruct::trivia_qa_2_60k::base::main::22379,1
mistral_7b_instruct::trivia_qa_2_60k::base::main::28737,1
mistral_7b_instruct::trivia_qa_2_60k::base::main::7478,1
mistral_7b_instruct::trivia_qa_2_60k::base::main::54918,1
mistral_7b_instruct::trivia_qa_2_60k::base::main::40418,1
mistral_7b_instruct::trivia_qa_2_60k::base::main::719,1
mistral_7b_instruct::trivia_qa_2_60k::base::main::30072,1
mistral_7b_instruct::trivia_qa_2_60k::base::main::44073,1
mistral_7b_instruct::trivia_qa_2_60k::base::main::11305,1
mistral_7b_instruct::trivia_qa_2_60k::base::main::22549,1
mistral_7b_instruct::trivia_qa_2_60k::base::main::31819,1
mistral_7b_instruct::trivia_qa_2_60k::base::main::31924,1
mistral_7b_instruct::trivia_qa_2_60k::base::main::55348,1
mistral_7b_instruct::trivia_qa_2_60k::base::main::51741,1
mistral_7b_instruct::trivia_qa_2_60k::base::main::757,1
mistral_7b_instruct::trivia_qa_2_60k::base::main::38771,1
mistral_7b_instruct::trivia_qa_2_60k::base::main::54611,1
mistral_7b_instruct::trivia_qa_2_60k::base::main::1100,1
mistral_7b_instruct::trivia_qa_2_60k::base::main::43916,1
mistral_7b_instruct::trivia_qa_2_60k::base::main::50744,1
mistral_7b_instruct::trivia_qa_2_60k::base::main::26713,1
mistral_7b_instruct::trivia_qa_2_60k::base::main::9115,1
mistral_7b_instruct::trivia_qa_2_60k::base::main::24043,1
mistral_7b_instruct::trivia_qa_2_60k::base::main::26420,1
mistral_7b_instruct::trivia_qa_2_60k::base::main::9797,1
mistral_7b_instruct::trivia_qa_2_60k::base::main::27945,1
mistral_7b_instruct::trivia_qa_2_60k::base::main::23831,1
mistral_7b_instruct::trivia_qa_2_60k::base::main::3715,1
mistral_7b_instruct::trivia_qa_2_60k::base::main::51252,1
mistral_7b_instruct::trivia_qa_2_60k::base::main::16923,1
mistral_7b_instruct::trivia_qa_2_60k::base::main::49606,1
mistral_7b_instruct::trivia_qa_2_60k::base::main::38607,1
mistral_7b_instruct::trivia_qa_2_60k::base::main::19330,1
mistral_7b_instruct::trivia_qa_2_60k::base::main::41089,1
mistral_7b_instruct::trivia_qa_2_60k::base::main::11190,1
mistral_7b_instruct::trivia_qa_2_60k::base::main::29805,1
mistral_7b_instruct::trivia_qa_2_60k::base::main::32694,1
mistral_7b_instruct::trivia_qa_2_60k::base::main::50485,1
mistral_7b_instruct::trivia_qa_2_60k::base::main::35857,1
mistral_7b_instruct::trivia_qa_2_60k::base::main::41055,1
mistral_7b_instruct::trivia_qa_2_60k::base::main::45416,1
mistral_7b_instruct::trivia_qa_2_60k::base::main::9132,1
mistral_7b_instruct::trivia_qa_2_60k::base::main::55025,1
mistral_7b_instruct::trivia_qa_2_60k::base::main::21339,1
mistral_7b_instruct::trivia_qa_2_60k::base::main::26112,1
mistral_7b_instruct::trivia_qa_2_60k::base::main::3984,1
mistral_7b_instruct::trivia_qa_2_60k::base::main::29451,1
mistral_7b_instruct::trivia_qa_2_60k::base::main::974,1
mistral_7b_instruct::trivia_qa_2_60k::base::main::10656,1
mistral_7b_instruct::trivia_qa_2_60k::base::main::40364,1
mistral_7b_instruct::trivia_qa_2_60k::base::main::46085,1
mistral_7b_instruct::trivia_qa_2_60k::base::main::3526,1
mistral_7b_instruct::trivia_qa_2_60k::base::main::57926,1
mistral_7b_instruct::trivia_qa_2_60k::base::main::23592,1
mistral_7b_instruct::trivia_qa_2_60k::base::main::57250,1
mistral_7b_instruct::trivia_qa_2_60k::base::main::53463,1
mistral_7b_instruct::trivia_qa_2_60k::base::main::501,1
mistral_7b_instruct::trivia_qa_2_60k::base::main::1896,1
mistral_7b_instruct::trivia_qa_2_60k::base::main::56489,1
mistral_7b_instruct::trivia_qa_2_60k::base::main::54990,1
mistral_7b_instruct::trivia_qa_2_60k::base::main::4752,1
mistral_7b_instruct::trivia_qa_2_60k::base::main::4314,1
mistral_7b_instruct::trivia_qa_2_60k::base::main::37838,1
mistral_7b_instruct::trivia_qa_2_60k::base::main::25067,1
mistral_7b_instruct::trivia_qa_2_60k::base::main::6444,1
mistral_7b_instruct::trivia_qa_2_60k::base::main::23170,1
mistral_7b_instruct::trivia_qa_2_60k::base::main::49644,1
mistral_7b_instruct::trivia_qa_2_60k::base::main::16361,1
mistral_7b_instruct::trivia_qa_2_60k::base::main::36396,1
mistral_7b_instruct::trivia_qa_2_60k::base::main::46336,1
mistral_7b_instruct::trivia_qa_2_60k::base::main::38244,1
mistral_7b_instruct::trivia_qa_2_60k::base::main::40317,1
mistral_7b_instruct::trivia_qa_2_60k::base::main::23272,1
mistral_7b_instruct::trivia_qa_2_60k::base::main::34783,1
mistral_7b_instruct::trivia_qa_2_60k::base::main::33938,1
mistral_7b_instruct::trivia_qa_2_60k::base::main::12973,1
mistral_7b_instruct::trivia_qa_2_60k::base::main::40051,1
mistral_7b_instruct::trivia_qa_2_60k::base::main::26573,1
mistral_7b_instruct::trivia_qa_2_60k::base::main::37375,1
mistral_7b_instruct::trivia_qa_2_60k::base::main::35641,1
mistral_7b_instruct::trivia_qa_2_60k::base::main::4075,1
mistral_7b_instruct::trivia_qa_2_60k::base::main::2488,1
mistral_7b_instruct::trivia_qa_2_60k::base::main::43919,1
mistral_7b_instruct::trivia_qa_2_60k::base::main::44112,1
mistral_7b_instruct::trivia_qa_2_60k::base::main::6779,1
mistral_7b_instruct::trivia_qa_2_60k::base::main::11681,1
mistral_7b_instruct::trivia_qa_2_60k::base::main::49413,1
mistral_7b_instruct::trivia_qa_2_60k::base::main::39771,1
mistral_7b_instruct::trivia_qa_2_60k::base::main::11896,1
mistral_7b_instruct::trivia_qa_2_60k::base::main::31665,1
mistral_7b_instruct::trivia_qa_2_60k::base::main::7270,1
mistral_7b_instruct::trivia_qa_2_60k::base::main::35235,1
mistral_7b_instruct::trivia_qa_2_60k::base::main::55077,1
mistral_7b_instruct::trivia_qa_2_60k::base::main::14306,1
mistral_7b_instruct::trivia_qa_2_60k::base::main::40539,1
mistral_7b_instruct::trivia_qa_2_60k::base::main::5748,1
mistral_7b_instruct::trivia_qa_2_60k::base::main::32039,1
mistral_7b_instruct::trivia_qa_2_60k::base::main::1799,1
mistral_7b_instruct::trivia_qa_2_60k::base::main::27250,1
mistral_7b_instruct::trivia_qa_2_60k::base::main::18372,1
mistral_7b_instruct::trivia_qa_2_60k::base::main::50101,1
mistral_7b_instruct::trivia_qa_2_60k::base::main::2245,1
mistral_7b_instruct::trivia_qa_2_60k::base::main::7976,1
mistral_7b_instruct::trivia_qa_2_60k::base::main::11448,1
mistral_7b_instruct::trivia_qa_2_60k::base::main::53652,1
mistral_7b_instruct::trivia_qa_2_60k::base::main::9897,1
mistral_7b_instruct::trivia_qa_2_60k::base::main::5362,1
mistral_7b_instruct::trivia_qa_2_60k::base::main::10887,1
mistral_7b_instruct::trivia_qa_2_60k::base::main::19653,1
mistral_7b_instruct::trivia_qa_2_60k::base::main::54207,1
mistral_7b_instruct::trivia_qa_2_60k::base::main::29102,1
mistral_7b_instruct::trivia_qa_2_60k::base::main::34185,1
mistral_7b_instruct::trivia_qa_2_60k::base::main::5126,1
mistral_7b_instruct::trivia_qa_2_60k::base::main::39994,1
mistral_7b_instruct::trivia_qa_2_60k::base::main::37101,1
mistral_7b_instruct::trivia_qa_2_60k::base::main::37192,1
mistral_7b_instruct::trivia_qa_2_60k::base::main::15610,1
mistral_7b_instruct::trivia_qa_2_60k::base::main::366,1
mistral_7b_instruct::trivia_qa_2_60k::base::main::26144,1
mistral_7b_instruct::trivia_qa_2_60k::base::main::52642,1
mistral_7b_instruct::trivia_qa_2_60k::base::main::42911,1
mistral_7b_instruct::trivia_qa_2_60k::base::main::36013,1
mistral_7b_instruct::trivia_qa_2_60k::base::main::6017,1
mistral_7b_instruct::trivia_qa_2_60k::base::main::48379,1
mistral_7b_instruct::trivia_qa_2_60k::base::main::32614,1
mistral_7b_instruct::trivia_qa_2_60k::base::main::30266,1
mistral_7b_instruct::trivia_qa_2_60k::base::main::53693,1
mistral_7b_instruct::trivia_qa_2_60k::base::main::12240,1
mistral_7b_instruct::trivia_qa_2_60k::base::main::47899,1
mistral_7b_instruct::trivia_qa_2_60k::base::main::54432,1
mistral_7b_instruct::trivia_qa_2_60k::base::main::39887,1
mistral_7b_instruct::trivia_qa_2_60k::base::main::47778,1
mistral_7b_instruct::trivia_qa_2_60k::base::main::45604,1
mistral_7b_instruct::trivia_qa_2_60k::base::main::22906,1
mistral_7b_instruct::trivia_qa_2_60k::base::main::31730,1
mistral_7b_instruct::trivia_qa_2_60k::base::main::15744,1
mistral_7b_instruct::trivia_qa_2_60k::base::main::47755,1
mistral_7b_instruct::trivia_qa_2_60k::base::main::31889,1
mistral_7b_instruct::trivia_qa_2_60k::base::main::47022,1
mistral_7b_instruct::trivia_qa_2_60k::base::main::55571,1
mistral_7b_instruct::trivia_qa_2_60k::base::main::14606,1
mistral_7b_instruct::trivia_qa_2_60k::base::main::1931,1
mistral_7b_instruct::trivia_qa_2_60k::base::main::13374,1
mistral_7b_instruct::trivia_qa_2_60k::base::main::16031,1
mistral_7b_instruct::trivia_qa_2_60k::base::main::48531,1
mistral_7b_instruct::trivia_qa_2_60k::base::main::29129,1
mistral_7b_instruct::trivia_qa_2_60k::base::main::32065,1
mistral_7b_instruct::trivia_qa_2_60k::base::main::22411,1
mistral_7b_instruct::trivia_qa_2_60k::base::main::27390,1
mistral_7b_instruct::trivia_qa_2_60k::base::main::23200,1
mistral_7b_instruct::trivia_qa_2_60k::base::main::9928,1
mistral_7b_instruct::trivia_qa_2_60k::base::main::29479,1
mistral_7b_instruct::trivia_qa_2_60k::base::main::12572,1
mistral_7b_instruct::trivia_qa_2_60k::base::main::23471,1
mistral_7b_instruct::trivia_qa_2_60k::base::main::19683,1
mistral_7b_instruct::trivia_qa_2_60k::base::main::14288,1
mistral_7b_instruct::trivia_qa_2_60k::base::main::57815,1
mistral_7b_instruct::trivia_qa_2_60k::base::main::8769,1
mistral_7b_instruct::trivia_qa_2_60k::base::main::17630,1
mistral_7b_instruct::trivia_qa_2_60k::base::main::26538,1
mistral_7b_instruct::trivia_qa_2_60k::base::main::46722,1
mistral_7b_instruct::trivia_qa_2_60k::base::main::21509,1
mistral_7b_instruct::trivia_qa_2_60k::base::main::5582,1
mistral_7b_instruct::trivia_qa_2_60k::base::main::43106,1
mistral_7b_instruct::trivia_qa_2_60k::base::main::29139,1
mistral_7b_instruct::trivia_qa_2_60k::base::main::14846,1
mistral_7b_instruct::trivia_qa_2_60k::base::main::36322,1
mistral_7b_instruct::trivia_qa_2_60k::base::main::1162,1
mistral_7b_instruct::trivia_qa_2_60k::base::main::47433,1
mistral_7b_instruct::trivia_qa_2_60k::base::main::27091,1
mistral_7b_instruct::trivia_qa_2_60k::base::main::7090,1
mistral_7b_instruct::trivia_qa_2_60k::base::main::5413,1
mistral_7b_instruct::trivia_qa_2_60k::base::main::47973,1
mistral_7b_instruct::trivia_qa_2_60k::base::main::23757,1
mistral_7b_instruct::trivia_qa_2_60k::base::main::53799,1
mistral_7b_instruct::trivia_qa_2_60k::base::main::35719,1
mistral_7b_instruct::trivia_qa_2_60k::base::main::49648,1
mistral_7b_instruct::trivia_qa_2_60k::base::main::28431,1
mistral_7b_instruct::trivia_qa_2_60k::base::main::14087,1
mistral_7b_instruct::trivia_qa_2_60k::base::main::12448,1
mistral_7b_instruct::trivia_qa_2_60k::base::main::57029,1
mistral_7b_instruct::trivia_qa_2_60k::base::main::53748,1
mistral_7b_instruct::trivia_qa_2_60k::base::main::36133,1
mistral_7b_instruct::trivia_qa_2_60k::base::main::28246,1
mistral_7b_instruct::trivia_qa_2_60k::base::main::24709,1
mistral_7b_instruct::trivia_qa_2_60k::base::main::30964,1
mistral_7b_instruct::trivia_qa_2_60k::base::main::4809,1
mistral_7b_instruct::trivia_qa_2_60k::base::main::28595,1
mistral_7b_instruct::trivia_qa_2_60k::base::main::53254,1
mistral_7b_instruct::trivia_qa_2_60k::base::main::30331,1
mistral_7b_instruct::trivia_qa_2_60k::base::main::23273,1
mistral_7b_instruct::trivia_qa_2_60k::base::main::47521,1
mistral_7b_instruct::trivia_qa_2_60k::base::main::37198,1
mistral_7b_instruct::trivia_qa_2_60k::base::main::45361,1
mistral_7b_instruct::trivia_qa_2_60k::base::main::49863,1
mistral_7b_instruct::trivia_qa_2_60k::base::main::34269,1
mistral_7b_instruct::trivia_qa_2_60k::base::main::10648,1
mistral_7b_instruct::trivia_qa_2_60k::base::main::32141,1
mistral_7b_instruct::trivia_qa_2_60k::base::main::18931,1
mistral_7b_instruct::trivia_qa_2_60k::base::main::14122,1
mistral_7b_instruct::trivia_qa_2_60k::base::main::36578,1
mistral_7b_instruct::trivia_qa_2_60k::base::main::35933,1
mistral_7b_instruct::trivia_qa_2_60k::base::main::50596,1
mistral_7b_instruct::trivia_qa_2_60k::base::main::56934,1
mistral_7b_instruct::trivia_qa_2_60k::base::main::16366,1
mistral_7b_instruct::trivia_qa_2_60k::base::main::33297,1
mistral_7b_instruct::trivia_qa_2_60k::base::main::54483,1
mistral_7b_instruct::trivia_qa_2_60k::base::main::47952,1
mistral_7b_instruct::trivia_qa_2_60k::base::main::26923,1
mistral_7b_instruct::trivia_qa_2_60k::base::main::6244,1
mistral_7b_instruct::trivia_qa_2_60k::base::main::181,1
mistral_7b_instruct::trivia_qa_2_60k::base::main::33947,1
mistral_7b_instruct::trivia_qa_2_60k::base::main::14862,1
mistral_7b_instruct::trivia_qa_2_60k::base::main::39391,1
mistral_7b_instruct::trivia_qa_2_60k::base::main::37458,1
mistral_7b_instruct::trivia_qa_2_60k::base::main::22952,1
mistral_7b_instruct::trivia_qa_2_60k::base::main::22175,1
mistral_7b_instruct::trivia_qa_2_60k::base::main::32387,1
mistral_7b_instruct::trivia_qa_2_60k::base::main::44110,1
mistral_7b_instruct::trivia_qa_2_60k::base::main::26797,1
mistral_7b_instruct::trivia_qa_2_60k::base::main::29702,1
mistral_7b_instruct::trivia_qa_2_60k::base::main::53892,1
mistral_7b_instruct::trivia_qa_2_60k::base::main::44607,1
mistral_7b_instruct::trivia_qa_2_60k::base::main::19745,1
mistral_7b_instruct::trivia_qa_2_60k::base::main::17546,1
mistral_7b_instruct::trivia_qa_2_60k::base::main::50127,1
mistral_7b_instruct::trivia_qa_2_60k::base::main::56081,1
mistral_7b_instruct::trivia_qa_2_60k::base::main::14085,1
mistral_7b_instruct::trivia_qa_2_60k::base::main::32000,1
mistral_7b_instruct::trivia_qa_2_60k::base::main::3148,1
mistral_7b_instruct::trivia_qa_2_60k::base::main::34605,1
mistral_7b_instruct::trivia_qa_2_60k::base::main::22342,1
mistral_7b_instruct::trivia_qa_2_60k::base::main::13502,1
mistral_7b_instruct::trivia_qa_2_60k::base::main::44693,1
mistral_7b_instruct::trivia_qa_2_60k::base::main::6727,1
mistral_7b_instruct::trivia_qa_2_60k::base::main::58390,1
mistral_7b_instruct::trivia_qa_2_60k::base::main::28234,1
mistral_7b_instruct::trivia_qa_2_60k::base::main::4951,1
mistral_7b_instruct::trivia_qa_2_60k::base::main::5230,1
mistral_7b_instruct::trivia_qa_2_60k::base::main::19442,1
mistral_7b_instruct::trivia_qa_2_60k::base::main::58403,1
mistral_7b_instruct::trivia_qa_2_60k::base::main::46285,1
mistral_7b_instruct::trivia_qa_2_60k::base::main::23567,1
mistral_7b_instruct::trivia_qa_2_60k::base::main::22824,1
mistral_7b_instruct::trivia_qa_2_60k::base::main::22118,1
mistral_7b_instruct::trivia_qa_2_60k::base::main::27614,1
mistral_7b_instruct::trivia_qa_2_60k::base::main::27345,1
mistral_7b_instruct::trivia_qa_2_60k::base::main::2616,1
mistral_7b_instruct::trivia_qa_2_60k::base::main::52336,1
mistral_7b_instruct::trivia_qa_2_60k::base::main::47581,1
mistral_7b_instruct::trivia_qa_2_60k::base::main::24395,1
mistral_7b_instruct::trivia_qa_2_60k::base::main::2240,1
mistral_7b_instruct::trivia_qa_2_60k::base::main::50159,1
mistral_7b_instruct::trivia_qa_2_60k::base::main::23613,1
mistral_7b_instruct::trivia_qa_2_60k::base::main::19524,1
mistral_7b_instruct::trivia_qa_2_60k::base::main::18105,1
mistral_7b_instruct::trivia_qa_2_60k::base::main::55461,1
mistral_7b_instruct::trivia_qa_2_60k::base::main::50277,1
mistral_7b_instruct::trivia_qa_2_60k::base::main::7634,1
mistral_7b_instruct::trivia_qa_2_60k::base::main::17605,1
mistral_7b_instruct::trivia_qa_2_60k::base::main::44722,1
mistral_7b_instruct::trivia_qa_2_60k::base::main::22859,1
mistral_7b_instruct::trivia_qa_2_60k::base::main::18301,1
mistral_7b_instruct::trivia_qa_2_60k::base::main::5919,1
mistral_7b_instruct::trivia_qa_2_60k::base::main::9626,1
mistral_7b_instruct::trivia_qa_2_60k::base::main::43878,1
mistral_7b_instruct::trivia_qa_2_60k::base::main::45223,1
mistral_7b_instruct::trivia_qa_2_60k::base::main::12032,1
mistral_7b_instruct::trivia_qa_2_60k::base::main::11028,1
mistral_7b_instruct::trivia_qa_2_60k::base::main::514,1
mistral_7b_instruct::trivia_qa_2_60k::base::main::18721,1
mistral_7b_instruct::trivia_qa_2_60k::base::main::55111,1
mistral_7b_instruct::trivia_qa_2_60k::base::main::14483,1
mistral_7b_instruct::trivia_qa_2_60k::base::main::30154,1
mistral_7b_instruct::trivia_qa_2_60k::base::main::14800,1
mistral_7b_instruct::trivia_qa_2_60k::base::main::24713,1
mistral_7b_instruct::trivia_qa_2_60k::base::main::31193,1
mistral_7b_instruct::trivia_qa_2_60k::base::main::45425,1
mistral_7b_instruct::trivia_qa_2_60k::base::main::18308,1
mistral_7b_instruct::trivia_qa_2_60k::base::main::46679,1
mistral_7b_instruct::trivia_qa_2_60k::base::main::38475,1
mistral_7b_instruct::trivia_qa_2_60k::base::main::18464,1
mistral_7b_instruct::trivia_qa_2_60k::base::main::32185,1
mistral_7b_instruct::trivia_qa_2_60k::base::main::48423,1
mistral_7b_instruct::trivia_qa_2_60k::base::main::32634,1
mistral_7b_instruct::trivia_qa_2_60k::base::main::50005,1
mistral_7b_instruct::trivia_qa_2_60k::base::main::18982,1
mistral_7b_instruct::trivia_qa_2_60k::base::main::36876,1
mistral_7b_instruct::trivia_qa_2_60k::base::main::2471,1
mistral_7b_instruct::trivia_qa_2_60k::base::main::54068,1
mistral_7b_instruct::trivia_qa_2_60k::base::main::56583,1
mistral_7b_instruct::trivia_qa_2_60k::base::main::19636,1
mistral_7b_instruct::trivia_qa_2_60k::base::main::45828,1
mistral_7b_instruct::trivia_qa_2_60k::base::main::22900,1
mistral_7b_instruct::trivia_qa_2_60k::base::main::33263,1
mistral_7b_instruct::trivia_qa_2_60k::base::main::7567,1
mistral_7b_instruct::trivia_qa_2_60k::base::main::48642,1
mistral_7b_instruct::trivia_qa_2_60k::base::main::11472,1
mistral_7b_instruct::trivia_qa_2_60k::base::main::52401,1
mistral_7b_instruct::trivia_qa_2_60k::base::main::51114,1
mistral_7b_instruct::trivia_qa_2_60k::base::main::21020,1
mistral_7b_instruct::trivia_qa_2_60k::base::main::30104,1
mistral_7b_instruct::trivia_qa_2_60k::base::main::58219,1
mistral_7b_instruct::trivia_qa_2_60k::base::main::22127,1
mistral_7b_instruct::trivia_qa_2_60k::base::main::52056,1
mistral_7b_instruct::trivia_qa_2_60k::base::main::18143,1
mistral_7b_instruct::trivia_qa_2_60k::base::main::37732,1
mistral_7b_instruct::trivia_qa_2_60k::base::main::52997,1
mistral_7b_instruct::trivia_qa_2_60k::base::main::34397,1
mistral_7b_instruct::trivia_qa_2_60k::base::main::22269,1
mistral_7b_instruct::trivia_qa_2_60k::base::main::3834,1
mistral_7b_instruct::trivia_qa_2_60k::base::main::81,1
mistral_7b_instruct::trivia_qa_2_60k::base::main::16943,1
mistral_7b_instruct::trivia_qa_2_60k::base::main::34136,1
mistral_7b_instruct::trivia_qa_2_60k::base::main::26087,1
mistral_7b_instruct::trivia_qa_2_60k::base::main::22500,1
mistral_7b_instruct::trivia_qa_2_60k::base::main::14076,1
mistral_7b_instruct::trivia_qa_2_60k::base::main::27188,1
mistral_7b_instruct::trivia_qa_2_60k::base::main::48695,1
mistral_7b_instruct::trivia_qa_2_60k::base::main::25267,1
mistral_7b_instruct::trivia_qa_2_60k::base::main::46935,1
mistral_7b_instruct::trivia_qa_2_60k::base::main::46648,1
mistral_7b_instruct::trivia_qa_2_60k::base::main::34861,1
mistral_7b_instruct::trivia_qa_2_60k::base::main::17334,1
mistral_7b_instruct::trivia_qa_2_60k::base::main::49429,1
mistral_7b_instruct::trivia_qa_2_60k::base::main::10907,1
mistral_7b_instruct::trivia_qa_2_60k::base::main::49387,1
mistral_7b_instruct::trivia_qa_2_60k::base::main::34481,1
mistral_7b_instruct::trivia_qa_2_60k::base::main::37770,1
mistral_7b_instruct::trivia_qa_2_60k::base::main::33633,1
mistral_7b_instruct::trivia_qa_2_60k::base::main::38935,1
mistral_7b_instruct::trivia_qa_2_60k::base::main::52472,1
mistral_7b_instruct::trivia_qa_2_60k::base::main::15044,1
mistral_7b_instruct::trivia_qa_2_60k::base::main::11619,1
mistral_7b_instruct::trivia_qa_2_60k::base::main::26266,1
mistral_7b_instruct::trivia_qa_2_60k::base::main::13817,1
mistral_7b_instruct::trivia_qa_2_60k::base::main::45864,1
mistral_7b_instruct::trivia_qa_2_60k::base::main::45453,1
mistral_7b_instruct::trivia_qa_2_60k::base::main::5554,1
mistral_7b_instruct::trivia_qa_2_60k::base::main::17041,1
mistral_7b_instruct::trivia_qa_2_60k::base::main::56515,1
mistral_7b_instruct::trivia_qa_2_60k::base::main::26256,1
mistral_7b_instruct::trivia_qa_2_60k::base::main::46292,1
mistral_7b_instruct::trivia_qa_2_60k::base::main::15354,1
mistral_7b_instruct::trivia_qa_2_60k::base::main::56775,1
mistral_7b_instruct::trivia_qa_2_60k::base::main::29729,1
mistral_7b_instruct::trivia_qa_2_60k::base::main::21716,1
mistral_7b_instruct::trivia_qa_2_60k::base::main::31646,1
mistral_7b_instruct::trivia_qa_2_60k::base::main::51105,1
mistral_7b_instruct::trivia_qa_2_60k::base::main::10324,1
mistral_7b_instruct::trivia_qa_2_60k::base::main::44656,1
mistral_7b_instruct::trivia_qa_2_60k::base::main::17497,1
mistral_7b_instruct::trivia_qa_2_60k::base::main::25725,1
mistral_7b_instruct::trivia_qa_2_60k::base::main::36525,1
mistral_7b_instruct::trivia_qa_2_60k::base::main::18836,1
mistral_7b_instruct::trivia_qa_2_60k::base::main::23045,1
mistral_7b_instruct::trivia_qa_2_60k::base::main::1872,1
mistral_7b_instruct::trivia_qa_2_60k::base::main::19127,1
mistral_7b_instruct::trivia_qa_2_60k::base::main::17811,1
mistral_7b_instruct::trivia_qa_2_60k::base::main::20453,1
mistral_7b_instruct::trivia_qa_2_60k::base::main::2011,1
mistral_7b_instruct::trivia_qa_2_60k::base::main::5900,1
mistral_7b_instruct::trivia_qa_2_60k::base::main::56017,1
mistral_7b_instruct::trivia_qa_2_60k::base::main::40062,1
mistral_7b_instruct::trivia_qa_2_60k::base::main::55242,1
mistral_7b_instruct::trivia_qa_2_60k::base::main::41990,1
mistral_7b_instruct::trivia_qa_2_60k::base::main::5543,1
mistral_7b_instruct::trivia_qa_2_60k::base::main::33995,1
mistral_7b_instruct::trivia_qa_2_60k::base::main::18605,1
mistral_7b_instruct::trivia_qa_2_60k::base::main::43915,1
mistral_7b_instruct::trivia_qa_2_60k::base::main::1830,1
mistral_7b_instruct::trivia_qa_2_60k::base::main::18516,1
mistral_7b_instruct::trivia_qa_2_60k::base::main::15709,1
mistral_7b_instruct::trivia_qa_2_60k::base::main::18665,1
mistral_7b_instruct::trivia_qa_2_60k::base::main::15760,1
mistral_7b_instruct::trivia_qa_2_60k::base::main::22577,1
mistral_7b_instruct::trivia_qa_2_60k::base::main::43882,1
mistral_7b_instruct::trivia_qa_2_60k::base::main::45355,1
mistral_7b_instruct::trivia_qa_2_60k::base::main::5598,1
mistral_7b_instruct::trivia_qa_2_60k::base::main::42168,1
mistral_7b_instruct::trivia_qa_2_60k::base::main::36975,1
mistral_7b_instruct::trivia_qa_2_60k::base::main::32783,1
mistral_7b_instruct::trivia_qa_2_60k::base::main::55294,1
mistral_7b_instruct::trivia_qa_2_60k::base::main::28953,1
mistral_7b_instruct::trivia_qa_2_60k::base::main::39934,1
mistral_7b_instruct::trivia_qa_2_60k::base::main::54946,1
mistral_7b_instruct::trivia_qa_2_60k::base::main::22972,1
mistral_7b_instruct::trivia_qa_2_60k::base::main::20555,1
mistral_7b_instruct::trivia_qa_2_60k::base::main::46827,1
mistral_7b_instruct::trivia_qa_2_60k::base::main::56873,1
mistral_7b_instruct::trivia_qa_2_60k::base::main::31132,1
mistral_7b_instruct::trivia_qa_2_60k::base::main::20145,1
mistral_7b_instruct::trivia_qa_2_60k::base::main::42102,1
mistral_7b_instruct::trivia_qa_2_60k::base::main::45633,1
mistral_7b_instruct::trivia_qa_2_60k::base::main::46006,1
mistral_7b_instruct::trivia_qa_2_60k::base::main::47167,1
mistral_7b_instruct::trivia_qa_2_60k::base::main::14020,1
mistral_7b_instruct::trivia_qa_2_60k::base::main::8767,1
mistral_7b_instruct::trivia_qa_2_60k::base::main::54425,1
mistral_7b_instruct::trivia_qa_2_60k::base::main::41458,1
mistral_7b_instruct::trivia_qa_2_60k::base::main::3797,1
mistral_7b_instruct::trivia_qa_2_60k::base::main::26890,1
mistral_7b_instruct::trivia_qa_2_60k::base::main::39843,1
mistral_7b_instruct::trivia_qa_2_60k::base::main::1127,1
mistral_7b_instruct::trivia_qa_2_60k::base::main::41570,1
mistral_7b_instruct::trivia_qa_2_60k::base::main::46710,1
mistral_7b_instruct::trivia_qa_2_60k::base::main::14166,1
mistral_7b_instruct::trivia_qa_2_60k::base::main::38406,1
mistral_7b_instruct::trivia_qa_2_60k::base::main::3640,1
mistral_7b_instruct::trivia_qa_2_60k::base::main::7596,1
mistral_7b_instruct::trivia_qa_2_60k::base::main::8962,1
mistral_7b_instruct::trivia_qa_2_60k::base::main::46002,1
mistral_7b_instruct::trivia_qa_2_60k::base::main::24532,1
mistral_7b_instruct::trivia_qa_2_60k::base::main::29314,1
mistral_7b_instruct::trivia_qa_2_60k::base::main::50087,1
mistral_7b_instruct::trivia_qa_2_60k::base::main::32737,1
mistral_7b_instruct::trivia_qa_2_60k::base::main::27812,1
mistral_7b_instruct::trivia_qa_2_60k::base::main::42493,1
mistral_7b_instruct::trivia_qa_2_60k::base::main::18644,1
mistral_7b_instruct::trivia_qa_2_60k::base::main::3853,1
mistral_7b_instruct::trivia_qa_2_60k::base::main::5074,1
mistral_7b_instruct::trivia_qa_2_60k::base::main::45268,1
mistral_7b_instruct::trivia_qa_2_60k::base::main::52297,1
mistral_7b_instruct::trivia_qa_2_60k::base::main::44403,1
mistral_7b_instruct::trivia_qa_2_60k::base::main::3254,1
mistral_7b_instruct::trivia_qa_2_60k::base::main::43287,1
mistral_7b_instruct::trivia_qa_2_60k::base::main::18702,1
mistral_7b_instruct::trivia_qa_2_60k::base::main::2664,1
mistral_7b_instruct::trivia_qa_2_60k::base::main::36294,1
mistral_7b_instruct::trivia_qa_2_60k::base::main::13894,1
mistral_7b_instruct::trivia_qa_2_60k::base::main::5720,1
mistral_7b_instruct::trivia_qa_2_60k::base::main::27428,1
mistral_7b_instruct::trivia_qa_2_60k::base::main::28025,1
mistral_7b_instruct::trivia_qa_2_60k::base::main::34256,0
mistral_7b_instruct::trivia_qa_2_60k::base::main::16620,0
mistral_7b_instruct::trivia_qa_2_60k::base::main::40668,0
mistral_7b_instruct::trivia_qa_2_60k::base::main::47811,0
mistral_7b_instruct::trivia_qa_2_60k::base::main::29932,0
mistral_7b_instruct::trivia_qa_2_60k::base::main::18160,0
mistral_7b_instruct::trivia_qa_2_60k::base::main::25878,0
mistral_7b_instruct::trivia_qa_2_60k::base::main::18226,0
mistral_7b_instruct::trivia_qa_2_60k::base::main::45311,0
mistral_7b_instruct::trivia_qa_2_60k::base::main::33889,0
mistral_7b_instruct::trivia_qa_2_60k::base::main::34567,0
mistral_7b_instruct::trivia_qa_2_60k::base::main::47573,0
mistral_7b_instruct::trivia_qa_2_60k::base::main::56021,0
mistral_7b_instruct::trivia_qa_2_60k::base::main::40094,0
mistral_7b_instruct::trivia_qa_2_60k::base::main::44676,0
mistral_7b_instruct::trivia_qa_2_60k::base::main::29551,0
mistral_7b_instruct::trivia_qa_2_60k::base::main::476,0
mistral_7b_instruct::trivia_qa_2_60k::base::main::24005,0
mistral_7b_instruct::trivia_qa_2_60k::base::main::45151,0
mistral_7b_instruct::trivia_qa_2_60k::base::main::14502,0
mistral_7b_instruct::trivia_qa_2_60k::base::main::14873,0
mistral_7b_instruct::trivia_qa_2_60k::base::main::40779,0
mistral_7b_instruct::trivia_qa_2_60k::base::main::42165,0
mistral_7b_instruct::trivia_qa_2_60k::base::main::36042,0
mistral_7b_instruct::trivia_qa_2_60k::base::main::40330,0
mistral_7b_instruct::trivia_qa_2_60k::base::main::26291,0
mistral_7b_instruct::trivia_qa_2_60k::base::main::9275,0
mistral_7b_instruct::trivia_qa_2_60k::base::main::17195,0
mistral_7b_instruct::trivia_qa_2_60k::base::main::10421,0
mistral_7b_instruct::trivia_qa_2_60k::base::main::41052,0
mistral_7b_instruct::trivia_qa_2_60k::base::main::23741,0
mistral_7b_instruct::trivia_qa_2_60k::base::main::18509,0
mistral_7b_instruct::trivia_qa_2_60k::base::main::29194,0
mistral_7b_instruct::trivia_qa_2_60k::base::main::18667,0
mistral_7b_instruct::trivia_qa_2_60k::base::main::49280,0
mistral_7b_instruct::trivia_qa_2_60k::base::main::51922,0
mistral_7b_instruct::trivia_qa_2_60k::base::main::6892,0
mistral_7b_instruct::trivia_qa_2_60k::base::main::52933,0
mistral_7b_instruct::trivia_qa_2_60k::base::main::43472,0
mistral_7b_instruct::trivia_qa_2_60k::base::main::25776,0
mistral_7b_instruct::trivia_qa_2_60k::base::main::15154,0
mistral_7b_instruct::trivia_qa_2_60k::base::main::31652,0
mistral_7b_instruct::trivia_qa_2_60k::base::main::37739,0
mistral_7b_instruct::trivia_qa_2_60k::base::main::30600,0
mistral_7b_instruct::trivia_qa_2_60k::base::main::18841,0
mistral_7b_instruct::trivia_qa_2_60k::base::main::58270,0
mistral_7b_instruct::trivia_qa_2_60k::base::main::18934,0
mistral_7b_instruct::trivia_qa_2_60k::base::main::1412,0
mistral_7b_instruct::trivia_qa_2_60k::base::main::21330,0
mistral_7b_instruct::trivia_qa_2_60k::base::main::14482,0
mistral_7b_instruct::trivia_qa_2_60k::base::main::38458,0
mistral_7b_instruct::trivia_qa_2_60k::base::main::7985,0
mistral_7b_instruct::trivia_qa_2_60k::base::main::58325,0
mistral_7b_instruct::trivia_qa_2_60k::base::main::34388,0
mistral_7b_instruct::trivia_qa_2_60k::base::main::3101,0
mistral_7b_instruct::trivia_qa_2_60k::base::main::50760,0
mistral_7b_instruct::trivia_qa_2_60k::base::main::48575,0
mistral_7b_instruct::trivia_qa_2_60k::base::main::3512,0
mistral_7b_instruct::trivia_qa_2_60k::base::main::51424,0
mistral_7b_instruct::trivia_qa_2_60k::base::main::9738,0
mistral_7b_instruct::trivia_qa_2_60k::base::main::27504,0
mistral_7b_instruct::trivia_qa_2_60k::base::main::27982,0
mistral_7b_instruct::trivia_qa_2_60k::base::main::18000,0
mistral_7b_instruct::trivia_qa_2_60k::base::main::52206,0
mistral_7b_instruct::trivia_qa_2_60k::base::main::56426,0
mistral_7b_instruct::trivia_qa_2_60k::base::main::12632,0
mistral_7b_instruct::trivia_qa_2_60k::base::main::9634,0
mistral_7b_instruct::trivia_qa_2_60k::base::main::8673,0
mistral_7b_instruct::trivia_qa_2_60k::base::main::7625,0
mistral_7b_instruct::trivia_qa_2_60k::base::main::30830,0
mistral_7b_instruct::trivia_qa_2_60k::base::main::55501,0
mistral_7b_instruct::trivia_qa_2_60k::base::main::32773,0
mistral_7b_instruct::trivia_qa_2_60k::base::main::54388,0
mistral_7b_instruct::trivia_qa_2_60k::base::main::3518,0
mistral_7b_instruct::trivia_qa_2_60k::base::main::35913,0
mistral_7b_instruct::trivia_qa_2_60k::base::main::6484,0
mistral_7b_instruct::trivia_qa_2_60k::base::main::49091,0
mistral_7b_instruct::trivia_qa_2_60k::base::main::53048,0
mistral_7b_instruct::trivia_qa_2_60k::base::main::5482,0
mistral_7b_instruct::trivia_qa_2_60k::base::main::41965,0
mistral_7b_instruct::trivia_qa_2_60k::base::main::47887,0
mistral_7b_instruct::trivia_qa_2_60k::base::main::52523,0
mistral_7b_instruct::trivia_qa_2_60k::base::main::34375,0
mistral_7b_instruct::trivia_qa_2_60k::base::main::33043,0
mistral_7b_instruct::trivia_qa_2_60k::base::main::56432,0
mistral_7b_instruct::trivia_qa_2_60k::base::main::32091,0
mistral_7b_instruct::trivia_qa_2_60k::base::main::10884,0
mistral_7b_instruct::trivia_qa_2_60k::base::main::26490,0
mistral_7b_instruct::trivia_qa_2_60k::base::main::56477,0
mistral_7b_instruct::trivia_qa_2_60k::base::main::43974,0
mistral_7b_instruct::trivia_qa_2_60k::base::main::30587,0
mistral_7b_instruct::trivia_qa_2_60k::base::main::15399,0
mistral_7b_instruct::trivia_qa_2_60k::base::main::10059,0
mistral_7b_instruct::trivia_qa_2_60k::base::main::36295,0
mistral_7b_instruct::trivia_qa_2_60k::base::main::12029,0
mistral_7b_instruct::trivia_qa_2_60k::base::main::34497,0
mistral_7b_instruct::trivia_qa_2_60k::base::main::15416,0
mistral_7b_instruct::trivia_qa_2_60k::base::main::46162,0
mistral_7b_instruct::trivia_qa_2_60k::base::main::14542,0
mistral_7b_instruct::trivia_qa_2_60k::base::main::38108,0
mistral_7b_instruct::trivia_qa_2_60k::base::main::26453,0
mistral_7b_instruct::trivia_qa_2_60k::base::main::24218,0
mistral_7b_instruct::trivia_qa_2_60k::base::main::14584,0
mistral_7b_instruct::trivia_qa_2_60k::base::main::14532,0
mistral_7b_instruct::trivia_qa_2_60k::base::main::42121,0
mistral_7b_instruct::trivia_qa_2_60k::base::main::35605,0
mistral_7b_instruct::trivia_qa_2_60k::base::main::51482,0
mistral_7b_instruct::trivia_qa_2_60k::base::main::53344,0
mistral_7b_instruct::trivia_qa_2_60k::base::main::53789,0
mistral_7b_instruct::trivia_qa_2_60k::base::main::37056,0
mistral_7b_instruct::trivia_qa_2_60k::base::main::41725,0
mistral_7b_instruct::trivia_qa_2_60k::base::main::4078,0
mistral_7b_instruct::trivia_qa_2_60k::base::main::54585,0
mistral_7b_instruct::trivia_qa_2_60k::base::main::41163,0
mistral_7b_instruct::trivia_qa_2_60k::base::main::31283,0
mistral_7b_instruct::trivia_qa_2_60k::base::main::25222,0
mistral_7b_instruct::trivia_qa_2_60k::base::main::2134,0
mistral_7b_instruct::trivia_qa_2_60k::base::main::49015,0
mistral_7b_instruct::trivia_qa_2_60k::base::main::39463,0
mistral_7b_instruct::trivia_qa_2_60k::base::main::9570,0
mistral_7b_instruct::trivia_qa_2_60k::base::main::17963,0
mistral_7b_instruct::trivia_qa_2_60k::base::main::49571,0
mistral_7b_instruct::trivia_qa_2_60k::base::main::23521,0
mistral_7b_instruct::trivia_qa_2_60k::base::main::10022,0
mistral_7b_instruct::trivia_qa_2_60k::base::main::16432,0
mistral_7b_instruct::trivia_qa_2_60k::base::main::18129,0
mistral_7b_instruct::trivia_qa_2_60k::base::main::17132,0
mistral_7b_instruct::trivia_qa_2_60k::base::main::17439,0
mistral_7b_instruct::trivia_qa_2_60k::base::main::45050,0
mistral_7b_instruct::trivia_qa_2_60k::base::main::37055,0
mistral_7b_instruct::trivia_qa_2_60k::base::main::6261,0
mistral_7b_instruct::trivia_qa_2_60k::base::main::16849,0
mistral_7b_instruct::trivia_qa_2_60k::base::main::44286,0
mistral_7b_instruct::trivia_qa_2_60k::base::main::55544,0
mistral_7b_instruct::trivia_qa_2_60k::base::main::1892,0
mistral_7b_instruct::trivia_qa_2_60k::base::main::6838,0
mistral_7b_instruct::trivia_qa_2_60k::base::main::17346,0
mistral_7b_instruct::trivia_qa_2_60k::base::main::20908,0
mistral_7b_instruct::trivia_qa_2_60k::base::main::44253,0
mistral_7b_instruct::trivia_qa_2_60k::base::main::58373,0
mistral_7b_instruct::trivia_qa_2_60k::base::main::16054,0
mistral_7b_instruct::trivia_qa_2_60k::base::main::12459,0
mistral_7b_instruct::trivia_qa_2_60k::base::main::16554,0
mistral_7b_instruct::trivia_qa_2_60k::base::main::56329,0
mistral_7b_instruct::trivia_qa_2_60k::base::main::33437,0
mistral_7b_instruct::trivia_qa_2_60k::base::main::21265,0
mistral_7b_instruct::trivia_qa_2_60k::base::main::14518,0
mistral_7b_instruct::trivia_qa_2_60k::base::main::34199,0
mistral_7b_instruct::trivia_qa_2_60k::base::main::36375,0
mistral_7b_instruct::trivia_qa_2_60k::base::main::34401,0
mistral_7b_instruct::trivia_qa_2_60k::base::main::37261,0
mistral_7b_instruct::trivia_qa_2_60k::base::main::31492,0
mistral_7b_instruct::trivia_qa_2_60k::base::main::40234,0
mistral_7b_instruct::trivia_qa_2_60k::base::main::31296,0
mistral_7b_instruct::trivia_qa_2_60k::base::main::41265,0
mistral_7b_instruct::trivia_qa_2_60k::base::main::29246,0
mistral_7b_instruct::trivia_qa_2_60k::base::main::41481,0
mistral_7b_instruct::trivia_qa_2_60k::base::main::36069,0
mistral_7b_instruct::trivia_qa_2_60k::base::main::21308,0
mistral_7b_instruct::trivia_qa_2_60k::base::main::35996,0
mistral_7b_instruct::trivia_qa_2_60k::base::main::32014,0
mistral_7b_instruct::trivia_qa_2_60k::base::main::12176,0
mistral_7b_instruct::trivia_qa_2_60k::base::main::40023,0
mistral_7b_instruct::trivia_qa_2_60k::base::main::27197,0
mistral_7b_instruct::trivia_qa_2_60k::base::main::50563,0
mistral_7b_instruct::trivia_qa_2_60k::base::main::39241,0
mistral_7b_instruct::trivia_qa_2_60k::base::main::27144,0
mistral_7b_instruct::trivia_qa_2_60k::base::main::45997,0
mistral_7b_instruct::trivia_qa_2_60k::base::main::9426,0
mistral_7b_instruct::trivia_qa_2_60k::base::main::26686,0
mistral_7b_instruct::trivia_qa_2_60k::base::main::5932,0
mistral_7b_instruct::trivia_qa_2_60k::base::main::8002,0
mistral_7b_instruct::trivia_qa_2_60k::base::main::19945,0
mistral_7b_instruct::trivia_qa_2_60k::base::main::35882,0
mistral_7b_instruct::trivia_qa_2_60k::base::main::22413,0
mistral_7b_instruct::trivia_qa_2_60k::base::main::14151,0
mistral_7b_instruct::trivia_qa_2_60k::base::main::3961,0
mistral_7b_instruct::trivia_qa_2_60k::base::main::2731,0
mistral_7b_instruct::trivia_qa_2_60k::base::main::34999,0
mistral_7b_instruct::trivia_qa_2_60k::base::main::24356,0
mistral_7b_instruct::trivia_qa_2_60k::base::main::2441,0
mistral_7b_instruct::trivia_qa_2_60k::base::main::8872,0
mistral_7b_instruct::trivia_qa_2_60k::base::main::19373,0
mistral_7b_instruct::trivia_qa_2_60k::base::main::1407,0
mistral_7b_instruct::trivia_qa_2_60k::base::main::17408,0
mistral_7b_instruct::trivia_qa_2_60k::base::main::13114,0
mistral_7b_instruct::trivia_qa_2_60k::base::main::19141,0
mistral_7b_instruct::trivia_qa_2_60k::base::main::42692,0
mistral_7b_instruct::trivia_qa_2_60k::base::main::29374,0
mistral_7b_instruct::trivia_qa_2_60k::base::main::14769,0
mistral_7b_instruct::trivia_qa_2_60k::base::main::19487,0
mistral_7b_instruct::trivia_qa_2_60k::base::main::51989,0
mistral_7b_instruct::trivia_qa_2_60k::base::main::48326,0
mistral_7b_instruct::trivia_qa_2_60k::base::main::41351,0
mistral_7b_instruct::trivia_qa_2_60k::base::main::10349,0
mistral_7b_instruct::trivia_qa_2_60k::base::main::11999,0
mistral_7b_instruct::trivia_qa_2_60k::base::main::44973,0
mistral_7b_instruct::trivia_qa_2_60k::base::main::43477,0
mistral_7b_instruct::trivia_qa_2_60k::base::main::39314,0
mistral_7b_instruct::trivia_qa_2_60k::base::main::29866,0
mistral_7b_instruct::trivia_qa_2_60k::base::main::53508,0
mistral_7b_instruct::trivia_qa_2_60k::base::main::38132,0
mistral_7b_instruct::trivia_qa_2_60k::base::main::38324,0
mistral_7b_instruct::trivia_qa_2_60k::base::main::56218,0
mistral_7b_instruct::trivia_qa_2_60k::base::main::49363,0
mistral_7b_instruct::trivia_qa_2_60k::base::main::21034,0
mistral_7b_instruct::trivia_qa_2_60k::base::main::1583,0
mistral_7b_instruct::trivia_qa_2_60k::base::main::33813,0
mistral_7b_instruct::trivia_qa_2_60k::base::main::15573,0
mistral_7b_instruct::trivia_qa_2_60k::base::main::39261,0
mistral_7b_instruct::trivia_qa_2_60k::base::main::44728,0
mistral_7b_instruct::trivia_qa_2_60k::base::main::46048,0
mistral_7b_instruct::trivia_qa_2_60k::base::main::26295,0
mistral_7b_instruct::trivia_qa_2_60k::base::main::50262,0
mistral_7b_instruct::trivia_qa_2_60k::base::main::35616,0
mistral_7b_instruct::trivia_qa_2_60k::base::main::40076,0
mistral_7b_instruct::trivia_qa_2_60k::base::main::27055,0
mistral_7b_instruct::trivia_qa_2_60k::base::main::22080,0
mistral_7b_instruct::trivia_qa_2_60k::base::main::12834,0
mistral_7b_instruct::trivia_qa_2_60k::base::main::48853,0
mistral_7b_instruct::trivia_qa_2_60k::base::main::35681,0
mistral_7b_instruct::trivia_qa_2_60k::base::main::12625,0
mistral_7b_instruct::trivia_qa_2_60k::base::main::55257,0
mistral_7b_instruct::trivia_qa_2_60k::base::main::19785,0
mistral_7b_instruct::trivia_qa_2_60k::base::main::40261,0
mistral_7b_instruct::trivia_qa_2_60k::base::main::17990,0
mistral_7b_instruct::trivia_qa_2_60k::base::main::42350,0
mistral_7b_instruct::trivia_qa_2_60k::base::main::41769,0
mistral_7b_instruct::trivia_qa_2_60k::base::main::34328,0
mistral_7b_instruct::trivia_qa_2_60k::base::main::49671,0
mistral_7b_instruct::trivia_qa_2_60k::base::main::19921,0
mistral_7b_instruct::trivia_qa_2_60k::base::main::17676,0
mistral_7b_instruct::trivia_qa_2_60k::base::main::1518,0
mistral_7b_instruct::trivia_qa_2_60k::base::main::4164,0
mistral_7b_instruct::trivia_qa_2_60k::base::main::27070,0
mistral_7b_instruct::trivia_qa_2_60k::base::main::54742,0
mistral_7b_instruct::trivia_qa_2_60k::base::main::52258,0
mistral_7b_instruct::trivia_qa_2_60k::base::main::25962,0
mistral_7b_instruct::trivia_qa_2_60k::base::main::23090,0
mistral_7b_instruct::trivia_qa_2_60k::base::main::14227,0
mistral_7b_instruct::trivia_qa_2_60k::base::main::31821,0
mistral_7b_instruct::trivia_qa_2_60k::base::main::24419,0
mistral_7b_instruct::trivia_qa_2_60k::base::main::45755,0
mistral_7b_instruct::trivia_qa_2_60k::base::main::6646,0
mistral_7b_instruct::trivia_qa_2_60k::base::main::56108,0
mistral_7b_instruct::trivia_qa_2_60k::base::main::10316,0
mistral_7b_instruct::trivia_qa_2_60k::base::main::1251,0
mistral_7b_instruct::trivia_qa_2_60k::base::main::39550,0
mistral_7b_instruct::trivia_qa_2_60k::base::main::53125,0
mistral_7b_instruct::trivia_qa_2_60k::base::main::25144,0
mistral_7b_instruct::trivia_qa_2_60k::base::main::45125,0
mistral_7b_instruct::trivia_qa_2_60k::base::main::50982,0
mistral_7b_instruct::trivia_qa_2_60k::base::main::36681,0
mistral_7b_instruct::trivia_qa_2_60k::base::main::38359,0
mistral_7b_instruct::trivia_qa_2_60k::base::main::29278,0
mistral_7b_instruct::trivia_qa_2_60k::base::main::52082,0
mistral_7b_instruct::trivia_qa_2_60k::base::main::6914,0
mistral_7b_instruct::trivia_qa_2_60k::base::main::6359,0
mistral_7b_instruct::trivia_qa_2_60k::base::main::28803,0
mistral_7b_instruct::trivia_qa_2_60k::base::main::7613,0
mistral_7b_instruct::trivia_qa_2_60k::base::main::17137,0
mistral_7b_instruct::trivia_qa_2_60k::base::main::12953,0
mistral_7b_instruct::trivia_qa_2_60k::base::main::52124,0
mistral_7b_instruct::trivia_qa_2_60k::base::main::13740,0
mistral_7b_instruct::trivia_qa_2_60k::base::main::34502,0
mistral_7b_instruct::trivia_qa_2_60k::base::main::41533,0
mistral_7b_instruct::trivia_qa_2_60k::base::main::36404,0
mistral_7b_instruct::trivia_qa_2_60k::base::main::48722,0
mistral_7b_instruct::trivia_qa_2_60k::base::main::31871,0
mistral_7b_instruct::trivia_qa_2_60k::base::main::28019,0
mistral_7b_instruct::trivia_qa_2_60k::base::main::16233,0
mistral_7b_instruct::trivia_qa_2_60k::base::main::4490,0
mistral_7b_instruct::trivia_qa_2_60k::base::main::45999,0
mistral_7b_instruct::trivia_qa_2_60k::base::main::33346,0
mistral_7b_instruct::trivia_qa_2_60k::base::main::33651,0
mistral_7b_instruct::trivia_qa_2_60k::base::main::34939,0
mistral_7b_instruct::trivia_qa_2_60k::base::main::37871,0
mistral_7b_instruct::trivia_qa_2_60k::base::main::38164,0
mistral_7b_instruct::trivia_qa_2_60k::base::main::18999,0
mistral_7b_instruct::trivia_qa_2_60k::base::main::33956,0
mistral_7b_instruct::trivia_qa_2_60k::base::main::35159,0
mistral_7b_instruct::trivia_qa_2_60k::base::main::29083,0
mistral_7b_instruct::trivia_qa_2_60k::base::main::28679,0
mistral_7b_instruct::trivia_qa_2_60k::base::main::16379,0
mistral_7b_instruct::trivia_qa_2_60k::base::main::5887,0
mistral_7b_instruct::trivia_qa_2_60k::base::main::56330,0
mistral_7b_instruct::trivia_qa_2_60k::base::main::39130,0
mistral_7b_instruct::trivia_qa_2_60k::base::main::48871,0
mistral_7b_instruct::trivia_qa_2_60k::base::main::16288,0
mistral_7b_instruct::trivia_qa_2_60k::base::main::41468,0
mistral_7b_instruct::trivia_qa_2_60k::base::main::22264,0
mistral_7b_instruct::trivia_qa_2_60k::base::main::19461,0
mistral_7b_instruct::trivia_qa_2_60k::base::main::5452,0
mistral_7b_instruct::trivia_qa_2_60k::base::main::17212,0
mistral_7b_instruct::trivia_qa_2_60k::base::main::22412,0
mistral_7b_instruct::trivia_qa_2_60k::base::main::7474,0
mistral_7b_instruct::trivia_qa_2_60k::base::main::52790,0
mistral_7b_instruct::trivia_qa_2_60k::base::main::32736,0
mistral_7b_instruct::trivia_qa_2_60k::base::main::16460,0
mistral_7b_instruct::trivia_qa_2_60k::base::main::51812,0
mistral_7b_instruct::trivia_qa_2_60k::base::main::23604,0
mistral_7b_instruct::trivia_qa_2_60k::base::main::1646,0
mistral_7b_instruct::trivia_qa_2_60k::base::main::50403,0
mistral_7b_instruct::trivia_qa_2_60k::base::main::26017,0
mistral_7b_instruct::trivia_qa_2_60k::base::main::3777,0
mistral_7b_instruct::trivia_qa_2_60k::base::main::53644,0
mistral_7b_instruct::trivia_qa_2_60k::base::main::50905,0
mistral_7b_instruct::trivia_qa_2_60k::base::main::10468,0
mistral_7b_instruct::trivia_qa_2_60k::base::main::43016,0
mistral_7b_instruct::trivia_qa_2_60k::base::main::7390,0
mistral_7b_instruct::trivia_qa_2_60k::base::main::14035,0
mistral_7b_instruct::trivia_qa_2_60k::base::main::39529,0
mistral_7b_instruct::trivia_qa_2_60k::base::main::37629,0
mistral_7b_instruct::trivia_qa_2_60k::base::main::10831,0
mistral_7b_instruct::trivia_qa_2_60k::base::main::3495,0
mistral_7b_instruct::trivia_qa_2_60k::base::main::21810,0
mistral_7b_instruct::trivia_qa_2_60k::base::main::11348,0
mistral_7b_instruct::trivia_qa_2_60k::base::main::10844,0
mistral_7b_instruct::trivia_qa_2_60k::base::main::17135,0
mistral_7b_instruct::trivia_qa_2_60k::base::main::29186,0
mistral_7b_instruct::trivia_qa_2_60k::base::main::33319,0
mistral_7b_instruct::trivia_qa_2_60k::base::main::6628,0
mistral_7b_instruct::trivia_qa_2_60k::base::main::13384,0
mistral_7b_instruct::trivia_qa_2_60k::base::main::53444,0
mistral_7b_instruct::trivia_qa_2_60k::base::main::28210,0
mistral_7b_instruct::trivia_qa_2_60k::base::main::52502,0
mistral_7b_instruct::trivia_qa_2_60k::base::main::16734,0
mistral_7b_instruct::trivia_qa_2_60k::base::main::13858,0
mistral_7b_instruct::trivia_qa_2_60k::base::main::16368,0
mistral_7b_instruct::trivia_qa_2_60k::base::main::19104,0
mistral_7b_instruct::trivia_qa_2_60k::base::main::40138,0
mistral_7b_instruct::trivia_qa_2_60k::base::main::21352,0
mistral_7b_instruct::trivia_qa_2_60k::base::main::20410,0
mistral_7b_instruct::trivia_qa_2_60k::base::main::3071,0
mistral_7b_instruct::trivia_qa_2_60k::base::main::14005,0
mistral_7b_instruct::trivia_qa_2_60k::base::main::15195,0
mistral_7b_instruct::trivia_qa_2_60k::base::main::31103,0
mistral_7b_instruct::trivia_qa_2_60k::base::main::49217,0
mistral_7b_instruct::trivia_qa_2_60k::base::main::18107,0
mistral_7b_instruct::trivia_qa_2_60k::base::main::27271,0
mistral_7b_instruct::trivia_qa_2_60k::base::main::42834,0
mistral_7b_instruct::trivia_qa_2_60k::base::main::47783,0
mistral_7b_instruct::trivia_qa_2_60k::base::main::13763,0
mistral_7b_instruct::trivia_qa_2_60k::base::main::38569,0
mistral_7b_instruct::trivia_qa_2_60k::base::main::35212,0
mistral_7b_instruct::trivia_qa_2_60k::base::main::12198,0
mistral_7b_instruct::trivia_qa_2_60k::base::main::38698,0
mistral_7b_instruct::trivia_qa_2_60k::base::main::5110,0
mistral_7b_instruct::trivia_qa_2_60k::base::main::50491,0
mistral_7b_instruct::trivia_qa_2_60k::base::main::20377,0
mistral_7b_instruct::trivia_qa_2_60k::base::main::51123,0
mistral_7b_instruct::trivia_qa_2_60k::base::main::51902,0
mistral_7b_instruct::trivia_qa_2_60k::base::main::51596,0
mistral_7b_instruct::trivia_qa_2_60k::base::main::52276,0
mistral_7b_instruct::trivia_qa_2_60k::base::main::120,0
mistral_7b_instruct::trivia_qa_2_60k::base::main::9905,0
mistral_7b_instruct::trivia_qa_2_60k::base::main::16450,0
mistral_7b_instruct::trivia_qa_2_60k::base::main::31446,0
mistral_7b_instruct::trivia_qa_2_60k::base::main::6346,0
mistral_7b_instruct::trivia_qa_2_60k::base::main::54244,0
mistral_7b_instruct::trivia_qa_2_60k::base::main::8546,0
mistral_7b_instruct::trivia_qa_2_60k::base::main::51264,0
mistral_7b_instruct::trivia_qa_2_60k::base::main::57152,0
mistral_7b_instruct::trivia_qa_2_60k::base::main::42888,0
mistral_7b_instruct::trivia_qa_2_60k::base::main::8030,0
mistral_7b_instruct::trivia_qa_2_60k::base::main::35459,0
mistral_7b_instruct::trivia_qa_2_60k::base::main::42937,0
mistral_7b_instruct::trivia_qa_2_60k::base::main::16987,0
mistral_7b_instruct::trivia_qa_2_60k::base::main::21331,0
mistral_7b_instruct::trivia_qa_2_60k::base::main::24670,0
mistral_7b_instruct::trivia_qa_2_60k::base::main::44802,0
mistral_7b_instruct::trivia_qa_2_60k::base::main::47197,0
mistral_7b_instruct::trivia_qa_2_60k::base::main::44503,0
mistral_7b_instruct::trivia_qa_2_60k::base::main::10327,0
mistral_7b_instruct::trivia_qa_2_60k::base::main::10376,0
mistral_7b_instruct::trivia_qa_2_60k::base::main::44642,0
mistral_7b_instruct::trivia_qa_2_60k::base::main::29235,0
mistral_7b_instruct::trivia_qa_2_60k::base::main::50054,0
mistral_7b_instruct::trivia_qa_2_60k::base::main::15336,0
mistral_7b_instruct::trivia_qa_2_60k::base::main::17117,0
mistral_7b_instruct::trivia_qa_2_60k::base::main::3435,0
mistral_7b_instruct::trivia_qa_2_60k::base::main::45104,0
mistral_7b_instruct::trivia_qa_2_60k::base::main::32456,0
mistral_7b_instruct::trivia_qa_2_60k::base::main::32729,0
mistral_7b_instruct::trivia_qa_2_60k::base::main::17887,0
mistral_7b_instruct::trivia_qa_2_60k::base::main::24352,0
mistral_7b_instruct::trivia_qa_2_60k::base::main::57592,0
mistral_7b_instruct::trivia_qa_2_60k::base::main::37683,0
mistral_7b_instruct::trivia_qa_2_60k::base::main::28309,0
mistral_7b_instruct::trivia_qa_2_60k::base::main::46451,0
mistral_7b_instruct::trivia_qa_2_60k::base::main::40558,0
mistral_7b_instruct::trivia_qa_2_60k::base::main::42909,0
mistral_7b_instruct::trivia_qa_2_60k::base::main::24989,0
mistral_7b_instruct::trivia_qa_2_60k::base::main::28597,0
mistral_7b_instruct::trivia_qa_2_60k::base::main::30116,0
mistral_7b_instruct::trivia_qa_2_60k::base::main::32277,0
mistral_7b_instruct::trivia_qa_2_60k::base::main::15847,0
mistral_7b_instruct::trivia_qa_2_60k::base::main::51106,0
mistral_7b_instruct::trivia_qa_2_60k::base::main::1281,0
mistral_7b_instruct::trivia_qa_2_60k::base::main::12542,0
mistral_7b_instruct::trivia_qa_2_60k::base::main::39198,0
mistral_7b_instruct::trivia_qa_2_60k::base::main::41226,0
mistral_7b_instruct::trivia_qa_2_60k::base::main::46386,0
mistral_7b_instruct::trivia_qa_2_60k::base::main::52169,0
mistral_7b_instruct::trivia_qa_2_60k::base::main::7466,0
mistral_7b_instruct::trivia_qa_2_60k::base::main::30980,0
mistral_7b_instruct::trivia_qa_2_60k::base::main::5528,0
mistral_7b_instruct::trivia_qa_2_60k::base::main::26799,0
mistral_7b_instruct::trivia_qa_2_60k::base::main::37845,0
mistral_7b_instruct::trivia_qa_2_60k::base::main::14969,0
mistral_7b_instruct::trivia_qa_2_60k::base::main::55061,0
mistral_7b_instruct::trivia_qa_2_60k::base::main::4303,0
mistral_7b_instruct::trivia_qa_2_60k::base::main::2733,0
mistral_7b_instruct::trivia_qa_2_60k::base::main::25872,0
mistral_7b_instruct::trivia_qa_2_60k::base::main::6751,0
mistral_7b_instruct::trivia_qa_2_60k::base::main::22803,0
mistral_7b_instruct::trivia_qa_2_60k::base::main::21227,0
mistral_7b_instruct::trivia_qa_2_60k::base::main::31120,0
mistral_7b_instruct::trivia_qa_2_60k::base::main::2557,0
mistral_7b_instruct::trivia_qa_2_60k::base::main::37951,0
mistral_7b_instruct::trivia_qa_2_60k::base::main::7770,0
mistral_7b_instruct::trivia_qa_2_60k::base::main::39296,0
mistral_7b_instruct::trivia_qa_2_60k::base::main::4502,0
mistral_7b_instruct::trivia_qa_2_60k::base::main::1461,0
mistral_7b_instruct::trivia_qa_2_60k::base::main::6968,0
mistral_7b_instruct::trivia_qa_2_60k::base::main::42099,0
mistral_7b_instruct::trivia_qa_2_60k::base::main::49291,0
mistral_7b_instruct::trivia_qa_2_60k::base::main::27090,0
mistral_7b_instruct::trivia_qa_2_60k::base::main::8042,0
mistral_7b_instruct::trivia_qa_2_60k::base::main::7301,0
mistral_7b_instruct::trivia_qa_2_60k::base::main::55688,0
mistral_7b_instruct::trivia_qa_2_60k::base::main::1103,0
mistral_7b_instruct::trivia_qa_2_60k::base::main::42977,0
mistral_7b_instruct::trivia_qa_2_60k::base::main::21346,0
mistral_7b_instruct::trivia_qa_2_60k::base::main::10232,0
mistral_7b_instruct::trivia_qa_2_60k::base::main::26889,0
mistral_7b_instruct::trivia_qa_2_60k::base::main::52686,0
mistral_7b_instruct::trivia_qa_2_60k::base::main::40431,0
mistral_7b_instruct::trivia_qa_2_60k::base::main::20140,0
mistral_7b_instruct::trivia_qa_2_60k::base::main::14028,0
mistral_7b_instruct::trivia_qa_2_60k::base::main::52212,0
mistral_7b_instruct::trivia_qa_2_60k::base::main::17699,0
mistral_7b_instruct::trivia_qa_2_60k::base::main::7341,0
mistral_7b_instruct::trivia_qa_2_60k::base::main::18043,0
mistral_7b_instruct::trivia_qa_2_60k::base::main::23156,0
mistral_7b_instruct::trivia_qa_2_60k::base::main::16565,0
mistral_7b_instruct::trivia_qa_2_60k::base::main::29596,0
mistral_7b_instruct::trivia_qa_2_60k::base::main::55619,0
mistral_7b_instruct::trivia_qa_2_60k::base::main::9302,0
mistral_7b_instruct::trivia_qa_2_60k::base::main::29783,0
mistral_7b_instruct::trivia_qa_2_60k::base::main::55556,0
mistral_7b_instruct::trivia_qa_2_60k::base::main::18405,0
mistral_7b_instruct::trivia_qa_2_60k::base::main::50507,0
mistral_7b_instruct::trivia_qa_2_60k::base::main::39355,0
mistral_7b_instruct::trivia_qa_2_60k::base::main::38938,0
mistral_7b_instruct::trivia_qa_2_60k::base::main::13269,0
mistral_7b_instruct::trivia_qa_2_60k::base::main::2829,0
mistral_7b_instruct::trivia_qa_2_60k::base::main::6765,0
mistral_7b_instruct::trivia_qa_2_60k::base::main::3791,0
mistral_7b_instruct::trivia_qa_2_60k::base::main::17086,0
mistral_7b_instruct::trivia_qa_2_60k::base::main::6012,0
mistral_7b_instruct::trivia_qa_2_60k::base::main::25054,0
mistral_7b_instruct::trivia_qa_2_60k::base::main::51627,0
mistral_7b_instruct::trivia_qa_2_60k::base::main::3725,0
mistral_7b_instruct::trivia_qa_2_60k::base::main::9571,0
mistral_7b_instruct::trivia_qa_2_60k::base::main::211,0
mistral_7b_instruct::trivia_qa_2_60k::base::main::4506,0
mistral_7b_instruct::trivia_qa_2_60k::base::main::47051,0
mistral_7b_instruct::trivia_qa_2_60k::base::main::37344,0
mistral_7b_instruct::trivia_qa_2_60k::base::main::12631,0
mistral_7b_instruct::trivia_qa_2_60k::base::main::25260,0
mistral_7b_instruct::trivia_qa_2_60k::base::main::20057,0
mistral_7b_instruct::trivia_qa_2_60k::base::main::5436,0
mistral_7b_instruct::trivia_qa_2_60k::base::main::39348,0
mistral_7b_instruct::trivia_qa_2_60k::base::main::43210,0
mistral_7b_instruct::trivia_qa_2_60k::base::main::42856,0
mistral_7b_instruct::trivia_qa_2_60k::base::main::56179,0
mistral_7b_instruct::trivia_qa_2_60k::base::main::54688,0
mistral_7b_instruct::trivia_qa_2_60k::base::main::25592,0
mistral_7b_instruct::trivia_qa_2_60k::base::main::27966,0
mistral_7b_instruct::trivia_qa_2_60k::base::main::36822,0
mistral_7b_instruct::trivia_qa_2_60k::base::main::14667,0
mistral_7b_instruct::trivia_qa_2_60k::base::main::1016,0
mistral_7b_instruct::trivia_qa_2_60k::base::main::40190,0
mistral_7b_instruct::trivia_qa_2_60k::base::main::19476,0
mistral_7b_instruct::trivia_qa_2_60k::base::main::56596,0
mistral_7b_instruct::trivia_qa_2_60k::base::main::15078,0
mistral_7b_instruct::trivia_qa_2_60k::base::main::39236,0
mistral_7b_instruct::trivia_qa_2_60k::base::main::900,0
mistral_7b_instruct::trivia_qa_2_60k::base::main::37133,0
mistral_7b_instruct::trivia_qa_2_60k::base::main::56086,0
mistral_7b_instruct::trivia_qa_2_60k::base::main::24162,0
mistral_7b_instruct::trivia_qa_2_60k::base::main::55527,0
mistral_7b_instruct::trivia_qa_2_60k::base::main::8584,0
mistral_7b_instruct::trivia_qa_2_60k::base::main::40387,0
mistral_7b_instruct::trivia_qa_2_60k::base::main::12328,0
mistral_7b_instruct::trivia_qa_2_60k::base::main::48059,0
mistral_7b_instruct::trivia_qa_2_60k::base::main::9771,0
mistral_7b_instruct::trivia_qa_2_60k::base::main::38414,0
mistral_7b_instruct::trivia_qa_2_60k::base::main::49399,0
mistral_7b_instruct::trivia_qa_2_60k::base::main::1455,0
mistral_7b_instruct::trivia_qa_2_60k::base::main::50505,0
mistral_7b_instruct::trivia_qa_2_60k::base::main::29133,0
mistral_7b_instruct::trivia_qa_2_60k::base::main::15129,0
mistral_7b_instruct::trivia_qa_2_60k::base::main::25103,0
mistral_7b_instruct::trivia_qa_2_60k::base::main::22600,0
mistral_7b_instruct::trivia_qa_2_60k::base::main::16727,0
mistral_7b_instruct::trivia_qa_2_60k::base::main::34775,0
mistral_7b_instruct::trivia_qa_2_60k::base::main::5041,0
mistral_7b_instruct::trivia_qa_2_60k::base::main::35112,0
mistral_7b_instruct::trivia_qa_2_60k::base::main::4551,0
mistral_7b_instruct::trivia_qa_2_60k::base::main::48780,0
mistral_7b_instruct::trivia_qa_2_60k::base::main::28784,0
mistral_7b_instruct::trivia_qa_2_60k::base::main::25318,0
mistral_7b_instruct::trivia_qa_2_60k::base::main::38270,0
mistral_7b_instruct::trivia_qa_2_60k::base::main::11250,0
mistral_7b_instruct::trivia_qa_2_60k::base::main::31939,0
mistral_7b_instruct::trivia_qa_2_60k::base::main::31152,0
mistral_7b_instruct::trivia_qa_2_60k::base::main::46842,0
mistral_7b_instruct::trivia_qa_2_60k::base::main::3540,0
mistral_7b_instruct::trivia_qa_2_60k::base::main::5197,0
mistral_7b_instruct::trivia_qa_2_60k::base::main::30479,0
mistral_7b_instruct::trivia_qa_2_60k::base::main::57581,0
mistral_7b_instruct::trivia_qa_2_60k::base::main::55506,0
mistral_7b_instruct::trivia_qa_2_60k::base::main::31859,0
mistral_7b_instruct::trivia_qa_2_60k::base::main::6769,0
mistral_7b_instruct::trivia_qa_2_60k::base::main::43610,0
mistral_7b_instruct::trivia_qa_2_60k::base::main::32582,0
mistral_7b_instruct::trivia_qa_2_60k::base::main::20925,0
mistral_7b_instruct::trivia_qa_2_60k::base::main::8760,0
mistral_7b_instruct::trivia_qa_2_60k::base::main::26796,0
mistral_7b_instruct::trivia_qa_2_60k::base::main::34480,0
mistral_7b_instruct::trivia_qa_2_60k::base::main::17493,0
mistral_7b_instruct::trivia_qa_2_60k::base::main::31465,0
mistral_7b_instruct::trivia_qa_2_60k::base::main::30372,0
mistral_7b_instruct::trivia_qa_2_60k::base::main::21748,0
mistral_7b_instruct::trivia_qa_2_60k::base::main::30852,0
mistral_7b_instruct::trivia_qa_2_60k::base::main::16114,0
mistral_7b_instruct::trivia_qa_2_60k::base::main::16109,0
mistral_7b_instruct::trivia_qa_2_60k::base::main::14494,0
mistral_7b_instruct::trivia_qa_2_60k::base::main::16639,0
mistral_7b_instruct::trivia_qa_2_60k::base::main::2425,0
mistral_7b_instruct::trivia_qa_2_60k::base::main::10601,0
mistral_7b_instruct::trivia_qa_2_60k::base::main::1161,0
mistral_7b_instruct::trivia_qa_2_60k::base::main::38731,0
mistral_7b_instruct::trivia_qa_2_60k::base::main::54930,0
mistral_7b_instruct::trivia_qa_2_60k::base::main::24998,0
mistral_7b_instruct::trivia_qa_2_60k::base::main::39086,0
mistral_7b_instruct::trivia_qa_2_60k::base::main::22915,0
mistral_7b_instruct::trivia_qa_2_60k::base::main::58257,0
mistral_7b_instruct::trivia_qa_2_60k::base::main::17762,0
mistral_7b_instruct::trivia_qa_2_60k::base::main::35569,0
mistral_7b_instruct::trivia_qa_2_60k::base::main::43848,0
mistral_7b_instruct::trivia_qa_2_60k::base::main::33138,0
mistral_7b_instruct::trivia_qa_2_60k::base::main::45886,0
mistral_7b_instruct::trivia_qa_2_60k::base::main::32666,0
mistral_7b_instruct::trivia_qa_2_60k::base::main::46709,0
mistral_7b_instruct::trivia_qa_2_60k::base::main::53210,0
mistral_7b_instruct::trivia_qa_2_60k::base::main::27718,0
mistral_7b_instruct::trivia_qa_2_60k::base::main::15793,0
mistral_7b_instruct::trivia_qa_2_60k::base::main::17020,0
mistral_7b_instruct::trivia_qa_2_60k::base::main::10818,0
mistral_7b_instruct::trivia_qa_2_60k::base::main::2644,0
mistral_7b_instruct::trivia_qa_2_60k::base::main::19545,0
mistral_7b_instruct::trivia_qa_2_60k::base::main::44276,0
mistral_7b_instruct::trivia_qa_2_60k::base::main::48117,0
mistral_7b_instruct::trivia_qa_2_60k::base::main::3636,0
mistral_7b_instruct::trivia_qa_2_60k::base::main::44210,0
mistral_7b_instruct::trivia_qa_2_60k::base::main::28613,0
mistral_7b_instruct::trivia_qa_2_60k::base::main::13796,0
mistral_7b_instruct::trivia_qa_2_60k::base::main::29634,0
mistral_7b_instruct::trivia_qa_2_60k::base::main::41161,0
mistral_7b_instruct::trivia_qa_2_60k::base::main::29943,0
mistral_7b_instruct::trivia_qa_2_60k::base::main::47077,0
mistral_7b_instruct::trivia_qa_2_60k::base::main::995,0
mistral_7b_instruct::trivia_qa_2_60k::base::main::45773,0
mistral_7b_instruct::trivia_qa_2_60k::base::main::2775,0
mistral_7b_instruct::trivia_qa_2_60k::base::main::824,0
mistral_7b_instruct::trivia_qa_2_60k::base::main::12343,0
mistral_7b_instruct::trivia_qa_2_60k::base::main::57115,0
mistral_7b_instruct::trivia_qa_2_60k::base::main::16048,0
mistral_7b_instruct::trivia_qa_2_60k::base::main::58418,0
mistral_7b_instruct::trivia_qa_2_60k::base::main::24209,0
mistral_7b_instruct::trivia_qa_2_60k::base::main::16319,0
mistral_7b_instruct::trivia_qa_2_60k::base::main::7322,0
mistral_7b_instruct::trivia_qa_2_60k::base::main::42731,0
mistral_7b_instruct::trivia_qa_2_60k::base::main::5083,0
mistral_7b_instruct::trivia_qa_2_60k::base::main::15087,0
mistral_7b_instruct::trivia_qa_2_60k::base::main::6102,0
mistral_7b_instruct::trivia_qa_2_60k::base::main::18732,0
mistral_7b_instruct::trivia_qa_2_60k::base::main::10205,0
mistral_7b_instruct::trivia_qa_2_60k::base::main::26261,0
mistral_7b_instruct::trivia_qa_2_60k::base::main::29212,0
mistral_7b_instruct::trivia_qa_2_60k::base::main::17374,0
mistral_7b_instruct::trivia_qa_2_60k::base::main::31952,0
mistral_7b_instruct::trivia_qa_2_60k::base::main::17684,0
mistral_7b_instruct::trivia_qa_2_60k::base::main::32553,0
mistral_7b_instruct::trivia_qa_2_60k::base::main::1986,0
mistral_7b_instruct::trivia_qa_2_60k::base::main::5688,0
mistral_7b_instruct::trivia_qa_2_60k::base::main::53957,0
mistral_7b_instruct::trivia_qa_2_60k::base::main::41119,0
mistral_7b_instruct::trivia_qa_2_60k::base::main::37846,0
mistral_7b_instruct::trivia_qa_2_60k::base::main::39907,0
mistral_7b_instruct::trivia_qa_2_60k::base::main::13723,0
mistral_7b_instruct::trivia_qa_2_60k::base::main::55261,0
mistral_7b_instruct::trivia_qa_2_60k::base::main::27692,0
mistral_7b_instruct::trivia_qa_2_60k::base::main::10555,0
mistral_7b_instruct::trivia_qa_2_60k::base::main::48153,0
mistral_7b_instruct::trivia_qa_2_60k::base::main::22994,0
mistral_7b_instruct::trivia_qa_2_60k::base::main::27817,0
mistral_7b_instruct::trivia_qa_2_60k::base::main::28389,0
mistral_7b_instruct::trivia_qa_2_60k::base::main::36006,0
mistral_7b_instruct::trivia_qa_2_60k::base::main::40004,0
mistral_7b_instruct::trivia_qa_2_60k::base::main::2419,0
mistral_7b_instruct::trivia_qa_2_60k::base::main::56494,0
mistral_7b_instruct::trivia_qa_2_60k::base::main::49800,0
mistral_7b_instruct::trivia_qa_2_60k::base::main::48812,0
mistral_7b_instruct::trivia_qa_2_60k::base::main::35986,0
mistral_7b_instruct::trivia_qa_2_60k::base::main::49978,0
mistral_7b_instruct::trivia_qa_2_60k::base::main::35998,0
mistral_7b_instruct::trivia_qa_2_60k::base::main::43960,0
mistral_7b_instruct::trivia_qa_2_60k::base::main::35220,0
mistral_7b_instruct::trivia_qa_2_60k::base::main::34668,0
mistral_7b_instruct::trivia_qa_2_60k::base::main::3600,0
mistral_7b_instruct::trivia_qa_2_60k::base::main::10122,0
mistral_7b_instruct::trivia_qa_2_60k::base::main::27043,0
mistral_7b_instruct::trivia_qa_2_60k::base::main::32531,0
mistral_7b_instruct::trivia_qa_2_60k::base::main::36914,0
mistral_7b_instruct::trivia_qa_2_60k::base::main::48436,0
mistral_7b_instruct::trivia_qa_2_60k::base::main::44015,0
mistral_7b_instruct::trivia_qa_2_60k::base::main::2003,0
mistral_7b_instruct::trivia_qa_2_60k::base::main::52054,0
mistral_7b_instruct::trivia_qa_2_60k::base::main::16893,0
mistral_7b_instruct::trivia_qa_2_60k::base::main::25355,0
mistral_7b_instruct::trivia_qa_2_60k::base::main::13622,0
mistral_7b_instruct::trivia_qa_2_60k::base::main::856,0
mistral_7b_instruct::trivia_qa_2_60k::base::main::51400,0
mistral_7b_instruct::trivia_qa_2_60k::base::main::39714,0
mistral_7b_instruct::trivia_qa_2_60k::base::main::29996,0
mistral_7b_instruct::trivia_qa_2_60k::base::main::52282,0
mistral_7b_instruct::trivia_qa_2_60k::base::main::44283,0
mistral_7b_instruct::trivia_qa_2_60k::base::main::51630,0
mistral_7b_instruct::trivia_qa_2_60k::base::main::24551,0
mistral_7b_instruct::trivia_qa_2_60k::base::main::21645,0
mistral_7b_instruct::trivia_qa_2_60k::base::main::5105,0
mistral_7b_instruct::trivia_qa_2_60k::base::main::37848,0
mistral_7b_instruct::trivia_qa_2_60k::base::main::40739,0
mistral_7b_instruct::trivia_qa_2_60k::base::main::611,0
mistral_7b_instruct::trivia_qa_2_60k::base::main::20569,0
mistral_7b_instruct::trivia_qa_2_60k::base::main::10545,0
mistral_7b_instruct::trivia_qa_2_60k::base::main::32831,0
mistral_7b_instruct::trivia_qa_2_60k::base::main::5652,0
mistral_7b_instruct::trivia_qa_2_60k::base::main::57808,0
mistral_7b_instruct::trivia_qa_2_60k::base::main::12775,0
mistral_7b_instruct::trivia_qa_2_60k::base::main::15070,0
mistral_7b_instruct::trivia_qa_2_60k::base::main::30049,0
mistral_7b_instruct::trivia_qa_2_60k::base::main::31056,0
mistral_7b_instruct::trivia_qa_2_60k::base::main::12036,0
mistral_7b_instruct::trivia_qa_2_60k::base::main::20690,0
mistral_7b_instruct::trivia_qa_2_60k::base::main::51518,0
mistral_7b_instruct::trivia_qa_2_60k::base::main::4198,0
mistral_7b_instruct::trivia_qa_2_60k::base::main::44661,0
mistral_7b_instruct::trivia_qa_2_60k::base::main::18882,0
mistral_7b_instruct::trivia_qa_2_60k::base::main::16667,0
mistral_7b_instruct::trivia_qa_2_60k::base::main::51600,0
mistral_7b_instruct::trivia_qa_2_60k::base::main::55460,0
mistral_7b_instruct::trivia_qa_2_60k::base::main::34814,0
mistral_7b_instruct::trivia_qa_2_60k::base::main::29698,0
mistral_7b_instruct::trivia_qa_2_60k::base::main::8301,0
mistral_7b_instruct::trivia_qa_2_60k::base::main::42632,0
mistral_7b_instruct::trivia_qa_2_60k::base::main::32763,0
mistral_7b_instruct::trivia_qa_2_60k::base::main::2931,0
mistral_7b_instruct::trivia_qa_2_60k::base::main::54062,0
mistral_7b_instruct::trivia_qa_2_60k::base::main::23347,0
mistral_7b_instruct::trivia_qa_2_60k::base::main::54479,0
mistral_7b_instruct::trivia_qa_2_60k::base::main::23560,0
mistral_7b_instruct::trivia_qa_2_60k::base::main::40483,0
mistral_7b_instruct::trivia_qa_2_60k::base::main::58267,0
mistral_7b_instruct::trivia_qa_2_60k::base::main::28777,0
mistral_7b_instruct::trivia_qa_2_60k::base::main::47119,0
mistral_7b_instruct::trivia_qa_2_60k::base::main::24583,0
mistral_7b_instruct::trivia_qa_2_60k::base::main::38687,0
mistral_7b_instruct::trivia_qa_2_60k::base::main::1216,0
mistral_7b_instruct::trivia_qa_2_60k::base::main::24781,0
mistral_7b_instruct::trivia_qa_2_60k::base::main::24022,0
mistral_7b_instruct::trivia_qa_2_60k::base::main::26408,0
mistral_7b_instruct::trivia_qa_2_60k::base::main::35040,0
mistral_7b_instruct::trivia_qa_2_60k::base::main::48461,0
mistral_7b_instruct::trivia_qa_2_60k::base::main::36654,0
mistral_7b_instruct::trivia_qa_2_60k::base::main::26418,0
mistral_7b_instruct::trivia_qa_2_60k::base::main::29000,0
mistral_7b_instruct::trivia_qa_2_60k::base::main::34105,0
mistral_7b_instruct::trivia_qa_2_60k::base::main::47221,0
mistral_7b_instruct::trivia_qa_2_60k::base::main::3510,0
mistral_7b_instruct::trivia_qa_2_60k::base::main::42629,0
mistral_7b_instruct::trivia_qa_2_60k::base::main::41133,0
mistral_7b_instruct::trivia_qa_2_60k::base::main::39386,0
mistral_7b_instruct::trivia_qa_2_60k::base::main::17336,0
mistral_7b_instruct::trivia_qa_2_60k::base::main::12547,0
mistral_7b_instruct::trivia_qa_2_60k::base::main::44509,0
mistral_7b_instruct::trivia_qa_2_60k::base::main::48967,0
mistral_7b_instruct::trivia_qa_2_60k::base::main::23136,0
mistral_7b_instruct::trivia_qa_2_60k::base::main::2101,0
mistral_7b_instruct::trivia_qa_2_60k::base::main::15307,0
mistral_7b_instruct::trivia_qa_2_60k::base::main::57920,0
mistral_7b_instruct::trivia_qa_2_60k::base::main::13892,0
mistral_7b_instruct::trivia_qa_2_60k::base::main::54476,0
mistral_7b_instruct::trivia_qa_2_60k::base::main::3045,0
mistral_7b_instruct::trivia_qa_2_60k::base::main::7522,0
mistral_7b_instruct::trivia_qa_2_60k::base::main::45424,0
mistral_7b_instruct::trivia_qa_2_60k::base::main::30982,0
mistral_7b_instruct::trivia_qa_2_60k::base::main::24172,0
mistral_7b_instruct::trivia_qa_2_60k::base::main::5721,0
mistral_7b_instruct::trivia_qa_2_60k::base::main::10414,0
mistral_7b_instruct::trivia_qa_2_60k::base::main::57766,0
mistral_7b_instruct::trivia_qa_2_60k::base::main::43232,0
mistral_7b_instruct::trivia_qa_2_60k::base::main::15580,0
mistral_7b_instruct::trivia_qa_2_60k::base::main::49230,0
mistral_7b_instruct::trivia_qa_2_60k::base::main::26271,0
mistral_7b_instruct::trivia_qa_2_60k::base::main::20903,0
mistral_7b_instruct::trivia_qa_2_60k::base::main::22187,0
mistral_7b_instruct::trivia_qa_2_60k::base::main::36819,0
mistral_7b_instruct::trivia_qa_2_60k::base::main::24888,0
mistral_7b_instruct::trivia_qa_2_60k::base::main::6487,0
mistral_7b_instruct::trivia_qa_2_60k::base::main::30041,0
mistral_7b_instruct::trivia_qa_2_60k::base::main::27803,0
mistral_7b_instruct::trivia_qa_2_60k::base::main::27154,0
mistral_7b_instruct::trivia_qa_2_60k::base::main::49783,0
mistral_7b_instruct::trivia_qa_2_60k::base::main::54697,0
mistral_7b_instruct::trivia_qa_2_60k::base::main::50679,0
mistral_7b_instruct::trivia_qa_2_60k::base::main::20812,0
mistral_7b_instruct::trivia_qa_2_60k::base::main::7081,0
mistral_7b_instruct::trivia_qa_2_60k::base::main::38369,0
mistral_7b_instruct::trivia_qa_2_60k::base::main::46232,0
mistral_7b_instruct::trivia_qa_2_60k::base::main::29240,0
mistral_7b_instruct::trivia_qa_2_60k::base::main::38286,0
mistral_7b_instruct::trivia_qa_2_60k::base::main::12639,0
mistral_7b_instruct::trivia_qa_2_60k::base::main::26048,0
mistral_7b_instruct::trivia_qa_2_60k::base::main::9375,0
mistral_7b_instruct::trivia_qa_2_60k::base::main::32323,0
mistral_7b_instruct::trivia_qa_2_60k::base::main::36978,0
mistral_7b_instruct::trivia_qa_2_60k::base::main::1820,0
mistral_7b_instruct::trivia_qa_2_60k::base::main::30704,0
mistral_7b_instruct::trivia_qa_2_60k::base::main::21619,0
mistral_7b_instruct::trivia_qa_2_60k::base::main::8587,0
mistral_7b_instruct::trivia_qa_2_60k::base::main::47102,0
mistral_7b_instruct::trivia_qa_2_60k::base::main::11828,0
mistral_7b_instruct::trivia_qa_2_60k::base::main::15811,0
mistral_7b_instruct::trivia_qa_2_60k::base::main::17642,0
mistral_7b_instruct::trivia_qa_2_60k::base::main::30894,0
mistral_7b_instruct::trivia_qa_2_60k::base::main::19546,0
mistral_7b_instruct::trivia_qa_2_60k::base::main::19148,0
mistral_7b_instruct::trivia_qa_2_60k::base::main::27097,0
mistral_7b_instruct::trivia_qa_2_60k::base::main::45530,0
mistral_7b_instruct::trivia_qa_2_60k::base::main::31793,0
mistral_7b_instruct::trivia_qa_2_60k::base::main::38227,0
mistral_7b_instruct::trivia_qa_2_60k::base::main::53306,0
mistral_7b_instruct::trivia_qa_2_60k::base::main::3917,0
mistral_7b_instruct::trivia_qa_2_60k::base::main::9642,0
mistral_7b_instruct::trivia_qa_2_60k::base::main::47870,0
mistral_7b_instruct::trivia_qa_2_60k::base::main::11111,0
mistral_7b_instruct::trivia_qa_2_60k::base::main::30175,0
mistral_7b_instruct::trivia_qa_2_60k::base::main::8841,0
mistral_7b_instruct::trivia_qa_2_60k::base::main::41794,0
mistral_7b_instruct::trivia_qa_2_60k::base::main::55790,0
mistral_7b_instruct::trivia_qa_2_60k::base::main::53779,0
mistral_7b_instruct::trivia_qa_2_60k::base::main::34334,0
mistral_7b_instruct::trivia_qa_2_60k::base::main::56370,0
mistral_7b_instruct::trivia_qa_2_60k::base::main::29074,0
mistral_7b_instruct::trivia_qa_2_60k::base::main::51814,0
mistral_7b_instruct::trivia_qa_2_60k::base::main::32802,0
mistral_7b_instruct::trivia_qa_2_60k::base::main::9171,0
mistral_7b_instruct::trivia_qa_2_60k::base::main::50802,0
mistral_7b_instruct::trivia_qa_2_60k::base::main::27660,0
mistral_7b_instruct::trivia_qa_2_60k::base::main::14112,0
mistral_7b_instruct::trivia_qa_2_60k::base::main::27726,0
mistral_7b_instruct::trivia_qa_2_60k::base::main::32013,0
mistral_7b_instruct::trivia_qa_2_60k::base::main::39121,0
mistral_7b_instruct::trivia_qa_2_60k::base::main::56394,0
mistral_7b_instruct::trivia_qa_2_60k::base::main::35892,0
mistral_7b_instruct::trivia_qa_2_60k::base::main::26805,0
mistral_7b_instruct::trivia_qa_2_60k::base::main::12055,0
mistral_7b_instruct::trivia_qa_2_60k::base::main::40553,0
mistral_7b_instruct::trivia_qa_2_60k::base::main::9983,0
mistral_7b_instruct::trivia_qa_2_60k::base::main::25028,0
mistral_7b_instruct::trivia_qa_2_60k::base::main::48627,0
mistral_7b_instruct::trivia_qa_2_60k::base::main::50200,0
mistral_7b_instruct::trivia_qa_2_60k::base::main::54446,0
mistral_7b_instruct::trivia_qa_2_60k::base::main::56260,0
mistral_7b_instruct::trivia_qa_2_60k::base::main::48027,0
mistral_7b_instruct::trivia_qa_2_60k::base::main::32368,0
mistral_7b_instruct::trivia_qa_2_60k::base::main::22632,0
mistral_7b_instruct::trivia_qa_2_60k::base::main::16846,0
mistral_7b_instruct::trivia_qa_2_60k::base::main::38426,0
mistral_7b_instruct::trivia_qa_2_60k::base::main::7860,0
mistral_7b_instruct::trivia_qa_2_60k::base::main::45521,0
mistral_7b_instruct::trivia_qa_2_60k::base::main::24446,0
mistral_7b_instruct::trivia_qa_2_60k::base::main::35177,0
mistral_7b_instruct::trivia_qa_2_60k::base::main::12357,0
mistral_7b_instruct::trivia_qa_2_60k::base::main::23891,0
mistral_7b_instruct::trivia_qa_2_60k::base::main::38260,0
mistral_7b_instruct::trivia_qa_2_60k::base::main::34013,0
mistral_7b_instruct::trivia_qa_2_60k::base::main::53972,0
mistral_7b_instruct::trivia_qa_2_60k::base::main::43295,0
mistral_7b_instruct::trivia_qa_2_60k::base::main::18005,0
mistral_7b_instruct::trivia_qa_2_60k::base::main::663,0
mistral_7b_instruct::trivia_qa_2_60k::base::main::45458,0
mistral_7b_instruct::trivia_qa_2_60k::base::main::35593,0
mistral_7b_instruct::trivia_qa_2_60k::base::main::40127,0
mistral_7b_instruct::trivia_qa_2_60k::base::main::21514,0
mistral_7b_instruct::trivia_qa_2_60k::base::main::43071,0
mistral_7b_instruct::trivia_qa_2_60k::base::main::39100,0
mistral_7b_instruct::trivia_qa_2_60k::base::main::16836,0
mistral_7b_instruct::trivia_qa_2_60k::base::main::31506,0
mistral_7b_instruct::trivia_qa_2_60k::base::main::30008,0
mistral_7b_instruct::trivia_qa_2_60k::base::main::1340,0
mistral_7b_instruct::trivia_qa_2_60k::base::main::23704,0
mistral_7b_instruct::trivia_qa_2_60k::base::main::31101,0
mistral_7b_instruct::trivia_qa_2_60k::base::main::3407,0
mistral_7b_instruct::trivia_qa_2_60k::base::main::39952,0
mistral_7b_instruct::trivia_qa_2_60k::base::main::37678,0
mistral_7b_instruct::trivia_qa_2_60k::base::main::52202,0
mistral_7b_instruct::trivia_qa_2_60k::base::main::23602,0
mistral_7b_instruct::trivia_qa_2_60k::base::main::42574,0
mistral_7b_instruct::trivia_qa_2_60k::base::main::13163,0
mistral_7b_instruct::trivia_qa_2_60k::base::main::34798,0
mistral_7b_instruct::trivia_qa_2_60k::base::main::22954,0
mistral_7b_instruct::trivia_qa_2_60k::base::main::49503,0
mistral_7b_instruct::trivia_qa_2_60k::base::main::32899,0
mistral_7b_instruct::trivia_qa_2_60k::base::main::10733,0
mistral_7b_instruct::trivia_qa_2_60k::base::main::40003,0
mistral_7b_instruct::trivia_qa_2_60k::base::main::42920,0
mistral_7b_instruct::trivia_qa_2_60k::base::main::3485,0
mistral_7b_instruct::trivia_qa_2_60k::base::main::41970,0
mistral_7b_instruct::trivia_qa_2_60k::base::main::1230,0
mistral_7b_instruct::trivia_qa_2_60k::base::main::17320,0
mistral_7b_instruct::trivia_qa_2_60k::base::main::861,0
mistral_7b_instruct::trivia_qa_2_60k::base::main::2693,0
mistral_7b_instruct::trivia_qa_2_60k::base::main::52623,0
mistral_7b_instruct::trivia_qa_2_60k::base::main::24394,0
mistral_7b_instruct::trivia_qa_2_60k::base::main::4768,0
mistral_7b_instruct::trivia_qa_2_60k::base::main::26728,0
mistral_7b_instruct::trivia_qa_2_60k::base::main::35559,0
mistral_7b_instruct::trivia_qa_2_60k::base::main::20768,0
mistral_7b_instruct::trivia_qa_2_60k::base::main::31613,0
mistral_7b_instruct::trivia_qa_2_60k::base::main::51882,0
mistral_7b_instruct::trivia_qa_2_60k::base::main::28292,0
mistral_7b_instruct::trivia_qa_2_60k::base::main::30591,0
mistral_7b_instruct::trivia_qa_2_60k::base::main::33803,0
mistral_7b_instruct::trivia_qa_2_60k::base::main::39705,0
mistral_7b_instruct::trivia_qa_2_60k::base::main::11712,0
mistral_7b_instruct::trivia_qa_2_60k::base::main::58138,0
mistral_7b_instruct::trivia_qa_2_60k::base::main::33417,0
mistral_7b_instruct::trivia_qa_2_60k::base::main::54553,0
mistral_7b_instruct::trivia_qa_2_60k::base::main::8881,0
mistral_7b_instruct::trivia_qa_2_60k::base::main::32685,0
mistral_7b_instruct::trivia_qa_2_60k::base::main::24640,0
mistral_7b_instruct::trivia_qa_2_60k::base::main::34121,0
mistral_7b_instruct::trivia_qa_2_60k::base::main::22312,0
mistral_7b_instruct::trivia_qa_2_60k::base::main::14761,0
mistral_7b_instruct::trivia_qa_2_60k::base::main::18008,0
mistral_7b_instruct::trivia_qa_2_60k::base::main::46050,0
mistral_7b_instruct::trivia_qa_2_60k::base::main::34298,0
mistral_7b_instruct::trivia_qa_2_60k::base::main::17956,0
mistral_7b_instruct::trivia_qa_2_60k::base::main::46101,0
mistral_7b_instruct::trivia_qa_2_60k::base::main::17026,0
mistral_7b_instruct::trivia_qa_2_60k::base::main::17702,0
mistral_7b_instruct::trivia_qa_2_60k::base::main::10696,0
mistral_7b_instruct::trivia_qa_2_60k::base::main::45899,0
mistral_7b_instruct::trivia_qa_2_60k::base::main::28437,0
mistral_7b_instruct::trivia_qa_2_60k::base::main::2559,0
mistral_7b_instruct::trivia_qa_2_60k::base::main::41677,0
mistral_7b_instruct::trivia_qa_2_60k::base::main::29538,0
mistral_7b_instruct::trivia_qa_2_60k::base::main::29046,0
mistral_7b_instruct::trivia_qa_2_60k::base::main::17232,0
mistral_7b_instruct::trivia_qa_2_60k::base::main::15797,0
mistral_7b_instruct::trivia_qa_2_60k::base::main::50607,0
mistral_7b_instruct::trivia_qa_2_60k::base::main::53402,0
mistral_7b_instruct::trivia_qa_2_60k::base::main::46160,0
mistral_7b_instruct::trivia_qa_2_60k::base::main::50871,0
mistral_7b_instruct::trivia_qa_2_60k::base::main::2522,0
mistral_7b_instruct::trivia_qa_2_60k::base::main::25901,0
mistral_7b_instruct::trivia_qa_2_60k::base::main::15643,0
mistral_7b_instruct::trivia_qa_2_60k::base::main::32383,0
mistral_7b_instruct::trivia_qa_2_60k::base::main::49113,0
mistral_7b_instruct::trivia_qa_2_60k::base::main::12804,0
mistral_7b_instruct::trivia_qa_2_60k::base::main::41522,0
mistral_7b_instruct::trivia_qa_2_60k::base::main::16915,0
mistral_7b_instruct::trivia_qa_2_60k::base::main::56230,0
mistral_7b_instruct::trivia_qa_2_60k::base::main::30379,0
mistral_7b_instruct::trivia_qa_2_60k::base::main::18264,0
mistral_7b_instruct::trivia_qa_2_60k::base::main::31460,0
mistral_7b_instruct::trivia_qa_2_60k::base::main::37842,0
mistral_7b_instruct::trivia_qa_2_60k::base::main::1235,0
mistral_7b_instruct::trivia_qa_2_60k::base::main::38430,0
mistral_7b_instruct::trivia_qa_2_60k::base::main::2849,0
mistral_7b_instruct::trivia_qa_2_60k::base::main::55968,0
mistral_7b_instruct::trivia_qa_2_60k::base::main::18895,0
mistral_7b_instruct::trivia_qa_2_60k::base::main::49433,0
mistral_7b_instruct::trivia_qa_2_60k::base::main::37776,0
mistral_7b_instruct::trivia_qa_2_60k::base::main::4604,0
mistral_7b_instruct::trivia_qa_2_60k::base::main::44825,0
mistral_7b_instruct::trivia_qa_2_60k::base::main::13458,0
mistral_7b_instruct::trivia_qa_2_60k::base::main::56191,0
mistral_7b_instruct::trivia_qa_2_60k::base::main::56385,0
mistral_7b_instruct::trivia_qa_2_60k::base::main::14630,0
mistral_7b_instruct::trivia_qa_2_60k::base::main::49724,0
mistral_7b_instruct::trivia_qa_2_60k::base::main::15125,0
mistral_7b_instruct::trivia_qa_2_60k::base::main::4696,0
mistral_7b_instruct::trivia_qa_2_60k::base::main::53841,0
mistral_7b_instruct::trivia_qa_2_60k::base::main::36991,0
mistral_7b_instruct::trivia_qa_2_60k::base::main::22134,0
mistral_7b_instruct::trivia_qa_2_60k::base::main::37412,0
mistral_7b_instruct::trivia_qa_2_60k::base::main::27347,0
mistral_7b_instruct::trivia_qa_2_60k::base::main::46909,0
mistral_7b_instruct::trivia_qa_2_60k::base::main::56442,0
mistral_7b_instruct::trivia_qa_2_60k::base::main::10712,0
mistral_7b_instruct::trivia_qa_2_60k::base::main::15456,0
mistral_7b_instruct::trivia_qa_2_60k::base::main::48120,0
mistral_7b_instruct::trivia_qa_2_60k::base::main::31983,0
mistral_7b_instruct::trivia_qa_2_60k::base::main::38528,0
mistral_7b_instruct::trivia_qa_2_60k::base::main::17896,0
mistral_7b_instruct::trivia_qa_2_60k::base::main::6520,0
mistral_7b_instruct::trivia_qa_2_60k::base::main::13443,0
mistral_7b_instruct::trivia_qa_2_60k::base::main::19819,0
mistral_7b_instruct::trivia_qa_2_60k::base::main::6004,0
mistral_7b_instruct::trivia_qa_2_60k::base::main::1550,0
mistral_7b_instruct::trivia_qa_2_60k::base::main::4297,0
mistral_7b_instruct::trivia_qa_2_60k::base::main::18368,0
mistral_7b_instruct::trivia_qa_2_60k::base::main::37655,0
mistral_7b_instruct::trivia_qa_2_60k::base::main::36166,0
mistral_7b_instruct::trivia_qa_2_60k::base::main::320,0
mistral_7b_instruct::trivia_qa_2_60k::base::main::3051,0
mistral_7b_instruct::trivia_qa_2_60k::base::main::32717,0
mistral_7b_instruct::trivia_qa_2_60k::base::main::34626,0
mistral_7b_instruct::trivia_qa_2_60k::base::main::53687,0
mistral_7b_instruct::trivia_qa_2_60k::base::main::8668,0
mistral_7b_instruct::trivia_qa_2_60k::base::main::35012,0
mistral_7b_instruct::trivia_qa_2_60k::base::main::50534,0
mistral_7b_instruct::trivia_qa_2_60k::base::main::42257,0
mistral_7b_instruct::trivia_qa_2_60k::base::main::21384,0
mistral_7b_instruct::trivia_qa_2_60k::base::main::37688,0
mistral_7b_instruct::trivia_qa_2_60k::base::main::6106,0
mistral_7b_instruct::trivia_qa_2_60k::base::main::6759,0
mistral_7b_instruct::trivia_qa_2_60k::base::main::6612,0
mistral_7b_instruct::trivia_qa_2_60k::base::main::7785,0
mistral_7b_instruct::trivia_qa_2_60k::base::main::16811,0
mistral_7b_instruct::trivia_qa_2_60k::base::main::51473,0
mistral_7b_instruct::trivia_qa_2_60k::base::main::55959,0
mistral_7b_instruct::trivia_qa_2_60k::base::main::53421,0
mistral_7b_instruct::trivia_qa_2_60k::base::main::18638,0
mistral_7b_instruct::trivia_qa_2_60k::base::main::255,0
mistral_7b_instruct::trivia_qa_2_60k::base::main::23562,0
mistral_7b_instruct::trivia_qa_2_60k::base::main::32327,0
mistral_7b_instruct::trivia_qa_2_60k::base::main::20408,0
mistral_7b_instruct::trivia_qa_2_60k::base::main::26754,0
mistral_7b_instruct::trivia_qa_2_60k::base::main::15331,0
mistral_7b_instruct::trivia_qa_2_60k::base::main::12652,0
mistral_7b_instruct::trivia_qa_2_60k::base::main::43543,0
mistral_7b_instruct::trivia_qa_2_60k::base::main::46373,0
mistral_7b_instruct::trivia_qa_2_60k::base::main::43991,0
mistral_7b_instruct::trivia_qa_2_60k::base::main::29287,0
mistral_7b_instruct::trivia_qa_2_60k::base::main::50967,0
mistral_7b_instruct::trivia_qa_2_60k::base::main::18288,0
mistral_7b_instruct::trivia_qa_2_60k::base::main::28145,0
mistral_7b_instruct::trivia_qa_2_60k::base::main::39243,0
mistral_7b_instruct::trivia_qa_2_60k::base::main::30174,0
mistral_7b_instruct::trivia_qa_2_60k::base::main::24764,0
mistral_7b_instruct::trivia_qa_2_60k::base::main::18127,0
mistral_7b_instruct::trivia_qa_2_60k::base::main::38139,0
mistral_7b_instruct::trivia_qa_2_60k::base::main::43128,0
mistral_7b_instruct::trivia_qa_2_60k::base::main::34274,0
mistral_7b_instruct::trivia_qa_2_60k::base::main::18676,0
mistral_7b_instruct::trivia_qa_2_60k::base::main::38862,0
mistral_7b_instruct::trivia_qa_2_60k::base::main::17695,0
mistral_7b_instruct::trivia_qa_2_60k::base::main::12626,0
mistral_7b_instruct::trivia_qa_2_60k::base::main::55820,0
mistral_7b_instruct::trivia_qa_2_60k::base::main::1496,0
mistral_7b_instruct::trivia_qa_2_60k::base::main::35076,0
mistral_7b_instruct::trivia_qa_2_60k::base::main::8333,0
mistral_7b_instruct::trivia_qa_2_60k::base::main::48258,0
mistral_7b_instruct::trivia_qa_2_60k::base::main::12819,0
mistral_7b_instruct::trivia_qa_2_60k::base::main::25777,0
mistral_7b_instruct::trivia_qa_2_60k::base::main::4391,0
mistral_7b_instruct::trivia_qa_2_60k::base::main::30628,0
mistral_7b_instruct::trivia_qa_2_60k::base::main::24716,0
mistral_7b_instruct::trivia_qa_2_60k::base::main::6184,0
mistral_7b_instruct::trivia_qa_2_60k::base::main::54871,0
mistral_7b_instruct::trivia_qa_2_60k::base::main::31191,0
mistral_7b_instruct::trivia_qa_2_60k::base::main::38852,0
mistral_7b_instruct::trivia_qa_2_60k::base::main::42062,0
mistral_7b_instruct::trivia_qa_2_60k::base::main::9577,0
mistral_7b_instruct::trivia_qa_2_60k::base::main::7792,0
mistral_7b_instruct::trivia_qa_2_60k::base::main::7325,0
mistral_7b_instruct::trivia_qa_2_60k::base::main::3869,0
mistral_7b_instruct::trivia_qa_2_60k::base::main::23216,0
mistral_7b_instruct::trivia_qa_2_60k::base::main::33558,0
mistral_7b_instruct::trivia_qa_2_60k::base::main::24993,0
mistral_7b_instruct::trivia_qa_2_60k::base::main::57475,0
mistral_7b_instruct::trivia_qa_2_60k::base::main::19520,0
