sample_id,label
mistral_7b_instruct::trivia_qa_2_60k::base::main::15621,1
mistral_7b_instruct::trivia_qa_2_60k::base::main::43744,1
mistral_7b_instruct::trivia_qa_2_60k::base::main::974,1
mistral_7b_instruct::trivia_qa_2_60k::base::main::49742,1
mistral_7b_instruct::trivia_qa_2_60k::base::main::32102,1
mistral_7b_instruct::trivia_qa_2_60k::base::main::37377,1
mistral_7b_instruct::trivia_qa_2_60k::base::main::19890,1
mistral_7b_instruct::trivia_qa_2_60k::base::main::24594,1
mistral_7b_instruct::trivia_qa_2_60k::base::main::8970,1
mistral_7b_instruct::trivia_qa_2_60k::base::main::47033,1
mistral_7b_instruct::trivia_qa_2_60k::base::main::55919,1
mistral_7b_instruct::trivia_qa_2_60k::base::main::6926,1
mistral_7b_instruct::trivia_qa_2_60k::base::main::19467,1
mistral_7b_instruct::trivia_qa_2_60k::base::main::14099,1
mistral_7b_instruct::trivia_qa_2_60k::base::main::18092,1
mistral_7b_instruct::trivia_qa_2_60k::base::main::35310,1
mistral_7b_instruct::trivia_qa_2_60k::base::main::25239,1
mistral_7b_instruct::trivia_qa_2_60k::base::main::12251,1
mistral_7b_instruct::trivia_qa_2_60k::base::main::33905,1
mistral_7b_instruct::trivia_qa_2_60k::base::main::497,1
mistral_7b_instruct::trivia_qa_2_60k::base::main::4300,1
mistral_7b_instruct::trivia_qa_2_60k::base::main::27462,1
mistral_7b_instruct::trivia_qa_2_60k::base::main::27214,1
mistral_7b_instruct::trivia_qa_2_60k::base::main::43985,1
mistral_7b_instruct::trivia_qa_2_60k::base::main::7329,1
mistral_7b_instruct::trivia_qa_2_60k::base::main::1770,1
mistral_7b_instruct::trivia_qa_2_60k::base::main::27124,1
mistral_7b_instruct::trivia_qa_2_60k::base::main::14297,1
mistral_7b_instruct::trivia_qa_2_60k::base::main::14326,1
mistral_7b_instruct::trivia_qa_2_60k::base::main::20859,1
mistral_7b_instruct::trivia_qa_2_60k::base::main::23430,1
mistral_7b_instruct::trivia_qa_2_60k::base::main::5313,1
mistral_7b_instruct::trivia_qa_2_60k::base::main::16003,1
mistral_7b_instruct::trivia_qa_2_60k::base::main::17030,1
mistral_7b_instruct::trivia_qa_2_60k::base::main::37040,1
mistral_7b_instruct::trivia_qa_2_60k::base::main::8516,1
mistral_7b_instruct::trivia_qa_2_60k::base::main::44343,1
mistral_7b_instruct::trivia_qa_2_60k::base::main::25915,1
mistral_7b_instruct::trivia_qa_2_60k::base::main::20139,1
mistral_7b_instruct::trivia_qa_2_60k::base::main::50055,1
mistral_7b_instruct::trivia_qa_2_60k::base::main::3772,1
mistral_7b_instruct::trivia_qa_2_60k::base::main::23599,1
mistral_7b_instruct::trivia_qa_2_60k::base::main::20586,1
mistral_7b_instruct::trivia_qa_2_60k::base::main::43189,1
mistral_7b_instruct::trivia_qa_2_60k::base::main::501,1
mistral_7b_instruct::trivia_qa_2_60k::base::main::2439,1
mistral_7b_instruct::trivia_qa_2_60k::base::main::40620,1
mistral_7b_instruct::trivia_qa_2_60k::base::main::44187,1
mistral_7b_instruct::trivia_qa_2_60k::base::main::23994,1
mistral_7b_instruct::trivia_qa_2_60k::base::main::36299,1
mistral_7b_instruct::trivia_qa_2_60k::base::main::8229,1
mistral_7b_instruct::trivia_qa_2_60k::base::main::6792,1
mistral_7b_instruct::trivia_qa_2_60k::base::main::26707,1
mistral_7b_instruct::trivia_qa_2_60k::base::main::3677,1
mistral_7b_instruct::trivia_qa_2_60k::base::main::34834,1
mistral_7b_instruct::trivia_qa_2_60k::base::main::31421,1
mistral_7b_instruct::trivia_qa_2_60k::base::main::22400,1
mistral_7b_instruct::trivia_qa_2_60k::base::main::17023,1
mistral_7b_instruct::trivia_qa_2_60k::base::main::18316,1
mistral_7b_instruct::trivia_qa_2_60k::base::main::24582,1
mistral_7b_instruct::trivia_qa_2_60k::base::main::17938,1
mistral_7b_instruct::trivia_qa_2_60k::base::main::1145,1
mistral_7b_instruct::trivia_qa_2_60k::base::main::48831,1
mistral_7b_instruct::trivia_qa_2_60k::base::main::15699,1
mistral_7b_instruct::trivia_qa_2_60k::base::main::3684,1
mistral_7b_instruct::trivia_qa_2_60k::base::main::38546,1
mistral_7b_instruct::trivia_qa_2_60k::base::main::46524,1
mistral_7b_instruct::trivia_qa_2_60k::base::main::20761,1
mistral_7b_instruct::trivia_qa_2_60k::base::main::9770,1
mistral_7b_instruct::trivia_qa_2_60k::base::main::18721,1
mistral_7b_instruct::trivia_qa_2_60k::base::main::6358,1
mistral_7b_instruct::trivia_qa_2_60k::base::main::55631,1
mistral_7b_instruct::trivia_qa_2_60k::base::main::20054,1
mistral_7b_instruct::trivia_qa_2_60k::base::main::10815,1
mistral_7b_instruct::trivia_qa_2_60k::base::main::38764,1
mistral_7b_instruct::trivia_qa_2_60k::base::main::24566,1
mistral_7b_instruct::trivia_qa_2_60k::base::main::4247,1
mistral_7b_instruct::trivia_qa_2_60k::base::main::55121,1
mistral_7b_instruct::trivia_qa_2_60k::base::main::12064,1
mistral_7b_instruct::trivia_qa_2_60k::base::main::10500,1
mistral_7b_instruct::trivia_qa_2_60k::base::main::7820,1
mistral_7b_instruct::trivia_qa_2_60k::base::main::13349,1
mistral_7b_instruct::trivia_qa_2_60k::base::main::43596,1
mistral_7b_instruct::trivia_qa_2_60k::base::main::45669,1
mistral_7b_instruct::trivia_qa_2_60k::base::main::5588,1
mistral_7b_instruct::trivia_qa_2_60k::base::main::2257,1
mistral_7b_instruct::trivia_qa_2_60k::base::main::18625,1
mistral_7b_instruct::trivia_qa_2_60k::base::main::43127,1
mistral_7b_instruct::trivia_qa_2_60k::base::main::14313,1
mistral_7b_instruct::trivia_qa_2_60k::base::main::12260,1
mistral_7b_instruct::trivia_qa_2_60k::base::main::29072,1
mistral_7b_instruct::trivia_qa_2_60k::base::main::14562,1
mistral_7b_instruct::trivia_qa_2_60k::base::main::4640,1
mistral_7b_instruct::trivia_qa_2_60k::base::main::28119,1
mistral_7b_instruct::trivia_qa_2_60k::base::main::55363,1
mistral_7b_instruct::trivia_qa_2_60k::base::main::41238,1
mistral_7b_instruct::trivia_qa_2_60k::base::main::2248,1
mistral_7b_instruct::trivia_qa_2_60k::base::main::4194,1
mistral_7b_instruct::trivia_qa_2_60k::base::main::6457,1
mistral_7b_instruct::trivia_qa_2_60k::base::main::38916,1
mistral_7b_instruct::trivia_qa_2_60k::base::main::32063,1
mistral_7b_instruct::trivia_qa_2_60k::base::main::47223,1
mistral_7b_instruct::trivia_qa_2_60k::base::main::1119,1
mistral_7b_instruct::trivia_qa_2_60k::base::main::36503,1
mistral_7b_instruct::trivia_qa_2_60k::base::main::18702,1
mistral_7b_instruct::trivia_qa_2_60k::base::main::58076,1
mistral_7b_instruct::trivia_qa_2_60k::base::main::42872,1
mistral_7b_instruct::trivia_qa_2_60k::base::main::7369,1
mistral_7b_instruct::trivia_qa_2_60k::base::main::37619,1
mistral_7b_instruct::trivia_qa_2_60k::base::main::31866,1
mistral_7b_instruct::trivia_qa_2_60k::base::main::51658,1
mistral_7b_instruct::trivia_qa_2_60k::base::main::14990,1
mistral_7b_instruct::trivia_qa_2_60k::base::main::12553,1
mistral_7b_instruct::trivia_qa_2_60k::base::main::8076,1
mistral_7b_instruct::trivia_qa_2_60k::base::main::3788,1
mistral_7b_instruct::trivia_qa_2_60k::base::main::5756,1
mistral_7b_instruct::trivia_qa_2_60k::base::main::45894,1
mistral_7b_instruct::trivia_qa_2_60k::base::main::52861,1
mistral_7b_instruct::trivia_qa_2_60k::base::main::45181,1
mistral_7b_instruct::trivia_qa_2_60k::base::main::37946,1
mistral_7b_instruct::trivia_qa_2_60k::base::main::47837,1
mistral_7b_instruct::trivia_qa_2_60k::base::main::19868,1
mistral_7b_instruct::trivia_qa_2_60k::base::main::45027,1
mistral_7b_instruct::trivia_qa_2_60k::base::main::24,1
mistral_7b_instruct::trivia_qa_2_60k::base::main::12830,1
mistral_7b_instruct::trivia_qa_2_60k::base::main::17340,1
mistral_7b_instruct::trivia_qa_2_60k::base::main::24392,1
mistral_7b_instruct::trivia_qa_2_60k::base::main::10787,1
mistral_7b_instruct::trivia_qa_2_60k::base::main::5142,1
mistral_7b_instruct::trivia_qa_2_60k::base::main::28858,1
mistral_7b_instruct::trivia_qa_2_60k::base::main::13951,1
mistral_7b_instruct::trivia_qa_2_60k::base::main::50075,1
mistral_7b_instruct::trivia_qa_2_60k::base::main::35868,1
mistral_7b_instruct::trivia_qa_2_60k::base::main::48549,1
mistral_7b_instruct::trivia_qa_2_60k::base::main::15929,1
mistral_7b_instruct::trivia_qa_2_60k::base::main::53238,1
mistral_7b_instruct::trivia_qa_2_60k::base::main::9360,1
mistral_7b_instruct::trivia_qa_2_60k::base::main::15911,1
mistral_7b_instruct::trivia_qa_2_60k::base::main::52162,1
mistral_7b_instruct::trivia_qa_2_60k::base::main::2092,1
mistral_7b_instruct::trivia_qa_2_60k::base::main::5235,1
mistral_7b_instruct::trivia_qa_2_60k::base::main::30249,1
mistral_7b_instruct::trivia_qa_2_60k::base::main::3393,1
mistral_7b_instruct::trivia_qa_2_60k::base::main::4613,1
mistral_7b_instruct::trivia_qa_2_60k::base::main::55216,1
mistral_7b_instruct::trivia_qa_2_60k::base::main::30560,1
mistral_7b_instruct::trivia_qa_2_60k::base::main::41683,1
mistral_7b_instruct::trivia_qa_2_60k::base::main::55862,1
mistral_7b_instruct::trivia_qa_2_60k::base::main::4178,1
mistral_7b_instruct::trivia_qa_2_60k::base::main::53632,1
mistral_7b_instruct::trivia_qa_2_60k::base::main::44434,1
mistral_7b_instruct::trivia_qa_2_60k::base::main::14219,1
mistral_7b_instruct::trivia_qa_2_60k::base::main::31881,1
mistral_7b_instruct::trivia_qa_2_60k::base::main::18592,1
mistral_7b_instruct::trivia_qa_2_60k::base::main::48567,1
mistral_7b_instruct::trivia_qa_2_60k::base::main::29102,1
mistral_7b_instruct::trivia_qa_2_60k::base::main::53111,1
mistral_7b_instruct::trivia_qa_2_60k::base::main::43947,1
mistral_7b_instruct::trivia_qa_2_60k::base::main::41510,1
mistral_7b_instruct::trivia_qa_2_60k::base::main::19712,1
mistral_7b_instruct::trivia_qa_2_60k::base::main::31351,1
mistral_7b_instruct::trivia_qa_2_60k::base::main::46436,1
mistral_7b_instruct::trivia_qa_2_60k::base::main::51386,1
mistral_7b_instruct::trivia_qa_2_60k::base::main::17867,1
mistral_7b_instruct::trivia_qa_2_60k::base::main::7976,1
mistral_7b_instruct::trivia_qa_2_60k::base::main::23327,1
mistral_7b_instruct::trivia_qa_2_60k::base::main::33908,1
mistral_7b_instruct::trivia_qa_2_60k::base::main::1015,1
mistral_7b_instruct::trivia_qa_2_60k::base::main::1862,1
mistral_7b_instruct::trivia_qa_2_60k::base::main::41955,1
mistral_7b_instruct::trivia_qa_2_60k::base::main::31263,1
mistral_7b_instruct::trivia_qa_2_60k::base::main::38406,1
mistral_7b_instruct::trivia_qa_2_60k::base::main::27936,1
mistral_7b_instruct::trivia_qa_2_60k::base::main::46342,1
mistral_7b_instruct::trivia_qa_2_60k::base::main::13884,1
mistral_7b_instruct::trivia_qa_2_60k::base::main::17522,1
mistral_7b_instruct::trivia_qa_2_60k::base::main::42012,1
mistral_7b_instruct::trivia_qa_2_60k::base::main::3090,1
mistral_7b_instruct::trivia_qa_2_60k::base::main::49611,1
mistral_7b_instruct::trivia_qa_2_60k::base::main::7469,1
mistral_7b_instruct::trivia_qa_2_60k::base::main::7263,1
mistral_7b_instruct::trivia_qa_2_60k::base::main::57841,1
mistral_7b_instruct::trivia_qa_2_60k::base::main::1790,1
mistral_7b_instruct::trivia_qa_2_60k::base::main::16783,1
mistral_7b_instruct::trivia_qa_2_60k::base::main::49896,1
mistral_7b_instruct::trivia_qa_2_60k::base::main::22060,1
mistral_7b_instruct::trivia_qa_2_60k::base::main::3547,1
mistral_7b_instruct::trivia_qa_2_60k::base::main::46560,1
mistral_7b_instruct::trivia_qa_2_60k::base::main::37271,1
mistral_7b_instruct::trivia_qa_2_60k::base::main::45065,1
mistral_7b_instruct::trivia_qa_2_60k::base::main::18338,1
mistral_7b_instruct::trivia_qa_2_60k::base::main::24302,1
mistral_7b_instruct::trivia_qa_2_60k::base::main::35870,1
mistral_7b_instruct::trivia_qa_2_60k::base::main::29657,1
mistral_7b_instruct::trivia_qa_2_60k::base::main::46573,1
mistral_7b_instruct::trivia_qa_2_60k::base::main::21160,1
mistral_7b_instruct::trivia_qa_2_60k::base::main::55173,1
mistral_7b_instruct::trivia_qa_2_60k::base::main::29729,1
mistral_7b_instruct::trivia_qa_2_60k::base::main::4532,1
mistral_7b_instruct::trivia_qa_2_60k::base::main::57223,1
mistral_7b_instruct::trivia_qa_2_60k::base::main::38219,1
mistral_7b_instruct::trivia_qa_2_60k::base::main::44212,1
mistral_7b_instruct::trivia_qa_2_60k::base::main::24188,1
mistral_7b_instruct::trivia_qa_2_60k::base::main::30196,1
mistral_7b_instruct::trivia_qa_2_60k::base::main::31023,1
mistral_7b_instruct::trivia_qa_2_60k::base::main::47649,1
mistral_7b_instruct::trivia_qa_2_60k::base::main::57400,1
mistral_7b_instruct::trivia_qa_2_60k::base::main::29736,1
mistral_7b_instruct::trivia_qa_2_60k::base::main::34479,1
mistral_7b_instruct::trivia_qa_2_60k::base::main::3087,1
mistral_7b_instruct::trivia_qa_2_60k::base::main::38962,1
mistral_7b_instruct::trivia_qa_2_60k::base::main::37123,1
mistral_7b_instruct::trivia_qa_2_60k::base::main::5918,1
mistral_7b_instruct::trivia_qa_2_60k::base::main::22590,1
mistral_7b_instruct::trivia_qa_2_60k::base::main::38345,1
mistral_7b_instruct::trivia_qa_2_60k::base::main::51508,1
mistral_7b_instruct::trivia_qa_2_60k::base::main::35269,1
mistral_7b_instruct::trivia_qa_2_60k::base::main::24452,1
mistral_7b_instruct::trivia_qa_2_60k::base::main::3389,1
mistral_7b_instruct::trivia_qa_2_60k::base::main::53915,1
mistral_7b_instruct::trivia_qa_2_60k::base::main::22305,1
mistral_7b_instruct::trivia_qa_2_60k::base::main::1531,1
mistral_7b_instruct::trivia_qa_2_60k::base::main::30011,1
mistral_7b_instruct::trivia_qa_2_60k::base::main::50043,1
mistral_7b_instruct::trivia_qa_2_60k::base::main::24931,1
mistral_7b_instruct::trivia_qa_2_60k::base::main::18131,1
mistral_7b_instruct::trivia_qa_2_60k::base::main::54086,1
mistral_7b_instruct::trivia_qa_2_60k::base::main::6140,1
mistral_7b_instruct::trivia_qa_2_60k::base::main::27390,1
mistral_7b_instruct::trivia_qa_2_60k::base::main::34276,1
mistral_7b_instruct::trivia_qa_2_60k::base::main::31842,1
mistral_7b_instruct::trivia_qa_2_60k::base::main::41638,1
mistral_7b_instruct::trivia_qa_2_60k::base::main::16066,1
mistral_7b_instruct::trivia_qa_2_60k::base::main::29887,1
mistral_7b_instruct::trivia_qa_2_60k::base::main::32470,1
mistral_7b_instruct::trivia_qa_2_60k::base::main::4408,1
mistral_7b_instruct::trivia_qa_2_60k::base::main::22202,1
mistral_7b_instruct::trivia_qa_2_60k::base::main::53068,1
mistral_7b_instruct::trivia_qa_2_60k::base::main::53126,1
mistral_7b_instruct::trivia_qa_2_60k::base::main::41958,1
mistral_7b_instruct::trivia_qa_2_60k::base::main::25839,1
mistral_7b_instruct::trivia_qa_2_60k::base::main::10337,1
mistral_7b_instruct::trivia_qa_2_60k::base::main::45980,1
mistral_7b_instruct::trivia_qa_2_60k::base::main::12495,1
mistral_7b_instruct::trivia_qa_2_60k::base::main::23616,1
mistral_7b_instruct::trivia_qa_2_60k::base::main::52521,1
mistral_7b_instruct::trivia_qa_2_60k::base::main::50062,1
mistral_7b_instruct::trivia_qa_2_60k::base::main::38504,1
mistral_7b_instruct::trivia_qa_2_60k::base::main::36038,1
mistral_7b_instruct::trivia_qa_2_60k::base::main::22500,1
mistral_7b_instruct::trivia_qa_2_60k::base::main::11489,1
mistral_7b_instruct::trivia_qa_2_60k::base::main::2761,1
mistral_7b_instruct::trivia_qa_2_60k::base::main::50404,1
mistral_7b_instruct::trivia_qa_2_60k::base::main::40272,1
mistral_7b_instruct::trivia_qa_2_60k::base::main::108,1
mistral_7b_instruct::trivia_qa_2_60k::base::main::7750,1
mistral_7b_instruct::trivia_qa_2_60k::base::main::45812,1
mistral_7b_instruct::trivia_qa_2_60k::base::main::21871,1
mistral_7b_instruct::trivia_qa_2_60k::base::main::50838,1
mistral_7b_instruct::trivia_qa_2_60k::base::main::24803,1
mistral_7b_instruct::trivia_qa_2_60k::base::main::49215,1
mistral_7b_instruct::trivia_qa_2_60k::base::main::42798,1
mistral_7b_instruct::trivia_qa_2_60k::base::main::43837,1
mistral_7b_instruct::trivia_qa_2_60k::base::main::49664,1
mistral_7b_instruct::trivia_qa_2_60k::base::main::50948,1
mistral_7b_instruct::trivia_qa_2_60k::base::main::37193,1
mistral_7b_instruct::trivia_qa_2_60k::base::main::55828,1
mistral_7b_instruct::trivia_qa_2_60k::base::main::15505,1
mistral_7b_instruct::trivia_qa_2_60k::base::main::42549,1
mistral_7b_instruct::trivia_qa_2_60k::base::main::20624,1
mistral_7b_instruct::trivia_qa_2_60k::base::main::41750,1
mistral_7b_instruct::trivia_qa_2_60k::base::main::21071,1
mistral_7b_instruct::trivia_qa_2_60k::base::main::25401,1
mistral_7b_instruct::trivia_qa_2_60k::base::main::8454,1
mistral_7b_instruct::trivia_qa_2_60k::base::main::34735,1
mistral_7b_instruct::trivia_qa_2_60k::base::main::18644,1
mistral_7b_instruct::trivia_qa_2_60k::base::main::44551,1
mistral_7b_instruct::trivia_qa_2_60k::base::main::15385,1
mistral_7b_instruct::trivia_qa_2_60k::base::main::17778,1
mistral_7b_instruct::trivia_qa_2_60k::base::main::24838,1
mistral_7b_instruct::trivia_qa_2_60k::base::main::30084,1
mistral_7b_instruct::trivia_qa_2_60k::base::main::55259,1
mistral_7b_instruct::trivia_qa_2_60k::base::main::49296,1
mistral_7b_instruct::trivia_qa_2_60k::base::main::17308,1
mistral_7b_instruct::trivia_qa_2_60k::base::main::41940,1
mistral_7b_instruct::trivia_qa_2_60k::base::main::56816,1
mistral_7b_instruct::trivia_qa_2_60k::base::main::33057,1
mistral_7b_instruct::trivia_qa_2_60k::base::main::51071,1
mistral_7b_instruct::trivia_qa_2_60k::base::main::4020,1
mistral_7b_instruct::trivia_qa_2_60k::base::main::16703,1
mistral_7b_instruct::trivia_qa_2_60k::base::main::49526,1
mistral_7b_instruct::trivia_qa_2_60k::base::main::10306,1
mistral_7b_instruct::trivia_qa_2_60k::base::main::37104,1
mistral_7b_instruct::trivia_qa_2_60k::base::main::47990,1
mistral_7b_instruct::trivia_qa_2_60k::base::main::22391,1
mistral_7b_instruct::trivia_qa_2_60k::base::main::41537,1
mistral_7b_instruct::trivia_qa_2_60k::base::main::51317,1
mistral_7b_instruct::trivia_qa_2_60k::base::main::32445,1
mistral_7b_instruct::trivia_qa_2_60k::base::main::44367,1
mistral_7b_instruct::trivia_qa_2_60k::base::main::55836,1
mistral_7b_instruct::trivia_qa_2_60k::base::main::58085,1
mistral_7b_instruct::trivia_qa_2_60k::base::main::32621,1
mistral_7b_instruct::trivia_qa_2_60k::base::main::57578,1
mistral_7b_instruct::trivia_qa_2_60k::base::main::50859,1
mistral_7b_instruct::trivia_qa_2_60k::base::main::11382,1
mistral_7b_instruct::trivia_qa_2_60k::base::main::55128,1
mistral_7b_instruct::trivia_qa_2_60k::base::main::30611,1
mistral_7b_instruct::trivia_qa_2_60k::base::main::53961,1
mistral_7b_instruct::trivia_qa_2_60k::base::main::49130,1
mistral_7b_instruct::trivia_qa_2_60k::base::main::27874,1
mistral_7b_instruct::trivia_qa_2_60k::base::main::37988,1
mistral_7b_instruct::trivia_qa_2_60k::base::main::55695,1
mistral_7b_instruct::trivia_qa_2_60k::base::main::52776,1
mistral_7b_instruct::trivia_qa_2_60k::base::main::3545,1
mistral_7b_instruct::trivia_qa_2_60k::base::main::68,1
mistral_7b_instruct::trivia_qa_2_60k::base::main::4921,1
mistral_7b_instruct::trivia_qa_2_60k::base::main::21212,1
mistral_7b_instruct::trivia_qa_2_60k::base::main::24355,1
mistral_7b_instruct::trivia_qa_2_60k::base::main::16180,1
mistral_7b_instruct::trivia_qa_2_60k::base::main::26785,1
mistral_7b_instruct::trivia_qa_2_60k::base::main::1169,1
mistral_7b_instruct::trivia_qa_2_60k::base::main::50249,1
mistral_7b_instruct::trivia_qa_2_60k::base::main::21676,1
mistral_7b_instruct::trivia_qa_2_60k::base::main::44534,1
mistral_7b_instruct::trivia_qa_2_60k::base::main::45156,1
mistral_7b_instruct::trivia_qa_2_60k::base::main::52291,1
mistral_7b_instruct::trivia_qa_2_60k::base::main::8460,1
mistral_7b_instruct::trivia_qa_2_60k::base::main::26322,1
mistral_7b_instruct::trivia_qa_2_60k::base::main::41896,1
mistral_7b_instruct::trivia_qa_2_60k::base::main::10656,1
mistral_7b_instruct::trivia_qa_2_60k::base::main::26320,1
mistral_7b_instruct::trivia_qa_2_60k::base::main::10699,1
mistral_7b_instruct::trivia_qa_2_60k::base::main::54680,1
mistral_7b_instruct::trivia_qa_2_60k::base::main::2470,1
mistral_7b_instruct::trivia_qa_2_60k::base::main::51359,1
mistral_7b_instruct::trivia_qa_2_60k::base::main::2839,1
mistral_7b_instruct::trivia_qa_2_60k::base::main::21937,1
mistral_7b_instruct::trivia_qa_2_60k::base::main::58170,1
mistral_7b_instruct::trivia_qa_2_60k::base::main::39133,1
mistral_7b_instruct::trivia_qa_2_60k::base::main::8787,1
mistral_7b_instruct::trivia_qa_2_60k::base::main::37634,1
mistral_7b_instruct::trivia_qa_2_60k::base::main::40530,1
mistral_7b_instruct::trivia_qa_2_60k::base::main::38873,1
mistral_7b_instruct::trivia_qa_2_60k::base::main::50335,1
mistral_7b_instruct::trivia_qa_2_60k::base::main::34747,1
mistral_7b_instruct::trivia_qa_2_60k::base::main::5383,1
mistral_7b_instruct::trivia_qa_2_60k::base::main::13447,1
mistral_7b_instruct::trivia_qa_2_60k::base::main::14025,1
mistral_7b_instruct::trivia_qa_2_60k::base::main::50076,1
mistral_7b_instruct::trivia_qa_2_60k::base::main::4716,1
mistral_7b_instruct::trivia_qa_2_60k::base::main::22172,1
mistral_7b_instruct::trivia_qa_2_60k::base::main::58225,1
mistral_7b_instruct::trivia_qa_2_60k::base::main::21803,1
mistral_7b_instruct::trivia_qa_2_60k::base::main::53669,1
mistral_7b_instruct::trivia_qa_2_60k::base::main::20523,1
mistral_7b_instruct::trivia_qa_2_60k::base::main::35476,1
mistral_7b_instruct::trivia_qa_2_60k::base::main::14218,1
mistral_7b_instruct::trivia_qa_2_60k::base::main::37155,1
mistral_7b_instruct::trivia_qa_2_60k::base::main::54635,1
mistral_7b_instruct::trivia_qa_2_60k::base::main::20868,1
mistral_7b_instruct::trivia_qa_2_60k::base::main::22127,1
mistral_7b_instruct::trivia_qa_2_60k::base::main::57208,1
mistral_7b_instruct::trivia_qa_2_60k::base::main::27467,1
mistral_7b_instruct::trivia_qa_2_60k::base::main::48090,1
mistral_7b_instruct::trivia_qa_2_60k::base::main::29167,1
mistral_7b_instruct::trivia_qa_2_60k::base::main::31896,1
mistral_7b_instruct::trivia_qa_2_60k::base::main::11754,1
mistral_7b_instruct::trivia_qa_2_60k::base::main::12108,1
mistral_7b_instruct::trivia_qa_2_60k::base::main::30313,1
mistral_7b_instruct::trivia_qa_2_60k::base::main::14649,1
mistral_7b_instruct::trivia_qa_2_60k::base::main::17864,1
mistral_7b_instruct::trivia_qa_2_60k::base::main::874,1
mistral_7b_instruct::trivia_qa_2_60k::base::main::4065,1
mistral_7b_instruct::trivia_qa_2_60k::base::main::22927,1
mistral_7b_instruct::trivia_qa_2_60k::base::main::8148,1
mistral_7b_instruct::trivia_qa_2_60k::base::main::20809,1
mistral_7b_instruct::trivia_qa_2_60k::base::main::23067,1
mistral_7b_instruct::trivia_qa_2_60k::base::main::17833,1
mistral_7b_instruct::trivia_qa_2_60k::base::main::4596,1
mistral_7b_instruct::trivia_qa_2_60k::base::main::9346,1
mistral_7b_instruct::trivia_qa_2_60k::base::main::13250,1
mistral_7b_instruct::trivia_qa_2_60k::base::main::8040,1
mistral_7b_instruct::trivia_qa_2_60k::base::main::57433,1
mistral_7b_instruct::trivia_qa_2_60k::base::main::46807,1
mistral_7b_instruct::trivia_qa_2_60k::base::main::54448,1
mistral_7b_instruct::trivia_qa_2_60k::base::main::46602,1
mistral_7b_instruct::trivia_qa_2_60k::base::main::35637,1
mistral_7b_instruct::trivia_qa_2_60k::base::main::49350,1
mistral_7b_instruct::trivia_qa_2_60k::base::main::50784,1
mistral_7b_instruct::trivia_qa_2_60k::base::main::15004,1
mistral_7b_instruct::trivia_qa_2_60k::base::main::10905,1
mistral_7b_instruct::trivia_qa_2_60k::base::main::19072,1
mistral_7b_instruct::trivia_qa_2_60k::base::main::28138,1
mistral_7b_instruct::trivia_qa_2_60k::base::main::47146,1
mistral_7b_instruct::trivia_qa_2_60k::base::main::13504,1
mistral_7b_instruct::trivia_qa_2_60k::base::main::19729,1
mistral_7b_instruct::trivia_qa_2_60k::base::main::9236,1
mistral_7b_instruct::trivia_qa_2_60k::base::main::28593,1
mistral_7b_instruct::trivia_qa_2_60k::base::main::17140,1
mistral_7b_instruct::trivia_qa_2_60k::base::main::22035,1
mistral_7b_instruct::trivia_qa_2_60k::base::main::53112,1
mistral_7b_instruct::trivia_qa_2_60k::base::main::15821,1
mistral_7b_instruct::trivia_qa_2_60k::base::main::6624,1
mistral_7b_instruct::trivia_qa_2_60k::base::main::5793,1
mistral_7b_instruct::trivia_qa_2_60k::base::main::18521,1
mistral_7b_instruct::trivia_qa_2_60k::base::main::51888,1
mistral_7b_instruct::trivia_qa_2_60k::base::main::15733,1
mistral_7b_instruct::trivia_qa_2_60k::base::main::50229,1
mistral_7b_instruct::trivia_qa_2_60k::base::main::3931,1
mistral_7b_instruct::trivia_qa_2_60k::base::main::19566,1
mistral_7b_instruct::trivia_qa_2_60k::base::main::11032,1
mistral_7b_instruct::trivia_qa_2_60k::base::main::39660,1
mistral_7b_instruct::trivia_qa_2_60k::base::main::26306,1
mistral_7b_instruct::trivia_qa_2_60k::base::main::33249,1
mistral_7b_instruct::trivia_qa_2_60k::base::main::34183,1
mistral_7b_instruct::trivia_qa_2_60k::base::main::52398,1
mistral_7b_instruct::trivia_qa_2_60k::base::main::13494,1
mistral_7b_instruct::trivia_qa_2_60k::base::main::25857,1
mistral_7b_instruct::trivia_qa_2_60k::base::main::22403,1
mistral_7b_instruct::trivia_qa_2_60k::base::main::36227,1
mistral_7b_instruct::trivia_qa_2_60k::base::main::1059,1
mistral_7b_instruct::trivia_qa_2_60k::base::main::5075,1
mistral_7b_instruct::trivia_qa_2_60k::base::main::43039,1
mistral_7b_instruct::trivia_qa_2_60k::base::main::2700,1
mistral_7b_instruct::trivia_qa_2_60k::base::main::38933,1
mistral_7b_instruct::trivia_qa_2_60k::base::main::58022,1
mistral_7b_instruct::trivia_qa_2_60k::base::main::32022,1
mistral_7b_instruct::trivia_qa_2_60k::base::main::57930,1
mistral_7b_instruct::trivia_qa_2_60k::base::main::23444,1
mistral_7b_instruct::trivia_qa_2_60k::base::main::48932,1
mistral_7b_instruct::trivia_qa_2_60k::base::main::40345,1
mistral_7b_instruct::trivia_qa_2_60k::base::main::49963,1
mistral_7b_instruct::trivia_qa_2_60k::base::main::10698,1
mistral_7b_instruct::trivia_qa_2_60k::base::main::23877,1
mistral_7b_instruct::trivia_qa_2_60k::base::main::28890,1
mistral_7b_instruct::trivia_qa_2_60k::base::main::544,1
mistral_7b_instruct::trivia_qa_2_60k::base::main::3233,1
mistral_7b_instruct::trivia_qa_2_60k::base::main::29512,1
mistral_7b_instruct::trivia_qa_2_60k::base::main::27016,1
mistral_7b_instruct::trivia_qa_2_60k::base::main::39337,1
mistral_7b_instruct::trivia_qa_2_60k::base::main::13774,1
mistral_7b_instruct::trivia_qa_2_60k::base::main::36818,1
mistral_7b_instruct::trivia_qa_2_60k::base::main::1182,1
mistral_7b_instruct::trivia_qa_2_60k::base::main::52467,1
mistral_7b_instruct::trivia_qa_2_60k::base::main::45161,1
mistral_7b_instruct::trivia_qa_2_60k::base::main::7840,1
mistral_7b_instruct::trivia_qa_2_60k::base::main::4722,1
mistral_7b_instruct::trivia_qa_2_60k::base::main::19134,1
mistral_7b_instruct::trivia_qa_2_60k::base::main::47408,1
mistral_7b_instruct::trivia_qa_2_60k::base::main::8389,1
mistral_7b_instruct::trivia_qa_2_60k::base::main::53938,1
mistral_7b_instruct::trivia_qa_2_60k::base::main::31052,1
mistral_7b_instruct::trivia_qa_2_60k::base::main::34481,1
mistral_7b_instruct::trivia_qa_2_60k::base::main::9150,1
mistral_7b_instruct::trivia_qa_2_60k::base::main::48896,1
mistral_7b_instruct::trivia_qa_2_60k::base::main::57917,1
mistral_7b_instruct::trivia_qa_2_60k::base::main::15402,1
mistral_7b_instruct::trivia_qa_2_60k::base::main::38849,1
mistral_7b_instruct::trivia_qa_2_60k::base::main::16050,1
mistral_7b_instruct::trivia_qa_2_60k::base::main::30567,1
mistral_7b_instruct::trivia_qa_2_60k::base::main::24891,1
mistral_7b_instruct::trivia_qa_2_60k::base::main::13322,1
mistral_7b_instruct::trivia_qa_2_60k::base::main::43933,1
mistral_7b_instruct::trivia_qa_2_60k::base::main::57022,1
mistral_7b_instruct::trivia_qa_2_60k::base::main::29009,1
mistral_7b_instruct::trivia_qa_2_60k::base::main::29465,1
mistral_7b_instruct::trivia_qa_2_60k::base::main::21488,1
mistral_7b_instruct::trivia_qa_2_60k::base::main::54029,1
mistral_7b_instruct::trivia_qa_2_60k::base::main::16333,1
mistral_7b_instruct::trivia_qa_2_60k::base::main::26557,1
mistral_7b_instruct::trivia_qa_2_60k::base::main::7937,1
mistral_7b_instruct::trivia_qa_2_60k::base::main::32015,1
mistral_7b_instruct::trivia_qa_2_60k::base::main::37600,1
mistral_7b_instruct::trivia_qa_2_60k::base::main::58350,1
mistral_7b_instruct::trivia_qa_2_60k::base::main::42311,1
mistral_7b_instruct::trivia_qa_2_60k::base::main::21244,1
mistral_7b_instruct::trivia_qa_2_60k::base::main::20858,1
mistral_7b_instruct::trivia_qa_2_60k::base::main::28287,1
mistral_7b_instruct::trivia_qa_2_60k::base::main::201,1
mistral_7b_instruct::trivia_qa_2_60k::base::main::23813,1
mistral_7b_instruct::trivia_qa_2_60k::base::main::11454,1
mistral_7b_instruct::trivia_qa_2_60k::base::main::55358,1
mistral_7b_instruct::trivia_qa_2_60k::base::main::39340,1
mistral_7b_instruct::trivia_qa_2_60k::base::main::47165,1
mistral_7b_instruct::trivia_qa_2_60k::base::main::12995,1
mistral_7b_instruct::trivia_qa_2_60k::base::main::27369,1
mistral_7b_instruct::trivia_qa_2_60k::base::main::48714,1
mistral_7b_instruct::trivia_qa_2_60k::base::main::46806,1
mistral_7b_instruct::trivia_qa_2_60k::base::main::55971,1
mistral_7b_instruct::trivia_qa_2_60k::base::main::53589,1
mistral_7b_instruct::trivia_qa_2_60k::base::main::58104,1
mistral_7b_instruct::trivia_qa_2_60k::base::main::3854,1
mistral_7b_instruct::trivia_qa_2_60k::base::main::20973,1
mistral_7b_instruct::trivia_qa_2_60k::base::main::45874,1
mistral_7b_instruct::trivia_qa_2_60k::base::main::6061,1
mistral_7b_instruct::trivia_qa_2_60k::base::main::19638,1
mistral_7b_instruct::trivia_qa_2_60k::base::main::42817,1
mistral_7b_instruct::trivia_qa_2_60k::base::main::19844,1
mistral_7b_instruct::trivia_qa_2_60k::base::main::28519,1
mistral_7b_instruct::trivia_qa_2_60k::base::main::11435,1
mistral_7b_instruct::trivia_qa_2_60k::base::main::49024,1
mistral_7b_instruct::trivia_qa_2_60k::base::main::27679,1
mistral_7b_instruct::trivia_qa_2_60k::base::main::51063,1
mistral_7b_instruct::trivia_qa_2_60k::base::main::54220,1
mistral_7b_instruct::trivia_qa_2_60k::base::main::9567,1
mistral_7b_instruct::trivia_qa_2_60k::base::main::37986,1
mistral_7b_instruct::trivia_qa_2_60k::base::main::3438,1
mistral_7b_instruct::trivia_qa_2_60k::base::main::24631,1
mistral_7b_instruct::trivia_qa_2_60k::base::main::21880,1
mistral_7b_instruct::trivia_qa_2_60k::base::main::27857,1
mistral_7b_instruct::trivia_qa_2_60k::base::main::36718,1
mistral_7b_instruct::trivia_qa_2_60k::base::main::42305,1
mistral_7b_instruct::trivia_qa_2_60k::base::main::31577,1
mistral_7b_instruct::trivia_qa_2_60k::base::main::32814,1
mistral_7b_instruct::trivia_qa_2_60k::base::main::6882,1
mistral_7b_instruct::trivia_qa_2_60k::base::main::202,1
mistral_7b_instruct::trivia_qa_2_60k::base::main::28953,1
mistral_7b_instruct::trivia_qa_2_60k::base::main::25626,1
mistral_7b_instruct::trivia_qa_2_60k::base::main::31894,1
mistral_7b_instruct::trivia_qa_2_60k::base::main::52931,1
mistral_7b_instruct::trivia_qa_2_60k::base::main::29591,1
mistral_7b_instruct::trivia_qa_2_60k::base::main::54946,1
mistral_7b_instruct::trivia_qa_2_60k::base::main::58537,1
mistral_7b_instruct::trivia_qa_2_60k::base::main::21627,1
mistral_7b_instruct::trivia_qa_2_60k::base::main::2861,1
mistral_7b_instruct::trivia_qa_2_60k::base::main::24011,1
mistral_7b_instruct::trivia_qa_2_60k::base::main::34588,1
mistral_7b_instruct::trivia_qa_2_60k::base::main::26414,1
mistral_7b_instruct::trivia_qa_2_60k::base::main::22032,1
mistral_7b_instruct::trivia_qa_2_60k::base::main::46046,1
mistral_7b_instruct::trivia_qa_2_60k::base::main::48431,1
mistral_7b_instruct::trivia_qa_2_60k::base::main::22957,1
mistral_7b_instruct::trivia_qa_2_60k::base::main::58012,1
mistral_7b_instruct::trivia_qa_2_60k::base::main::32233,1
mistral_7b_instruct::trivia_qa_2_60k::base::main::2793,1
mistral_7b_instruct::trivia_qa_2_60k::base::main::51304,1
mistral_7b_instruct::trivia_qa_2_60k::base::main::50683,1
mistral_7b_instruct::trivia_qa_2_60k::base::main::18074,1
mistral_7b_instruct::trivia_qa_2_60k::base::main::9950,1
mistral_7b_instruct::trivia_qa_2_60k::base::main::33211,1
mistral_7b_instruct::trivia_qa_2_60k::base::main::32525,1
mistral_7b_instruct::trivia_qa_2_60k::base::main::34526,1
mistral_7b_instruct::trivia_qa_2_60k::base::main::30930,1
mistral_7b_instruct::trivia_qa_2_60k::base::main::25527,1
mistral_7b_instruct::trivia_qa_2_60k::base::main::55292,1
mistral_7b_instruct::trivia_qa_2_60k::base::main::42149,1
mistral_7b_instruct::trivia_qa_2_60k::base::main::33773,1
mistral_7b_instruct::trivia_qa_2_60k::base::main::10764,1
mistral_7b_instruct::trivia_qa_2_60k::base::main::54752,1
mistral_7b_instruct::trivia_qa_2_60k::base::main::51059,1
mistral_7b_instruct::trivia_qa_2_60k::base::main::49010,1
mistral_7b_instruct::trivia_qa_2_60k::base::main::36579,1
mistral_7b_instruct::trivia_qa_2_60k::base::main::10088,1
mistral_7b_instruct::trivia_qa_2_60k::base::main::6305,1
mistral_7b_instruct::trivia_qa_2_60k::base::main::6899,1
mistral_7b_instruct::trivia_qa_2_60k::base::main::28655,1
mistral_7b_instruct::trivia_qa_2_60k::base::main::30944,1
mistral_7b_instruct::trivia_qa_2_60k::base::main::48225,1
mistral_7b_instruct::trivia_qa_2_60k::base::main::15664,1
mistral_7b_instruct::trivia_qa_2_60k::base::main::9247,1
mistral_7b_instruct::trivia_qa_2_60k::base::main::32037,1
mistral_7b_instruct::trivia_qa_2_60k::base::main::31870,1
mistral_7b_instruct::trivia_qa_2_60k::base::main::11870,1
mistral_7b_instruct::trivia_qa_2_60k::base::main::23230,1
mistral_7b_instruct::trivia_qa_2_60k::base::main::3912,1
mistral_7b_instruct::trivia_qa_2_60k::base::main::55536,1
mistral_7b_instruct::trivia_qa_2_60k::base::main::49729,1
mistral_7b_instruct::trivia_qa_2_60k::base::main::57252,1
mistral_7b_instruct::trivia_qa_2_60k::base::main::46726,1
mistral_7b_instruct::trivia_qa_2_60k::base::main::31818,1
mistral_7b_instruct::trivia_qa_2_60k::base::main::4869,1
mistral_7b_instruct::trivia_qa_2_60k::base::main::38946,1
mistral_7b_instruct::trivia_qa_2_60k::base::main::36102,1
mistral_7b_instruct::trivia_qa_2_60k::base::main::50981,1
mistral_7b_instruct::trivia_qa_2_60k::base::main::10546,1
mistral_7b_instruct::trivia_qa_2_60k::base::main::51429,1
mistral_7b_instruct::trivia_qa_2_60k::base::main::24126,1
mistral_7b_instruct::trivia_qa_2_60k::base::main::35356,1
mistral_7b_instruct::trivia_qa_2_60k::base::main::44364,1
mistral_7b_instruct::trivia_qa_2_60k::base::main::56277,1
mistral_7b_instruct::trivia_qa_2_60k::base::main::36549,1
mistral_7b_instruct::trivia_qa_2_60k::base::main::19888,1
mistral_7b_instruct::trivia_qa_2_60k::base::main::56367,1
mistral_7b_instruct::trivia_qa_2_60k::base::main::11892,1
mistral_7b_instruct::trivia_qa_2_60k::base::main::58092,1
mistral_7b_instruct::trivia_qa_2_60k::base::main::8139,1
mistral_7b_instruct::trivia_qa_2_60k::base::main::11734,1
mistral_7b_instruct::trivia_qa_2_60k::base::main::10734,1
mistral_7b_instruct::trivia_qa_2_60k::base::main::10527,1
mistral_7b_instruct::trivia_qa_2_60k::base::main::27934,1
mistral_7b_instruct::trivia_qa_2_60k::base::main::4926,1
mistral_7b_instruct::trivia_qa_2_60k::base::main::41973,1
mistral_7b_instruct::trivia_qa_2_60k::base::main::4269,1
mistral_7b_instruct::trivia_qa_2_60k::base::main::56532,1
mistral_7b_instruct::trivia_qa_2_60k::base::main::6787,1
mistral_7b_instruct::trivia_qa_2_60k::base::main::21590,1
mistral_7b_instruct::trivia_qa_2_60k::base::main::16374,1
mistral_7b_instruct::trivia_qa_2_60k::base::main::23931,1
mistral_7b_instruct::trivia_qa_2_60k::base::main::5375,1
mistral_7b_instruct::trivia_qa_2_60k::base::main::34618,1
mistral_7b_instruct::trivia_qa_2_60k::base::main::13193,1
mistral_7b_instruct::trivia_qa_2_60k::base::main::13966,1
mistral_7b_instruct::trivia_qa_2_60k::base::main::58292,1
mistral_7b_instruct::trivia_qa_2_60k::base::main::21195,1
mistral_7b_instruct::trivia_qa_2_60k::base::main::46594,1
mistral_7b_instruct::trivia_qa_2_60k::base::main::8331,1
mistral_7b_instruct::trivia_qa_2_60k::base::main::10837,1
mistral_7b_instruct::trivia_qa_2_60k::base::main::23778,1
mistral_7b_instruct::trivia_qa_2_60k::base::main::42085,1
mistral_7b_instruct::trivia_qa_2_60k::base::main::43534,1
mistral_7b_instruct::trivia_qa_2_60k::base::main::39994,1
mistral_7b_instruct::trivia_qa_2_60k::base::main::9198,1
mistral_7b_instruct::trivia_qa_2_60k::base::main::1398,1
mistral_7b_instruct::trivia_qa_2_60k::base::main::23889,1
mistral_7b_instruct::trivia_qa_2_60k::base::main::43324,1
mistral_7b_instruct::trivia_qa_2_60k::base::main::40743,1
mistral_7b_instruct::trivia_qa_2_60k::base::main::12123,1
mistral_7b_instruct::trivia_qa_2_60k::base::main::12927,1
mistral_7b_instruct::trivia_qa_2_60k::base::main::44672,1
mistral_7b_instruct::trivia_qa_2_60k::base::main::4947,1
mistral_7b_instruct::trivia_qa_2_60k::base::main::55949,1
mistral_7b_instruct::trivia_qa_2_60k::base::main::5743,1
mistral_7b_instruct::trivia_qa_2_60k::base::main::52846,1
mistral_7b_instruct::trivia_qa_2_60k::base::main::19680,1
mistral_7b_instruct::trivia_qa_2_60k::base::main::20764,1
mistral_7b_instruct::trivia_qa_2_60k::base::main::45611,1
mistral_7b_instruct::trivia_qa_2_60k::base::main::3548,1
mistral_7b_instruct::trivia_qa_2_60k::base::main::34880,1
mistral_7b_instruct::trivia_qa_2_60k::base::main::16503,1
mistral_7b_instruct::trivia_qa_2_60k::base::main::17580,1
mistral_7b_instruct::trivia_qa_2_60k::base::main::49096,1
mistral_7b_instruct::trivia_qa_2_60k::base::main::18553,1
mistral_7b_instruct::trivia_qa_2_60k::base::main::20617,1
mistral_7b_instruct::trivia_qa_2_60k::base::main::39004,1
mistral_7b_instruct::trivia_qa_2_60k::base::main::7105,1
mistral_7b_instruct::trivia_qa_2_60k::base::main::58064,1
mistral_7b_instruct::trivia_qa_2_60k::base::main::44878,1
mistral_7b_instruct::trivia_qa_2_60k::base::main::25234,1
mistral_7b_instruct::trivia_qa_2_60k::base::main::24077,1
mistral_7b_instruct::trivia_qa_2_60k::base::main::30,1
mistral_7b_instruct::trivia_qa_2_60k::base::main::23139,1
mistral_7b_instruct::trivia_qa_2_60k::base::main::31587,1
mistral_7b_instruct::trivia_qa_2_60k::base::main::40119,1
mistral_7b_instruct::trivia_qa_2_60k::base::main::39808,1
mistral_7b_instruct::trivia_qa_2_60k::base::main::41618,1
mistral_7b_instruct::trivia_qa_2_60k::base::main::12838,1
mistral_7b_instruct::trivia_qa_2_60k::base::main::27925,1
mistral_7b_instruct::trivia_qa_2_60k::base::main::50619,1
mistral_7b_instruct::trivia_qa_2_60k::base::main::54373,1
mistral_7b_instruct::trivia_qa_2_60k::base::main::3731,1
mistral_7b_instruct::trivia_qa_2_60k::base::main::32354,1
mistral_7b_instruct::trivia_qa_2_60k::base::main::35017,1
mistral_7b_instruct::trivia_qa_2_60k::base::main::3855,1
mistral_7b_instruct::trivia_qa_2_60k::base::main::26673,1
mistral_7b_instruct::trivia_qa_2_60k::base::main::57210,1
mistral_7b_instruct::trivia_qa_2_60k::base::main::26784,1
mistral_7b_instruct::trivia_qa_2_60k::base::main::17853,1
mistral_7b_instruct::trivia_qa_2_60k::base::main::51286,1
mistral_7b_instruct::trivia_qa_2_60k::base::main::48098,1
mistral_7b_instruct::trivia_qa_2_60k::base::main::19591,1
mistral_7b_instruct::trivia_qa_2_60k::base::main::56972,1
mistral_7b_instruct::trivia_qa_2_60k::base::main::26564,1
mistral_7b_instruct::trivia_qa_2_60k::base::main::49157,1
mistral_7b_instruct::trivia_qa_2_60k::base::main::16402,1
mistral_7b_instruct::trivia_qa_2_60k::base::main::21168,1
mistral_7b_instruct::trivia_qa_2_60k::base::main::37352,1
mistral_7b_instruct::trivia_qa_2_60k::base::main::32475,1
mistral_7b_instruct::trivia_qa_2_60k::base::main::23132,1
mistral_7b_instruct::trivia_qa_2_60k::base::main::56319,1
mistral_7b_instruct::trivia_qa_2_60k::base::main::52422,1
mistral_7b_instruct::trivia_qa_2_60k::base::main::2328,1
mistral_7b_instruct::trivia_qa_2_60k::base::main::3590,1
mistral_7b_instruct::trivia_qa_2_60k::base::main::16903,1
mistral_7b_instruct::trivia_qa_2_60k::base::main::55160,1
mistral_7b_instruct::trivia_qa_2_60k::base::main::31471,1
mistral_7b_instruct::trivia_qa_2_60k::base::main::22157,1
mistral_7b_instruct::trivia_qa_2_60k::base::main::382,1
mistral_7b_instruct::trivia_qa_2_60k::base::main::34285,1
mistral_7b_instruct::trivia_qa_2_60k::base::main::29844,1
mistral_7b_instruct::trivia_qa_2_60k::base::main::50224,1
mistral_7b_instruct::trivia_qa_2_60k::base::main::14089,1
mistral_7b_instruct::trivia_qa_2_60k::base::main::7479,1
mistral_7b_instruct::trivia_qa_2_60k::base::main::6173,1
mistral_7b_instruct::trivia_qa_2_60k::base::main::53398,1
mistral_7b_instruct::trivia_qa_2_60k::base::main::44249,1
mistral_7b_instruct::trivia_qa_2_60k::base::main::43081,1
mistral_7b_instruct::trivia_qa_2_60k::base::main::23329,1
mistral_7b_instruct::trivia_qa_2_60k::base::main::11277,1
mistral_7b_instruct::trivia_qa_2_60k::base::main::45425,1
mistral_7b_instruct::trivia_qa_2_60k::base::main::58233,1
mistral_7b_instruct::trivia_qa_2_60k::base::main::42545,1
mistral_7b_instruct::trivia_qa_2_60k::base::main::25838,1
mistral_7b_instruct::trivia_qa_2_60k::base::main::45943,1
mistral_7b_instruct::trivia_qa_2_60k::base::main::42377,1
mistral_7b_instruct::trivia_qa_2_60k::base::main::35322,1
mistral_7b_instruct::trivia_qa_2_60k::base::main::14413,1
mistral_7b_instruct::trivia_qa_2_60k::base::main::46911,1
mistral_7b_instruct::trivia_qa_2_60k::base::main::20498,1
mistral_7b_instruct::trivia_qa_2_60k::base::main::11211,1
mistral_7b_instruct::trivia_qa_2_60k::base::main::35805,1
mistral_7b_instruct::trivia_qa_2_60k::base::main::45334,1
mistral_7b_instruct::trivia_qa_2_60k::base::main::53432,1
mistral_7b_instruct::trivia_qa_2_60k::base::main::50798,1
mistral_7b_instruct::trivia_qa_2_60k::base::main::5987,1
mistral_7b_instruct::trivia_qa_2_60k::base::main::55766,1
mistral_7b_instruct::trivia_qa_2_60k::base::main::52561,1
mistral_7b_instruct::trivia_qa_2_60k::base::main::32529,1
mistral_7b_instruct::trivia_qa_2_60k::base::main::9004,1
mistral_7b_instruct::trivia_qa_2_60k::base::main::1300,1
mistral_7b_instruct::trivia_qa_2_60k::base::main::22827,1
mistral_7b_instruct::trivia_qa_2_60k::base::main::31061,1
mistral_7b_instruct::trivia_qa_2_60k::base::main::47623,1
mistral_7b_instruct::trivia_qa_2_60k::base::main::20151,1
mistral_7b_instruct::trivia_qa_2_60k::base::main::49237,1
mistral_7b_instruct::trivia_qa_2_60k::base::main::787,1
mistral_7b_instruct::trivia_qa_2_60k::base::main::37721,1
mistral_7b_instruct::trivia_qa_2_60k::base::main::39609,1
mistral_7b_instruct::trivia_qa_2_60k::base::main::53945,1
mistral_7b_instruct::trivia_qa_2_60k::base::main::47427,1
mistral_7b_instruct::trivia_qa_2_60k::base::main::9992,1
mistral_7b_instruct::trivia_qa_2_60k::base::main::55926,1
mistral_7b_instruct::trivia_qa_2_60k::base::main::22861,1
mistral_7b_instruct::trivia_qa_2_60k::base::main::57651,1
mistral_7b_instruct::trivia_qa_2_60k::base::main::26680,1
mistral_7b_instruct::trivia_qa_2_60k::base::main::37360,1
mistral_7b_instruct::trivia_qa_2_60k::base::main::46755,1
mistral_7b_instruct::trivia_qa_2_60k::base::main::44246,1
mistral_7b_instruct::trivia_qa_2_60k::base::main::31659,1
mistral_7b_instruct::trivia_qa_2_60k::base::main::41672,1
mistral_7b_instruct::trivia_qa_2_60k::base::main::4533,1
mistral_7b_instruct::trivia_qa_2_60k::base::main::32356,1
mistral_7b_instruct::trivia_qa_2_60k::base::main::34416,1
mistral_7b_instruct::trivia_qa_2_60k::base::main::35749,1
mistral_7b_instruct::trivia_qa_2_60k::base::main::41087,1
mistral_7b_instruct::trivia_qa_2_60k::base::main::51052,1
mistral_7b_instruct::trivia_qa_2_60k::base::main::53144,1
mistral_7b_instruct::trivia_qa_2_60k::base::main::1669,1
mistral_7b_instruct::trivia_qa_2_60k::base::main::8202,1
mistral_7b_instruct::trivia_qa_2_60k::base::main::33501,1
mistral_7b_instruct::trivia_qa_2_60k::base::main::722,1
mistral_7b_instruct::trivia_qa_2_60k::base::main::23362,1
mistral_7b_instruct::trivia_qa_2_60k::base::main::21921,1
mistral_7b_instruct::trivia_qa_2_60k::base::main::47335,1
mistral_7b_instruct::trivia_qa_2_60k::base::main::50533,1
mistral_7b_instruct::trivia_qa_2_60k::base::main::55138,1
mistral_7b_instruct::trivia_qa_2_60k::base::main::56193,1
mistral_7b_instruct::trivia_qa_2_60k::base::main::19751,1
mistral_7b_instruct::trivia_qa_2_60k::base::main::57336,1
mistral_7b_instruct::trivia_qa_2_60k::base::main::29867,1
mistral_7b_instruct::trivia_qa_2_60k::base::main::1593,1
mistral_7b_instruct::trivia_qa_2_60k::base::main::20119,1
mistral_7b_instruct::trivia_qa_2_60k::base::main::41007,1
mistral_7b_instruct::trivia_qa_2_60k::base::main::58365,1
mistral_7b_instruct::trivia_qa_2_60k::base::main::37732,1
mistral_7b_instruct::trivia_qa_2_60k::base::main::178,1
mistral_7b_instruct::trivia_qa_2_60k::base::main::23112,1
mistral_7b_instruct::trivia_qa_2_60k::base::main::28135,1
mistral_7b_instruct::trivia_qa_2_60k::base::main::36400,1
mistral_7b_instruct::trivia_qa_2_60k::base::main::33942,1
mistral_7b_instruct::trivia_qa_2_60k::base::main::48796,1
mistral_7b_instruct::trivia_qa_2_60k::base::main::26886,1
mistral_7b_instruct::trivia_qa_2_60k::base::main::15751,1
mistral_7b_instruct::trivia_qa_2_60k::base::main::49168,1
mistral_7b_instruct::trivia_qa_2_60k::base::main::22809,1
mistral_7b_instruct::trivia_qa_2_60k::base::main::4718,1
mistral_7b_instruct::trivia_qa_2_60k::base::main::22948,1
mistral_7b_instruct::trivia_qa_2_60k::base::main::8513,1
mistral_7b_instruct::trivia_qa_2_60k::base::main::43883,1
mistral_7b_instruct::trivia_qa_2_60k::base::main::42106,1
mistral_7b_instruct::trivia_qa_2_60k::base::main::27245,1
mistral_7b_instruct::trivia_qa_2_60k::base::main::12318,1
mistral_7b_instruct::trivia_qa_2_60k::base::main::36224,1
mistral_7b_instruct::trivia_qa_2_60k::base::main::23130,1
mistral_7b_instruct::trivia_qa_2_60k::base::main::30998,1
mistral_7b_instruct::trivia_qa_2_60k::base::main::13149,1
mistral_7b_instruct::trivia_qa_2_60k::base::main::13761,1
mistral_7b_instruct::trivia_qa_2_60k::base::main::47195,1
mistral_7b_instruct::trivia_qa_2_60k::base::main::29061,1
mistral_7b_instruct::trivia_qa_2_60k::base::main::21090,1
mistral_7b_instruct::trivia_qa_2_60k::base::main::57471,1
mistral_7b_instruct::trivia_qa_2_60k::base::main::8740,1
mistral_7b_instruct::trivia_qa_2_60k::base::main::37588,1
mistral_7b_instruct::trivia_qa_2_60k::base::main::58364,1
mistral_7b_instruct::trivia_qa_2_60k::base::main::53428,1
mistral_7b_instruct::trivia_qa_2_60k::base::main::19707,1
mistral_7b_instruct::trivia_qa_2_60k::base::main::49612,1
mistral_7b_instruct::trivia_qa_2_60k::base::main::7580,1
mistral_7b_instruct::trivia_qa_2_60k::base::main::25604,1
mistral_7b_instruct::trivia_qa_2_60k::base::main::40395,1
mistral_7b_instruct::trivia_qa_2_60k::base::main::51699,1
mistral_7b_instruct::trivia_qa_2_60k::base::main::42606,1
mistral_7b_instruct::trivia_qa_2_60k::base::main::8142,1
mistral_7b_instruct::trivia_qa_2_60k::base::main::39089,1
mistral_7b_instruct::trivia_qa_2_60k::base::main::29595,1
mistral_7b_instruct::trivia_qa_2_60k::base::main::38293,1
mistral_7b_instruct::trivia_qa_2_60k::base::main::11150,1
mistral_7b_instruct::trivia_qa_2_60k::base::main::22941,1
mistral_7b_instruct::trivia_qa_2_60k::base::main::57283,1
mistral_7b_instruct::trivia_qa_2_60k::base::main::9350,1
mistral_7b_instruct::trivia_qa_2_60k::base::main::55159,1
mistral_7b_instruct::trivia_qa_2_60k::base::main::57726,1
mistral_7b_instruct::trivia_qa_2_60k::base::main::49286,1
mistral_7b_instruct::trivia_qa_2_60k::base::main::13266,1
mistral_7b_instruct::trivia_qa_2_60k::base::main::50407,1
mistral_7b_instruct::trivia_qa_2_60k::base::main::44385,1
mistral_7b_instruct::trivia_qa_2_60k::base::main::11429,1
mistral_7b_instruct::trivia_qa_2_60k::base::main::9484,1
mistral_7b_instruct::trivia_qa_2_60k::base::main::28301,1
mistral_7b_instruct::trivia_qa_2_60k::base::main::29972,1
mistral_7b_instruct::trivia_qa_2_60k::base::main::5382,1
mistral_7b_instruct::trivia_qa_2_60k::base::main::13280,1
mistral_7b_instruct::trivia_qa_2_60k::base::main::6178,1
mistral_7b_instruct::trivia_qa_2_60k::base::main::50614,1
mistral_7b_instruct::trivia_qa_2_60k::base::main::55764,1
mistral_7b_instruct::trivia_qa_2_60k::base::main::45141,1
mistral_7b_instruct::trivia_qa_2_60k::base::main::52504,1
mistral_7b_instruct::trivia_qa_2_60k::base::main::50089,1
mistral_7b_instruct::trivia_qa_2_60k::base::main::56002,1
mistral_7b_instruct::trivia_qa_2_60k::base::main::49005,1
mistral_7b_instruct::trivia_qa_2_60k::base::main::36397,1
mistral_7b_instruct::trivia_qa_2_60k::base::main::48579,1
mistral_7b_instruct::trivia_qa_2_60k::base::main::44782,1
mistral_7b_instruct::trivia_qa_2_60k::base::main::24178,1
mistral_7b_instruct::trivia_qa_2_60k::base::main::16327,1
mistral_7b_instruct::trivia_qa_2_60k::base::main::37063,1
mistral_7b_instruct::trivia_qa_2_60k::base::main::2018,1
mistral_7b_instruct::trivia_qa_2_60k::base::main::7643,1
mistral_7b_instruct::trivia_qa_2_60k::base::main::48968,1
mistral_7b_instruct::trivia_qa_2_60k::base::main::11551,1
mistral_7b_instruct::trivia_qa_2_60k::base::main::19523,1
mistral_7b_instruct::trivia_qa_2_60k::base::main::23233,1
mistral_7b_instruct::trivia_qa_2_60k::base::main::10071,1
mistral_7b_instruct::trivia_qa_2_60k::base::main::5345,1
mistral_7b_instruct::trivia_qa_2_60k::base::main::1729,1
mistral_7b_instruct::trivia_qa_2_60k::base::main::35705,1
mistral_7b_instruct::trivia_qa_2_60k::base::main::21032,1
mistral_7b_instruct::trivia_qa_2_60k::base::main::43953,1
mistral_7b_instruct::trivia_qa_2_60k::base::main::13609,1
mistral_7b_instruct::trivia_qa_2_60k::base::main::32172,1
mistral_7b_instruct::trivia_qa_2_60k::base::main::52888,1
mistral_7b_instruct::trivia_qa_2_60k::base::main::12008,1
mistral_7b_instruct::trivia_qa_2_60k::base::main::5060,1
mistral_7b_instruct::trivia_qa_2_60k::base::main::11563,1
mistral_7b_instruct::trivia_qa_2_60k::base::main::55889,1
mistral_7b_instruct::trivia_qa_2_60k::base::main::758,1
mistral_7b_instruct::trivia_qa_2_60k::base::main::16845,1
mistral_7b_instruct::trivia_qa_2_60k::base::main::12236,1
mistral_7b_instruct::trivia_qa_2_60k::base::main::34337,1
mistral_7b_instruct::trivia_qa_2_60k::base::main::31305,1
mistral_7b_instruct::trivia_qa_2_60k::base::main::16596,1
mistral_7b_instruct::trivia_qa_2_60k::base::main::55410,1
mistral_7b_instruct::trivia_qa_2_60k::base::main::56135,1
mistral_7b_instruct::trivia_qa_2_60k::base::main::46318,1
mistral_7b_instruct::trivia_qa_2_60k::base::main::42485,1
mistral_7b_instruct::trivia_qa_2_60k::base::main::15221,1
mistral_7b_instruct::trivia_qa_2_60k::base::main::26850,1
mistral_7b_instruct::trivia_qa_2_60k::base::main::48343,1
mistral_7b_instruct::trivia_qa_2_60k::base::main::32210,1
mistral_7b_instruct::trivia_qa_2_60k::base::main::33624,1
mistral_7b_instruct::trivia_qa_2_60k::base::main::46039,1
mistral_7b_instruct::trivia_qa_2_60k::base::main::52685,1
mistral_7b_instruct::trivia_qa_2_60k::base::main::27913,1
mistral_7b_instruct::trivia_qa_2_60k::base::main::49709,1
mistral_7b_instruct::trivia_qa_2_60k::base::main::54340,1
mistral_7b_instruct::trivia_qa_2_60k::base::main::46944,1
mistral_7b_instruct::trivia_qa_2_60k::base::main::43286,1
mistral_7b_instruct::trivia_qa_2_60k::base::main::35357,1
mistral_7b_instruct::trivia_qa_2_60k::base::main::46939,1
mistral_7b_instruct::trivia_qa_2_60k::base::main::10463,1
mistral_7b_instruct::trivia_qa_2_60k::base::main::41291,1
mistral_7b_instruct::trivia_qa_2_60k::base::main::26004,1
mistral_7b_instruct::trivia_qa_2_60k::base::main::19790,1
mistral_7b_instruct::trivia_qa_2_60k::base::main::33394,1
mistral_7b_instruct::trivia_qa_2_60k::base::main::31316,1
mistral_7b_instruct::trivia_qa_2_60k::base::main::58171,1
mistral_7b_instruct::trivia_qa_2_60k::base::main::24493,1
mistral_7b_instruct::trivia_qa_2_60k::base::main::28306,1
mistral_7b_instruct::trivia_qa_2_60k::base::main::24612,1
mistral_7b_instruct::trivia_qa_2_60k::base::main::48993,1
mistral_7b_instruct::trivia_qa_2_60k::base::main::24200,1
mistral_7b_instruct::trivia_qa_2_60k::base::main::39061,1
mistral_7b_instruct::trivia_qa_2_60k::base::main::24537,1
mistral_7b_instruct::trivia_qa_2_60k::base::main::4503,1
mistral_7b_instruct::trivia_qa_2_60k::base::main::7957,1
mistral_7b_instruct::trivia_qa_2_60k::base::main::4874,1
mistral_7b_instruct::trivia_qa_2_60k::base::main::47279,1
mistral_7b_instruct::trivia_qa_2_60k::base::main::42717,1
mistral_7b_instruct::trivia_qa_2_60k::base::main::7312,1
mistral_7b_instruct::trivia_qa_2_60k::base::main::9565,1
mistral_7b_instruct::trivia_qa_2_60k::base::main::18664,1
mistral_7b_instruct::trivia_qa_2_60k::base::main::37358,1
mistral_7b_instruct::trivia_qa_2_60k::base::main::24662,1
mistral_7b_instruct::trivia_qa_2_60k::base::main::15216,1
mistral_7b_instruct::trivia_qa_2_60k::base::main::11607,1
mistral_7b_instruct::trivia_qa_2_60k::base::main::52832,1
mistral_7b_instruct::trivia_qa_2_60k::base::main::10321,1
mistral_7b_instruct::trivia_qa_2_60k::base::main::13161,1
mistral_7b_instruct::trivia_qa_2_60k::base::main::31811,1
mistral_7b_instruct::trivia_qa_2_60k::base::main::30799,1
mistral_7b_instruct::trivia_qa_2_60k::base::main::42687,1
mistral_7b_instruct::trivia_qa_2_60k::base::main::22615,1
mistral_7b_instruct::trivia_qa_2_60k::base::main::50737,1
mistral_7b_instruct::trivia_qa_2_60k::base::main::24947,1
mistral_7b_instruct::trivia_qa_2_60k::base::main::53308,1
mistral_7b_instruct::trivia_qa_2_60k::base::main::29421,1
mistral_7b_instruct::trivia_qa_2_60k::base::main::55879,1
mistral_7b_instruct::trivia_qa_2_60k::base::main::34192,1
mistral_7b_instruct::trivia_qa_2_60k::base::main::1566,1
mistral_7b_instruct::trivia_qa_2_60k::base::main::11201,1
mistral_7b_instruct::trivia_qa_2_60k::base::main::48723,1
mistral_7b_instruct::trivia_qa_2_60k::base::main::43923,1
mistral_7b_instruct::trivia_qa_2_60k::base::main::35745,1
mistral_7b_instruct::trivia_qa_2_60k::base::main::25123,1
mistral_7b_instruct::trivia_qa_2_60k::base::main::51852,1
mistral_7b_instruct::trivia_qa_2_60k::base::main::2932,1
mistral_7b_instruct::trivia_qa_2_60k::base::main::44505,1
mistral_7b_instruct::trivia_qa_2_60k::base::main::56060,1
mistral_7b_instruct::trivia_qa_2_60k::base::main::37914,1
mistral_7b_instruct::trivia_qa_2_60k::base::main::39034,1
mistral_7b_instruct::trivia_qa_2_60k::base::main::4241,1
mistral_7b_instruct::trivia_qa_2_60k::base::main::56409,1
mistral_7b_instruct::trivia_qa_2_60k::base::main::43702,1
mistral_7b_instruct::trivia_qa_2_60k::base::main::51382,1
mistral_7b_instruct::trivia_qa_2_60k::base::main::57249,1
mistral_7b_instruct::trivia_qa_2_60k::base::main::11466,1
mistral_7b_instruct::trivia_qa_2_60k::base::main::57887,1
mistral_7b_instruct::trivia_qa_2_60k::base::main::3034,1
mistral_7b_instruct::trivia_qa_2_60k::base::main::4052,1
mistral_7b_instruct::trivia_qa_2_60k::base::main::32984,1
mistral_7b_instruct::trivia_qa_2_60k::base::main::5770,1
mistral_7b_instruct::trivia_qa_2_60k::base::main::41137,1
mistral_7b_instruct::trivia_qa_2_60k::base::main::43679,1
mistral_7b_instruct::trivia_qa_2_60k::base::main::20360,1
mistral_7b_instruct::trivia_qa_2_60k::base::main::45133,1
mistral_7b_instruct::trivia_qa_2_60k::base::main::8610,1
mistral_7b_instruct::trivia_qa_2_60k::base::main::27151,1
mistral_7b_instruct::trivia_qa_2_60k::base::main::21164,1
mistral_7b_instruct::trivia_qa_2_60k::base::main::31255,1
mistral_7b_instruct::trivia_qa_2_60k::base::main::3820,1
mistral_7b_instruct::trivia_qa_2_60k::base::main::32247,1
mistral_7b_instruct::trivia_qa_2_60k::base::main::40164,1
mistral_7b_instruct::trivia_qa_2_60k::base::main::12704,1
mistral_7b_instruct::trivia_qa_2_60k::base::main::45969,1
mistral_7b_instruct::trivia_qa_2_60k::base::main::10234,1
mistral_7b_instruct::trivia_qa_2_60k::base::main::5953,1
mistral_7b_instruct::trivia_qa_2_60k::base::main::56701,1
mistral_7b_instruct::trivia_qa_2_60k::base::main::26755,1
mistral_7b_instruct::trivia_qa_2_60k::base::main::56646,1
mistral_7b_instruct::trivia_qa_2_60k::base::main::12373,1
mistral_7b_instruct::trivia_qa_2_60k::base::main::44557,1
mistral_7b_instruct::trivia_qa_2_60k::base::main::10331,1
mistral_7b_instruct::trivia_qa_2_60k::base::main::53160,1
mistral_7b_instruct::trivia_qa_2_60k::base::main::57181,1
mistral_7b_instruct::trivia_qa_2_60k::base::main::56053,1
mistral_7b_instruct::trivia_qa_2_60k::base::main::46793,1
mistral_7b_instruct::trivia_qa_2_60k::base::main::55320,1
mistral_7b_instruct::trivia_qa_2_60k::base::main::26026,1
mistral_7b_instruct::trivia_qa_2_60k::base::main::11781,1
mistral_7b_instruct::trivia_qa_2_60k::base::main::41198,1
mistral_7b_instruct::trivia_qa_2_60k::base::main::41174,1
mistral_7b_instruct::trivia_qa_2_60k::base::main::26333,1
mistral_7b_instruct::trivia_qa_2_60k::base::main::52315,1
mistral_7b_instruct::trivia_qa_2_60k::base::main::31726,1
mistral_7b_instruct::trivia_qa_2_60k::base::main::13885,1
mistral_7b_instruct::trivia_qa_2_60k::base::main::26278,1
mistral_7b_instruct::trivia_qa_2_60k::base::main::49572,1
mistral_7b_instruct::trivia_qa_2_60k::base::main::34176,1
mistral_7b_instruct::trivia_qa_2_60k::base::main::12701,1
mistral_7b_instruct::trivia_qa_2_60k::base::main::55052,1
mistral_7b_instruct::trivia_qa_2_60k::base::main::57686,1
mistral_7b_instruct::trivia_qa_2_60k::base::main::33388,1
mistral_7b_instruct::trivia_qa_2_60k::base::main::9371,1
mistral_7b_instruct::trivia_qa_2_60k::base::main::7026,1
mistral_7b_instruct::trivia_qa_2_60k::base::main::21237,1
mistral_7b_instruct::trivia_qa_2_60k::base::main::36625,1
mistral_7b_instruct::trivia_qa_2_60k::base::main::15475,1
mistral_7b_instruct::trivia_qa_2_60k::base::main::5820,1
mistral_7b_instruct::trivia_qa_2_60k::base::main::8688,1
mistral_7b_instruct::trivia_qa_2_60k::base::main::6281,1
mistral_7b_instruct::trivia_qa_2_60k::base::main::31488,1
mistral_7b_instruct::trivia_qa_2_60k::base::main::12590,1
mistral_7b_instruct::trivia_qa_2_60k::base::main::14628,1
mistral_7b_instruct::trivia_qa_2_60k::base::main::210,1
mistral_7b_instruct::trivia_qa_2_60k::base::main::15136,1
mistral_7b_instruct::trivia_qa_2_60k::base::main::48991,1
mistral_7b_instruct::trivia_qa_2_60k::base::main::15825,1
mistral_7b_instruct::trivia_qa_2_60k::base::main::53307,1
mistral_7b_instruct::trivia_qa_2_60k::base::main::23817,1
mistral_7b_instruct::trivia_qa_2_60k::base::main::50428,1
mistral_7b_instruct::trivia_qa_2_60k::base::main::36560,1
mistral_7b_instruct::trivia_qa_2_60k::base::main::38082,1
mistral_7b_instruct::trivia_qa_2_60k::base::main::13741,1
mistral_7b_instruct::trivia_qa_2_60k::base::main::42899,1
mistral_7b_instruct::trivia_qa_2_60k::base::main::48083,1
mistral_7b_instruct::trivia_qa_2_60k::base::main::22514,1
mistral_7b_instruct::trivia_qa_2_60k::base::main::22401,1
mistral_7b_instruct::trivia_qa_2_60k::base::main::4053,1
mistral_7b_instruct::trivia_qa_2_60k::base::main::13719,1
mistral_7b_instruct::trivia_qa_2_60k::base::main::17349,1
mistral_7b_instruct::trivia_qa_2_60k::base::main::11296,1
mistral_7b_instruct::trivia_qa_2_60k::base::main::9032,0
mistral_7b_instruct::trivia_qa_2_60k::base::main::1607,0
mistral_7b_instruct::trivia_qa_2_60k::base::main::55462,0
mistral_7b_instruct::trivia_qa_2_60k::base::main::40240,0
mistral_7b_instruct::trivia_qa_2_60k::base::main::37906,0
mistral_7b_instruct::trivia_qa_2_60k::base::main::40304,0
mistral_7b_instruct::trivia_qa_2_60k::base::main::34103,0
mistral_7b_instruct::trivia_qa_2_60k::base::main::40141,0
mistral_7b_instruct::trivia_qa_2_60k::base::main::24445,0
mistral_7b_instruct::trivia_qa_2_60k::base::main::48081,0
mistral_7b_instruct::trivia_qa_2_60k::base::main::11614,0
mistral_7b_instruct::trivia_qa_2_60k::base::main::42587,0
mistral_7b_instruct::trivia_qa_2_60k::base::main::33233,0
mistral_7b_instruct::trivia_qa_2_60k::base::main::14202,0
mistral_7b_instruct::trivia_qa_2_60k::base::main::38131,0
mistral_7b_instruct::trivia_qa_2_60k::base::main::7914,0
mistral_7b_instruct::trivia_qa_2_60k::base::main::41189,0
mistral_7b_instruct::trivia_qa_2_60k::base::main::9905,0
mistral_7b_instruct::trivia_qa_2_60k::base::main::54742,0
mistral_7b_instruct::trivia_qa_2_60k::base::main::22646,0
mistral_7b_instruct::trivia_qa_2_60k::base::main::18850,0
mistral_7b_instruct::trivia_qa_2_60k::base::main::36188,0
mistral_7b_instruct::trivia_qa_2_60k::base::main::40601,0
mistral_7b_instruct::trivia_qa_2_60k::base::main::50791,0
mistral_7b_instruct::trivia_qa_2_60k::base::main::17618,0
mistral_7b_instruct::trivia_qa_2_60k::base::main::48121,0
mistral_7b_instruct::trivia_qa_2_60k::base::main::5892,0
mistral_7b_instruct::trivia_qa_2_60k::base::main::19054,0
mistral_7b_instruct::trivia_qa_2_60k::base::main::3406,0
mistral_7b_instruct::trivia_qa_2_60k::base::main::41250,0
mistral_7b_instruct::trivia_qa_2_60k::base::main::40279,0
mistral_7b_instruct::trivia_qa_2_60k::base::main::52094,0
mistral_7b_instruct::trivia_qa_2_60k::base::main::18429,0
mistral_7b_instruct::trivia_qa_2_60k::base::main::32353,0
mistral_7b_instruct::trivia_qa_2_60k::base::main::53244,0
mistral_7b_instruct::trivia_qa_2_60k::base::main::51486,0
mistral_7b_instruct::trivia_qa_2_60k::base::main::2456,0
mistral_7b_instruct::trivia_qa_2_60k::base::main::14831,0
mistral_7b_instruct::trivia_qa_2_60k::base::main::42632,0
mistral_7b_instruct::trivia_qa_2_60k::base::main::46155,0
mistral_7b_instruct::trivia_qa_2_60k::base::main::46148,0
mistral_7b_instruct::trivia_qa_2_60k::base::main::13111,0
mistral_7b_instruct::trivia_qa_2_60k::base::main::50843,0
mistral_7b_instruct::trivia_qa_2_60k::base::main::56962,0
mistral_7b_instruct::trivia_qa_2_60k::base::main::52581,0
mistral_7b_instruct::trivia_qa_2_60k::base::main::303,0
mistral_7b_instruct::trivia_qa_2_60k::base::main::17085,0
mistral_7b_instruct::trivia_qa_2_60k::base::main::29592,0
mistral_7b_instruct::trivia_qa_2_60k::base::main::36831,0
mistral_7b_instruct::trivia_qa_2_60k::base::main::25344,0
mistral_7b_instruct::trivia_qa_2_60k::base::main::35148,0
mistral_7b_instruct::trivia_qa_2_60k::base::main::47331,0
mistral_7b_instruct::trivia_qa_2_60k::base::main::8480,0
mistral_7b_instruct::trivia_qa_2_60k::base::main::23760,0
mistral_7b_instruct::trivia_qa_2_60k::base::main::47529,0
mistral_7b_instruct::trivia_qa_2_60k::base::main::40864,0
mistral_7b_instruct::trivia_qa_2_60k::base::main::11907,0
mistral_7b_instruct::trivia_qa_2_60k::base::main::32583,0
mistral_7b_instruct::trivia_qa_2_60k::base::main::4437,0
mistral_7b_instruct::trivia_qa_2_60k::base::main::53557,0
mistral_7b_instruct::trivia_qa_2_60k::base::main::38598,0
mistral_7b_instruct::trivia_qa_2_60k::base::main::13888,0
mistral_7b_instruct::trivia_qa_2_60k::base::main::7981,0
mistral_7b_instruct::trivia_qa_2_60k::base::main::38713,0
mistral_7b_instruct::trivia_qa_2_60k::base::main::24321,0
mistral_7b_instruct::trivia_qa_2_60k::base::main::462,0
mistral_7b_instruct::trivia_qa_2_60k::base::main::55943,0
mistral_7b_instruct::trivia_qa_2_60k::base::main::56763,0
mistral_7b_instruct::trivia_qa_2_60k::base::main::44765,0
mistral_7b_instruct::trivia_qa_2_60k::base::main::46871,0
mistral_7b_instruct::trivia_qa_2_60k::base::main::23670,0
mistral_7b_instruct::trivia_qa_2_60k::base::main::44014,0
mistral_7b_instruct::trivia_qa_2_60k::base::main::37536,0
mistral_7b_instruct::trivia_qa_2_60k::base::main::42401,0
mistral_7b_instruct::trivia_qa_2_60k::base::main::19165,0
mistral_7b_instruct::trivia_qa_2_60k::base::main::50172,0
mistral_7b_instruct::trivia_qa_2_60k::base::main::52449,0
mistral_7b_instruct::trivia_qa_2_60k::base::main::12826,0
mistral_7b_instruct::trivia_qa_2_60k::base::main::6940,0
mistral_7b_instruct::trivia_qa_2_60k::base::main::32016,0
mistral_7b_instruct::trivia_qa_2_60k::base::main::7527,0
mistral_7b_instruct::trivia_qa_2_60k::base::main::40740,0
mistral_7b_instruct::trivia_qa_2_60k::base::main::8500,0
mistral_7b_instruct::trivia_qa_2_60k::base::main::42783,0
mistral_7b_instruct::trivia_qa_2_60k::base::main::29505,0
mistral_7b_instruct::trivia_qa_2_60k::base::main::5336,0
mistral_7b_instruct::trivia_qa_2_60k::base::main::37463,0
mistral_7b_instruct::trivia_qa_2_60k::base::main::13320,0
mistral_7b_instruct::trivia_qa_2_60k::base::main::8854,0
mistral_7b_instruct::trivia_qa_2_60k::base::main::46064,0
mistral_7b_instruct::trivia_qa_2_60k::base::main::34160,0
mistral_7b_instruct::trivia_qa_2_60k::base::main::45373,0
mistral_7b_instruct::trivia_qa_2_60k::base::main::41129,0
mistral_7b_instruct::trivia_qa_2_60k::base::main::54356,0
mistral_7b_instruct::trivia_qa_2_60k::base::main::37747,0
mistral_7b_instruct::trivia_qa_2_60k::base::main::43607,0
mistral_7b_instruct::trivia_qa_2_60k::base::main::17477,0
mistral_7b_instruct::trivia_qa_2_60k::base::main::54132,0
mistral_7b_instruct::trivia_qa_2_60k::base::main::12559,0
mistral_7b_instruct::trivia_qa_2_60k::base::main::35793,0
mistral_7b_instruct::trivia_qa_2_60k::base::main::16702,0
mistral_7b_instruct::trivia_qa_2_60k::base::main::28598,0
mistral_7b_instruct::trivia_qa_2_60k::base::main::11910,0
mistral_7b_instruct::trivia_qa_2_60k::base::main::27928,0
mistral_7b_instruct::trivia_qa_2_60k::base::main::33881,0
mistral_7b_instruct::trivia_qa_2_60k::base::main::29459,0
mistral_7b_instruct::trivia_qa_2_60k::base::main::30434,0
mistral_7b_instruct::trivia_qa_2_60k::base::main::15603,0
mistral_7b_instruct::trivia_qa_2_60k::base::main::34559,0
mistral_7b_instruct::trivia_qa_2_60k::base::main::27726,0
mistral_7b_instruct::trivia_qa_2_60k::base::main::31129,0
mistral_7b_instruct::trivia_qa_2_60k::base::main::52123,0
mistral_7b_instruct::trivia_qa_2_60k::base::main::19990,0
mistral_7b_instruct::trivia_qa_2_60k::base::main::4831,0
mistral_7b_instruct::trivia_qa_2_60k::base::main::14715,0
mistral_7b_instruct::trivia_qa_2_60k::base::main::41011,0
mistral_7b_instruct::trivia_qa_2_60k::base::main::12053,0
mistral_7b_instruct::trivia_qa_2_60k::base::main::8048,0
mistral_7b_instruct::trivia_qa_2_60k::base::main::30116,0
mistral_7b_instruct::trivia_qa_2_60k::base::main::48566,0
mistral_7b_instruct::trivia_qa_2_60k::base::main::655,0
mistral_7b_instruct::trivia_qa_2_60k::base::main::39985,0
mistral_7b_instruct::trivia_qa_2_60k::base::main::19645,0
mistral_7b_instruct::trivia_qa_2_60k::base::main::20925,0
mistral_7b_instruct::trivia_qa_2_60k::base::main::37486,0
mistral_7b_instruct::trivia_qa_2_60k::base::main::22321,0
mistral_7b_instruct::trivia_qa_2_60k::base::main::51368,0
mistral_7b_instruct::trivia_qa_2_60k::base::main::45192,0
mistral_7b_instruct::trivia_qa_2_60k::base::main::18829,0
mistral_7b_instruct::trivia_qa_2_60k::base::main::4390,0
mistral_7b_instruct::trivia_qa_2_60k::base::main::55421,0
mistral_7b_instruct::trivia_qa_2_60k::base::main::39183,0
mistral_7b_instruct::trivia_qa_2_60k::base::main::43094,0
mistral_7b_instruct::trivia_qa_2_60k::base::main::10666,0
mistral_7b_instruct::trivia_qa_2_60k::base::main::32204,0
mistral_7b_instruct::trivia_qa_2_60k::base::main::45628,0
mistral_7b_instruct::trivia_qa_2_60k::base::main::46188,0
mistral_7b_instruct::trivia_qa_2_60k::base::main::39198,0
mistral_7b_instruct::trivia_qa_2_60k::base::main::27503,0
mistral_7b_instruct::trivia_qa_2_60k::base::main::44817,0
mistral_7b_instruct::trivia_qa_2_60k::base::main::40883,0
mistral_7b_instruct::trivia_qa_2_60k::base::main::43398,0
mistral_7b_instruct::trivia_qa_2_60k::base::main::18854,0
mistral_7b_instruct::trivia_qa_2_60k::base::main::54940,0
mistral_7b_instruct::trivia_qa_2_60k::base::main::44442,0
mistral_7b_instruct::trivia_qa_2_60k::base::main::22096,0
mistral_7b_instruct::trivia_qa_2_60k::base::main::32502,0
mistral_7b_instruct::trivia_qa_2_60k::base::main::7622,0
mistral_7b_instruct::trivia_qa_2_60k::base::main::680,0
mistral_7b_instruct::trivia_qa_2_60k::base::main::21564,0
mistral_7b_instruct::trivia_qa_2_60k::base::main::54255,0
mistral_7b_instruct::trivia_qa_2_60k::base::main::7296,0
mistral_7b_instruct::trivia_qa_2_60k::base::main::22904,0
mistral_7b_instruct::trivia_qa_2_60k::base::main::41119,0
mistral_7b_instruct::trivia_qa_2_60k::base::main::58299,0
mistral_7b_instruct::trivia_qa_2_60k::base::main::6716,0
mistral_7b_instruct::trivia_qa_2_60k::base::main::23827,0
mistral_7b_instruct::trivia_qa_2_60k::base::main::51892,0
mistral_7b_instruct::trivia_qa_2_60k::base::main::6508,0
mistral_7b_instruct::trivia_qa_2_60k::base::main::38800,0
mistral_7b_instruct::trivia_qa_2_60k::base::main::29091,0
mistral_7b_instruct::trivia_qa_2_60k::base::main::24436,0
mistral_7b_instruct::trivia_qa_2_60k::base::main::4067,0
mistral_7b_instruct::trivia_qa_2_60k::base::main::22328,0
mistral_7b_instruct::trivia_qa_2_60k::base::main::3634,0
mistral_7b_instruct::trivia_qa_2_60k::base::main::22746,0
mistral_7b_instruct::trivia_qa_2_60k::base::main::16652,0
mistral_7b_instruct::trivia_qa_2_60k::base::main::53154,0
mistral_7b_instruct::trivia_qa_2_60k::base::main::2074,0
mistral_7b_instruct::trivia_qa_2_60k::base::main::46095,0
mistral_7b_instruct::trivia_qa_2_60k::base::main::21835,0
mistral_7b_instruct::trivia_qa_2_60k::base::main::51866,0
mistral_7b_instruct::trivia_qa_2_60k::base::main::28402,0
mistral_7b_instruct::trivia_qa_2_60k::base::main::2752,0
mistral_7b_instruct::trivia_qa_2_60k::base::main::54558,0
mistral_7b_instruct::trivia_qa_2_60k::base::main::55556,0
mistral_7b_instruct::trivia_qa_2_60k::base::main::4966,0
mistral_7b_instruct::trivia_qa_2_60k::base::main::4297,0
mistral_7b_instruct::trivia_qa_2_60k::base::main::39920,0
mistral_7b_instruct::trivia_qa_2_60k::base::main::32260,0
mistral_7b_instruct::trivia_qa_2_60k::base::main::53548,0
mistral_7b_instruct::trivia_qa_2_60k::base::main::5717,0
mistral_7b_instruct::trivia_qa_2_60k::base::main::35413,0
mistral_7b_instruct::trivia_qa_2_60k::base::main::1990,0
mistral_7b_instruct::trivia_qa_2_60k::base::main::35736,0
mistral_7b_instruct::trivia_qa_2_60k::base::main::33747,0
mistral_7b_instruct::trivia_qa_2_60k::base::main::12665,0
mistral_7b_instruct::trivia_qa_2_60k::base::main::56942,0
mistral_7b_instruct::trivia_qa_2_60k::base::main::4896,0
mistral_7b_instruct::trivia_qa_2_60k::base::main::41353,0
mistral_7b_instruct::trivia_qa_2_60k::base::main::5231,0
mistral_7b_instruct::trivia_qa_2_60k::base::main::24277,0
mistral_7b_instruct::trivia_qa_2_60k::base::main::31485,0
mistral_7b_instruct::trivia_qa_2_60k::base::main::36528,0
mistral_7b_instruct::trivia_qa_2_60k::base::main::38014,0
mistral_7b_instruct::trivia_qa_2_60k::base::main::28179,0
mistral_7b_instruct::trivia_qa_2_60k::base::main::21496,0
mistral_7b_instruct::trivia_qa_2_60k::base::main::25858,0
mistral_7b_instruct::trivia_qa_2_60k::base::main::34784,0
mistral_7b_instruct::trivia_qa_2_60k::base::main::5521,0
mistral_7b_instruct::trivia_qa_2_60k::base::main::22394,0
mistral_7b_instruct::trivia_qa_2_60k::base::main::51665,0
mistral_7b_instruct::trivia_qa_2_60k::base::main::22744,0
mistral_7b_instruct::trivia_qa_2_60k::base::main::26717,0
mistral_7b_instruct::trivia_qa_2_60k::base::main::5295,0
mistral_7b_instruct::trivia_qa_2_60k::base::main::57444,0
mistral_7b_instruct::trivia_qa_2_60k::base::main::20501,0
mistral_7b_instruct::trivia_qa_2_60k::base::main::2476,0
mistral_7b_instruct::trivia_qa_2_60k::base::main::36069,0
mistral_7b_instruct::trivia_qa_2_60k::base::main::35902,0
mistral_7b_instruct::trivia_qa_2_60k::base::main::33672,0
mistral_7b_instruct::trivia_qa_2_60k::base::main::55478,0
mistral_7b_instruct::trivia_qa_2_60k::base::main::25956,0
mistral_7b_instruct::trivia_qa_2_60k::base::main::29438,0
mistral_7b_instruct::trivia_qa_2_60k::base::main::48683,0
mistral_7b_instruct::trivia_qa_2_60k::base::main::48312,0
mistral_7b_instruct::trivia_qa_2_60k::base::main::26663,0
mistral_7b_instruct::trivia_qa_2_60k::base::main::53047,0
mistral_7b_instruct::trivia_qa_2_60k::base::main::43194,0
mistral_7b_instruct::trivia_qa_2_60k::base::main::52762,0
mistral_7b_instruct::trivia_qa_2_60k::base::main::11990,0
mistral_7b_instruct::trivia_qa_2_60k::base::main::32119,0
mistral_7b_instruct::trivia_qa_2_60k::base::main::44384,0
mistral_7b_instruct::trivia_qa_2_60k::base::main::606,0
mistral_7b_instruct::trivia_qa_2_60k::base::main::37764,0
mistral_7b_instruct::trivia_qa_2_60k::base::main::53966,0
mistral_7b_instruct::trivia_qa_2_60k::base::main::46632,0
mistral_7b_instruct::trivia_qa_2_60k::base::main::45825,0
mistral_7b_instruct::trivia_qa_2_60k::base::main::13197,0
mistral_7b_instruct::trivia_qa_2_60k::base::main::37418,0
mistral_7b_instruct::trivia_qa_2_60k::base::main::54600,0
mistral_7b_instruct::trivia_qa_2_60k::base::main::49044,0
mistral_7b_instruct::trivia_qa_2_60k::base::main::37390,0
mistral_7b_instruct::trivia_qa_2_60k::base::main::11294,0
mistral_7b_instruct::trivia_qa_2_60k::base::main::8623,0
mistral_7b_instruct::trivia_qa_2_60k::base::main::22036,0
mistral_7b_instruct::trivia_qa_2_60k::base::main::7939,0
mistral_7b_instruct::trivia_qa_2_60k::base::main::7825,0
mistral_7b_instruct::trivia_qa_2_60k::base::main::52090,0
mistral_7b_instruct::trivia_qa_2_60k::base::main::48171,0
mistral_7b_instruct::trivia_qa_2_60k::base::main::48444,0
mistral_7b_instruct::trivia_qa_2_60k::base::main::43751,0
mistral_7b_instruct::trivia_qa_2_60k::base::main::41085,0
mistral_7b_instruct::trivia_qa_2_60k::base::main::19899,0
mistral_7b_instruct::trivia_qa_2_60k::base::main::49472,0
mistral_7b_instruct::trivia_qa_2_60k::base::main::18186,0
mistral_7b_instruct::trivia_qa_2_60k::base::main::33955,0
mistral_7b_instruct::trivia_qa_2_60k::base::main::57203,0
mistral_7b_instruct::trivia_qa_2_60k::base::main::15222,0
mistral_7b_instruct::trivia_qa_2_60k::base::main::6769,0
mistral_7b_instruct::trivia_qa_2_60k::base::main::44890,0
mistral_7b_instruct::trivia_qa_2_60k::base::main::16979,0
mistral_7b_instruct::trivia_qa_2_60k::base::main::39873,0
mistral_7b_instruct::trivia_qa_2_60k::base::main::4948,0
mistral_7b_instruct::trivia_qa_2_60k::base::main::27363,0
mistral_7b_instruct::trivia_qa_2_60k::base::main::21764,0
mistral_7b_instruct::trivia_qa_2_60k::base::main::54095,0
mistral_7b_instruct::trivia_qa_2_60k::base::main::19955,0
mistral_7b_instruct::trivia_qa_2_60k::base::main::25734,0
mistral_7b_instruct::trivia_qa_2_60k::base::main::15361,0
mistral_7b_instruct::trivia_qa_2_60k::base::main::10264,0
mistral_7b_instruct::trivia_qa_2_60k::base::main::51858,0
mistral_7b_instruct::trivia_qa_2_60k::base::main::4674,0
mistral_7b_instruct::trivia_qa_2_60k::base::main::16217,0
mistral_7b_instruct::trivia_qa_2_60k::base::main::16683,0
mistral_7b_instruct::trivia_qa_2_60k::base::main::34173,0
mistral_7b_instruct::trivia_qa_2_60k::base::main::45808,0
mistral_7b_instruct::trivia_qa_2_60k::base::main::31058,0
mistral_7b_instruct::trivia_qa_2_60k::base::main::11425,0
mistral_7b_instruct::trivia_qa_2_60k::base::main::12482,0
mistral_7b_instruct::trivia_qa_2_60k::base::main::56677,0
mistral_7b_instruct::trivia_qa_2_60k::base::main::39281,0
mistral_7b_instruct::trivia_qa_2_60k::base::main::18885,0
mistral_7b_instruct::trivia_qa_2_60k::base::main::46770,0
mistral_7b_instruct::trivia_qa_2_60k::base::main::55537,0
mistral_7b_instruct::trivia_qa_2_60k::base::main::15688,0
mistral_7b_instruct::trivia_qa_2_60k::base::main::25260,0
mistral_7b_instruct::trivia_qa_2_60k::base::main::16273,0
mistral_7b_instruct::trivia_qa_2_60k::base::main::9267,0
mistral_7b_instruct::trivia_qa_2_60k::base::main::25391,0
mistral_7b_instruct::trivia_qa_2_60k::base::main::25710,0
mistral_7b_instruct::trivia_qa_2_60k::base::main::34412,0
mistral_7b_instruct::trivia_qa_2_60k::base::main::10446,0
mistral_7b_instruct::trivia_qa_2_60k::base::main::14465,0
mistral_7b_instruct::trivia_qa_2_60k::base::main::45285,0
mistral_7b_instruct::trivia_qa_2_60k::base::main::3487,0
mistral_7b_instruct::trivia_qa_2_60k::base::main::58061,0
mistral_7b_instruct::trivia_qa_2_60k::base::main::33103,0
mistral_7b_instruct::trivia_qa_2_60k::base::main::13263,0
mistral_7b_instruct::trivia_qa_2_60k::base::main::36219,0
mistral_7b_instruct::trivia_qa_2_60k::base::main::7616,0
mistral_7b_instruct::trivia_qa_2_60k::base::main::20644,0
mistral_7b_instruct::trivia_qa_2_60k::base::main::20543,0
mistral_7b_instruct::trivia_qa_2_60k::base::main::18286,0
mistral_7b_instruct::trivia_qa_2_60k::base::main::17211,0
mistral_7b_instruct::trivia_qa_2_60k::base::main::58222,0
mistral_7b_instruct::trivia_qa_2_60k::base::main::18491,0
mistral_7b_instruct::trivia_qa_2_60k::base::main::7532,0
mistral_7b_instruct::trivia_qa_2_60k::base::main::4095,0
mistral_7b_instruct::trivia_qa_2_60k::base::main::33874,0
mistral_7b_instruct::trivia_qa_2_60k::base::main::22161,0
mistral_7b_instruct::trivia_qa_2_60k::base::main::17333,0
mistral_7b_instruct::trivia_qa_2_60k::base::main::45001,0
mistral_7b_instruct::trivia_qa_2_60k::base::main::9430,0
mistral_7b_instruct::trivia_qa_2_60k::base::main::47750,0
mistral_7b_instruct::trivia_qa_2_60k::base::main::36093,0
mistral_7b_instruct::trivia_qa_2_60k::base::main::11508,0
mistral_7b_instruct::trivia_qa_2_60k::base::main::12098,0
mistral_7b_instruct::trivia_qa_2_60k::base::main::57469,0
mistral_7b_instruct::trivia_qa_2_60k::base::main::8333,0
mistral_7b_instruct::trivia_qa_2_60k::base::main::38098,0
mistral_7b_instruct::trivia_qa_2_60k::base::main::10555,0
mistral_7b_instruct::trivia_qa_2_60k::base::main::5165,0
mistral_7b_instruct::trivia_qa_2_60k::base::main::12825,0
mistral_7b_instruct::trivia_qa_2_60k::base::main::25154,0
mistral_7b_instruct::trivia_qa_2_60k::base::main::26217,0
mistral_7b_instruct::trivia_qa_2_60k::base::main::16709,0
mistral_7b_instruct::trivia_qa_2_60k::base::main::50884,0
mistral_7b_instruct::trivia_qa_2_60k::base::main::35177,0
mistral_7b_instruct::trivia_qa_2_60k::base::main::4747,0
mistral_7b_instruct::trivia_qa_2_60k::base::main::30617,0
mistral_7b_instruct::trivia_qa_2_60k::base::main::17592,0
mistral_7b_instruct::trivia_qa_2_60k::base::main::41503,0
mistral_7b_instruct::trivia_qa_2_60k::base::main::16678,0
mistral_7b_instruct::trivia_qa_2_60k::base::main::6487,0
mistral_7b_instruct::trivia_qa_2_60k::base::main::35585,0
mistral_7b_instruct::trivia_qa_2_60k::base::main::18243,0
mistral_7b_instruct::trivia_qa_2_60k::base::main::15070,0
mistral_7b_instruct::trivia_qa_2_60k::base::main::14558,0
mistral_7b_instruct::trivia_qa_2_60k::base::main::56626,0
mistral_7b_instruct::trivia_qa_2_60k::base::main::56468,0
mistral_7b_instruct::trivia_qa_2_60k::base::main::26218,0
mistral_7b_instruct::trivia_qa_2_60k::base::main::18452,0
mistral_7b_instruct::trivia_qa_2_60k::base::main::12640,0
mistral_7b_instruct::trivia_qa_2_60k::base::main::38482,0
mistral_7b_instruct::trivia_qa_2_60k::base::main::56353,0
mistral_7b_instruct::trivia_qa_2_60k::base::main::7564,0
mistral_7b_instruct::trivia_qa_2_60k::base::main::1763,0
mistral_7b_instruct::trivia_qa_2_60k::base::main::19843,0
mistral_7b_instruct::trivia_qa_2_60k::base::main::3251,0
mistral_7b_instruct::trivia_qa_2_60k::base::main::6786,0
mistral_7b_instruct::trivia_qa_2_60k::base::main::23872,0
mistral_7b_instruct::trivia_qa_2_60k::base::main::34095,0
mistral_7b_instruct::trivia_qa_2_60k::base::main::56376,0
mistral_7b_instruct::trivia_qa_2_60k::base::main::18358,0
mistral_7b_instruct::trivia_qa_2_60k::base::main::35180,0
mistral_7b_instruct::trivia_qa_2_60k::base::main::17981,0
mistral_7b_instruct::trivia_qa_2_60k::base::main::50227,0
mistral_7b_instruct::trivia_qa_2_60k::base::main::6964,0
mistral_7b_instruct::trivia_qa_2_60k::base::main::17782,0
mistral_7b_instruct::trivia_qa_2_60k::base::main::27613,0
mistral_7b_instruct::trivia_qa_2_60k::base::main::8832,0
mistral_7b_instruct::trivia_qa_2_60k::base::main::50855,0
mistral_7b_instruct::trivia_qa_2_60k::base::main::7010,0
mistral_7b_instruct::trivia_qa_2_60k::base::main::57368,0
mistral_7b_instruct::trivia_qa_2_60k::base::main::37742,0
mistral_7b_instruct::trivia_qa_2_60k::base::main::12628,0
mistral_7b_instruct::trivia_qa_2_60k::base::main::12170,0
mistral_7b_instruct::trivia_qa_2_60k::base::main::9968,0
mistral_7b_instruct::trivia_qa_2_60k::base::main::56240,0
mistral_7b_instruct::trivia_qa_2_60k::base::main::40649,0
mistral_7b_instruct::trivia_qa_2_60k::base::main::1879,0
mistral_7b_instruct::trivia_qa_2_60k::base::main::35304,0
mistral_7b_instruct::trivia_qa_2_60k::base::main::11227,0
mistral_7b_instruct::trivia_qa_2_60k::base::main::31513,0
mistral_7b_instruct::trivia_qa_2_60k::base::main::30740,0
mistral_7b_instruct::trivia_qa_2_60k::base::main::34987,0
mistral_7b_instruct::trivia_qa_2_60k::base::main::30275,0
mistral_7b_instruct::trivia_qa_2_60k::base::main::43773,0
mistral_7b_instruct::trivia_qa_2_60k::base::main::8222,0
mistral_7b_instruct::trivia_qa_2_60k::base::main::12622,0
mistral_7b_instruct::trivia_qa_2_60k::base::main::23291,0
mistral_7b_instruct::trivia_qa_2_60k::base::main::38396,0
mistral_7b_instruct::trivia_qa_2_60k::base::main::5631,0
mistral_7b_instruct::trivia_qa_2_60k::base::main::30704,0
mistral_7b_instruct::trivia_qa_2_60k::base::main::37672,0
mistral_7b_instruct::trivia_qa_2_60k::base::main::27009,0
mistral_7b_instruct::trivia_qa_2_60k::base::main::49855,0
mistral_7b_instruct::trivia_qa_2_60k::base::main::21485,0
mistral_7b_instruct::trivia_qa_2_60k::base::main::39039,0
mistral_7b_instruct::trivia_qa_2_60k::base::main::36750,0
mistral_7b_instruct::trivia_qa_2_60k::base::main::56031,0
mistral_7b_instruct::trivia_qa_2_60k::base::main::51387,0
mistral_7b_instruct::trivia_qa_2_60k::base::main::18798,0
mistral_7b_instruct::trivia_qa_2_60k::base::main::31262,0
mistral_7b_instruct::trivia_qa_2_60k::base::main::11318,0
mistral_7b_instruct::trivia_qa_2_60k::base::main::37159,0
mistral_7b_instruct::trivia_qa_2_60k::base::main::7882,0
mistral_7b_instruct::trivia_qa_2_60k::base::main::32367,0
mistral_7b_instruct::trivia_qa_2_60k::base::main::33345,0
mistral_7b_instruct::trivia_qa_2_60k::base::main::30695,0
mistral_7b_instruct::trivia_qa_2_60k::base::main::48739,0
mistral_7b_instruct::trivia_qa_2_60k::base::main::51136,0
mistral_7b_instruct::trivia_qa_2_60k::base::main::557,0
mistral_7b_instruct::trivia_qa_2_60k::base::main::10564,0
mistral_7b_instruct::trivia_qa_2_60k::base::main::24651,0
mistral_7b_instruct::trivia_qa_2_60k::base::main::42011,0
mistral_7b_instruct::trivia_qa_2_60k::base::main::1068,0
mistral_7b_instruct::trivia_qa_2_60k::base::main::47465,0
mistral_7b_instruct::trivia_qa_2_60k::base::main::30820,0
mistral_7b_instruct::trivia_qa_2_60k::base::main::25484,0
mistral_7b_instruct::trivia_qa_2_60k::base::main::2668,0
mistral_7b_instruct::trivia_qa_2_60k::base::main::54753,0
mistral_7b_instruct::trivia_qa_2_60k::base::main::5977,0
mistral_7b_instruct::trivia_qa_2_60k::base::main::2770,0
mistral_7b_instruct::trivia_qa_2_60k::base::main::32490,0
mistral_7b_instruct::trivia_qa_2_60k::base::main::57485,0
mistral_7b_instruct::trivia_qa_2_60k::base::main::44062,0
mistral_7b_instruct::trivia_qa_2_60k::base::main::22552,0
mistral_7b_instruct::trivia_qa_2_60k::base::main::23358,0
mistral_7b_instruct::trivia_qa_2_60k::base::main::49927,0
mistral_7b_instruct::trivia_qa_2_60k::base::main::41964,0
mistral_7b_instruct::trivia_qa_2_60k::base::main::56927,0
mistral_7b_instruct::trivia_qa_2_60k::base::main::7727,0
mistral_7b_instruct::trivia_qa_2_60k::base::main::22018,0
mistral_7b_instruct::trivia_qa_2_60k::base::main::6445,0
mistral_7b_instruct::trivia_qa_2_60k::base::main::49199,0
mistral_7b_instruct::trivia_qa_2_60k::base::main::36050,0
mistral_7b_instruct::trivia_qa_2_60k::base::main::33124,0
mistral_7b_instruct::trivia_qa_2_60k::base::main::40712,0
mistral_7b_instruct::trivia_qa_2_60k::base::main::864,0
mistral_7b_instruct::trivia_qa_2_60k::base::main::19764,0
mistral_7b_instruct::trivia_qa_2_60k::base::main::23285,0
mistral_7b_instruct::trivia_qa_2_60k::base::main::35122,0
mistral_7b_instruct::trivia_qa_2_60k::base::main::34712,0
mistral_7b_instruct::trivia_qa_2_60k::base::main::26044,0
mistral_7b_instruct::trivia_qa_2_60k::base::main::11858,0
mistral_7b_instruct::trivia_qa_2_60k::base::main::54066,0
mistral_7b_instruct::trivia_qa_2_60k::base::main::14586,0
mistral_7b_instruct::trivia_qa_2_60k::base::main::39128,0
mistral_7b_instruct::trivia_qa_2_60k::base::main::11732,0
mistral_7b_instruct::trivia_qa_2_60k::base::main::40677,0
mistral_7b_instruct::trivia_qa_2_60k::base::main::21907,0
mistral_7b_instruct::trivia_qa_2_60k::base::main::57913,0
mistral_7b_instruct::trivia_qa_2_60k::base::main::58356,0
mistral_7b_instruct::trivia_qa_2_60k::base::main::13571,0
mistral_7b_instruct::trivia_qa_2_60k::base::main::35433,0
mistral_7b_instruct::trivia_qa_2_60k::base::main::34422,0
mistral_7b_instruct::trivia_qa_2_60k::base::main::40683,0
mistral_7b_instruct::trivia_qa_2_60k::base::main::8977,0
mistral_7b_instruct::trivia_qa_2_60k::base::main::34116,0
mistral_7b_instruct::trivia_qa_2_60k::base::main::52088,0
mistral_7b_instruct::trivia_qa_2_60k::base::main::36469,0
mistral_7b_instruct::trivia_qa_2_60k::base::main::17615,0
mistral_7b_instruct::trivia_qa_2_60k::base::main::6719,0
mistral_7b_instruct::trivia_qa_2_60k::base::main::29522,0
mistral_7b_instruct::trivia_qa_2_60k::base::main::47096,0
mistral_7b_instruct::trivia_qa_2_60k::base::main::54739,0
mistral_7b_instruct::trivia_qa_2_60k::base::main::41453,0
mistral_7b_instruct::trivia_qa_2_60k::base::main::58264,0
mistral_7b_instruct::trivia_qa_2_60k::base::main::20299,0
mistral_7b_instruct::trivia_qa_2_60k::base::main::39676,0
mistral_7b_instruct::trivia_qa_2_60k::base::main::10355,0
mistral_7b_instruct::trivia_qa_2_60k::base::main::9673,0
mistral_7b_instruct::trivia_qa_2_60k::base::main::34046,0
mistral_7b_instruct::trivia_qa_2_60k::base::main::17868,0
mistral_7b_instruct::trivia_qa_2_60k::base::main::12118,0
mistral_7b_instruct::trivia_qa_2_60k::base::main::6623,0
mistral_7b_instruct::trivia_qa_2_60k::base::main::13682,0
mistral_7b_instruct::trivia_qa_2_60k::base::main::6752,0
mistral_7b_instruct::trivia_qa_2_60k::base::main::14113,0
mistral_7b_instruct::trivia_qa_2_60k::base::main::29984,0
mistral_7b_instruct::trivia_qa_2_60k::base::main::26430,0
mistral_7b_instruct::trivia_qa_2_60k::base::main::32277,0
mistral_7b_instruct::trivia_qa_2_60k::base::main::17814,0
mistral_7b_instruct::trivia_qa_2_60k::base::main::26870,0
mistral_7b_instruct::trivia_qa_2_60k::base::main::2771,0
mistral_7b_instruct::trivia_qa_2_60k::base::main::37910,0
mistral_7b_instruct::trivia_qa_2_60k::base::main::7183,0
mistral_7b_instruct::trivia_qa_2_60k::base::main::35274,0
mistral_7b_instruct::trivia_qa_2_60k::base::main::44681,0
mistral_7b_instruct::trivia_qa_2_60k::base::main::39919,0
mistral_7b_instruct::trivia_qa_2_60k::base::main::18352,0
mistral_7b_instruct::trivia_qa_2_60k::base::main::44252,0
mistral_7b_instruct::trivia_qa_2_60k::base::main::33569,0
mistral_7b_instruct::trivia_qa_2_60k::base::main::42114,0
mistral_7b_instruct::trivia_qa_2_60k::base::main::3249,0
mistral_7b_instruct::trivia_qa_2_60k::base::main::53025,0
mistral_7b_instruct::trivia_qa_2_60k::base::main::13389,0
mistral_7b_instruct::trivia_qa_2_60k::base::main::15588,0
mistral_7b_instruct::trivia_qa_2_60k::base::main::29089,0
mistral_7b_instruct::trivia_qa_2_60k::base::main::51036,0
mistral_7b_instruct::trivia_qa_2_60k::base::main::48862,0
mistral_7b_instruct::trivia_qa_2_60k::base::main::46214,0
mistral_7b_instruct::trivia_qa_2_60k::base::main::4078,0
mistral_7b_instruct::trivia_qa_2_60k::base::main::49883,0
mistral_7b_instruct::trivia_qa_2_60k::base::main::19831,0
mistral_7b_instruct::trivia_qa_2_60k::base::main::25180,0
mistral_7b_instruct::trivia_qa_2_60k::base::main::38256,0
mistral_7b_instruct::trivia_qa_2_60k::base::main::36913,0
mistral_7b_instruct::trivia_qa_2_60k::base::main::56455,0
mistral_7b_instruct::trivia_qa_2_60k::base::main::9102,0
mistral_7b_instruct::trivia_qa_2_60k::base::main::20861,0
mistral_7b_instruct::trivia_qa_2_60k::base::main::22566,0
mistral_7b_instruct::trivia_qa_2_60k::base::main::9492,0
mistral_7b_instruct::trivia_qa_2_60k::base::main::12873,0
mistral_7b_instruct::trivia_qa_2_60k::base::main::6852,0
mistral_7b_instruct::trivia_qa_2_60k::base::main::16215,0
mistral_7b_instruct::trivia_qa_2_60k::base::main::28828,0
mistral_7b_instruct::trivia_qa_2_60k::base::main::42770,0
mistral_7b_instruct::trivia_qa_2_60k::base::main::14971,0
mistral_7b_instruct::trivia_qa_2_60k::base::main::15746,0
mistral_7b_instruct::trivia_qa_2_60k::base::main::30723,0
mistral_7b_instruct::trivia_qa_2_60k::base::main::10156,0
mistral_7b_instruct::trivia_qa_2_60k::base::main::48776,0
mistral_7b_instruct::trivia_qa_2_60k::base::main::37719,0
mistral_7b_instruct::trivia_qa_2_60k::base::main::371,0
mistral_7b_instruct::trivia_qa_2_60k::base::main::52516,0
mistral_7b_instruct::trivia_qa_2_60k::base::main::21307,0
mistral_7b_instruct::trivia_qa_2_60k::base::main::35620,0
mistral_7b_instruct::trivia_qa_2_60k::base::main::21036,0
mistral_7b_instruct::trivia_qa_2_60k::base::main::26125,0
mistral_7b_instruct::trivia_qa_2_60k::base::main::50401,0
mistral_7b_instruct::trivia_qa_2_60k::base::main::3789,0
mistral_7b_instruct::trivia_qa_2_60k::base::main::31319,0
mistral_7b_instruct::trivia_qa_2_60k::base::main::42187,0
mistral_7b_instruct::trivia_qa_2_60k::base::main::19986,0
mistral_7b_instruct::trivia_qa_2_60k::base::main::9789,0
mistral_7b_instruct::trivia_qa_2_60k::base::main::51799,0
mistral_7b_instruct::trivia_qa_2_60k::base::main::30839,0
mistral_7b_instruct::trivia_qa_2_60k::base::main::41434,0
mistral_7b_instruct::trivia_qa_2_60k::base::main::45548,0
mistral_7b_instruct::trivia_qa_2_60k::base::main::49192,0
mistral_7b_instruct::trivia_qa_2_60k::base::main::47967,0
mistral_7b_instruct::trivia_qa_2_60k::base::main::47944,0
mistral_7b_instruct::trivia_qa_2_60k::base::main::16699,0
mistral_7b_instruct::trivia_qa_2_60k::base::main::25358,0
mistral_7b_instruct::trivia_qa_2_60k::base::main::48493,0
mistral_7b_instruct::trivia_qa_2_60k::base::main::34245,0
mistral_7b_instruct::trivia_qa_2_60k::base::main::18179,0
mistral_7b_instruct::trivia_qa_2_60k::base::main::56309,0
mistral_7b_instruct::trivia_qa_2_60k::base::main::36182,0
mistral_7b_instruct::trivia_qa_2_60k::base::main::29740,0
mistral_7b_instruct::trivia_qa_2_60k::base::main::17464,0
mistral_7b_instruct::trivia_qa_2_60k::base::main::48547,0
mistral_7b_instruct::trivia_qa_2_60k::base::main::47999,0
mistral_7b_instruct::trivia_qa_2_60k::base::main::28435,0
mistral_7b_instruct::trivia_qa_2_60k::base::main::17985,0
mistral_7b_instruct::trivia_qa_2_60k::base::main::44327,0
mistral_7b_instruct::trivia_qa_2_60k::base::main::58054,0
mistral_7b_instruct::trivia_qa_2_60k::base::main::54511,0
mistral_7b_instruct::trivia_qa_2_60k::base::main::29240,0
mistral_7b_instruct::trivia_qa_2_60k::base::main::38108,0
mistral_7b_instruct::trivia_qa_2_60k::base::main::52908,0
mistral_7b_instruct::trivia_qa_2_60k::base::main::5183,0
mistral_7b_instruct::trivia_qa_2_60k::base::main::11005,0
mistral_7b_instruct::trivia_qa_2_60k::base::main::46113,0
mistral_7b_instruct::trivia_qa_2_60k::base::main::42007,0
mistral_7b_instruct::trivia_qa_2_60k::base::main::29445,0
mistral_7b_instruct::trivia_qa_2_60k::base::main::10994,0
mistral_7b_instruct::trivia_qa_2_60k::base::main::5050,0
mistral_7b_instruct::trivia_qa_2_60k::base::main::53351,0
mistral_7b_instruct::trivia_qa_2_60k::base::main::20049,0
mistral_7b_instruct::trivia_qa_2_60k::base::main::55823,0
mistral_7b_instruct::trivia_qa_2_60k::base::main::53046,0
mistral_7b_instruct::trivia_qa_2_60k::base::main::28612,0
mistral_7b_instruct::trivia_qa_2_60k::base::main::30206,0
mistral_7b_instruct::trivia_qa_2_60k::base::main::56444,0
mistral_7b_instruct::trivia_qa_2_60k::base::main::49063,0
mistral_7b_instruct::trivia_qa_2_60k::base::main::15087,0
mistral_7b_instruct::trivia_qa_2_60k::base::main::42137,0
mistral_7b_instruct::trivia_qa_2_60k::base::main::35034,0
mistral_7b_instruct::trivia_qa_2_60k::base::main::53865,0
mistral_7b_instruct::trivia_qa_2_60k::base::main::38157,0
mistral_7b_instruct::trivia_qa_2_60k::base::main::37991,0
mistral_7b_instruct::trivia_qa_2_60k::base::main::23898,0
mistral_7b_instruct::trivia_qa_2_60k::base::main::9802,0
mistral_7b_instruct::trivia_qa_2_60k::base::main::41627,0
mistral_7b_instruct::trivia_qa_2_60k::base::main::8007,0
mistral_7b_instruct::trivia_qa_2_60k::base::main::22068,0
mistral_7b_instruct::trivia_qa_2_60k::base::main::44044,0
mistral_7b_instruct::trivia_qa_2_60k::base::main::47704,0
mistral_7b_instruct::trivia_qa_2_60k::base::main::42500,0
mistral_7b_instruct::trivia_qa_2_60k::base::main::24384,0
mistral_7b_instruct::trivia_qa_2_60k::base::main::16240,0
mistral_7b_instruct::trivia_qa_2_60k::base::main::5176,0
mistral_7b_instruct::trivia_qa_2_60k::base::main::14844,0
mistral_7b_instruct::trivia_qa_2_60k::base::main::25761,0
mistral_7b_instruct::trivia_qa_2_60k::base::main::43942,0
mistral_7b_instruct::trivia_qa_2_60k::base::main::50936,0
mistral_7b_instruct::trivia_qa_2_60k::base::main::48948,0
mistral_7b_instruct::trivia_qa_2_60k::base::main::53210,0
mistral_7b_instruct::trivia_qa_2_60k::base::main::29360,0
mistral_7b_instruct::trivia_qa_2_60k::base::main::35040,0
mistral_7b_instruct::trivia_qa_2_60k::base::main::52486,0
mistral_7b_instruct::trivia_qa_2_60k::base::main::12434,0
mistral_7b_instruct::trivia_qa_2_60k::base::main::55378,0
mistral_7b_instruct::trivia_qa_2_60k::base::main::56344,0
mistral_7b_instruct::trivia_qa_2_60k::base::main::44189,0
mistral_7b_instruct::trivia_qa_2_60k::base::main::26392,0
mistral_7b_instruct::trivia_qa_2_60k::base::main::28059,0
mistral_7b_instruct::trivia_qa_2_60k::base::main::20055,0
mistral_7b_instruct::trivia_qa_2_60k::base::main::45131,0
mistral_7b_instruct::trivia_qa_2_60k::base::main::34170,0
mistral_7b_instruct::trivia_qa_2_60k::base::main::30542,0
mistral_7b_instruct::trivia_qa_2_60k::base::main::51180,0
mistral_7b_instruct::trivia_qa_2_60k::base::main::34626,0
mistral_7b_instruct::trivia_qa_2_60k::base::main::52584,0
mistral_7b_instruct::trivia_qa_2_60k::base::main::9634,0
mistral_7b_instruct::trivia_qa_2_60k::base::main::39349,0
mistral_7b_instruct::trivia_qa_2_60k::base::main::33853,0
mistral_7b_instruct::trivia_qa_2_60k::base::main::32124,0
mistral_7b_instruct::trivia_qa_2_60k::base::main::16966,0
mistral_7b_instruct::trivia_qa_2_60k::base::main::42580,0
mistral_7b_instruct::trivia_qa_2_60k::base::main::38311,0
mistral_7b_instruct::trivia_qa_2_60k::base::main::39979,0
mistral_7b_instruct::trivia_qa_2_60k::base::main::30189,0
mistral_7b_instruct::trivia_qa_2_60k::base::main::19027,0
mistral_7b_instruct::trivia_qa_2_60k::base::main::4177,0
mistral_7b_instruct::trivia_qa_2_60k::base::main::22224,0
mistral_7b_instruct::trivia_qa_2_60k::base::main::43228,0
mistral_7b_instruct::trivia_qa_2_60k::base::main::1046,0
mistral_7b_instruct::trivia_qa_2_60k::base::main::53665,0
mistral_7b_instruct::trivia_qa_2_60k::base::main::38580,0
mistral_7b_instruct::trivia_qa_2_60k::base::main::55182,0
mistral_7b_instruct::trivia_qa_2_60k::base::main::52536,0
mistral_7b_instruct::trivia_qa_2_60k::base::main::28521,0
mistral_7b_instruct::trivia_qa_2_60k::base::main::29423,0
mistral_7b_instruct::trivia_qa_2_60k::base::main::9667,0
mistral_7b_instruct::trivia_qa_2_60k::base::main::30499,0
mistral_7b_instruct::trivia_qa_2_60k::base::main::28888,0
mistral_7b_instruct::trivia_qa_2_60k::base::main::55953,0
mistral_7b_instruct::trivia_qa_2_60k::base::main::55594,0
mistral_7b_instruct::trivia_qa_2_60k::base::main::32434,0
mistral_7b_instruct::trivia_qa_2_60k::base::main::307,0
mistral_7b_instruct::trivia_qa_2_60k::base::main::34806,0
mistral_7b_instruct::trivia_qa_2_60k::base::main::3447,0
mistral_7b_instruct::trivia_qa_2_60k::base::main::12834,0
mistral_7b_instruct::trivia_qa_2_60k::base::main::26891,0
mistral_7b_instruct::trivia_qa_2_60k::base::main::18221,0
mistral_7b_instruct::trivia_qa_2_60k::base::main::41818,0
mistral_7b_instruct::trivia_qa_2_60k::base::main::10523,0
mistral_7b_instruct::trivia_qa_2_60k::base::main::26919,0
mistral_7b_instruct::trivia_qa_2_60k::base::main::6941,0
mistral_7b_instruct::trivia_qa_2_60k::base::main::19529,0
mistral_7b_instruct::trivia_qa_2_60k::base::main::2642,0
mistral_7b_instruct::trivia_qa_2_60k::base::main::12563,0
mistral_7b_instruct::trivia_qa_2_60k::base::main::35757,0
mistral_7b_instruct::trivia_qa_2_60k::base::main::51505,0
mistral_7b_instruct::trivia_qa_2_60k::base::main::54740,0
mistral_7b_instruct::trivia_qa_2_60k::base::main::12953,0
mistral_7b_instruct::trivia_qa_2_60k::base::main::56433,0
mistral_7b_instruct::trivia_qa_2_60k::base::main::10132,0
mistral_7b_instruct::trivia_qa_2_60k::base::main::22586,0
mistral_7b_instruct::trivia_qa_2_60k::base::main::39605,0
mistral_7b_instruct::trivia_qa_2_60k::base::main::42609,0
mistral_7b_instruct::trivia_qa_2_60k::base::main::43699,0
mistral_7b_instruct::trivia_qa_2_60k::base::main::53085,0
mistral_7b_instruct::trivia_qa_2_60k::base::main::26900,0
mistral_7b_instruct::trivia_qa_2_60k::base::main::4979,0
mistral_7b_instruct::trivia_qa_2_60k::base::main::53345,0
mistral_7b_instruct::trivia_qa_2_60k::base::main::1524,0
mistral_7b_instruct::trivia_qa_2_60k::base::main::57139,0
mistral_7b_instruct::trivia_qa_2_60k::base::main::58174,0
mistral_7b_instruct::trivia_qa_2_60k::base::main::41239,0
mistral_7b_instruct::trivia_qa_2_60k::base::main::37655,0
mistral_7b_instruct::trivia_qa_2_60k::base::main::1412,0
mistral_7b_instruct::trivia_qa_2_60k::base::main::18137,0
mistral_7b_instruct::trivia_qa_2_60k::base::main::16880,0
mistral_7b_instruct::trivia_qa_2_60k::base::main::7879,0
mistral_7b_instruct::trivia_qa_2_60k::base::main::54787,0
mistral_7b_instruct::trivia_qa_2_60k::base::main::1010,0
mistral_7b_instruct::trivia_qa_2_60k::base::main::38569,0
mistral_7b_instruct::trivia_qa_2_60k::base::main::39332,0
mistral_7b_instruct::trivia_qa_2_60k::base::main::53782,0
mistral_7b_instruct::trivia_qa_2_60k::base::main::57406,0
mistral_7b_instruct::trivia_qa_2_60k::base::main::28326,0
mistral_7b_instruct::trivia_qa_2_60k::base::main::26675,0
mistral_7b_instruct::trivia_qa_2_60k::base::main::54815,0
mistral_7b_instruct::trivia_qa_2_60k::base::main::5434,0
mistral_7b_instruct::trivia_qa_2_60k::base::main::7210,0
mistral_7b_instruct::trivia_qa_2_60k::base::main::18351,0
mistral_7b_instruct::trivia_qa_2_60k::base::main::54590,0
mistral_7b_instruct::trivia_qa_2_60k::base::main::9842,0
mistral_7b_instruct::trivia_qa_2_60k::base::main::52917,0
mistral_7b_instruct::trivia_qa_2_60k::base::main::57344,0
mistral_7b_instruct::trivia_qa_2_60k::base::main::5498,0
mistral_7b_instruct::trivia_qa_2_60k::base::main::41806,0
mistral_7b_instruct::trivia_qa_2_60k::base::main::36888,0
mistral_7b_instruct::trivia_qa_2_60k::base::main::56967,0
mistral_7b_instruct::trivia_qa_2_60k::base::main::46129,0
mistral_7b_instruct::trivia_qa_2_60k::base::main::23018,0
mistral_7b_instruct::trivia_qa_2_60k::base::main::49999,0
mistral_7b_instruct::trivia_qa_2_60k::base::main::40875,0
mistral_7b_instruct::trivia_qa_2_60k::base::main::17169,0
mistral_7b_instruct::trivia_qa_2_60k::base::main::43489,0
mistral_7b_instruct::trivia_qa_2_60k::base::main::26215,0
mistral_7b_instruct::trivia_qa_2_60k::base::main::15135,0
mistral_7b_instruct::trivia_qa_2_60k::base::main::33521,0
mistral_7b_instruct::trivia_qa_2_60k::base::main::43187,0
mistral_7b_instruct::trivia_qa_2_60k::base::main::8675,0
mistral_7b_instruct::trivia_qa_2_60k::base::main::37842,0
mistral_7b_instruct::trivia_qa_2_60k::base::main::29026,0
mistral_7b_instruct::trivia_qa_2_60k::base::main::52119,0
mistral_7b_instruct::trivia_qa_2_60k::base::main::31666,0
mistral_7b_instruct::trivia_qa_2_60k::base::main::22260,0
mistral_7b_instruct::trivia_qa_2_60k::base::main::40473,0
mistral_7b_instruct::trivia_qa_2_60k::base::main::43043,0
mistral_7b_instruct::trivia_qa_2_60k::base::main::23645,0
mistral_7b_instruct::trivia_qa_2_60k::base::main::27795,0
mistral_7b_instruct::trivia_qa_2_60k::base::main::50238,0
mistral_7b_instruct::trivia_qa_2_60k::base::main::16114,0
mistral_7b_instruct::trivia_qa_2_60k::base::main::18647,0
mistral_7b_instruct::trivia_qa_2_60k::base::main::42366,0
mistral_7b_instruct::trivia_qa_2_60k::base::main::37740,0
mistral_7b_instruct::trivia_qa_2_60k::base::main::40568,0
mistral_7b_instruct::trivia_qa_2_60k::base::main::37241,0
mistral_7b_instruct::trivia_qa_2_60k::base::main::53026,0
mistral_7b_instruct::trivia_qa_2_60k::base::main::49320,0
mistral_7b_instruct::trivia_qa_2_60k::base::main::23295,0
mistral_7b_instruct::trivia_qa_2_60k::base::main::37164,0
mistral_7b_instruct::trivia_qa_2_60k::base::main::27719,0
mistral_7b_instruct::trivia_qa_2_60k::base::main::12845,0
mistral_7b_instruct::trivia_qa_2_60k::base::main::48856,0
mistral_7b_instruct::trivia_qa_2_60k::base::main::22046,0
mistral_7b_instruct::trivia_qa_2_60k::base::main::7544,0
mistral_7b_instruct::trivia_qa_2_60k::base::main::30276,0
mistral_7b_instruct::trivia_qa_2_60k::base::main::31804,0
mistral_7b_instruct::trivia_qa_2_60k::base::main::13728,0
mistral_7b_instruct::trivia_qa_2_60k::base::main::885,0
mistral_7b_instruct::trivia_qa_2_60k::base::main::39142,0
mistral_7b_instruct::trivia_qa_2_60k::base::main::57512,0
mistral_7b_instruct::trivia_qa_2_60k::base::main::51184,0
mistral_7b_instruct::trivia_qa_2_60k::base::main::29932,0
mistral_7b_instruct::trivia_qa_2_60k::base::main::55317,0
mistral_7b_instruct::trivia_qa_2_60k::base::main::48509,0
mistral_7b_instruct::trivia_qa_2_60k::base::main::4897,0
mistral_7b_instruct::trivia_qa_2_60k::base::main::25174,0
mistral_7b_instruct::trivia_qa_2_60k::base::main::35076,0
mistral_7b_instruct::trivia_qa_2_60k::base::main::54846,0
mistral_7b_instruct::trivia_qa_2_60k::base::main::20917,0
mistral_7b_instruct::trivia_qa_2_60k::base::main::15797,0
mistral_7b_instruct::trivia_qa_2_60k::base::main::28462,0
mistral_7b_instruct::trivia_qa_2_60k::base::main::53521,0
mistral_7b_instruct::trivia_qa_2_60k::base::main::36965,0
mistral_7b_instruct::trivia_qa_2_60k::base::main::31919,0
mistral_7b_instruct::trivia_qa_2_60k::base::main::11478,0
mistral_7b_instruct::trivia_qa_2_60k::base::main::15407,0
mistral_7b_instruct::trivia_qa_2_60k::base::main::99,0
mistral_7b_instruct::trivia_qa_2_60k::base::main::7983,0
mistral_7b_instruct::trivia_qa_2_60k::base::main::34754,0
mistral_7b_instruct::trivia_qa_2_60k::base::main::40387,0
mistral_7b_instruct::trivia_qa_2_60k::base::main::48179,0
mistral_7b_instruct::trivia_qa_2_60k::base::main::39399,0
mistral_7b_instruct::trivia_qa_2_60k::base::main::44423,0
mistral_7b_instruct::trivia_qa_2_60k::base::main::2562,0
mistral_7b_instruct::trivia_qa_2_60k::base::main::9604,0
mistral_7b_instruct::trivia_qa_2_60k::base::main::15537,0
mistral_7b_instruct::trivia_qa_2_60k::base::main::15850,0
mistral_7b_instruct::trivia_qa_2_60k::base::main::46227,0
mistral_7b_instruct::trivia_qa_2_60k::base::main::46337,0
mistral_7b_instruct::trivia_qa_2_60k::base::main::56868,0
mistral_7b_instruct::trivia_qa_2_60k::base::main::57835,0
mistral_7b_instruct::trivia_qa_2_60k::base::main::13583,0
mistral_7b_instruct::trivia_qa_2_60k::base::main::19458,0
mistral_7b_instruct::trivia_qa_2_60k::base::main::10990,0
mistral_7b_instruct::trivia_qa_2_60k::base::main::54517,0
mistral_7b_instruct::trivia_qa_2_60k::base::main::6800,0
mistral_7b_instruct::trivia_qa_2_60k::base::main::43210,0
mistral_7b_instruct::trivia_qa_2_60k::base::main::28146,0
mistral_7b_instruct::trivia_qa_2_60k::base::main::25597,0
mistral_7b_instruct::trivia_qa_2_60k::base::main::186,0
mistral_7b_instruct::trivia_qa_2_60k::base::main::27322,0
mistral_7b_instruct::trivia_qa_2_60k::base::main::57598,0
mistral_7b_instruct::trivia_qa_2_60k::base::main::38270,0
mistral_7b_instruct::trivia_qa_2_60k::base::main::48027,0
mistral_7b_instruct::trivia_qa_2_60k::base::main::6428,0
mistral_7b_instruct::trivia_qa_2_60k::base::main::27686,0
mistral_7b_instruct::trivia_qa_2_60k::base::main::39144,0
mistral_7b_instruct::trivia_qa_2_60k::base::main::39121,0
mistral_7b_instruct::trivia_qa_2_60k::base::main::32322,0
mistral_7b_instruct::trivia_qa_2_60k::base::main::97,0
mistral_7b_instruct::trivia_qa_2_60k::base::main::45129,0
mistral_7b_instruct::trivia_qa_2_60k::base::main::25647,0
mistral_7b_instruct::trivia_qa_2_60k::base::main::29918,0
mistral_7b_instruct::trivia_qa_2_60k::base::main::14672,0
mistral_7b_instruct::trivia_qa_2_60k::base::main::13737,0
mistral_7b_instruct::trivia_qa_2_60k::base::main::39653,0
mistral_7b_instruct::trivia_qa_2_60k::base::main::18706,0
mistral_7b_instruct::trivia_qa_2_60k::base::main::26034,0
mistral_7b_instruct::trivia_qa_2_60k::base::main::6314,0
mistral_7b_instruct::trivia_qa_2_60k::base::main::16793,0
mistral_7b_instruct::trivia_qa_2_60k::base::main::32265,0
mistral_7b_instruct::trivia_qa_2_60k::base::main::37146,0
mistral_7b_instruct::trivia_qa_2_60k::base::main::17171,0
mistral_7b_instruct::trivia_qa_2_60k::base::main::29033,0
mistral_7b_instruct::trivia_qa_2_60k::base::main::49279,0
mistral_7b_instruct::trivia_qa_2_60k::base::main::39023,0
mistral_7b_instruct::trivia_qa_2_60k::base::main::55395,0
mistral_7b_instruct::trivia_qa_2_60k::base::main::29384,0
mistral_7b_instruct::trivia_qa_2_60k::base::main::54134,0
mistral_7b_instruct::trivia_qa_2_60k::base::main::28660,0
mistral_7b_instruct::trivia_qa_2_60k::base::main::14407,0
mistral_7b_instruct::trivia_qa_2_60k::base::main::22890,0
mistral_7b_instruct::trivia_qa_2_60k::base::main::6645,0
mistral_7b_instruct::trivia_qa_2_60k::base::main::22264,0
mistral_7b_instruct::trivia_qa_2_60k::base::main::53341,0
mistral_7b_instruct::trivia_qa_2_60k::base::main::32436,0
mistral_7b_instruct::trivia_qa_2_60k::base::main::56524,0
mistral_7b_instruct::trivia_qa_2_60k::base::main::25759,0
mistral_7b_instruct::trivia_qa_2_60k::base::main::15048,0
mistral_7b_instruct::trivia_qa_2_60k::base::main::18368,0
mistral_7b_instruct::trivia_qa_2_60k::base::main::15179,0
mistral_7b_instruct::trivia_qa_2_60k::base::main::53875,0
mistral_7b_instruct::trivia_qa_2_60k::base::main::52169,0
mistral_7b_instruct::trivia_qa_2_60k::base::main::10642,0
mistral_7b_instruct::trivia_qa_2_60k::base::main::34014,0
mistral_7b_instruct::trivia_qa_2_60k::base::main::39079,0
mistral_7b_instruct::trivia_qa_2_60k::base::main::8923,0
mistral_7b_instruct::trivia_qa_2_60k::base::main::54388,0
mistral_7b_instruct::trivia_qa_2_60k::base::main::24027,0
mistral_7b_instruct::trivia_qa_2_60k::base::main::31930,0
mistral_7b_instruct::trivia_qa_2_60k::base::main::32827,0
mistral_7b_instruct::trivia_qa_2_60k::base::main::20272,0
mistral_7b_instruct::trivia_qa_2_60k::base::main::23646,0
mistral_7b_instruct::trivia_qa_2_60k::base::main::17810,0
mistral_7b_instruct::trivia_qa_2_60k::base::main::17600,0
mistral_7b_instruct::trivia_qa_2_60k::base::main::17384,0
mistral_7b_instruct::trivia_qa_2_60k::base::main::51895,0
mistral_7b_instruct::trivia_qa_2_60k::base::main::40504,0
mistral_7b_instruct::trivia_qa_2_60k::base::main::27721,0
mistral_7b_instruct::trivia_qa_2_60k::base::main::49769,0
mistral_7b_instruct::trivia_qa_2_60k::base::main::51489,0
mistral_7b_instruct::trivia_qa_2_60k::base::main::47151,0
mistral_7b_instruct::trivia_qa_2_60k::base::main::39207,0
mistral_7b_instruct::trivia_qa_2_60k::base::main::56107,0
mistral_7b_instruct::trivia_qa_2_60k::base::main::38896,0
mistral_7b_instruct::trivia_qa_2_60k::base::main::13256,0
mistral_7b_instruct::trivia_qa_2_60k::base::main::31691,0
mistral_7b_instruct::trivia_qa_2_60k::base::main::48436,0
mistral_7b_instruct::trivia_qa_2_60k::base::main::42682,0
mistral_7b_instruct::trivia_qa_2_60k::base::main::4836,0
mistral_7b_instruct::trivia_qa_2_60k::base::main::51023,0
mistral_7b_instruct::trivia_qa_2_60k::base::main::38912,0
mistral_7b_instruct::trivia_qa_2_60k::base::main::8298,0
mistral_7b_instruct::trivia_qa_2_60k::base::main::21901,0
mistral_7b_instruct::trivia_qa_2_60k::base::main::47827,0
mistral_7b_instruct::trivia_qa_2_60k::base::main::41372,0
mistral_7b_instruct::trivia_qa_2_60k::base::main::25399,0
mistral_7b_instruct::trivia_qa_2_60k::base::main::31965,0
mistral_7b_instruct::trivia_qa_2_60k::base::main::12183,0
mistral_7b_instruct::trivia_qa_2_60k::base::main::6668,0
mistral_7b_instruct::trivia_qa_2_60k::base::main::55936,0
mistral_7b_instruct::trivia_qa_2_60k::base::main::15675,0
mistral_7b_instruct::trivia_qa_2_60k::base::main::7774,0
mistral_7b_instruct::trivia_qa_2_60k::base::main::20262,0
mistral_7b_instruct::trivia_qa_2_60k::base::main::40709,0
mistral_7b_instruct::trivia_qa_2_60k::base::main::25730,0
mistral_7b_instruct::trivia_qa_2_60k::base::main::16752,0
mistral_7b_instruct::trivia_qa_2_60k::base::main::18160,0
mistral_7b_instruct::trivia_qa_2_60k::base::main::18188,0
mistral_7b_instruct::trivia_qa_2_60k::base::main::27256,0
mistral_7b_instruct::trivia_qa_2_60k::base::main::14959,0
mistral_7b_instruct::trivia_qa_2_60k::base::main::16837,0
mistral_7b_instruct::trivia_qa_2_60k::base::main::30193,0
mistral_7b_instruct::trivia_qa_2_60k::base::main::50004,0
mistral_7b_instruct::trivia_qa_2_60k::base::main::1555,0
mistral_7b_instruct::trivia_qa_2_60k::base::main::21467,0
mistral_7b_instruct::trivia_qa_2_60k::base::main::37282,0
mistral_7b_instruct::trivia_qa_2_60k::base::main::15079,0
mistral_7b_instruct::trivia_qa_2_60k::base::main::53673,0
mistral_7b_instruct::trivia_qa_2_60k::base::main::34202,0
mistral_7b_instruct::trivia_qa_2_60k::base::main::41688,0
mistral_7b_instruct::trivia_qa_2_60k::base::main::12771,0
mistral_7b_instruct::trivia_qa_2_60k::base::main::16479,0
mistral_7b_instruct::trivia_qa_2_60k::base::main::24341,0
mistral_7b_instruct::trivia_qa_2_60k::base::main::48369,0
mistral_7b_instruct::trivia_qa_2_60k::base::main::38180,0
mistral_7b_instruct::trivia_qa_2_60k::base::main::1159,0
mistral_7b_instruct::trivia_qa_2_60k::base::main::41667,0
mistral_7b_instruct::trivia_qa_2_60k::base::main::48634,0
mistral_7b_instruct::trivia_qa_2_60k::base::main::25719,0
mistral_7b_instruct::trivia_qa_2_60k::base::main::24943,0
mistral_7b_instruct::trivia_qa_2_60k::base::main::9167,0
mistral_7b_instruct::trivia_qa_2_60k::base::main::51633,0
mistral_7b_instruct::trivia_qa_2_60k::base::main::33736,0
mistral_7b_instruct::trivia_qa_2_60k::base::main::3047,0
mistral_7b_instruct::trivia_qa_2_60k::base::main::28463,0
mistral_7b_instruct::trivia_qa_2_60k::base::main::13220,0
mistral_7b_instruct::trivia_qa_2_60k::base::main::1569,0
mistral_7b_instruct::trivia_qa_2_60k::base::main::26676,0
mistral_7b_instruct::trivia_qa_2_60k::base::main::2098,0
mistral_7b_instruct::trivia_qa_2_60k::base::main::35855,0
mistral_7b_instruct::trivia_qa_2_60k::base::main::42544,0
mistral_7b_instruct::trivia_qa_2_60k::base::main::49039,0
mistral_7b_instruct::trivia_qa_2_60k::base::main::54820,0
mistral_7b_instruct::trivia_qa_2_60k::base::main::52218,0
mistral_7b_instruct::trivia_qa_2_60k::base::main::49300,0
mistral_7b_instruct::trivia_qa_2_60k::base::main::56509,0
mistral_7b_instruct::trivia_qa_2_60k::base::main::10079,0
mistral_7b_instruct::trivia_qa_2_60k::base::main::55833,0
mistral_7b_instruct::trivia_qa_2_60k::base::main::8002,0
mistral_7b_instruct::trivia_qa_2_60k::base::main::31355,0
mistral_7b_instruct::trivia_qa_2_60k::base::main::3019,0
mistral_7b_instruct::trivia_qa_2_60k::base::main::1598,0
mistral_7b_instruct::trivia_qa_2_60k::base::main::31191,0
mistral_7b_instruct::trivia_qa_2_60k::base::main::56151,0
mistral_7b_instruct::trivia_qa_2_60k::base::main::6910,0
mistral_7b_instruct::trivia_qa_2_60k::base::main::28759,0
mistral_7b_instruct::trivia_qa_2_60k::base::main::33902,0
mistral_7b_instruct::trivia_qa_2_60k::base::main::32557,0
mistral_7b_instruct::trivia_qa_2_60k::base::main::13603,0
mistral_7b_instruct::trivia_qa_2_60k::base::main::21778,0
mistral_7b_instruct::trivia_qa_2_60k::base::main::22030,0
mistral_7b_instruct::trivia_qa_2_60k::base::main::10348,0
mistral_7b_instruct::trivia_qa_2_60k::base::main::5419,0
mistral_7b_instruct::trivia_qa_2_60k::base::main::1374,0
mistral_7b_instruct::trivia_qa_2_60k::base::main::20000,0
mistral_7b_instruct::trivia_qa_2_60k::base::main::55560,0
mistral_7b_instruct::trivia_qa_2_60k::base::main::10354,0
mistral_7b_instruct::trivia_qa_2_60k::base::main::46986,0
mistral_7b_instruct::trivia_qa_2_60k::base::main::34509,0
mistral_7b_instruct::trivia_qa_2_60k::base::main::51117,0
mistral_7b_instruct::trivia_qa_2_60k::base::main::32089,0
mistral_7b_instruct::trivia_qa_2_60k::base::main::57718,0
mistral_7b_instruct::trivia_qa_2_60k::base::main::22731,0
mistral_7b_instruct::trivia_qa_2_60k::base::main::18039,0
mistral_7b_instruct::trivia_qa_2_60k::base::main::58123,0
mistral_7b_instruct::trivia_qa_2_60k::base::main::16942,0
mistral_7b_instruct::trivia_qa_2_60k::base::main::38303,0
mistral_7b_instruct::trivia_qa_2_60k::base::main::18008,0
mistral_7b_instruct::trivia_qa_2_60k::base::main::37750,0
mistral_7b_instruct::trivia_qa_2_60k::base::main::34240,0
mistral_7b_instruct::trivia_qa_2_60k::base::main::48976,0
mistral_7b_instruct::trivia_qa_2_60k::base::main::14704,0
mistral_7b_instruct::trivia_qa_2_60k::base::main::18764,0
mistral_7b_instruct::trivia_qa_2_60k::base::main::53697,0
mistral_7b_instruct::trivia_qa_2_60k::base::main::16143,0
mistral_7b_instruct::trivia_qa_2_60k::base::main::16823,0
mistral_7b_instruct::trivia_qa_2_60k::base::main::31558,0
mistral_7b_instruct::trivia_qa_2_60k::base::main::54363,0
mistral_7b_instruct::trivia_qa_2_60k::base::main::19052,0
mistral_7b_instruct::trivia_qa_2_60k::base::main::55501,0
mistral_7b_instruct::trivia_qa_2_60k::base::main::4039,0
mistral_7b_instruct::trivia_qa_2_60k::base::main::39199,0
mistral_7b_instruct::trivia_qa_2_60k::base::main::10640,0
mistral_7b_instruct::trivia_qa_2_60k::base::main::12639,0
mistral_7b_instruct::trivia_qa_2_60k::base::main::36950,0
mistral_7b_instruct::trivia_qa_2_60k::base::main::48620,0
mistral_7b_instruct::trivia_qa_2_60k::base::main::37882,0
mistral_7b_instruct::trivia_qa_2_60k::base::main::13281,0
mistral_7b_instruct::trivia_qa_2_60k::base::main::17646,0
mistral_7b_instruct::trivia_qa_2_60k::base::main::38938,0
mistral_7b_instruct::trivia_qa_2_60k::base::main::54259,0
mistral_7b_instruct::trivia_qa_2_60k::base::main::24289,0
mistral_7b_instruct::trivia_qa_2_60k::base::main::50927,0
mistral_7b_instruct::trivia_qa_2_60k::base::main::52176,0
mistral_7b_instruct::trivia_qa_2_60k::base::main::3565,0
mistral_7b_instruct::trivia_qa_2_60k::base::main::12328,0
mistral_7b_instruct::trivia_qa_2_60k::base::main::17673,0
mistral_7b_instruct::trivia_qa_2_60k::base::main::21259,0
mistral_7b_instruct::trivia_qa_2_60k::base::main::23905,0
mistral_7b_instruct::trivia_qa_2_60k::base::main::24222,0
mistral_7b_instruct::trivia_qa_2_60k::base::main::19727,0
mistral_7b_instruct::trivia_qa_2_60k::base::main::3400,0
mistral_7b_instruct::trivia_qa_2_60k::base::main::46163,0
mistral_7b_instruct::trivia_qa_2_60k::base::main::3172,0
mistral_7b_instruct::trivia_qa_2_60k::base::main::16517,0
mistral_7b_instruct::trivia_qa_2_60k::base::main::33402,0
mistral_7b_instruct::trivia_qa_2_60k::base::main::20665,0
mistral_7b_instruct::trivia_qa_2_60k::base::main::25501,0
mistral_7b_instruct::trivia_qa_2_60k::base::main::8888,0
mistral_7b_instruct::trivia_qa_2_60k::base::main::3407,0
mistral_7b_instruct::trivia_qa_2_60k::base::main::19394,0
mistral_7b_instruct::trivia_qa_2_60k::base::main::9715,0
mistral_7b_instruct::trivia_qa_2_60k::base::main::57722,0
mistral_7b_instruct::trivia_qa_2_60k::base::main::26716,0
mistral_7b_instruct::trivia_qa_2_60k::base::main::41650,0
mistral_7b_instruct::trivia_qa_2_60k::base::main::35207,0
mistral_7b_instruct::trivia_qa_2_60k::base::main::15054,0
mistral_7b_instruct::trivia_qa_2_60k::base::main::41592,0
mistral_7b_instruct::trivia_qa_2_60k::base::main::1534,0
mistral_7b_instruct::trivia_qa_2_60k::base::main::54871,0
mistral_7b_instruct::trivia_qa_2_60k::base::main::49091,0
mistral_7b_instruct::trivia_qa_2_60k::base::main::18166,0
mistral_7b_instruct::trivia_qa_2_60k::base::main::33591,0
mistral_7b_instruct::trivia_qa_2_60k::base::main::36752,0
mistral_7b_instruct::trivia_qa_2_60k::base::main::35958,0
mistral_7b_instruct::trivia_qa_2_60k::base::main::2335,0
mistral_7b_instruct::trivia_qa_2_60k::base::main::28889,0
mistral_7b_instruct::trivia_qa_2_60k::base::main::30067,0
mistral_7b_instruct::trivia_qa_2_60k::base::main::44559,0
mistral_7b_instruct::trivia_qa_2_60k::base::main::3800,0
mistral_7b_instruct::trivia_qa_2_60k::base::main::35482,0
mistral_7b_instruct::trivia_qa_2_60k::base::main::49466,0
mistral_7b_instruct::trivia_qa_2_60k::base::main::26124,0
mistral_7b_instruct::trivia_qa_2_60k::base::main::21797,0
mistral_7b_instruct::trivia_qa_2_60k::base::main::15373,0
mistral_7b_instruct::trivia_qa_2_60k::base::main::8533,0
mistral_7b_instruct::trivia_qa_2_60k::base::main::54359,0
mistral_7b_instruct::trivia_qa_2_60k::base::main::56024,0
mistral_7b_instruct::trivia_qa_2_60k::base::main::11849,0
mistral_7b_instruct::trivia_qa_2_60k::base::main::45897,0
mistral_7b_instruct::trivia_qa_2_60k::base::main::18951,0
mistral_7b_instruct::trivia_qa_2_60k::base::main::45247,0
mistral_7b_instruct::trivia_qa_2_60k::base::main::7047,0
mistral_7b_instruct::trivia_qa_2_60k::base::main::255,0
mistral_7b_instruct::trivia_qa_2_60k::base::main::16249,0
mistral_7b_instruct::trivia_qa_2_60k::base::main::12922,0
mistral_7b_instruct::trivia_qa_2_60k::base::main::3314,0
